case,replication,transform,max_selection,anchor_selection,max_degree,degree_concentration,reliability_share,population_edge_recovery,mean_selection,seed
independent_equal,0,raw,0.37306100430357403,0.28038945309076885,4,0.1864406779661017,0.12485430154662533,,0.10000000000000003,3583283931
independent_equal,0,demeaned,0.3416954991087346,0.3416954991087346,5,0.1864406779661017,0.12193790138768958,,0.10000000000000005,2731832469
independent_equal,0,factor_residual,0.377540842980549,0.3255663619060678,4,0.19491525423728814,0.1291400588707294,,0.10000000000000002,4281198171
independent_equal,1,raw,0.4685773809523812,0.4685773809523812,5,0.2033898305084746,0.13277417201857633,,0.10000000000000002,1856474592
independent_equal,1,demeaned,0.2707870983591575,0.1447250992471581,4,0.2033898305084746,0.1198789310252172,,0.10000000000000003,1983086051
independent_equal,1,factor_residual,0.4616391668788728,0.33149867681338285,6,0.2288135593220339,0.13775620618165488,,0.10000000000000003,3912584507
independent_equal,2,raw,0.4369037446128005,0.3052763014763015,5,0.211864406779661,0.1304100458156206,,0.10000000000000003,4207051310
independent_equal,2,demeaned,0.32298599554040747,0.30826612684700944,4,0.2033898305084746,0.12461511974648816,,0.10000000000000003,3634059268
independent_equal,2,factor_residual,0.4139256811815636,0.327470334404158,5,0.211864406779661,0.12605033204858732,,0.10000000000000003,3754050195
independent_equal,3,raw,0.33765851853684686,0.33765851853684686,5,0.2033898305084746,0.1290146720685139,,0.10000000000000002,3292663763
independent_equal,3,demeaned,0.320970318733554,0.320970318733554,5,0.211864406779661,0.12477521103956538,,0.10000000000000002,684168530
independent_equal,3,factor_residual,0.32680383048324224,0.2298692592838879,5,0.211864406779661,0.12964883627236373,,0.10000000000000005,1903722092
independent_equal,4,raw,0.36750532702591526,0.27646788815759427,4,0.1694915254237288,0.12470225548103173,,0.10000000000000003,3779250200
independent_equal,4,demeaned,0.2925602789367496,0.14963821162497642,4,0.16949152542372878,0.11391665874559695,,0.10000000000000002,2811699260
independent_equal,4,factor_residual,0.35552682072829145,0.10974380390850985,4,0.1864406779661017,0.12303767874268023,,0.10000000000000003,1453044587
independent_equal,5,raw,0.40077864521099843,0.2255629546923665,5,0.22033898305084745,0.1272807557154267,,0.10000000000000003,214160994
independent_equal,5,demeaned,0.3708893901849785,0.2687614783908902,5,0.22033898305084745,0.1298626072636791,,0.10000000000000002,112162000
independent_equal,5,factor_residual,0.36569019308864514,0.2366213539212766,5,0.22033898305084745,0.12732720433096084,,0.1,2424236209
independent_equal,6,raw,0.6427127905118619,0.6427127905118619,8,0.211864406779661,0.14844007241636,,0.10000000000000003,3699023021
independent_equal,6,demeaned,0.4001082840362254,0.4001082840362254,6,0.22033898305084748,0.12220288750884596,,0.10000000000000002,1883684591
independent_equal,6,factor_residual,0.5977450965700971,0.5977450965700971,9,0.22033898305084743,0.15090700054072445,,0.10000000000000003,1323919416
independent_equal,7,raw,0.30451510091215983,0.16282722457281282,4,0.19491525423728812,0.11838897837650333,,0.10000000000000002,422316692
independent_equal,7,demeaned,0.2511816041801338,0.16777461117314066,5,0.211864406779661,0.11836531411980077,,0.10000000000000005,187337859
independent_equal,7,factor_residual,0.27032327034850256,0.17287951328856904,4,0.2033898305084746,0.11912136070370256,,0.10000000000000003,4211423804
independent_equal,8,raw,0.38454724710274263,0.22400358024328615,5,0.19491525423728814,0.12561354312255296,,0.1,3702174298
independent_equal,8,demeaned,0.3471155808158129,0.3300262160955658,5,0.19491525423728814,0.12678314507945745,,0.10000000000000002,782014242
independent_equal,8,factor_residual,0.35330145687645687,0.21982468788521425,5,0.19491525423728814,0.12258254780244804,,0.10000000000000005,2600530247
independent_equal,9,raw,0.30183877233877243,0.30183877233877243,6,0.22033898305084745,0.1299134259789787,,0.10000000000000003,3009184514
independent_equal,9,demeaned,0.23834145886792946,0.2380447044785281,5,0.20338983050847453,0.12008865314092138,,0.10000000000000003,922687239
independent_equal,9,factor_residual,0.3296202786893191,0.3296202786893191,6,0.22033898305084745,0.13227505464674616,,0.10000000000000002,3838478352
independent_equal,10,raw,0.4974625173845764,0.4974625173845764,5,0.18644067796610173,0.13231258938662982,,0.10000000000000003,4047152257
independent_equal,10,demeaned,0.610859011413423,0.610859011413423,6,0.211864406779661,0.14087962655351743,,0.10000000000000002,2844196698
independent_equal,10,factor_residual,0.4798971802707098,0.2335932567432567,5,0.19491525423728814,0.13151193294353816,,0.10000000000000003,1295796323
independent_equal,11,raw,0.3237249257278671,0.2674073580014757,5,0.2033898305084746,0.12456735972291809,,0.10000000000000005,1946346693
independent_equal,11,demeaned,0.3193996671629025,0.3035699829582182,5,0.19491525423728814,0.12471217112300054,,0.10000000000000005,402940764
independent_equal,11,factor_residual,0.34619527417027435,0.34619527417027435,5,0.22033898305084745,0.12606811756012906,,0.10000000000000003,4106948302
independent_equal,12,raw,0.5007554727951787,0.14401184665008196,5,0.22033898305084745,0.13921462427707446,,0.10000000000000005,70367165
independent_equal,12,demeaned,0.36699867713985346,0.36699867713985346,5,0.211864406779661,0.12915784354920237,,0.10000000000000005,3884546372
independent_equal,12,factor_residual,0.48466924154277097,0.48466924154277097,6,0.2288135593220339,0.1417615826900473,,0.10000000000000003,3862070587
independent_equal,13,raw,0.2875437128145333,0.1359734598734599,4,0.19491525423728812,0.12473845729426689,,0.10000000000000002,1255305157
independent_equal,13,demeaned,0.27758038116853917,0.12647130026835915,4,0.19491525423728814,0.11768328410968851,,0.10000000000000005,3690469879
independent_equal,13,factor_residual,0.3083714174714176,0.13904139340191982,4,0.19491525423728812,0.12253140524824162,,0.10000000000000002,1514788785
independent_equal,14,raw,0.3148795125926706,0.2110781357531359,4,0.20338983050847453,0.11818944502066128,,0.10000000000000002,4158965284
independent_equal,14,demeaned,0.3797239685495106,0.3797239685495106,5,0.22033898305084743,0.12551008209619352,,0.10000000000000002,2529065760
independent_equal,14,factor_residual,0.3213275484319602,0.14453469677896927,4,0.17796610169491525,0.11465011262380145,,0.10000000000000003,748141249
independent_equal,15,raw,0.39483343453931696,0.2756751803751804,4,0.1864406779661017,0.12769377753630004,,0.10000000000000005,2292323748
independent_equal,15,demeaned,0.29157497481019146,0.2513791990173569,4,0.2033898305084746,0.1258781988278407,,0.10000000000000002,46063583
independent_equal,15,factor_residual,0.4270244923377278,0.249321672118731,5,0.211864406779661,0.12737275740350273,,0.10000000000000002,164824584
independent_equal,16,raw,0.5622378867864163,0.5622378867864163,9,0.2288135593220339,0.14909148498283598,,0.10000000000000002,3188490476
independent_equal,16,demeaned,0.5703862485553665,0.5703862485553665,8,0.24576271186440676,0.14339593426679675,,0.10000000000000003,2713027690
independent_equal,16,factor_residual,0.5489036483038808,0.5489036483038808,9,0.2288135593220339,0.15005858748926584,,0.10000000000000005,2832209058
independent_equal,17,raw,0.37884138818697644,0.2726408489687129,5,0.1864406779661017,0.13089310714640587,,0.10000000000000003,865010318
independent_equal,17,demeaned,0.3307984585675761,0.22569272263684045,6,0.17796610169491525,0.12081358306587624,,0.10000000000000003,2499447792
independent_equal,17,factor_residual,0.39628596142419686,0.2688612364759424,5,0.2033898305084746,0.1323252729311409,,0.10000000000000005,2887437421
independent_equal,18,raw,0.30743981280157767,0.30743981280157767,4,0.19491525423728812,0.1241429361026583,,0.10000000000000003,825606711
independent_equal,18,demeaned,0.23422361527361538,0.024305766455766452,4,0.18644067796610173,0.1134112356611485,,0.10000000000000005,3479098049
independent_equal,18,factor_residual,0.31493948877919486,0.31493948877919486,5,0.2033898305084746,0.12953961206069883,,0.10000000000000003,4088457762
independent_equal,19,raw,0.3316861833728709,0.1568810440677314,5,0.17796610169491528,0.1230888740189542,,0.10000000000000002,4029700771
independent_equal,19,demeaned,0.3493265443706623,0.15403838645015125,5,0.20338983050847453,0.1214525208009007,,0.10000000000000005,2054199215
independent_equal,19,factor_residual,0.3525134445619743,0.2339202521334875,4,0.17796610169491525,0.12485707749517574,,0.10000000000000002,267047903
independent_equal,20,raw,0.3176996655305478,0.28708241448094385,5,0.22033898305084743,0.13659915465890043,,0.10000000000000002,3998409777
independent_equal,20,demeaned,0.3525489410915883,0.3525489410915883,6,0.2288135593220339,0.13590862212175775,,0.10000000000000005,2584101669
independent_equal,20,factor_residual,0.34165359493447756,0.1942740564990565,5,0.22033898305084745,0.1332959883305695,,0.10000000000000002,1155326977
independent_equal,21,raw,0.3109234331028451,0.24336522219610454,4,0.2033898305084746,0.1190871191785948,,0.10000000000000005,2152474455
independent_equal,21,demeaned,0.28599068544115,0.18070555113101566,4,0.18644067796610164,0.11903291344790669,,0.10000000000000003,1145831594
independent_equal,21,factor_residual,0.25768659298218116,0.24293887512556234,4,0.2033898305084746,0.11781003904338766,,0.10000000000000002,904067164
independent_equal,22,raw,0.25595598105884493,0.1417418178227003,5,0.22033898305084745,0.12621714068539777,,0.10000000000000003,3465419962
independent_equal,22,demeaned,0.29818271287536013,0.2683377027685077,4,0.19491525423728812,0.11820911639195149,,0.10000000000000002,402982133
independent_equal,22,factor_residual,0.25656050002628944,0.23468040022413086,5,0.211864406779661,0.12455670137148599,,0.1,735777380
independent_equal,23,raw,0.4974017059737652,0.1572294476765066,4,0.19491525423728812,0.12725761773537203,,0.10000000000000002,3483671723
independent_equal,23,demeaned,0.4204841668135788,0.17191924610477263,5,0.19491525423728817,0.12392264027172337,,0.10000000000000003,2456039960
independent_equal,23,factor_residual,0.5100023625067744,0.2712434622566976,5,0.2033898305084745,0.12787331574346783,,0.10000000000000003,3395307093
independent_equal,24,raw,0.3342418636918639,0.3342418636918639,4,0.1864406779661017,0.11746182728454665,,0.10000000000000005,3382830415
independent_equal,24,demeaned,0.32512819887371,0.3011766015030722,4,0.1864406779661017,0.12282371469420196,,0.10000000000000002,3569634416
independent_equal,24,factor_residual,0.3532475139239846,0.3532475139239846,4,0.18644067796610167,0.11952945504423572,,0.1,3291185204
independent_equal,25,raw,0.26483895042865646,0.1850298719254602,5,0.2033898305084745,0.11791542140561337,,0.10000000000000005,1888161718
independent_equal,25,demeaned,0.2582772883978768,0.22596599054540226,4,0.19491525423728814,0.11585278505558917,,0.10000000000000006,1270939361
independent_equal,25,factor_residual,0.25817122289475236,0.20307358801329387,6,0.211864406779661,0.11928389299410777,,0.10000000000000003,1624349658
independent_equal,26,raw,0.3361316988566989,0.3361316988566989,5,0.19491525423728817,0.12657529757685546,,0.10000000000000003,2188129009
independent_equal,26,demeaned,0.4338712413403593,0.4338712413403593,5,0.17796610169491525,0.12265016421072011,,0.10000000000000002,4084751947
independent_equal,26,factor_residual,0.3461508881641235,0.3461508881641235,5,0.2033898305084746,0.1299472159902245,,0.10000000000000002,182996191
independent_equal,27,raw,0.24995736436765853,0.16971437826879004,4,0.19491525423728814,0.11788256136657184,,0.10000000000000003,1229093597
independent_equal,27,demeaned,0.30301503839297966,0.30301503839297966,5,0.1864406779661017,0.11874874462664844,,0.10000000000000002,830110624
independent_equal,27,factor_residual,0.25233620823620834,0.187345901484137,4,0.19491525423728814,0.11639209317324974,,0.10000000000000002,3708101506
independent_equal,28,raw,0.38142751790692997,0.38142751790692997,6,0.2033898305084746,0.130374329514509,,0.10000000000000003,2809144126
independent_equal,28,demeaned,0.2617430176033116,0.19180255594079132,4,0.17796610169491522,0.11444619174583039,,0.10000000000000003,529569012
independent_equal,28,factor_residual,0.37784671553936255,0.37784671553936255,7,0.22033898305084745,0.1302818557024564,,0.10000000000000002,374124793
independent_equal,29,raw,0.4771726528373588,0.37242178981149576,6,0.22033898305084748,0.13345483244599649,,0.10000000000000002,1934642922
independent_equal,29,demeaned,0.36037820235320245,0.36037820235320245,5,0.20338983050847453,0.1248019305440352,,0.10000000000000002,3425869855
independent_equal,29,factor_residual,0.5088189891807537,0.5088189891807537,5,0.2033898305084746,0.13120351726898344,,0.10000000000000003,323673181
independent_equal,30,raw,0.3448976588770708,0.1744098724804608,5,0.19491525423728817,0.12617496450458818,,0.10000000000000003,3410886339
independent_equal,30,demeaned,0.31959716765003165,0.13338751297721893,4,0.1694915254237288,0.1147977457686443,,0.10000000000000002,520049453
independent_equal,30,factor_residual,0.4185187816569398,0.1481153724844128,4,0.2033898305084746,0.12348578040080704,,0.10000000000000002,995601792
independent_equal,31,raw,0.31413101452211384,0.2947108462401033,5,0.211864406779661,0.1300047503205051,,0.10000000000000002,4067852040
independent_equal,31,demeaned,0.33283098861922417,0.3058299107754992,5,0.211864406779661,0.13083471975985692,,0.10000000000000003,2291513864
independent_equal,31,factor_residual,0.30734088150411687,0.2763973422002834,5,0.2033898305084746,0.12784120131696153,,0.10000000000000002,611657954
independent_equal,32,raw,0.3632078121225182,0.1951539044289044,4,0.2033898305084746,0.13001242542214628,,0.10000000000000003,1032187185
independent_equal,32,demeaned,0.29359321152703516,0.29359321152703516,6,0.2033898305084746,0.12484687666659258,,0.10000000000000005,1125282921
independent_equal,32,factor_residual,0.2996279946661527,0.20517482566453152,4,0.20338983050847453,0.12907104619258816,,0.1,342813044
independent_equal,33,raw,0.3714470707311263,0.18287229909753133,5,0.1949152542372881,0.12333548254080147,,0.10000000000000003,3590424817
independent_equal,33,demeaned,0.27107010946569776,0.16107685696656293,5,0.2033898305084746,0.11677584954372097,,0.10000000000000003,2165836735
independent_equal,33,factor_residual,0.3677725785566345,0.165436282018635,5,0.19491525423728814,0.12155794355465542,,0.10000000000000003,1757159982
independent_equal,34,raw,0.4361791019438078,0.12325443722943734,5,0.19491525423728814,0.12037686009293687,,0.10000000000000002,2540867269
independent_equal,34,demeaned,0.3489700844906733,0.12584419191919197,4,0.17796610169491525,0.11198045039595392,,0.10000000000000005,1385351777
independent_equal,34,factor_residual,0.40692311544664483,0.13184683519095294,5,0.19491525423728814,0.11973425934594935,,0.10000000000000003,3641407298
independent_equal,35,raw,0.25108228389257814,0.21096819699907948,4,0.16949152542372883,0.11559737944425134,,0.10000000000000005,2196085993
independent_equal,35,demeaned,0.24745122932622937,0.1678612337009396,4,0.1864406779661017,0.11775347490523215,,0.10000000000000002,2559543794
independent_equal,35,factor_residual,0.2922462095094449,0.17857234726058266,4,0.16101694915254236,0.11657569321293415,,0.10000000000000003,3160963031
independent_equal,36,raw,0.3311981553448275,0.3311981553448275,5,0.211864406779661,0.13060113845635574,,0.10000000000000003,4219566025
independent_equal,36,demeaned,0.37205291701762294,0.37205291701762294,4,0.18644067796610173,0.12160720199679574,,0.10000000000000003,3837783648
independent_equal,36,factor_residual,0.36527491936168416,0.31769058457882,5,0.2033898305084746,0.1310455492095697,,0.10000000000000003,3786299142
independent_equal,37,raw,0.33609451839010673,0.2904885702532762,5,0.2033898305084746,0.12824725297688913,,0.10000000000000003,166647519
independent_equal,37,demeaned,0.27418519800632807,0.2423850675811977,5,0.2033898305084746,0.12036197377206065,,0.10000000000000003,718103152
independent_equal,37,factor_residual,0.325193933843934,0.28725248640248635,5,0.211864406779661,0.1291928352886728,,0.1,1021719025
independent_equal,38,raw,0.4522522422022423,0.4522522422022423,6,0.22033898305084745,0.133339951810403,,0.10000000000000002,900233220
independent_equal,38,demeaned,0.385400130261895,0.3546306528438884,6,0.211864406779661,0.13211872704535965,,0.10000000000000002,1858218982
independent_equal,38,factor_residual,0.4835947720580076,0.4835947720580076,6,0.211864406779661,0.13400971371461157,,0.10000000000000003,3395995074
independent_equal,39,raw,0.4420825398457753,0.4420825398457753,5,0.20338983050847453,0.1276319198399392,,0.10000000000000002,1436616115
independent_equal,39,demeaned,0.28476238988909286,0.22775215143473676,5,0.1949152542372882,0.11766873626190154,,0.10000000000000003,2393626730
independent_equal,39,factor_residual,0.4339049284049285,0.24944985292485303,5,0.211864406779661,0.12506369673170525,,0.10000000000000002,3861728996
independent_equal,40,raw,0.4709873686770747,0.4709873686770747,6,0.2033898305084746,0.12780290340682918,,0.10000000000000002,3068859163
independent_equal,40,demeaned,0.3901067866258269,0.3901067866258269,5,0.211864406779661,0.12751622162040913,,0.10000000000000003,1323503491
independent_equal,40,factor_residual,0.45521644009585216,0.45521644009585216,6,0.211864406779661,0.12955829375980177,,0.10000000000000005,1560699214
independent_equal,41,raw,0.3660364746364747,0.3173247257128837,5,0.211864406779661,0.1339377895471562,,0.10000000000000002,603194513
independent_equal,41,demeaned,0.26055027603115843,0.20350205448146627,4,0.17796610169491525,0.11587034031660158,,0.10000000000000002,4148610557
independent_equal,41,factor_residual,0.35957457199663084,0.2820683555007085,5,0.211864406779661,0.1311989007074127,,0.10000000000000003,347317060
independent_equal,42,raw,0.31367189020130204,0.1382418692418693,4,0.1864406779661017,0.12611878046485478,,0.10000000000000002,2170714968
independent_equal,42,demeaned,0.30174013355925133,0.18745135273223515,5,0.22033898305084745,0.12727963343183146,,0.10000000000000003,2794667717
independent_equal,42,factor_residual,0.3056968657847142,0.20586457226124424,4,0.1864406779661017,0.12303561409700367,,0.10000000000000005,1455529497
independent_equal,43,raw,0.30053843052372486,0.20456210635769476,4,0.2033898305084746,0.12454612567835403,,0.10000000000000005,2913454506
independent_equal,43,demeaned,0.29684748617395706,0.18410222228751644,5,0.22033898305084745,0.12398849564360535,,0.10000000000000005,2759124009
independent_equal,43,factor_residual,0.2866632173382175,0.18688958051752183,4,0.2033898305084746,0.12365807431324634,,0.10000000000000005,1233113196
independent_equal,44,raw,0.3141755407990703,0.3063750001632356,7,0.22033898305084745,0.1295771963801127,,0.10000000000000003,2080069947
independent_equal,44,demeaned,0.24198432090785035,0.21893856927386363,4,0.2033898305084746,0.11594907880698015,,0.10000000000000003,2636402402
independent_equal,44,factor_residual,0.3116099286678235,0.25534189669979146,7,0.22033898305084743,0.12509717105795387,,0.10000000000000002,2684292146
independent_equal,45,raw,0.3207018661077485,0.21827217472070415,5,0.20338983050847453,0.12905928606538034,,0.10000000000000003,3286362006
independent_equal,45,demeaned,0.29333017961570607,0.14939775502275515,5,0.1949152542372881,0.12309927717890606,,0.10000000000000002,125485999
independent_equal,45,factor_residual,0.37208412110765043,0.22116975018445606,5,0.19491525423728814,0.12958257134883508,,0.10000000000000003,3279700281
independent_equal,46,raw,0.2823101925851927,0.14252924591748126,4,0.19491525423728814,0.12859249087984134,,0.10000000000000002,852047790
independent_equal,46,demeaned,0.2971967693039674,0.1001962228947523,5,0.1864406779661017,0.111582488835714,,0.10000000000000002,175866757
independent_equal,46,factor_residual,0.31520427317780253,0.13318416828269772,4,0.2033898305084746,0.13042842274182004,,0.10000000000000003,1150014922
independent_equal,47,raw,0.3830285725712198,0.32633860453272223,5,0.22033898305084745,0.13211394839651325,,0.10000000000000002,2353524350
independent_equal,47,demeaned,0.32750938218987763,0.21442183829242653,4,0.18644067796610164,0.1213387343940278,,0.10000000000000002,1988713162
independent_equal,47,factor_residual,0.3835130790777848,0.3835130790777848,5,0.2033898305084746,0.13209967075269916,,0.1,2825623257
independent_equal,48,raw,0.4237637344681462,0.18741277268483156,5,0.2033898305084746,0.1272402370076473,,0.10000000000000003,924338417
independent_equal,48,demeaned,0.49313185893913475,0.49313185893913475,5,0.18644067796610173,0.1281868960944806,,0.10000000000000003,2839737463
independent_equal,48,factor_residual,0.34135747947443007,0.1825450266108161,5,0.19491525423728812,0.12280788871365761,,0.10000000000000005,3882415336
independent_equal,49,raw,0.4474197720580075,0.12913193636428932,4,0.1949152542372881,0.1270929845232313,,0.10000000000000002,2247498541
independent_equal,49,demeaned,0.47842740641711257,0.23464961989335054,5,0.2033898305084746,0.12753633595586752,,0.10000000000000005,2353961303
independent_equal,49,factor_residual,0.4353058035102156,0.22302297424797426,5,0.211864406779661,0.1282301883850613,,0.10000000000000002,3894642042
independent_equal,50,raw,0.44868290647261255,0.44868290647261255,5,0.18644067796610167,0.12953669643334403,,0.10000000000000003,1752147727
independent_equal,50,demeaned,0.3207943110810758,0.3207943110810758,5,0.2033898305084746,0.12464244090219719,,0.10000000000000002,2874969577
independent_equal,50,factor_residual,0.4241367400573285,0.4241367400573285,5,0.19491525423728812,0.1309738815507634,,0.10000000000000002,2171393354
independent_equal,51,raw,0.32783155961685373,0.2992437399202107,5,0.20338983050847453,0.1281092700669222,,0.10000000000000003,106376631
independent_equal,51,demeaned,0.3560139133742075,0.2420614200642839,4,0.1694915254237288,0.1161900638374703,,0.10000000000000002,1415807485
independent_equal,51,factor_residual,0.32218985116190985,0.2682451581098639,5,0.1864406779661017,0.126686369425689,,0.10000000000000005,2555517817
independent_equal,52,raw,0.3254411851220674,0.24196593700417243,4,0.2033898305084746,0.1277380012006383,,0.1,1155527847
independent_equal,52,demeaned,0.3055795813663461,0.15531765358824193,4,0.18644067796610167,0.11739809368055816,,0.10000000000000002,814136909
independent_equal,52,factor_residual,0.29105514354926154,0.241260594960595,4,0.2033898305084746,0.12454947743765052,,0.10000000000000005,3395928794
independent_equal,53,raw,0.34833966931761057,0.24815737563090504,5,0.19491525423728814,0.12375584247922235,,0.10000000000000002,1451031219
independent_equal,53,demeaned,0.2293782315723494,0.1621247704909471,5,0.1864406779661017,0.1108620656207646,,0.10000000000000005,3146695140
independent_equal,53,factor_residual,0.33585026264585083,0.3271163916149212,5,0.1864406779661017,0.12444998692732995,,0.10000000000000002,2212164144
independent_equal,54,raw,0.4232690267249092,0.4232690267249092,6,0.22033898305084745,0.12628184391215302,,0.10000000000000003,3051753415
independent_equal,54,demeaned,0.2905472440957735,0.1774323908032113,5,0.2033898305084746,0.11549020687643505,,0.10000000000000003,2447383406
independent_equal,54,factor_residual,0.4287039489406364,0.32614301335919,5,0.2033898305084746,0.1278148623749191,,0.10000000000000003,3713130136
independent_equal,55,raw,0.3213961507446802,0.14692626801303277,5,0.22033898305084745,0.12774709159650588,,0.10000000000000003,1024679047
independent_equal,55,demeaned,0.28558683718242567,0.2418818764568765,4,0.1864406779661017,0.11872412675393734,,0.09999999999999999,2747797187
independent_equal,55,factor_residual,0.33340520084490677,0.2110049610520199,5,0.21186440677966104,0.12233321937838393,,0.10000000000000003,2624981291
independent_equal,56,raw,0.4422275534922598,0.4422275534922598,6,0.22033898305084745,0.13958858155394605,,0.10000000000000005,3888409664
independent_equal,56,demeaned,0.3645411575352752,0.3645411575352752,6,0.21186440677966104,0.1279771893291709,,0.10000000000000003,3329814932
independent_equal,56,factor_residual,0.40815122589828473,0.40815122589828473,6,0.22033898305084745,0.1363821678197177,,0.10000000000000002,3079839835
independent_equal,57,raw,0.2727072512454864,0.2727072512454864,5,0.211864406779661,0.12667367836411955,,0.10000000000000003,1317095066
independent_equal,57,demeaned,0.20850623494152903,0.17910946879917472,5,0.19491525423728814,0.11434759680886306,,0.10000000000000003,525406090
independent_equal,57,factor_residual,0.2975958423929013,0.2975958423929013,5,0.19491525423728814,0.12602675690308188,,0.10000000000000002,223126722
independent_equal,58,raw,0.5033819745527953,0.29507504438286186,5,0.211864406779661,0.12915188785301215,,0.10000000000000002,159374417
independent_equal,58,demeaned,0.33424762002703207,0.29173289532105334,4,0.1864406779661017,0.11542042847561623,,0.10000000000000003,183984630
independent_equal,58,factor_residual,0.4818021697256993,0.2341467143967144,5,0.22033898305084745,0.12690585245595218,,0.10000000000000002,4220531944
independent_equal,59,raw,0.47977962690903886,0.2677883459677578,5,0.19491525423728814,0.12221118801852851,,0.10000000000000002,4245924007
independent_equal,59,demeaned,0.2586539631936692,0.25628285733873973,5,0.19491525423728814,0.12169517812004109,,0.10000000000000002,1258059159
independent_equal,59,factor_residual,0.4896927041912339,0.2978936480186482,5,0.211864406779661,0.12694494882679083,,0.10000000000000002,709925660
independent_equal,60,raw,0.34348433135491974,0.1528101189660014,4,0.2033898305084746,0.1273191892963578,,0.10000000000000005,1252562582
independent_equal,60,demeaned,0.29069586245368,0.1391259575220102,4,0.18644067796610167,0.12169719888311949,,0.10000000000000005,4284732712
independent_equal,60,factor_residual,0.33393897829037145,0.33393897829037145,5,0.1949152542372881,0.12544797194010743,,0.10000000000000003,1507146243
independent_equal,61,raw,0.27992772325713505,0.23922533178895414,5,0.211864406779661,0.12178074231315496,,0.10000000000000002,106708736
independent_equal,61,demeaned,0.22153553712369495,0.19857413880409233,5,0.19491525423728817,0.11625060273076292,,0.10000000000000002,2642672775
independent_equal,61,factor_residual,0.31035605930017685,0.31035605930017685,6,0.2288135593220339,0.12475611857401495,,0.10000000000000002,3453147019
independent_equal,62,raw,0.4533338467088469,0.4533338467088469,6,0.2288135593220339,0.1410308998481855,,0.10000000000000003,1411068373
independent_equal,62,demeaned,0.2668947382682677,0.2226484942645934,5,0.211864406779661,0.12246182555644959,,0.1,3068204146
independent_equal,62,factor_residual,0.37752571921542516,0.37752571921542516,6,0.2288135593220339,0.1378456565064492,,0.10000000000000005,683381360
independent_equal,63,raw,0.3463689364557013,0.3463689364557013,5,0.211864406779661,0.1398337372899063,,0.10000000000000003,1869133492
independent_equal,63,demeaned,0.33330577543371664,0.33330577543371664,6,0.19491525423728812,0.1294049305698733,,0.10000000000000003,321639431
independent_equal,63,factor_residual,0.3137930189006041,0.2721248444366093,5,0.22033898305084743,0.1421905644463983,,0.10000000000000003,2506270257
independent_equal,64,raw,0.5237941341338402,0.5237941341338402,9,0.2457627118644068,0.1497666526879015,,0.10000000000000003,704032957
independent_equal,64,demeaned,0.30314080266139104,0.30314080266139104,5,0.2033898305084746,0.12012715657971144,,0.10000000000000003,1621944663
independent_equal,64,factor_residual,0.4886342068062658,0.4886342068062658,8,0.2288135593220339,0.1429822732034223,,0.10000000000000002,2498878878
independent_equal,65,raw,0.43975395813337015,0.22651908287790648,5,0.20338983050847462,0.1283803344047113,,0.1,236163893
independent_equal,65,demeaned,0.3351333961789845,0.2883714928861988,5,0.22033898305084745,0.1304803492190207,,0.10000000000000002,1167610120
independent_equal,65,factor_residual,0.3961502368546487,0.20349009895333425,5,0.21186440677966104,0.13115866148363658,,0.10000000000000003,3235705615
independent_equal,66,raw,0.5361519119769121,0.34990919913419927,4,0.20338983050847453,0.134805423578305,,0.10000000000000002,3388422854
independent_equal,66,demeaned,0.3343922185657484,0.24459137251637256,5,0.19491525423728814,0.12389658692460224,,0.10000000000000003,286415674
independent_equal,66,factor_residual,0.5685107540636182,0.32431508491508504,5,0.22033898305084743,0.143127336687541,,0.10000000000000003,1231735076
independent_equal,67,raw,0.32459506098476715,0.32459506098476715,5,0.19491525423728814,0.125452870524568,,0.10000000000000006,1291672642
independent_equal,67,demeaned,0.38744137577249055,0.38744137577249055,5,0.19491525423728814,0.12489773739878628,,0.10000000000000005,3887438372
independent_equal,67,factor_residual,0.3029261648482237,0.3029261648482237,5,0.19491525423728814,0.12613023647865373,,0.10000000000000002,433200591
independent_equal,68,raw,0.237831371243136,0.22826480251774373,4,0.1779661016949152,0.11153893431676336,,0.10000000000000003,3083497309
independent_equal,68,demeaned,0.25592432616403216,0.1955198548183844,5,0.1864406779661017,0.11451191803239413,,0.10000000000000002,1237366078
independent_equal,68,factor_residual,0.2366753078620727,0.18501655442940276,4,0.16949152542372883,0.11149544508726308,,0.10000000000000002,2737222796
independent_equal,69,raw,0.3182040244069658,0.2974787501198492,5,0.2033898305084746,0.12476640316015286,,0.10000000000000003,1282563773
independent_equal,69,demeaned,0.2724950177273708,0.2724950177273708,5,0.2033898305084746,0.12266752529543831,,0.10000000000000006,3415532565
independent_equal,69,factor_residual,0.31941306912042206,0.2689662797986328,5,0.19491525423728814,0.12959727379334157,,0.10000000000000003,3970518009
independent_equal,70,raw,0.3514675009115413,0.3514675009115413,5,0.211864406779661,0.1304698418426216,,0.10000000000000003,3615438364
independent_equal,70,demeaned,0.2339497370276784,0.0958420195817255,5,0.22033898305084745,0.12290317236076215,,0.10000000000000005,2804720888
independent_equal,70,factor_residual,0.3131396365072836,0.3131396365072836,5,0.211864406779661,0.12839505793032718,,0.10000000000000003,1397526201
independent_equal,71,raw,0.47616807930631505,0.47616807930631505,6,0.2288135593220339,0.13678027655295857,,0.10000000000000006,4041784264
independent_equal,71,demeaned,0.31355936366694903,0.31355936366694903,6,0.23728813559322035,0.13178239882664902,,0.10000000000000003,2013803384
independent_equal,71,factor_residual,0.4635930624930624,0.45313733815204404,6,0.22033898305084745,0.13847371845225784,,0.10000000000000003,1664430677
independent_equal,72,raw,0.345410301824079,0.21242391627979862,5,0.22033898305084748,0.13111155972037214,,0.10000000000000003,3252738482
independent_equal,72,demeaned,0.3015749526960829,0.2947301775366019,5,0.19491525423728814,0.12304364076224225,,0.10000000000000003,3961530602
independent_equal,72,factor_residual,0.3242341220870633,0.20317138939491888,5,0.211864406779661,0.12624214352170487,,0.10000000000000003,3440761833
independent_equal,73,raw,0.46480896048396053,0.46480896048396053,5,0.20338983050847462,0.13125081846658762,,0.10000000000000003,2480802738
independent_equal,73,demeaned,0.3686709221634922,0.20974916015357195,4,0.19491525423728814,0.12340102921331937,,0.10000000000000003,1732819118
independent_equal,73,factor_residual,0.4639043291675645,0.4639043291675645,6,0.20338983050847462,0.1336709674686121,,0.10000000000000003,2596056102
independent_equal,74,raw,0.3913385762929882,0.3913385762929882,4,0.19491525423728814,0.12665654741249144,,0.10000000000000002,2813135840
independent_equal,74,demeaned,0.2741528686999278,0.14121035190299902,4,0.1694915254237288,0.11908664651511117,,0.10000000000000002,3475890573
independent_equal,74,factor_residual,0.4260409183953304,0.3638860208419034,4,0.19491525423728814,0.127618670095552,,0.10000000000000006,899817011
independent_equal,75,raw,0.3540153733521384,0.333726068539304,5,0.2033898305084746,0.125342211415205,,0.10000000000000003,2468885683
independent_equal,75,demeaned,0.2638202236789698,0.2638202236789698,5,0.2033898305084746,0.12042341188274512,,0.10000000000000002,4150825477
independent_equal,75,factor_residual,0.31315331465919705,0.1850911856117739,5,0.2033898305084746,0.12511337334151398,,0.10000000000000003,1691846403
independent_equal,76,raw,0.4296942423589485,0.09581038618244507,5,0.2033898305084746,0.13312594488567822,,0.10000000000000002,3904710853
independent_equal,76,demeaned,0.33659535415564823,0.23858134153428265,5,0.211864406779661,0.12224091526757284,,0.10000000000000002,1857693279
independent_equal,76,factor_residual,0.41443596534184785,0.14237221226485938,5,0.211864406779661,0.13758119316293546,,0.10000000000000002,575401367
independent_equal,77,raw,0.300499451039157,0.23716745199245215,5,0.1949152542372881,0.12505421543395126,,0.10000000000000003,4235939627
independent_equal,77,demeaned,0.35470617209587807,0.2705206665367657,5,0.211864406779661,0.1280294125644286,,0.10000000000000003,1852118998
independent_equal,77,factor_residual,0.2787645189777544,0.2512893702702527,5,0.1949152542372881,0.12569886354091245,,0.10000000000000002,18915664
independent_equal,78,raw,0.24129508040978628,0.07652180319680321,4,0.18644067796610164,0.11097824711845153,,0.10000000000000002,2126645876
independent_equal,78,demeaned,0.22868125110183946,0.1496490966549791,4,0.19491525423728814,0.11166015626115333,,0.10000000000000002,2643863833
independent_equal,78,factor_residual,0.2819731750275869,0.19248489614960201,4,0.1864406779661017,0.11324443997898638,,0.10000000000000005,3111050160
independent_equal,79,raw,0.26464225170254574,0.24476454101454112,5,0.2033898305084746,0.12167170574800192,,0.10000000000000003,443225623
independent_equal,79,demeaned,0.23565595842066417,0.1707057664557664,5,0.2033898305084746,0.11661155665814193,,0.10000000000000002,3023940429
independent_equal,79,factor_residual,0.2905609930918755,0.2507616920661039,5,0.17796610169491525,0.11940716870229585,,0.10000000000000003,3229258081
independent_equal,80,raw,0.3425804889554891,0.29411779658250237,5,0.211864406779661,0.1278153042329887,,0.10000000000000003,1498273782
independent_equal,80,demeaned,0.28423192542751385,0.22911779707220897,5,0.18644067796610167,0.11679036690717705,,0.10000000000000003,3329914770
independent_equal,80,factor_residual,0.3546185185729305,0.25620570883365,6,0.22033898305084745,0.1270582223346057,,0.10000000000000002,222961874
independent_equal,81,raw,0.5512242975978273,0.5512242975978273,6,0.2457627118644068,0.15384407984836704,,0.10000000000000005,3515461640
independent_equal,81,demeaned,0.5572320326732095,0.5572320326732095,6,0.20338983050847464,0.13203434772273265,,0.10000000000000005,2982257475
independent_equal,81,factor_residual,0.5350144241379537,0.5071562604062605,6,0.23728813559322035,0.15296471377298895,,0.10000000000000003,1454736238
independent_equal,82,raw,0.3545202570305512,0.1883357867622575,4,0.16949152542372883,0.1206414700841421,,0.10000000000000003,1332220986
independent_equal,82,demeaned,0.2587612674906793,0.17041794529000412,4,0.1694915254237288,0.11796676863211013,,0.10000000000000002,2716562953
independent_equal,82,factor_residual,0.38268745807855736,0.2200361427272418,4,0.1694915254237288,0.12232547024545831,,0.10000000000000003,707870987
independent_equal,83,raw,0.4651702007057272,0.2586322323101736,6,0.2457627118644068,0.14372551546655818,,0.10000000000000003,2743416009
independent_equal,83,demeaned,0.3553219866734574,0.3553219866734574,5,0.211864406779661,0.12348610069724232,,0.10000000000000005,3080559560
independent_equal,83,factor_residual,0.41218235848259066,0.2716933896169191,6,0.23728813559322035,0.14127565372873793,,0.10000000000000003,3627038895
independent_equal,84,raw,0.48012488887101934,0.48012488887101934,6,0.21186440677966098,0.13613727104028314,,0.10000000000000003,210454261
independent_equal,84,demeaned,0.32125173301930254,0.13290959138900318,5,0.22033898305084745,0.1269136194992731,,0.10000000000000002,3269114000
independent_equal,84,factor_residual,0.4478509074259076,0.4478509074259076,6,0.2033898305084746,0.13351714328653516,,0.10000000000000002,3119087257
independent_equal,85,raw,0.33325511726835255,0.20707807241777826,5,0.211864406779661,0.12250400361796177,,0.10000000000000003,4172756108
independent_equal,85,demeaned,0.24329434748258288,0.24329434748258288,4,0.19491525423728812,0.1154703151175465,,0.10000000000000003,1310869282
independent_equal,85,factor_residual,0.29691224657695264,0.28962608796432326,5,0.19491525423728814,0.1225856217616437,,0.10000000000000003,1787435941
independent_equal,86,raw,0.3743721112221114,0.28621828171828184,5,0.22033898305084743,0.13521235848730864,,0.10000000000000003,4086880978
independent_equal,86,demeaned,0.4767847689891809,0.4767847689891809,5,0.19491525423728817,0.12928125270791024,,0.10000000000000005,3555990071
independent_equal,86,factor_residual,0.33902763902763927,0.30568610278610286,5,0.22033898305084745,0.13442051385525966,,0.10000000000000003,2809583620
independent_equal,87,raw,0.38210373515373514,0.3019112281509342,5,0.22033898305084745,0.13250500040836535,,0.10000000000000002,1909339114
independent_equal,87,demeaned,0.34235523234935034,0.1693848612172142,4,0.20338983050847453,0.12554072225686136,,0.10000000000000003,1127468930
independent_equal,87,factor_residual,0.40846201853701863,0.2899127904774963,5,0.211864406779661,0.13008771215629392,,0.10000000000000003,3515566064
independent_equal,88,raw,0.3529091317093641,0.2570362054612055,5,0.2033898305084746,0.12895840421581883,,0.1,3259566840
independent_equal,88,demeaned,0.3141194885180179,0.3061118201543898,5,0.21186440677966098,0.130939232078551,,0.10000000000000002,600900355
independent_equal,88,factor_residual,0.40074521458933243,0.3611434908229028,4,0.19491525423728814,0.13060044285779582,,0.1,2169156694
independent_equal,89,raw,0.4650730651701239,0.31980182007534963,5,0.19491525423728814,0.13006682158956592,,0.10000000000000002,2835327062
independent_equal,89,demeaned,0.3838739469680647,0.3838739469680647,5,0.21186440677966104,0.1339374941373571,,0.10000000000000003,1958106484
independent_equal,89,factor_residual,0.4445145341500606,0.4445145341500606,5,0.22033898305084745,0.13559654756687348,,0.10000000000000002,3693355316
independent_equal,90,raw,0.32929718205770847,0.32929718205770847,5,0.22033898305084745,0.1266595501082704,,0.10000000000000002,312891454
independent_equal,90,demeaned,0.29749412352353555,0.15715215307568264,5,0.19491525423728817,0.11816402935853339,,0.10000000000000003,2210543617
independent_equal,90,factor_residual,0.35931251803751807,0.35931251803751807,5,0.22033898305084745,0.1276679069338217,,0.10000000000000002,4188677299
independent_equal,91,raw,0.3464513164853724,0.296685542226951,4,0.19491525423728812,0.1261488714850623,,0.10000000000000003,190437362
independent_equal,91,demeaned,0.2472627659921778,0.16349083231869613,5,0.19491525423728812,0.12148296926751632,,0.10000000000000003,4173624154
independent_equal,91,factor_residual,0.3620560939060941,0.2557799117549118,4,0.18644067796610167,0.1254470162093916,,0.10000000000000005,1784914758
independent_equal,92,raw,0.3140379286863809,0.23492634770630125,5,0.1864406779661017,0.11632156591906749,,0.10000000000000003,1522797435
independent_equal,92,demeaned,0.28461215500186093,0.274537003682592,5,0.2033898305084746,0.12024688420673099,,0.10000000000000002,3052627706
independent_equal,92,factor_residual,0.31882716057592225,0.20040706483059426,5,0.18644067796610173,0.11615020377311204,,0.10000000000000005,1116611486
independent_equal,93,raw,0.28701673016525975,0.20230314424137977,4,0.1864406779661017,0.1253483032697889,,0.10000000000000006,3104753878
independent_equal,93,demeaned,0.30766956066809026,0.30766956066809026,5,0.19491525423728814,0.1215876199371431,,0.10000000000000003,709988076
independent_equal,93,factor_residual,0.2985676165939326,0.2635692723942726,4,0.17796610169491525,0.12383416665827925,,0.10000000000000005,2667737497
independent_equal,94,raw,0.27755030590324714,0.26650922459893056,5,0.1949152542372881,0.12171737540597209,,0.10000000000000002,991092892
independent_equal,94,demeaned,0.37540255153343405,0.13363512043512052,4,0.17796610169491522,0.11868175039345284,,0.10000000000000003,926289719
independent_equal,94,factor_residual,0.2969009606406667,0.25939116618675456,5,0.22033898305084745,0.1262545044616954,,0.10000000000000003,88304266
independent_equal,95,raw,0.3030725493460787,0.3030725493460787,6,0.19491525423728814,0.12498987875270678,,0.10000000000000002,2451666403
independent_equal,95,demeaned,0.40957838174897,0.40957838174897,6,0.1864406779661017,0.12345837821893407,,0.10000000000000002,247137676
independent_equal,95,factor_residual,0.30287663137516097,0.3004316153145103,6,0.211864406779661,0.12427267610816772,,0.10000000000000005,68789261
independent_equal,96,raw,0.44644596384008156,0.44644596384008156,5,0.2288135593220339,0.13841496283411134,,0.10000000000000003,1045088943
independent_equal,96,demeaned,0.4136870462870465,0.4136870462870465,6,0.2033898305084746,0.1274889597925615,,0.10000000000000003,4171253146
independent_equal,96,factor_residual,0.4378687035187036,0.289117048792281,5,0.211864406779661,0.13581102778042944,,0.10000000000000002,1218357941
independent_equal,97,raw,0.42342491968815493,0.3765644662527017,6,0.211864406779661,0.13531006962462594,,0.10000000000000002,3500522866
independent_equal,97,demeaned,0.3238085150143975,0.17192803944421592,4,0.19491525423728814,0.12199039868268437,,0.10000000000000005,3264610438
independent_equal,97,factor_residual,0.44764356901268704,0.39468840456928705,6,0.22033898305084745,0.14202425347860304,,0.10000000000000006,1439978369
independent_equal,98,raw,0.5851808648867477,0.28030446661181957,4,0.19491525423728814,0.1273597541776381,,0.10000000000000003,1567190039
independent_equal,98,demeaned,0.41151101023159864,0.35110957669781195,5,0.211864406779661,0.12714401539526168,,0.10000000000000003,572621705
independent_equal,98,factor_residual,0.5960423770673772,0.3227146616455441,5,0.2033898305084746,0.13106421554932277,,0.10000000000000003,529148128
independent_equal,99,raw,0.34558775081128046,0.20858806161159102,5,0.211864406779661,0.12877042293725996,,0.10000000000000002,3857717652
independent_equal,99,demeaned,0.25758484293484296,0.24735974711562952,4,0.1694915254237288,0.11561553013149477,,0.10000000000000003,261488216
independent_equal,99,factor_residual,0.3711689645321998,0.17208606609249036,5,0.21186440677966098,0.12659235509895703,,0.10000000000000003,3568609866
independent_unequal,0,raw,0.43725773801362045,0.43725773801362045,5,0.19491525423728812,0.12421378898740566,,0.10000000000000002,2547227522
independent_unequal,0,demeaned,0.9027349816849818,0.8838092352092349,8,0.2627118644067797,0.2343499597859768,0.15254237288135594,0.09999999999999999,1958426969
independent_unequal,0,factor_residual,0.4258894523776878,0.4258894523776878,5,0.2033898305084746,0.1259760935378458,,0.1,339581413
independent_unequal,1,raw,0.3990715756465757,0.29766403580080064,5,0.22033898305084745,0.1367850457839491,,0.10000000000000002,2662613079
independent_unequal,1,demeaned,0.9945333333333333,0.9945333333333333,13,0.2966101694915254,0.24475494213884044,0.06779661016949153,0.09999999999999999,3427726362
independent_unequal,1,factor_residual,0.3765182009167306,0.28013289700495597,5,0.22033898305084745,0.13472089935377574,,0.10000000000000002,2829584317
independent_unequal,2,raw,0.3580122732186973,0.2707270262417323,4,0.16949152542372883,0.11856878284065148,,0.10000000000000003,1220320901
independent_unequal,2,demeaned,0.9680922799422799,0.9680922799422799,11,0.2796610169491525,0.23541998843905626,0.11864406779661017,0.10000000000000002,1488010234
independent_unequal,2,factor_residual,0.3541449844273376,0.10573666023518968,4,0.1694915254237288,0.11586792859433691,,0.10000000000000003,436302896
independent_unequal,3,raw,0.4129050002285297,0.30511369164890834,4,0.19491525423728814,0.12873446326249305,,0.10000000000000002,2302329110
independent_unequal,3,demeaned,0.9961818181818183,0.9961818181818183,8,0.288135593220339,0.2340885533957568,0.13559322033898305,0.10000000000000002,3580648627
independent_unequal,3,factor_residual,0.41112307594366426,0.2089591842797725,5,0.19491525423728814,0.12768177680053763,,0.10000000000000002,501288195
independent_unequal,4,raw,0.3931478637375698,0.3931478637375698,4,0.17796610169491525,0.12600058767669692,,0.10000000000000002,2210190369
independent_unequal,4,demeaned,1.0,1.0,17,0.3050847457627119,0.26762559493237464,0.3050847457627119,0.10000000000000002,3363402520
independent_unequal,4,factor_residual,0.40372533087827217,0.3347454930690227,5,0.19491525423728817,0.1313171493829645,,0.10000000000000003,1674916237
independent_unequal,5,raw,0.2898961066711066,0.23610346646817237,7,0.22881355932203393,0.13176536142211617,,0.10000000000000003,1603520937
independent_unequal,5,demeaned,1.0,0.88732012987013,9,0.3220338983050847,0.28228107814061887,0.15254237288135594,0.10000000000000002,751613707
independent_unequal,5,factor_residual,0.2866922244422246,0.2519156506891802,5,0.22033898305084743,0.13248356295167116,,0.10000000000000003,1399310045
independent_unequal,6,raw,0.3320198108564982,0.26467328357916586,4,0.2033898305084746,0.12729253614833919,,0.10000000000000003,589294959
independent_unequal,6,demeaned,0.894012914862915,0.894012914862915,8,0.2966101694915254,0.2427601057134955,0.1016949152542373,0.10000000000000002,3944357643
independent_unequal,6,factor_residual,0.30182949240302165,0.30182949240302165,4,0.19491525423728812,0.12814084033332407,,0.10000000000000002,1917823341
independent_unequal,7,raw,0.4636393733717263,0.1454803554288849,5,0.20338983050847453,0.13270682737280448,,0.10000000000000003,405226629
independent_unequal,7,demeaned,0.9793818181818182,0.9793818181818182,11,0.2796610169491525,0.2346645244585923,0.1864406779661017,0.1,2989611826
independent_unequal,7,factor_residual,0.43296296758796776,0.1540127122877123,6,0.22033898305084743,0.13054462225489144,,0.1,258953476
independent_unequal,8,raw,0.2865582598687863,0.2865582598687863,5,0.19491525423728814,0.12137300080242244,,0.10000000000000005,2485457490
independent_unequal,8,demeaned,0.9679448051948051,0.9372484126984126,9,0.2966101694915254,0.24998694347084183,0.15254237288135594,0.10000000000000002,1507440234
independent_unequal,8,factor_residual,0.2841823824352465,0.2507970728102308,5,0.1949152542372881,0.11829263824942385,,0.10000000000000005,2713580030
independent_unequal,9,raw,0.4327912158017422,0.302596674670359,5,0.22033898305084745,0.13147554653014917,,0.10000000000000002,529994279
independent_unequal,9,demeaned,0.9954,0.9954,13,0.2966101694915254,0.25266764436128847,0.23728813559322035,0.10000000000000003,2369491216
independent_unequal,9,factor_residual,0.4663871045621045,0.4663871045621045,6,0.22033898305084745,0.13405895057916495,,0.10000000000000002,3871412705
independent_unequal,10,raw,0.3262177324309676,0.3262177324309676,4,0.20338983050847453,0.13147709306313493,,0.09999999999999999,3910980635
independent_unequal,10,demeaned,0.9155649295149294,0.9155649295149294,10,0.2627118644067797,0.20392369010462233,0.1694915254237288,0.10000000000000003,3920428477
independent_unequal,10,factor_residual,0.30606359686065593,0.2562821978674922,4,0.19491525423728814,0.1280809065380726,,0.10000000000000003,4057822975
independent_unequal,11,raw,0.3720624872203821,0.3379248665077613,4,0.17796610169491528,0.12328268691859239,,0.10000000000000003,3668310439
independent_unequal,11,demeaned,0.9076828282828283,0.9076828282828283,10,0.2966101694915254,0.2512486230342163,0.1694915254237288,0.1,1040341833
independent_unequal,11,factor_residual,0.3661109924389338,0.2952701860231273,4,0.17796610169491528,0.12604974833380866,,0.10000000000000003,3087524720
independent_unequal,12,raw,0.2927055509849628,0.22092968012379793,5,0.18644067796610175,0.12246464045260162,,0.10000000000000003,2631865776
independent_unequal,12,demeaned,0.9184387667887669,0.9184387667887669,8,0.2711864406779661,0.22101358363858373,0.11864406779661017,0.1,2129680585
independent_unequal,12,factor_residual,0.3243938295278854,0.21099078699078697,5,0.1949152542372882,0.1251512704612734,,0.10000000000000002,3421886650
independent_unequal,13,raw,0.35202553606524195,0.3101084009128127,5,0.211864406779661,0.1344044915259771,,0.10000000000000003,2942202549
independent_unequal,13,demeaned,0.9517302253302251,0.9517302253302251,11,0.3050847457627119,0.2661075007384329,0.1864406779661017,0.09999999999999999,818107672
independent_unequal,13,factor_residual,0.33993801757238296,0.33736142789099455,5,0.21186440677966104,0.13336073914337285,,0.10000000000000002,3089810017
independent_unequal,14,raw,0.3563750079985374,0.30171754128224715,5,0.20338983050847453,0.12884954513748134,,0.10000000000000002,4005940768
independent_unequal,14,demeaned,0.976471572871573,0.976471572871573,10,0.2966101694915254,0.2536958048542795,0.1864406779661017,0.1,107726454
independent_unequal,14,factor_residual,0.3674676361134567,0.19152202992226208,5,0.19491525423728814,0.1264011411894939,,0.10000000000000005,448476540
independent_unequal,15,raw,0.30906017609841135,0.30906017609841135,5,0.1864406779661017,0.12293052099390586,,0.10000000000000002,2517830802
independent_unequal,15,demeaned,0.9777523809523812,0.9777523809523812,9,0.2796610169491525,0.2372755256984071,0.15254237288135594,0.09999999999999999,2457785752
independent_unequal,15,factor_residual,0.32961839484045385,0.32961839484045385,5,0.19491525423728814,0.12374068742545814,,0.10000000000000003,2486546990
independent_unequal,16,raw,0.5525297490091611,0.5525297490091611,7,0.22881355932203393,0.15336627000035527,,0.10000000000000002,2932890679
independent_unequal,16,demeaned,0.8136240259740263,0.8136240259740263,7,0.3050847457627119,0.23632273371637785,0.11864406779661017,0.10000000000000003,2617504357
independent_unequal,16,factor_residual,0.5353091974932532,0.5353091974932532,6,0.23728813559322032,0.15206730893390188,,0.10000000000000002,4194139450
independent_unequal,17,raw,0.34924040812129076,0.16393474662592308,4,0.2033898305084746,0.12328567925649188,,0.10000000000000003,1064101178
independent_unequal,17,demeaned,0.97379126984127,0.97379126984127,11,0.2711864406779661,0.23605627404610463,0.1864406779661017,0.1,1783340876
independent_unequal,17,factor_residual,0.3695680115635998,0.08289415633386224,5,0.2033898305084746,0.12187359670765704,,0.10000000000000002,521200580
independent_unequal,18,raw,0.4814474923769041,0.34539575803453526,5,0.211864406779661,0.13697042117472472,,0.10000000000000002,4091692229
independent_unequal,18,demeaned,0.9799833333333332,0.9786349206349206,11,0.3220338983050847,0.2763594083882219,0.13559322033898305,0.10000000000000002,1323260739
independent_unequal,18,factor_residual,0.4651662486206605,0.4651662486206605,6,0.22033898305084745,0.1425968560366741,,0.10000000000000002,77898923
independent_unequal,19,raw,0.32352832739156273,0.16054561598532194,4,0.1864406779661017,0.12088641646655109,,0.10000000000000003,245833486
independent_unequal,19,demeaned,0.983315873015873,0.983315873015873,13,0.2796610169491525,0.23308826827598017,0.0847457627118644,0.10000000000000002,2482349658
independent_unequal,19,factor_residual,0.3430802920935275,0.3430802920935275,4,0.17796610169491522,0.12004233300487044,,0.10000000000000002,1407790757
independent_unequal,20,raw,0.3180861346341997,0.10022261676232268,4,0.19491525423728814,0.12229134268549319,,0.10000000000000003,1903707842
independent_unequal,20,demeaned,0.9845523809523811,0.9845523809523811,11,0.2711864406779661,0.2389247854781753,0.2033898305084746,0.1,626001320
independent_unequal,20,factor_residual,0.3283864532526299,0.11656836790660326,4,0.19491525423728814,0.12196473997504659,,0.10000000000000002,3885343992
independent_unequal,21,raw,0.4861472726619788,0.27076149226590424,6,0.20338983050847462,0.137188940052138,,0.10000000000000003,3700995079
independent_unequal,21,demeaned,0.9154684704184707,0.9154684704184707,10,0.3135593220338983,0.2556060889204958,0.0847457627118644,0.10000000000000003,2475481054
independent_unequal,21,factor_residual,0.4813597818847821,0.4813597818847821,6,0.19491525423728814,0.13298123593339203,,0.10000000000000005,29584700
independent_unequal,22,raw,0.3328301807669454,0.3328301807669454,4,0.1779661016949153,0.121641200298815,,0.10000000000000003,491178308
independent_unequal,22,demeaned,0.9488863358863362,0.9488863358863362,10,0.2711864406779661,0.21564198555681613,0.1694915254237288,0.10000000000000002,4001855800
independent_unequal,22,factor_residual,0.30106208595326256,0.30106208595326256,4,0.18644067796610173,0.12238221225609326,,0.10000000000000003,2150231219
independent_unequal,23,raw,0.46486246465952363,0.07587112021964967,4,0.1864406779661017,0.12472643595603469,,0.10000000000000003,2757358945
independent_unequal,23,demeaned,0.920611976911977,0.920611976911977,9,0.2796610169491525,0.23720477902511802,0.1694915254237288,0.10000000000000002,598077567
independent_unequal,23,factor_residual,0.46002760899231504,0.09515941933883112,4,0.1864406779661017,0.12631128676768014,,0.10000000000000005,3059427693
independent_unequal,24,raw,0.3085428427781371,0.2123845376845378,4,0.20338983050847453,0.1261507174018515,,0.09999999999999999,3568483090
independent_unequal,24,demeaned,0.8778404761904767,0.5270753968253967,7,0.2457627118644068,0.2007029506275269,0.1016949152542373,0.10000000000000003,4142844015
independent_unequal,24,factor_residual,0.3098970317264436,0.3098970317264436,5,0.22033898305084745,0.1276033943845011,,0.10000000000000003,2466219001
independent_unequal,25,raw,0.3606445394474806,0.1818860984818415,4,0.19491525423728814,0.119855099490759,,0.10000000000000003,825008537
independent_unequal,25,demeaned,0.9973333333333333,0.9973333333333333,10,0.27966101694915246,0.2397425714116392,0.1864406779661017,0.10000000000000002,2044837474
independent_unequal,25,factor_residual,0.32249258976317796,0.17596099635658466,4,0.19491525423728814,0.12150522606478495,,0.1,90794511
independent_unequal,26,raw,0.3052801564448625,0.3052801564448625,4,0.19491525423728814,0.12260197767641691,,0.10000000000000003,1698586661
independent_unequal,26,demeaned,0.9524539682539682,0.9255556277056277,10,0.3135593220338983,0.2725127087131325,0.1694915254237288,0.1,922262418
independent_unequal,26,factor_residual,0.32025662948162953,0.31528857384445635,5,0.19491525423728817,0.12307346008234597,,0.10000000000000003,2294502050
independent_unequal,27,raw,0.3618193339340399,0.3618193339340399,6,0.2288135593220339,0.13704795219415047,,0.10000000000000002,1785630424
independent_unequal,27,demeaned,0.8770820512820513,0.8770820512820513,10,0.2966101694915254,0.23404046786546795,0.06779661016949153,0.10000000000000002,651237216
independent_unequal,27,factor_residual,0.3511652793285147,0.3511652793285147,6,0.21186440677966098,0.13179027720922043,,0.10000000000000003,677098811
independent_unequal,28,raw,0.3519527541000453,0.24455243139213742,4,0.17796610169491528,0.12028833609317753,,0.10000000000000002,39270013
independent_unequal,28,demeaned,0.8369650793650797,0.7906182539682541,7,0.288135593220339,0.2417914595291714,0.11864406779661017,0.1,975296744
independent_unequal,28,factor_residual,0.3654481205069442,0.16254673643350126,4,0.18644067796610173,0.11891108354645248,,0.10000000000000005,3767391894
independent_unequal,29,raw,0.35557223626047185,0.35557223626047185,5,0.211864406779661,0.12884919200086792,,0.10000000000000005,4189096721
independent_unequal,29,demeaned,0.8500642857142856,0.8316699078699082,10,0.3135593220338983,0.24895051393992076,0.15254237288135594,0.1,1350291271
independent_unequal,29,factor_residual,0.34356150728356616,0.08395469693704988,4,0.20338983050847453,0.12624991676790034,,0.10000000000000003,863367986
independent_unequal,30,raw,0.33413985230455817,0.22120621306797783,4,0.17796610169491528,0.12240509845200775,,0.10000000000000003,3352776357
independent_unequal,30,demeaned,0.9567160173160172,0.9567160173160172,10,0.3050847457627119,0.250249032840982,0.1694915254237288,0.1,95172965
independent_unequal,30,factor_residual,0.321967052228817,0.2250388363270718,4,0.18644067796610167,0.12266094984692945,,0.10000000000000003,4122690695
independent_unequal,31,raw,0.29734638237579414,0.16674019069166138,5,0.2033898305084746,0.12379465613039893,,0.10000000000000003,1459810933
independent_unequal,31,demeaned,0.9829150793650795,0.9829150793650795,13,0.288135593220339,0.2529528451303875,0.22033898305084745,0.10000000000000002,2382540472
independent_unequal,31,factor_residual,0.2814513594248888,0.15249729143405621,5,0.19491525423728812,0.12208442410309316,,0.10000000000000003,4041148295
independent_unequal,32,raw,0.48194855291767075,0.3509804248039544,6,0.2033898305084746,0.13475242352363492,,0.10000000000000003,377882152
independent_unequal,32,demeaned,0.9665059163059164,0.9665059163059164,10,0.2966101694915254,0.24504000439297047,0.15254237288135594,0.10000000000000002,723001674
independent_unequal,32,factor_residual,0.5356286341109873,0.3333404307852452,6,0.2033898305084746,0.1332101283934679,,0.10000000000000005,4121396744
independent_unequal,33,raw,0.44887893874271584,0.24772879476904247,5,0.2288135593220339,0.13046845954321756,,0.10000000000000003,2116254975
independent_unequal,33,demeaned,0.9996,0.9686178210678209,11,0.29661016949152536,0.25002505225471333,0.1694915254237288,0.10000000000000002,1244244875
independent_unequal,33,factor_residual,0.418406969664323,0.24809934901699612,5,0.2288135593220339,0.1289224491112079,,0.10000000000000002,1954346992
independent_unequal,34,raw,0.4378235407866988,0.4311307102512213,5,0.22033898305084745,0.13618593894670344,,0.10000000000000003,2164707583
independent_unequal,34,demeaned,0.8644120490620493,0.8644120490620493,7,0.27118644067796605,0.2232576265072028,0.11864406779661017,0.1,49604687
independent_unequal,34,factor_residual,0.46443245496333746,0.3995391090935209,5,0.22033898305084745,0.13324942016690522,,0.10000000000000003,2961933843
independent_unequal,35,raw,0.4403375957375958,0.28634501332001344,5,0.2288135593220339,0.14085894717335395,,0.10000000000000003,4041899873
independent_unequal,35,demeaned,0.9284867965367967,0.9284867965367967,11,0.2627118644067797,0.22213419254944683,0.0847457627118644,0.1,3267920477
independent_unequal,35,factor_residual,0.4416094066064656,0.3694058413808415,5,0.211864406779661,0.13613076598404372,,0.10000000000000003,1364535198
independent_unequal,36,raw,0.38750447542653427,0.28022939331909924,5,0.20338983050847453,0.12673436695546617,,0.10000000000000002,2705388499
independent_unequal,36,demeaned,0.9678722222222224,0.9678722222222224,10,0.2627118644067797,0.22286727321642583,0.1864406779661017,0.1,3068746597
independent_unequal,36,factor_residual,0.40267129667717916,0.2861146464646465,5,0.1864406779661017,0.12703592118388982,,0.10000000000000002,1212633114
independent_unequal,37,raw,0.4150778827381767,0.4150778827381767,5,0.1949152542372882,0.13477038902578536,,0.10000000000000003,1618852574
independent_unequal,37,demeaned,0.9557650793650796,0.9557650793650796,8,0.288135593220339,0.23475909485994245,0.13559322033898305,0.1,2317408041
independent_unequal,37,factor_residual,0.3463999368278782,0.20802181397034353,5,0.2033898305084746,0.13205369380536383,,0.10000000000000003,3728627529
independent_unequal,38,raw,0.3267376535229479,0.3267376535229479,5,0.211864406779661,0.13284924104227452,,0.10000000000000005,465713113
independent_unequal,38,demeaned,0.861657575757576,0.7750202741702743,6,0.2542372881355932,0.20972584082584084,0.11864406779661017,0.09999999999999999,2153743439
independent_unequal,38,factor_residual,0.39289091513062113,0.39289091513062113,5,0.211864406779661,0.13464415086685777,,0.10000000000000005,3552697835
independent_unequal,39,raw,0.27402633151162575,0.15710264604676383,5,0.19491525423728817,0.11981140395967167,,0.10000000000000002,3263153539
independent_unequal,39,demeaned,0.9957857142857143,0.9957857142857143,12,0.3050847457627119,0.2673979067072288,0.2033898305084746,0.10000000000000006,1866489131
independent_unequal,39,factor_residual,0.2639405360463412,0.1572811165958226,4,0.19491525423728814,0.12313741202540794,,0.10000000000000003,442401559
independent_unequal,40,raw,0.38093577500930437,0.3403863660848956,5,0.18644067796610173,0.13104582449786836,,0.10000000000000002,2261253196
independent_unequal,40,demeaned,0.9779500000000001,0.9779500000000001,8,0.2711864406779661,0.23414444656097208,0.13559322033898305,0.10000000000000002,3602738131
independent_unequal,40,factor_residual,0.366525287620876,0.31214509444803573,5,0.17796610169491525,0.1273632288006665,,0.10000000000000002,1602214940
independent_unequal,41,raw,0.2912130074174192,0.10428382450882455,4,0.20338983050847453,0.12598865427388609,,0.10000000000000003,4047781991
independent_unequal,41,demeaned,0.9941333333333333,0.9941333333333333,11,0.3135593220338983,0.25775137588400304,0.15254237288135594,0.10000000000000002,1624479426
independent_unequal,41,factor_residual,0.3198675040645628,0.30018467969938567,5,0.20338983050847462,0.12632683019594784,,0.10000000000000003,3566392915
independent_unequal,42,raw,0.3737066774213062,0.3737066774213062,6,0.2288135593220339,0.13122942671603996,,0.10000000000000003,208305072
independent_unequal,42,demeaned,0.9294214285714287,0.9294214285714287,8,0.2966101694915254,0.25375390894416316,0.1016949152542373,0.1,3634004770
independent_unequal,42,factor_residual,0.38389143911643936,0.38389143911643936,8,0.24576271186440676,0.13558514318709983,,0.10000000000000003,3664316734
independent_unequal,43,raw,0.44555132971603556,0.11879104784104785,4,0.2033898305084746,0.12856825688574197,,0.10000000000000003,1021909551
independent_unequal,43,demeaned,0.964652380952381,0.9458039682539684,11,0.3389830508474576,0.2849480487967776,0.2033898305084746,0.09999999999999999,3616795939
independent_unequal,43,factor_residual,0.4548016215810335,0.22984671766142367,4,0.2033898305084746,0.12762761288644894,,0.10000000000000002,2605438464
independent_unequal,44,raw,0.4030337686307503,0.30610894236482483,5,0.21186440677966104,0.12988878318431965,,0.10000000000000003,2384978221
independent_unequal,44,demeaned,0.933912914862915,0.933912914862915,11,0.3050847457627119,0.2445988471039319,0.1016949152542373,0.1,559868060
independent_unequal,44,factor_residual,0.3980778789837615,0.2892761328540743,5,0.20338983050847462,0.12959712241480692,,0.10000000000000005,2412967434
independent_unequal,45,raw,0.3445180213577272,0.1572857084092379,5,0.2033898305084746,0.12803163905027065,,0.10000000000000002,2798270750
independent_unequal,45,demeaned,0.9673500000000002,0.7858655122655124,8,0.2542372881355932,0.22091564617115467,0.05084745762711865,0.10000000000000003,622253269
independent_unequal,45,factor_residual,0.39275840515693466,0.13996855056708005,5,0.2033898305084746,0.12533002189872836,,0.10000000000000002,2947419798
independent_unequal,46,raw,0.33167077215010665,0.33167077215010665,5,0.21186440677966104,0.13543435189317285,,0.10000000000000003,829201840
independent_unequal,46,demeaned,0.8688709235209238,0.8688709235209238,7,0.2711864406779661,0.22373228315940186,0.13559322033898305,0.1,1110884414
independent_unequal,46,factor_residual,0.3571811268796566,0.3571811268796566,5,0.22033898305084745,0.13400582509493741,,0.10000000000000003,3425738379
independent_unequal,47,raw,0.34436361313265335,0.09997887390387393,4,0.20338983050847462,0.1268816379380562,,0.10000000000000002,1563183898
independent_unequal,47,demeaned,0.9655333333333336,0.9655333333333336,10,0.2966101694915254,0.2502454328157718,0.13559322033898305,0.1,2467551981
independent_unequal,47,factor_residual,0.35345824388030284,0.15146549528043346,5,0.211864406779661,0.1263813215824977,,0.10000000000000003,15778212
independent_unequal,48,raw,0.46446905871905897,0.46446905871905897,5,0.20338983050847453,0.14058285881477564,,0.10000000000000003,896897008
independent_unequal,48,demeaned,0.9864460317460317,0.9864460317460317,12,0.3220338983050847,0.27736230920680083,0.1016949152542373,0.09999999999999999,2457147639
independent_unequal,48,factor_residual,0.4926479592303123,0.4926479592303123,6,0.211864406779661,0.14323884900701558,,0.10000000000000005,316244669
independent_unequal,49,raw,0.2918610918493274,0.20329701311760126,5,0.2033898305084746,0.12571097281194493,,0.10000000000000002,573110939
independent_unequal,49,demeaned,0.9848000000000001,0.9848000000000001,12,0.3050847457627119,0.2677909904126007,0.2033898305084746,0.10000000000000002,1703890107
independent_unequal,49,factor_residual,0.33651239691680884,0.09253730713730715,4,0.2033898305084746,0.12632467208209985,,0.10000000000000003,2792664873
independent_unequal,50,raw,0.3038302808302808,0.29017973154296706,4,0.19491525423728814,0.12518709276211773,,0.10000000000000003,1664019363
independent_unequal,50,demeaned,0.986774358974359,0.986774358974359,11,0.3135593220338983,0.26089440484186244,0.1864406779661017,0.09999999999999999,835275103
independent_unequal,50,factor_residual,0.3187716674879988,0.3187716674879988,4,0.20338983050847453,0.1234102224982722,,0.10000000000000005,2306468809
independent_unequal,51,raw,0.3235324541471602,0.24828108558108572,5,0.20338983050847453,0.12696286849436156,,0.10000000000000003,2009139554
independent_unequal,51,demeaned,1.0,1.0,15,0.288135593220339,0.25179094737654056,0.3050847457627119,0.1,3940863223
independent_unequal,51,factor_residual,0.3086157831848235,0.17960668498168517,5,0.21186440677966104,0.12739856362582927,,0.10000000000000002,3356460150
independent_unequal,52,raw,0.2613452172354649,0.2613452172354649,6,0.2033898305084746,0.12263870623015954,,0.10000000000000003,2600063298
independent_unequal,52,demeaned,0.974593217893218,0.974593217893218,12,0.2966101694915254,0.24807691945807606,0.1016949152542373,0.10000000000000003,2566030180
independent_unequal,52,factor_residual,0.2612920687070069,0.19068541294446884,5,0.19491525423728814,0.1223688566594822,,0.10000000000000002,2807430490
independent_unequal,53,raw,0.2830703869659753,0.13599602276808162,4,0.17796610169491522,0.12095434589504882,,0.10000000000000003,3536828308
independent_unequal,53,demeaned,0.9148948051948055,0.7068568764568766,6,0.2796610169491525,0.22812757708393305,0.1016949152542373,0.1,355449253
independent_unequal,53,factor_residual,0.30388377977371783,0.15407071588542176,4,0.1864406779661017,0.12250784075330372,,0.10000000000000002,3004995842
independent_unequal,54,raw,0.3625587861484924,0.3625587861484924,6,0.211864406779661,0.12830804843991675,,0.10000000000000003,3466595592
independent_unequal,54,demeaned,0.9196071428571431,0.9196071428571431,9,0.27966101694915246,0.24037900809172,0.11864406779661017,0.10000000000000003,3912264319
independent_unequal,54,factor_residual,0.3501219448851802,0.3501219448851802,6,0.211864406779661,0.12794598375895735,,0.10000000000000003,519474447
independent_unequal,55,raw,0.28341734654234674,0.2677788461538461,5,0.211864406779661,0.11814103453044135,,0.1,3710897120
independent_unequal,55,demeaned,0.9542732323232325,0.9542732323232325,10,0.2966101694915254,0.23775297028771603,0.0847457627118644,0.10000000000000005,2203444560
independent_unequal,55,factor_residual,0.3322484819102467,0.291932178932179,5,0.2033898305084746,0.11887807600204163,,0.10000000000000003,1559941591
independent_unequal,56,raw,0.36943641880994826,0.28960979460855646,5,0.2033898305084746,0.12606436179547836,,0.10000000000000005,128128443
independent_unequal,56,demeaned,0.9506610833610835,0.9506610833610835,8,0.3050847457627119,0.25173051882204434,0.15254237288135594,0.10000000000000002,1600762261
independent_unequal,56,factor_residual,0.367927762107174,0.24938834662069959,5,0.2033898305084746,0.12440842421674927,,0.10000000000000003,2193679860
independent_unequal,57,raw,0.43211382604323817,0.43211382604323817,5,0.211864406779661,0.13749643559608665,,0.10000000000000005,1781019040
independent_unequal,57,demeaned,0.9776166666666667,0.9776166666666667,11,0.2966101694915254,0.25404408468179657,0.1864406779661017,0.10000000000000002,575818707
independent_unequal,57,factor_residual,0.4168152486402489,0.08321378898878896,4,0.19491525423728814,0.13028315277831728,,0.10000000000000002,3575475216
independent_unequal,58,raw,0.3809217602143301,0.33302688319592355,5,0.211864406779661,0.12452054947065906,,0.10000000000000003,3577314434
independent_unequal,58,demeaned,0.9475158730158731,0.9475158730158731,10,0.3220338983050847,0.2776879228116516,0.11864406779661017,0.1,3413152088
independent_unequal,58,factor_residual,0.3978664748650042,0.31130871873224814,5,0.211864406779661,0.12334714862931465,,0.10000000000000002,1626569032
independent_unequal,59,raw,0.3343452728643905,0.2222993258375611,5,0.211864406779661,0.12198324003043594,,0.10000000000000003,2944883785
independent_unequal,59,demeaned,0.9304185425685427,0.9304185425685427,12,0.288135593220339,0.24468611830730477,0.1016949152542373,0.1,2606481960
independent_unequal,59,factor_residual,0.2695617580475941,0.21622070707070715,5,0.2033898305084746,0.12194445918303363,,0.10000000000000003,777337277
independent_unequal,60,raw,0.2432307439292734,0.20754960007312964,4,0.1694915254237288,0.11516141490474742,,0.10000000000000002,2929883265
independent_unequal,60,demeaned,0.9619500721500722,0.9619500721500722,10,0.288135593220339,0.2534507463346447,0.1016949152542373,0.09999999999999996,872713733
independent_unequal,60,factor_residual,0.2576922448466567,0.2576871912401325,4,0.17796610169491525,0.11863239512232539,,0.10000000000000005,3347072405
independent_unequal,61,raw,0.25320513316233145,0.24034506044351256,4,0.1779661016949153,0.11684167497900642,,0.10000000000000003,2066846774
independent_unequal,61,demeaned,0.9887,0.9887,11,0.288135593220339,0.25495796406982846,0.06779661016949153,0.10000000000000002,377403274
independent_unequal,61,factor_residual,0.25237372822396054,0.24202174230997756,6,0.21186440677966104,0.12259410135256352,,0.10000000000000006,1979982107
independent_unequal,62,raw,0.47898752375075937,0.47898752375075937,5,0.1864406779661017,0.12952504944097673,,0.10000000000000005,596467689
independent_unequal,62,demeaned,0.9486326839826842,0.9167882839382839,9,0.2711864406779661,0.22711466889983842,0.13559322033898305,0.10000000000000002,2755220565
independent_unequal,62,factor_residual,0.4639399355546414,0.4171753442635796,5,0.1864406779661017,0.12909844656838676,,0.10000000000000002,3322677246
independent_unequal,63,raw,0.431729069459952,0.19776384677414097,5,0.1864406779661017,0.12697156708363092,,0.10000000000000003,4065008954
independent_unequal,63,demeaned,0.9509318903318904,0.9509318903318904,9,0.3050847457627119,0.2601771938983803,0.15254237288135594,0.10000000000000002,2838735720
independent_unequal,63,factor_residual,0.4366806028938385,0.4366806028938385,5,0.19491525423728817,0.12727041406218748,,0.10000000000000002,2604252596
independent_unequal,64,raw,0.286582995470302,0.27531726300015774,4,0.19491525423728812,0.12689196095740737,,0.1,1680752669
independent_unequal,64,demeaned,0.9482407814407815,0.9482407814407815,13,0.3050847457627119,0.26610050519160694,0.23728813559322035,0.1,725258390
independent_unequal,64,factor_residual,0.2908550607888845,0.2690412814309874,4,0.18644067796610164,0.12537564868533024,,0.10000000000000002,1526832833
independent_unequal,65,raw,0.24965422404392998,0.16426752740723335,5,0.19491525423728817,0.12050599142881055,,0.10000000000000005,2552491691
independent_unequal,65,demeaned,0.9951516483516484,0.9951516483516484,14,0.288135593220339,0.2335523141171446,0.2711864406779661,0.09999999999999999,4059935652
independent_unequal,65,factor_residual,0.26481474696614016,0.25330551208337587,5,0.2033898305084746,0.1188129129014683,,0.10000000000000002,1529483302
independent_unequal,66,raw,0.32751289723348553,0.12689579048402588,4,0.1864406779661017,0.12418840756285923,,0.10000000000000002,1116674393
independent_unequal,66,demeaned,0.9922000000000001,0.9922000000000001,11,0.3050847457627119,0.25841533245473924,0.2542372881355932,0.10000000000000003,801089923
independent_unequal,66,factor_residual,0.31728363874687415,0.19705584350290234,4,0.2033898305084746,0.12637481500304285,,0.10000000000000003,817122020
independent_unequal,67,raw,0.4310479686979689,0.4310479686979689,6,0.22033898305084745,0.13476076038313078,,0.1,2374890318
independent_unequal,67,demeaned,0.9117550505050507,0.9117550505050507,8,0.2711864406779661,0.23158633301726533,0.11864406779661017,0.10000000000000002,3796806533
independent_unequal,67,factor_residual,0.37483768861857103,0.37483768861857103,6,0.22033898305084745,0.13188868343580593,,0.10000000000000002,766325877
independent_unequal,68,raw,0.464867769975123,0.36065538073038084,6,0.2288135593220339,0.13497930046717443,,0.10000000000000002,1018387924
independent_unequal,68,demeaned,0.9940023809523809,0.9940023809523809,10,0.2711864406779661,0.23642437764683527,0.1016949152542373,0.10000000000000002,1235243070
independent_unequal,68,factor_residual,0.4950387858873155,0.349245005647947,5,0.211864406779661,0.13578535916836024,,0.10000000000000005,3981996572
independent_unequal,69,raw,0.37571165413533847,0.2635313381063383,5,0.2033898305084746,0.12084896339740037,,0.10000000000000002,1976071307
independent_unequal,69,demeaned,0.8665913419913422,0.8665913419913422,8,0.3050847457627119,0.2435930140480988,0.1016949152542373,0.10000000000000003,947782231
independent_unequal,69,factor_residual,0.3366017760017761,0.2597671472318531,5,0.2033898305084746,0.12253125920827818,,0.10000000000000002,2148167026
independent_unequal,70,raw,0.3785652233387529,0.3785652233387529,5,0.19491525423728814,0.12670740542305065,,0.10000000000000005,2497018849
independent_unequal,70,demeaned,0.9467525974025974,0.9467525974025974,9,0.2966101694915254,0.24493302845929965,0.15254237288135594,0.1,3450353968
independent_unequal,70,factor_residual,0.3828863407833998,0.3828863407833998,4,0.2033898305084746,0.12832465586922218,,0.10000000000000002,1775574059
independent_unequal,71,raw,0.48121888911741867,0.48121888911741867,5,0.211864406779661,0.13066393675837848,,0.10000000000000002,2914760220
independent_unequal,71,demeaned,0.9364864801864803,0.9364864801864803,8,0.2796610169491525,0.2395134834092462,0.13559322033898305,0.10000000000000002,746655583
independent_unequal,71,factor_residual,0.44996617924559135,0.44996617924559135,5,0.211864406779661,0.1276357397919462,,0.1,237815837
independent_unequal,72,raw,0.3711301605171575,0.3711301605171575,5,0.1949152542372881,0.12995819204940465,,0.10000000000000002,1086749279
independent_unequal,72,demeaned,0.9610023809523809,0.9610023809523809,9,0.3389830508474576,0.268175238462103,0.15254237288135594,0.1,1840470790
independent_unequal,72,factor_residual,0.3861862958936491,0.3861862958936491,5,0.18644067796610175,0.12879119782953283,,0.1,3336942791
independent_unequal,73,raw,0.2834046179998194,0.23192680284112174,4,0.19491525423728814,0.12487537174108714,,0.10000000000000003,4240468691
independent_unequal,73,demeaned,0.9725761904761904,0.9725761904761904,10,0.3305084745762712,0.28061814146305675,0.1694915254237288,0.10000000000000002,4226973630
independent_unequal,73,factor_residual,0.3103536163183222,0.25576620846473797,4,0.1949152542372882,0.12414513292733635,,0.10000000000000002,972153719
independent_unequal,74,raw,0.37668221059126633,0.37668221059126633,6,0.2457627118644068,0.14001241966303626,,0.10000000000000003,1179139527
independent_unequal,74,demeaned,0.7999851370851376,0.7941227272727275,7,0.2966101694915254,0.24524343203877122,0.15254237288135594,0.10000000000000003,3988054707
independent_unequal,74,factor_residual,0.38906302308802315,0.25312135283017634,6,0.23728813559322035,0.13688132579174456,,0.10000000000000003,214895371
independent_unequal,75,raw,0.3098594797273593,0.182851601829543,5,0.2033898305084746,0.1273364476263215,,0.10000000000000002,3728415753
independent_unequal,75,demeaned,0.8527046120546127,0.8527046120546127,8,0.2796610169491525,0.22139194609533594,0.15254237288135594,0.1,1860902602
independent_unequal,75,factor_residual,0.35246302929097056,0.1814536687169042,4,0.2033898305084746,0.1267430414232384,,0.10000000000000002,1341799292
independent_unequal,76,raw,0.4161379752600343,0.4161379752600343,5,0.22033898305084745,0.1348278765615132,,0.10000000000000005,3704690858
independent_unequal,76,demeaned,0.9420074314574316,0.9420074314574316,12,0.3050847457627119,0.2516597626478983,0.2542372881355932,0.1,990604666
independent_unequal,76,factor_residual,0.396180952217717,0.396180952217717,5,0.211864406779661,0.13298846727245284,,0.10000000000000002,1506830935
independent_unequal,77,raw,0.3917227948522067,0.1070065628815629,4,0.19491525423728814,0.12529385965618522,,0.10000000000000003,355680945
independent_unequal,77,demeaned,0.9389770784770786,0.9064647408147408,8,0.2966101694915254,0.2454245562817597,0.11864406779661017,0.10000000000000002,564767864
independent_unequal,77,factor_residual,0.3425290262025556,0.238805144528674,4,0.1779661016949153,0.12326221006892746,,0.10000000000000002,1541163121
independent_unequal,78,raw,0.40149773102714276,0.32667423654776584,5,0.19491525423728817,0.1282459384223841,,0.10000000000000002,3573258747
independent_unequal,78,demeaned,0.8374928571428578,0.8374928571428578,9,0.30508474576271183,0.24490896744498442,0.1016949152542373,0.10000000000000003,971370378
independent_unequal,78,factor_residual,0.40335603856927404,0.2054675745822805,5,0.2033898305084746,0.13301801834478807,,0.10000000000000002,1916610475
independent_unequal,79,raw,0.38484102885418686,0.28537819533407777,4,0.19491525423728814,0.1283978151886362,,0.10000000000000003,287496713
independent_unequal,79,demeaned,0.9568065656565657,0.9568065656565657,8,0.2711864406779661,0.22013138768011647,0.15254237288135594,0.10000000000000002,4188596557
independent_unequal,79,factor_residual,0.361226066090772,0.3458621610415729,5,0.211864406779661,0.13264410026248263,,0.10000000000000003,1899346068
independent_unequal,80,raw,0.2784258818494887,0.2180392338655497,5,0.2033898305084746,0.12798988369141664,,0.10000000000000003,2201439141
independent_unequal,80,demeaned,0.9270650793650794,0.9270650793650794,10,0.288135593220339,0.23922855275609514,0.1694915254237288,0.10000000000000002,2952779484
independent_unequal,80,factor_residual,0.30802401209901187,0.18252512536483134,5,0.211864406779661,0.12863982253760423,,0.10000000000000002,913881181
independent_unequal,81,raw,0.2789579831417293,0.21636088290794175,6,0.22881355932203393,0.13215021309573513,,0.10000000000000003,2409195843
independent_unequal,81,demeaned,0.9383559163059164,0.8965073593073594,11,0.3389830508474576,0.2795901822753518,0.1694915254237288,0.10000000000000002,1616147174
independent_unequal,81,factor_residual,0.27920690159513695,0.24604279903103443,6,0.2372881355932203,0.1343384867099224,,0.10000000000000003,3761090285
independent_unequal,82,raw,0.3773938533688537,0.3773938533688537,5,0.19491525423728814,0.12869322125891175,,0.10000000000000002,619116922
independent_unequal,82,demeaned,0.9693515873015875,0.9693515873015875,13,0.29661016949152547,0.2551929219556338,0.13559322033898305,0.10000000000000002,138669811
independent_unequal,82,factor_residual,0.37120108616014197,0.37120108616014197,5,0.2033898305084746,0.13082593489052802,,0.10000000000000005,187945371
independent_unequal,83,raw,0.48293117258558443,0.48293117258558443,7,0.20338983050847462,0.1360184257362224,,0.1,191028806
independent_unequal,83,demeaned,0.9180260683760686,0.8992979076479076,9,0.2966101694915254,0.251831188444324,0.1016949152542373,0.1,3357701202
independent_unequal,83,factor_residual,0.43145669379639984,0.43145669379639984,7,0.22033898305084743,0.1329600770435392,,0.10000000000000005,4070662970
independent_unequal,84,raw,0.3236148072515721,0.3236148072515721,5,0.1864406779661017,0.12335485061631626,,0.10000000000000003,2287131098
independent_unequal,84,demeaned,0.9966,0.9966,12,0.3305084745762712,0.2836591611778052,0.15254237288135594,0.10000000000000002,282181763
independent_unequal,84,factor_residual,0.29231416062437754,0.29231416062437754,5,0.1864406779661017,0.12360785555348842,,0.10000000000000003,1487744656
independent_unequal,85,raw,0.33492323199676155,0.32552339539545433,5,0.211864406779661,0.13969695454788927,,0.10000000000000003,2771925047
independent_unequal,85,demeaned,0.9186080808080807,0.8926856254856256,8,0.2796610169491525,0.22698754376508617,0.13559322033898305,0.10000000000000003,1861715152
independent_unequal,85,factor_residual,0.3556830013124133,0.3556830013124133,5,0.21186440677966104,0.14090564377463685,,0.10000000000000002,788984708
independent_unequal,86,raw,0.36426644238114825,0.27270196486520026,5,0.19491525423728814,0.12344613312078417,,0.10000000000000002,2728794005
independent_unequal,86,demeaned,0.9479793650793652,0.9055327561327562,11,0.3050847457627119,0.25877470669631686,0.1694915254237288,0.09999999999999999,2298733002
independent_unequal,86,factor_residual,0.3489242956390016,0.3197526472581428,5,0.18644067796610173,0.1251067598762534,,0.10000000000000002,2994170788
independent_unequal,87,raw,0.4308162314809375,0.22773551579139825,5,0.211864406779661,0.1259262479115545,,0.10000000000000003,1288541127
independent_unequal,87,demeaned,0.9940722222222222,0.9940722222222222,14,0.3305084745762712,0.2693472936667852,0.2711864406779661,0.10000000000000002,4136869317
independent_unequal,87,factor_residual,0.4291445623004449,0.2441015557971441,5,0.211864406779661,0.1322779808689704,,0.10000000000000002,1981201944
independent_unequal,88,raw,0.4223819344398293,0.34322299367299386,5,0.22033898305084745,0.132265037464314,,0.10000000000000002,3762021198
independent_unequal,88,demeaned,0.9820333333333335,0.9820333333333335,13,0.288135593220339,0.24110067771211843,0.23728813559322035,0.10000000000000002,2479426225
independent_unequal,88,factor_residual,0.36522960976931557,0.30269866848837446,5,0.22033898305084745,0.12884321699127285,,0.10000000000000003,622575593
independent_unequal,89,raw,0.3799243021684198,0.3739090465090465,5,0.23728813559322035,0.13348655414874258,,0.10000000000000003,1737413636
independent_unequal,89,demeaned,0.959902380952381,0.959902380952381,9,0.2796610169491525,0.23288987791869145,0.1864406779661017,0.10000000000000002,3165792602
independent_unequal,89,factor_residual,0.3747566043433691,0.12865904389727933,5,0.22033898305084745,0.130112053129102,,0.10000000000000003,3178532984
independent_unequal,90,raw,0.2818238873871227,0.24186277986719168,5,0.21186440677966104,0.12695969924890665,,0.10000000000000003,3425492260
independent_unequal,90,demeaned,0.9418401154401155,0.9012802031302033,9,0.3220338983050847,0.26015788679305635,0.11864406779661017,0.10000000000000002,3158577525
independent_unequal,90,factor_residual,0.28440259119965006,0.28440259119965006,5,0.211864406779661,0.12736160694805948,,0.10000000000000003,4081105662
independent_unequal,91,raw,0.37200365435218374,0.27143365800865804,5,0.22033898305084745,0.1308785036886234,,0.10000000000000005,3483452896
independent_unequal,91,demeaned,0.9704365079365082,0.9704365079365082,12,0.3050847457627119,0.26350816763274393,0.1694915254237288,0.10000000000000002,873982993
independent_unequal,91,factor_residual,0.38043641048494004,0.38043641048494004,5,0.211864406779661,0.12812352702410032,,0.10000000000000002,2062889357
independent_unequal,92,raw,0.45648237873237885,0.45648237873237885,5,0.2288135593220339,0.13324533343719538,,0.10000000000000002,4148393231
independent_unequal,92,demeaned,0.9239296536796536,0.9239296536796536,11,0.3135593220338983,0.2482105328287531,0.1864406779661017,0.10000000000000003,1546528095
independent_unequal,92,factor_residual,0.47250627836216086,0.47250627836216086,5,0.22033898305084743,0.1346994238272529,,0.10000000000000002,2065702286
independent_unequal,93,raw,0.29671358184299373,0.28623504093945273,5,0.22033898305084745,0.13146718011273098,,0.10000000000000002,1077191944
independent_unequal,93,demeaned,0.9486269841269842,0.9486269841269842,10,0.2711864406779661,0.23122840177713067,0.1864406779661017,0.1,791233065
independent_unequal,93,factor_residual,0.30829177279548814,0.288527635462233,5,0.22033898305084745,0.13177998459877105,,0.10000000000000003,2165375630
independent_unequal,94,raw,0.3660971191691005,0.3660971191691005,6,0.21186440677966104,0.12387938262877854,,0.10000000000000002,2614168619
independent_unequal,94,demeaned,0.9817422077922078,0.925360533910534,9,0.2711864406779661,0.23874855732779468,0.06779661016949153,0.10000000000000003,2604693955
independent_unequal,94,factor_residual,0.34639589952531136,0.34639589952531136,6,0.211864406779661,0.12728634022867574,,0.10000000000000005,3364695196
independent_unequal,95,raw,0.35164691906820417,0.35164691906820417,5,0.22033898305084745,0.13038225075716356,,0.10000000000000005,4147426902
independent_unequal,95,demeaned,0.9432596681096681,0.9347988844488846,11,0.2711864406779661,0.24346993985299073,0.0847457627118644,0.10000000000000003,1683311654
independent_unequal,95,factor_residual,0.4036712101623867,0.4036712101623867,5,0.22033898305084745,0.13261536492738285,,0.10000000000000002,1007254962
independent_unequal,96,raw,0.42592364835886526,0.42592364835886526,6,0.2033898305084746,0.1354932613066416,,0.10000000000000003,4085653725
independent_unequal,96,demeaned,0.9368537462537465,0.8904297424797427,8,0.27118644067796605,0.2255839713654914,0.15254237288135594,0.10000000000000002,3781338398
independent_unequal,96,factor_residual,0.42592081350022526,0.42592081350022526,6,0.20338983050847462,0.13504092957557567,,0.10000000000000005,2981123371
independent_unequal,97,raw,0.4909702441349499,0.2909398292883588,5,0.2288135593220339,0.13150225522511166,,0.10000000000000002,3376100407
independent_unequal,97,demeaned,0.9080238095238095,0.8808555555555557,8,0.2796610169491525,0.23859670005136108,0.15254237288135594,0.1,2154051307
independent_unequal,97,factor_residual,0.561948272152684,0.24704035474329608,5,0.2288135593220339,0.1310299550658947,,0.10000000000000003,3591794694
independent_unequal,98,raw,0.356741426220838,0.26000210084033615,5,0.2033898305084746,0.12414808779621844,,0.10000000000000002,644680993
independent_unequal,98,demeaned,0.8493240259740259,0.8493240259740259,7,0.3050847457627119,0.24816909305383877,0.11864406779661017,0.1,1033864096
independent_unequal,98,factor_residual,0.3065373998550472,0.27330194674606445,5,0.2033898305084746,0.12048155740487501,,0.10000000000000002,1772040668
independent_unequal,99,raw,0.3196626043890752,0.16680247807747814,4,0.2033898305084746,0.13082708359824516,,0.10000000000000005,2972108642
independent_unequal,99,demeaned,0.8747638195138195,0.8747638195138195,8,0.2711864406779661,0.22420150917820425,0.13559322033898305,0.10000000000000003,3416305154
independent_unequal,99,factor_residual,0.3448281219812181,0.17097111309742893,4,0.19491525423728814,0.13097541343922797,,0.10000000000000003,3628720863
market_only,0,raw,1.0,1.0,48,0.516949152542373,0.48209622901331534,0.8135593220338984,0.10000000000000002,1059430438
market_only,0,demeaned,1.0,1.0,18,0.3050847457627119,0.2523552172168697,0.3389830508474576,0.10000000000000002,2648062115
market_only,0,factor_residual,0.3675123753697283,0.2062695582195581,4,0.2033898305084746,0.12528391873711117,,0.10000000000000003,1084272945
market_only,1,raw,1.0,1.0,47,0.4830508474576272,0.4611042457959649,0.7966101694915254,0.10000000000000005,912440351
market_only,1,demeaned,1.0,1.0,17,0.288135593220339,0.24289590522471877,0.3559322033898305,0.1,350637920
market_only,1,factor_residual,0.4573920424346898,0.4573920424346898,5,0.22033898305084743,0.14011190692684966,,0.10000000000000002,486502508
market_only,2,raw,1.0,1.0,44,0.483050847457627,0.44962644790578754,0.7457627118644068,0.10000000000000003,1282778196
market_only,2,demeaned,1.0,1.0,17,0.3135593220338983,0.2550773910646792,0.3220338983050847,0.10000000000000002,45405824
market_only,2,factor_residual,0.2826208276501621,0.2826208276501621,5,0.22033898305084745,0.1299991043212209,,0.1,3917549266
market_only,3,raw,1.0,1.0,48,0.49999999999999983,0.4772572943866813,0.8135593220338984,0.10000000000000003,254080091
market_only,3,demeaned,1.0,1.0,17,0.3050847457627119,0.24041098282602527,0.3559322033898305,0.10000000000000002,156268899
market_only,3,factor_residual,0.6707405094905097,0.6707405094905097,9,0.23728813559322032,0.15220765165376332,,0.10000000000000006,3248425651
market_only,4,raw,1.0,1.0,45,0.48305084745762716,0.4568779222081756,0.7627118644067796,0.10000000000000006,1462807921
market_only,4,demeaned,1.0,1.0,17,0.3135593220338983,0.2561113959652844,0.3389830508474576,0.1,594286854
market_only,4,factor_residual,0.31274417129997617,0.2810479170640161,4,0.19491525423728814,0.1285944475925881,,0.1,1320062677
market_only,5,raw,1.0,1.0,52,0.5338983050847458,0.5024691683231498,0.8813559322033898,0.10000000000000005,2385863985
market_only,5,demeaned,1.0,1.0,17,0.2966101694915254,0.23568283566715773,0.3050847457627119,0.09999999999999999,63755165
market_only,5,factor_residual,0.39845912388265325,0.39845912388265325,5,0.20338983050847462,0.1266857062857935,,0.10000000000000002,3480756019
market_only,6,raw,1.0,1.0,48,0.5084745762711863,0.4826702162382871,0.8135593220338984,0.10000000000000003,2860108685
market_only,6,demeaned,1.0,1.0,16,0.2966101694915254,0.24448255986010223,0.3050847457627119,0.1,85331397
market_only,6,factor_residual,0.365535936122701,0.365535936122701,5,0.211864406779661,0.12643458001785524,,0.10000000000000005,806581989
market_only,7,raw,1.0,1.0,44,0.5,0.4654844326964716,0.7457627118644068,0.10000000000000002,4236718644
market_only,7,demeaned,1.0,1.0,20,0.3559322033898305,0.2790319411755852,0.3898305084745763,0.1,454334616
market_only,7,factor_residual,0.34901092616533813,0.19777405747846935,7,0.22033898305084743,0.1279845988936842,,0.10000000000000003,3023885640
market_only,8,raw,1.0,1.0,48,0.49152542372881336,0.47394644942646924,0.8135593220338984,0.10000000000000005,2609908007
market_only,8,demeaned,1.0,1.0,15,0.2627118644067796,0.22789235576099984,0.3050847457627119,0.1,68242639
market_only,8,factor_residual,0.34793297144032453,0.08749847227935466,5,0.22033898305084745,0.12903313197504312,,0.10000000000000003,837439043
market_only,9,raw,1.0,1.0,45,0.4915254237288134,0.4579251143986412,0.7627118644067796,0.10000000000000003,2155736210
market_only,9,demeaned,1.0,1.0,18,0.3050847457627119,0.25354338302940005,0.3389830508474576,0.09999999999999999,1203878995
market_only,9,factor_residual,0.3567712700697997,0.1427603809589104,4,0.20338983050847453,0.12148144650851533,,0.10000000000000002,3452832770
market_only,10,raw,1.0,1.0,46,0.4915254237288135,0.4574257797307845,0.7796610169491526,0.10000000000000005,1575262461
market_only,10,demeaned,1.0,1.0,15,0.3220338983050847,0.23244290732807685,0.3050847457627119,0.10000000000000003,3880090220
market_only,10,factor_residual,0.35241948606948625,0.35241948606948625,5,0.211864406779661,0.12887961558441505,,0.10000000000000002,2866228720
market_only,11,raw,1.0,1.0,47,0.5338983050847458,0.46938925663835207,0.7966101694915254,0.10000000000000002,3412350699
market_only,11,demeaned,1.0,1.0,18,0.30508474576271194,0.25830901382045457,0.3559322033898305,0.10000000000000003,500520949
market_only,11,factor_residual,0.4615219282351639,0.4615219282351639,6,0.2033898305084746,0.13116240682022096,,0.10000000000000003,1315051177
market_only,12,raw,1.0,1.0,48,0.5084745762711863,0.47535209882341006,0.8135593220338984,0.10000000000000005,1825141584
market_only,12,demeaned,1.0,1.0,16,0.28813559322033905,0.24764874760362054,0.3220338983050847,0.10000000000000002,1641503048
market_only,12,factor_residual,0.32860741725594683,0.27514963614816557,5,0.211864406779661,0.1305753190326346,,0.10000000000000002,2013073998
market_only,13,raw,1.0,1.0,47,0.4830508474576273,0.46256976409004946,0.7966101694915254,0.10000000000000003,1483720317
market_only,13,demeaned,1.0,1.0,18,0.3135593220338983,0.25823120326001675,0.3220338983050847,0.1,1465770006
market_only,13,factor_residual,0.29107428649781597,0.23618698572669164,4,0.19491525423728814,0.12590491377045468,,0.10000000000000002,866164659
market_only,14,raw,1.0,1.0,45,0.49999999999999994,0.46742080637873273,0.7627118644067796,0.10000000000000002,715554182
market_only,14,demeaned,1.0,1.0,20,0.31355932203389825,0.2675525328249904,0.3898305084745763,0.10000000000000002,3919112140
market_only,14,factor_residual,0.4211805994658937,0.1538974122282946,4,0.19491525423728812,0.12397148740397747,,0.10000000000000003,215246211
market_only,15,raw,1.0,1.0,46,0.4745762711864405,0.458747244924037,0.7796610169491526,0.10000000000000003,3160202845
market_only,15,demeaned,1.0,1.0,16,0.3135593220338983,0.2589668448782856,0.3559322033898305,0.10000000000000003,1655070928
market_only,15,factor_residual,0.3302754084151143,0.1764787078934139,4,0.1864406779661017,0.11362550101111919,,0.10000000000000005,3023572039
market_only,16,raw,1.0,1.0,48,0.5084745762711863,0.4764920679755051,0.8135593220338984,0.10000000000000002,3359610051
market_only,16,demeaned,1.0,1.0,16,0.2966101694915254,0.2441929354543762,0.288135593220339,0.10000000000000002,3038298243
market_only,16,factor_residual,0.3210439309056958,0.19602385882091766,5,0.2033898305084746,0.12310573602203714,,0.10000000000000003,2929710317
market_only,17,raw,1.0,1.0,47,0.4915254237288134,0.4742778071033699,0.7966101694915254,0.10000000000000003,2619676986
market_only,17,demeaned,1.0,1.0,17,0.29661016949152536,0.237750111000111,0.3050847457627119,0.1,51073361
market_only,17,factor_residual,0.35743702898408786,0.35256891996892004,5,0.20338983050847462,0.12409225237762132,,0.10000000000000002,109588262
market_only,18,raw,1.0,1.0,49,0.5169491525423728,0.47857031628261937,0.8305084745762712,0.10000000000000006,2818932160
market_only,18,demeaned,1.0,1.0,17,0.3305084745762712,0.2614801692187286,0.3389830508474576,0.10000000000000002,3081612176
market_only,18,factor_residual,0.4127978590037414,0.2920394971042032,5,0.22033898305084745,0.14255016917971805,,0.10000000000000003,1529947650
market_only,19,raw,1.0,1.0,48,0.4915254237288134,0.4710712693897732,0.8135593220338984,0.10000000000000003,4254573163
market_only,19,demeaned,1.0,1.0,20,0.3220338983050847,0.26880197864614613,0.3898305084745763,0.10000000000000002,1546531653
market_only,19,factor_residual,0.42921747794688975,0.42921747794688975,6,0.20338983050847462,0.13211538407864434,,0.10000000000000003,3780080809
market_only,20,raw,1.0,1.0,50,0.5084745762711866,0.4849628494891528,0.847457627118644,0.1,1178453180
market_only,20,demeaned,1.0,1.0,19,0.3389830508474576,0.2777824540337252,0.4067796610169492,0.10000000000000003,2217964535
market_only,20,factor_residual,0.33172263259616225,0.278340286184404,5,0.211864406779661,0.12812139363598282,,0.10000000000000005,525685281
market_only,21,raw,1.0,1.0,48,0.5084745762711863,0.483424007989585,0.8135593220338984,0.10000000000000005,3679386794
market_only,21,demeaned,1.0,1.0,18,0.2966101694915254,0.24491709420522978,0.3389830508474576,0.1,2839039951
market_only,21,factor_residual,0.43886745280862943,0.43886745280862943,6,0.20338983050847464,0.12952518736125027,,0.10000000000000003,971864814
market_only,22,raw,1.0,1.0,47,0.5084745762711863,0.4740553694685175,0.7966101694915254,0.10000000000000003,1619008895
market_only,22,demeaned,1.0,1.0,15,0.288135593220339,0.2334495167732456,0.3050847457627119,0.1,1109483442
market_only,22,factor_residual,0.39305316366639914,0.39305316366639914,5,0.2288135593220339,0.13291552538936643,,0.10000000000000003,734360513
market_only,23,raw,1.0,1.0,44,0.45762711864406763,0.43788020076402345,0.7457627118644068,0.10000000000000005,1067566727
market_only,23,demeaned,1.0,1.0,19,0.3220338983050847,0.25661953065766624,0.3728813559322034,0.1,532637781
market_only,23,factor_residual,0.3899082022552611,0.3899082022552611,4,0.1779661016949153,0.12398288039090632,,0.10000000000000002,3245374173
market_only,24,raw,1.0,1.0,48,0.49999999999999983,0.4713310428631964,0.8135593220338984,0.10000000000000003,261035668
market_only,24,demeaned,1.0,1.0,17,0.3050847457627119,0.25231062360426765,0.3220338983050847,0.10000000000000003,2412976321
market_only,24,factor_residual,0.5093326521431785,0.43672728381869264,7,0.23728813559322035,0.1497727970171515,,0.10000000000000002,3617091857
market_only,25,raw,1.0,1.0,46,0.48305084745762705,0.45795952808451634,0.7796610169491526,0.10000000000000005,516317593
market_only,25,demeaned,1.0,1.0,19,0.3220338983050847,0.27425768873311246,0.3559322033898305,0.10000000000000003,3556725735
market_only,25,factor_residual,0.4545469819396292,0.2959271183065302,5,0.2288135593220339,0.13976522030367994,,0.10000000000000006,750066724
market_only,26,raw,1.0,1.0,47,0.5,0.46676939313215754,0.7966101694915254,0.10000000000000003,3232369528
market_only,26,demeaned,1.0,1.0,16,0.3220338983050847,0.24852864207355738,0.288135593220339,0.09999999999999999,1761211953
market_only,26,factor_residual,0.38524706171021955,0.22768588399904197,5,0.2288135593220339,0.14013163216751537,,0.10000000000000002,3696102414
market_only,27,raw,1.0,1.0,48,0.5084745762711863,0.4741306042525805,0.8135593220338984,0.10000000000000003,2448955002
market_only,27,demeaned,1.0,1.0,16,0.288135593220339,0.24528719482024566,0.3050847457627119,0.10000000000000002,2941354820
market_only,27,factor_residual,0.40548548134871676,0.40548548134871676,6,0.22033898305084745,0.13303636684020534,,0.10000000000000003,3940943762
market_only,28,raw,1.0,1.0,40,0.5,0.4429459121957902,0.6779661016949152,0.1,1301427086
market_only,28,demeaned,1.0,1.0,15,0.2966101694915254,0.24082150754142276,0.3050847457627119,0.09999999999999996,2956810194
market_only,28,factor_residual,0.35555638805638806,0.35555638805638806,5,0.211864406779661,0.13125058741939358,,0.10000000000000003,70219390
market_only,29,raw,1.0,1.0,50,0.5169491525423731,0.49246839555564637,0.847457627118644,0.10000000000000006,3242016798
market_only,29,demeaned,1.0,1.0,17,0.30508474576271183,0.24972788327491718,0.3389830508474576,0.1,122749528
market_only,29,factor_residual,0.21177978541066772,0.06777955426926015,3,0.15254237288135594,0.11004482678200281,,0.10000000000000003,1037699803
market_only,30,raw,1.0,1.0,50,0.516949152542373,0.4963276187239731,0.847457627118644,0.10000000000000003,3559503460
market_only,30,demeaned,1.0,1.0,18,0.3305084745762712,0.2586682432445144,0.3728813559322034,0.10000000000000002,3673200871
market_only,30,factor_residual,0.29498539646627886,0.29498539646627886,5,0.2033898305084746,0.12469054118585526,,0.10000000000000003,1853519523
market_only,31,raw,1.0,1.0,47,0.5084745762711864,0.4764723184050386,0.7966101694915254,0.10000000000000003,2146459323
market_only,31,demeaned,1.0,1.0,15,0.2966101694915254,0.24235070753163968,0.3050847457627119,0.10000000000000002,30038774
market_only,31,factor_residual,0.34578841713841724,0.34578841713841724,5,0.211864406779661,0.12063350879069973,,0.10000000000000003,203809974
market_only,32,raw,1.0,1.0,47,0.5084745762711864,0.474179084277028,0.7966101694915254,0.10000000000000005,4147232773
market_only,32,demeaned,1.0,1.0,21,0.3389830508474576,0.2732504590042726,0.3898305084745763,0.1,636512321
market_only,32,factor_residual,0.4024260163039575,0.29075654721095884,6,0.2033898305084746,0.1290013306608646,,0.10000000000000002,2658138843
market_only,33,raw,1.0,1.0,49,0.5169491525423728,0.481259906161935,0.8305084745762712,0.10000000000000003,904822536
market_only,33,demeaned,1.0,1.0,18,0.2966101694915254,0.24528794251887476,0.3389830508474576,0.1,960312898
market_only,33,factor_residual,0.3824104760650428,0.18961360350176146,4,0.17796610169491522,0.12048500330880169,,0.10000000000000003,60185628
market_only,34,raw,1.0,1.0,47,0.5084745762711863,0.46745892723583937,0.7966101694915254,0.10000000000000005,4262213136
market_only,34,demeaned,1.0,1.0,18,0.3050847457627119,0.24779604562104554,0.3559322033898305,0.1,1566817234
market_only,34,factor_residual,0.46823142968143006,0.46823142968143006,6,0.22881355932203387,0.14739668481927956,,0.10000000000000005,2438919589
market_only,35,raw,1.0,1.0,49,0.5084745762711864,0.47496919242826524,0.8305084745762712,0.10000000000000005,2658701118
market_only,35,demeaned,1.0,1.0,18,0.288135593220339,0.24444687007907343,0.3220338983050847,0.10000000000000003,863350859
market_only,35,factor_residual,0.30964162194015155,0.12797778022630968,4,0.19491525423728814,0.12301691918776919,,0.10000000000000002,1277033490
market_only,36,raw,1.0,1.0,51,0.5338983050847458,0.498233061420412,0.864406779661017,0.10000000000000006,2145239159
market_only,36,demeaned,1.0,1.0,17,0.3220338983050847,0.2619503687931654,0.3389830508474576,0.10000000000000002,719849982
market_only,36,factor_residual,0.396429439952892,0.2894717258231964,5,0.211864406779661,0.12492367888375001,,0.10000000000000002,2311477210
market_only,37,raw,1.0,1.0,46,0.48305084745762705,0.45953710136219444,0.7796610169491526,0.10000000000000002,274138615
market_only,37,demeaned,1.0,1.0,19,0.3050847457627119,0.26200123228936784,0.3559322033898305,0.1,292488715
market_only,37,factor_residual,0.39197867017743193,0.33839613310665956,5,0.19491525423728814,0.12751025549418663,,0.10000000000000002,1945932504
market_only,38,raw,1.0,1.0,47,0.4915254237288135,0.46510629726070585,0.7966101694915254,0.10000000000000005,2355625006
market_only,38,demeaned,1.0,1.0,17,0.288135593220339,0.23932481854303886,0.3389830508474576,0.10000000000000002,2740264762
market_only,38,factor_residual,0.4875722857208152,0.4376520524710927,6,0.21186440677966104,0.13544844484757051,,0.10000000000000002,729220383
market_only,39,raw,1.0,1.0,43,0.48305084745762716,0.4503833316632644,0.7288135593220338,0.10000000000000002,407839374
market_only,39,demeaned,1.0,1.0,18,0.3050847457627119,0.24822917031179748,0.3559322033898305,0.1,906831536
market_only,39,factor_residual,0.3655892556789617,0.3655892556789617,6,0.1864406779661017,0.12851235464712538,,0.10000000000000002,972796056
market_only,40,raw,1.0,1.0,50,0.516949152542373,0.4868528168214858,0.847457627118644,0.10000000000000002,1145477866
market_only,40,demeaned,1.0,1.0,18,0.29661016949152536,0.25212358715907446,0.3559322033898305,0.1,3538895768
market_only,40,factor_residual,0.29606938105753905,0.2177583805083805,5,0.211864406779661,0.12833513955827802,,0.1,729342888
market_only,41,raw,1.0,1.0,50,0.5084745762711866,0.4866484345494664,0.847457627118644,0.10000000000000003,3255619425
market_only,41,demeaned,1.0,1.0,18,0.2966101694915254,0.2433292251533777,0.3220338983050847,0.1,1480971784
market_only,41,factor_residual,0.31713782508341337,0.2752818519715579,5,0.211864406779661,0.12848058346190203,,0.1,2105633695
market_only,42,raw,1.0,1.0,45,0.4915254237288135,0.4586355121346182,0.7627118644067796,0.10000000000000003,2407008956
market_only,42,demeaned,1.0,1.0,16,0.3050847457627119,0.24107565142014303,0.3050847457627119,0.10000000000000002,129290146
market_only,42,factor_residual,0.2835668243521186,0.15658852111940358,4,0.19491525423728814,0.12383634028262647,,0.10000000000000003,563064370
market_only,43,raw,1.0,1.0,45,0.4915254237288136,0.46012475690658255,0.7627118644067796,0.10000000000000002,1571213634
market_only,43,demeaned,1.0,1.0,16,0.2966101694915254,0.2404846193354668,0.3050847457627119,0.1,1389262559
market_only,43,factor_residual,0.3119255182725771,0.3119255182725771,5,0.22033898305084743,0.13576109693197838,,0.10000000000000003,1060894904
market_only,44,raw,1.0,1.0,45,0.4915254237288136,0.4573882334790151,0.7627118644067796,0.10000000000000005,2470019137
market_only,44,demeaned,1.0,1.0,21,0.3220338983050847,0.27214445742581345,0.3898305084745763,0.1,1588332319
market_only,44,factor_residual,0.3306402380299439,0.2564911105234635,5,0.21186440677966098,0.12450595472434955,,0.10000000000000002,178401890
market_only,45,raw,1.0,1.0,47,0.5084745762711863,0.473817642603049,0.7966101694915254,0.10000000000000003,2140964626
market_only,45,demeaned,1.0,1.0,17,0.2966101694915254,0.2495489471423668,0.3389830508474576,0.1,3432101128
market_only,45,factor_residual,0.41765624925470124,0.41765624925470124,6,0.22033898305084745,0.13376489759977653,,0.10000000000000003,4157884754
market_only,46,raw,1.0,1.0,49,0.5169491525423728,0.4878988911565366,0.8305084745762712,0.10000000000000003,921367591
market_only,46,demeaned,1.0,1.0,15,0.2796610169491525,0.22654335988869886,0.3050847457627119,0.09999999999999999,3195392075
market_only,46,factor_residual,0.3113419946067004,0.26221511592982194,5,0.1864406779661017,0.1255509178102891,,0.10000000000000005,394034430
market_only,47,raw,1.0,1.0,45,0.4745762711864406,0.45701698544126984,0.7627118644067796,0.10000000000000005,2194450615
market_only,47,demeaned,1.0,1.0,15,0.2966101694915254,0.23334012616385502,0.288135593220339,0.10000000000000003,3283042849
market_only,47,factor_residual,0.3779787491919846,0.1452301362036657,4,0.18644067796610167,0.12339757195972302,,0.10000000000000002,240039730
market_only,48,raw,1.0,1.0,45,0.49152542372881336,0.46160485610130436,0.7627118644067796,0.10000000000000005,56933535
market_only,48,demeaned,1.0,1.0,19,0.3050847457627119,0.2592655950452561,0.3559322033898305,0.1,1966708894
market_only,48,factor_residual,0.3419641277023631,0.15748013440807576,4,0.19491525423728812,0.12499161772784657,,0.10000000000000005,3904769713
market_only,49,raw,1.0,1.0,48,0.4999999999999999,0.47689552777242933,0.8135593220338984,0.10000000000000005,3859271821
market_only,49,demeaned,1.0,1.0,19,0.3135593220338983,0.25578418535325315,0.3898305084745763,0.1,1933784628
market_only,49,factor_residual,0.5123462108067374,0.5123462108067374,6,0.22033898305084745,0.1370122704570185,,0.10000000000000003,1803437130
market_only,50,raw,1.0,1.0,44,0.49999999999999994,0.4599657736137796,0.7457627118644068,0.10000000000000002,2514128652
market_only,50,demeaned,1.0,1.0,19,0.3050847457627119,0.2577404451951063,0.3898305084745763,0.1,35036172
market_only,50,factor_residual,0.5310631396381399,0.5310631396381399,6,0.22881355932203387,0.14501044405633146,,0.10000000000000003,1772568503
market_only,51,raw,1.0,1.0,47,0.5084745762711864,0.4745965561510781,0.7966101694915254,0.10000000000000005,1372653230
market_only,51,demeaned,1.0,1.0,18,0.3050847457627119,0.2473332884629495,0.3728813559322034,0.1,2122713018
market_only,51,factor_residual,0.2853515459944254,0.2853515459944254,4,0.18644067796610173,0.12275453487977105,,0.10000000000000005,216184156
market_only,52,raw,1.0,1.0,48,0.5084745762711863,0.4769854088459628,0.8135593220338984,0.10000000000000003,3023101494
market_only,52,demeaned,1.0,1.0,17,0.3135593220338983,0.24816506247989298,0.3559322033898305,0.1,3993695967
market_only,52,factor_residual,0.2907548257298258,0.14214754134754148,4,0.1864406779661017,0.12210824025038887,,0.10000000000000005,2055220787
market_only,53,raw,1.0,1.0,50,0.5169491525423731,0.48957255540981726,0.847457627118644,0.10000000000000002,1363960476
market_only,53,demeaned,1.0,1.0,18,0.3050847457627119,0.25646215234859304,0.4067796610169492,0.1,26735888
market_only,53,factor_residual,0.46776510156510176,0.46776510156510176,5,0.211864406779661,0.13347064653248608,,0.10000000000000002,1520833504
market_only,54,raw,1.0,1.0,45,0.5084745762711864,0.46996526650259074,0.7627118644067796,0.10000000000000002,2474528279
market_only,54,demeaned,1.0,1.0,16,0.3220338983050847,0.25715006678820235,0.3050847457627119,0.10000000000000003,4277719373
market_only,54,factor_residual,0.5455750607235903,0.5455750607235903,8,0.2457627118644068,0.15816706073366094,,0.10000000000000003,2551761539
market_only,55,raw,1.0,1.0,52,0.5423728813559322,0.49941790674699654,0.8813559322033898,0.10000000000000003,1794737984
market_only,55,demeaned,1.0,1.0,17,0.3220338983050847,0.24538039164225603,0.3220338983050847,0.1,1587454920
market_only,55,factor_residual,0.2706116300366302,0.1838164542973367,5,0.18644067796610175,0.12441958050119815,,0.10000000000000002,3276982557
market_only,56,raw,1.0,1.0,47,0.5084745762711863,0.4792686608610994,0.7966101694915254,0.10000000000000005,3499796470
market_only,56,demeaned,1.0,1.0,15,0.2627118644067797,0.22470538331448103,0.2711864406779661,0.1,2793346980
market_only,56,factor_residual,0.48370299471770084,0.48370299471770084,6,0.2033898305084746,0.13977308601446195,,0.10000000000000003,2340616539
market_only,57,raw,1.0,1.0,43,0.4915254237288136,0.4546028017028392,0.7288135593220338,0.10000000000000003,254769102
market_only,57,demeaned,1.0,1.0,17,0.288135593220339,0.24274562097507016,0.3050847457627119,0.10000000000000003,2099449895
market_only,57,factor_residual,0.4177367687867688,0.4177367687867688,5,0.22033898305084745,0.13480841420543568,,0.10000000000000003,1997338612
market_only,58,raw,1.0,1.0,46,0.49999999999999994,0.4610144739510518,0.7796610169491526,0.10000000000000005,4182656178
market_only,58,demeaned,1.0,1.0,17,0.3135593220338983,0.25680633570760697,0.3389830508474576,0.09999999999999999,1003084284
market_only,58,factor_residual,0.45932922224834016,0.20239951731275263,5,0.1864406779661017,0.12402604498083068,,0.10000000000000003,435209466
market_only,59,raw,1.0,1.0,46,0.5084745762711864,0.47522352953349967,0.7796610169491526,0.10000000000000003,2162568543
market_only,59,demeaned,1.0,1.0,18,0.3220338983050847,0.2730672050528859,0.3220338983050847,0.09999999999999999,1243131836
market_only,59,factor_residual,0.32431868229809396,0.26838315867139406,5,0.211864406779661,0.1276384416389526,,0.10000000000000003,3737720939
market_only,60,raw,1.0,1.0,48,0.49999999999999994,0.46707025763245463,0.8135593220338984,0.10000000000000003,2630057538
market_only,60,demeaned,1.0,1.0,17,0.3305084745762712,0.24455800513046277,0.3050847457627119,0.1,826491367
market_only,60,factor_residual,0.5025887778887781,0.5025887778887781,6,0.22033898305084745,0.13436922815054672,,0.10000000000000002,3705919751
market_only,61,raw,1.0,1.0,46,0.5084745762711864,0.4820495934897603,0.7796610169491526,0.10000000000000002,1225177008
market_only,61,demeaned,1.0,1.0,14,0.3220338983050847,0.24551572735174432,0.2542372881355932,0.10000000000000002,3756380432
market_only,61,factor_residual,0.55817878494055,0.55817878494055,6,0.2457627118644068,0.14954121476590326,,0.10000000000000003,233500766
market_only,62,raw,1.0,1.0,46,0.4915254237288134,0.45734855744821895,0.7796610169491526,0.10000000000000002,3328680938
market_only,62,demeaned,1.0,1.0,20,0.3389830508474576,0.26693148964971003,0.3728813559322034,0.09999999999999999,100958053
market_only,62,factor_residual,0.4310190946308593,0.16992974868268987,5,0.2288135593220339,0.1374767928828124,,0.10000000000000005,3310581752
market_only,63,raw,1.0,1.0,47,0.5,0.4673335684273398,0.7966101694915254,0.10000000000000003,3378564218
market_only,63,demeaned,1.0,1.0,19,0.3220338983050847,0.2605243694158948,0.3898305084745763,0.1,2772679876
market_only,63,factor_residual,0.40380066322566344,0.17183396880896887,4,0.1694915254237288,0.11819035253823391,,0.10000000000000003,51316682
market_only,64,raw,1.0,1.0,48,0.49999999999999983,0.47078109450421135,0.8135593220338984,0.10000000000000002,3415708418
market_only,64,demeaned,1.0,1.0,18,0.3220338983050847,0.2795117047265351,0.3559322033898305,0.10000000000000002,1151211304
market_only,64,factor_residual,0.3117281786840612,0.21815386182445012,5,0.2288135593220339,0.12469757028033451,,0.10000000000000003,4122084003
market_only,65,raw,1.0,1.0,52,0.5338983050847458,0.5055806620307244,0.8813559322033898,0.10000000000000003,2657050345
market_only,65,demeaned,1.0,1.0,17,0.288135593220339,0.23569883459290242,0.3389830508474576,0.1,2036825455
market_only,65,factor_residual,0.45715345765345766,0.45715345765345766,5,0.1779661016949153,0.1322534718577092,,0.10000000000000002,3235058037
market_only,66,raw,1.0,1.0,43,0.4915254237288136,0.45062722930656823,0.7288135593220338,0.10000000000000002,2960533446
market_only,66,demeaned,1.0,1.0,16,0.2796610169491525,0.23109676166582951,0.288135593220339,0.10000000000000003,3640909078
market_only,66,factor_residual,0.3165161736955857,0.18080188243129428,4,0.19491525423728814,0.12107298102777916,,0.10000000000000003,3374195586
market_only,67,raw,1.0,1.0,44,0.48305084745762716,0.45332724443883016,0.7457627118644068,0.10000000000000003,2238519249
market_only,67,demeaned,1.0,1.0,19,0.34745762711864414,0.27968588896978736,0.3728813559322034,0.10000000000000002,3605455026
market_only,67,factor_residual,0.3746491730491731,0.3746491730491731,5,0.2033898305084746,0.12714084452298566,,0.10000000000000002,3617208646
market_only,68,raw,1.0,1.0,47,0.5,0.4719201646092126,0.7966101694915254,0.10000000000000003,3500330678
market_only,68,demeaned,1.0,1.0,16,0.288135593220339,0.23580506767244047,0.3050847457627119,0.1,365845427
market_only,68,factor_residual,0.30909438077402507,0.30909438077402507,4,0.19491525423728814,0.118842451003283,,0.10000000000000002,793700452
market_only,69,raw,1.0,1.0,46,0.5254237288135594,0.4859694700502777,0.7796610169491526,0.10000000000000002,943573432
market_only,69,demeaned,1.0,1.0,19,0.3050847457627119,0.252035340224747,0.3728813559322034,0.1,1336688879
market_only,69,factor_residual,0.4240161939367822,0.23748809246309244,5,0.1864406779661017,0.1258099732894225,,0.10000000000000003,2825346757
market_only,70,raw,1.0,1.0,48,0.4915254237288133,0.4775038399711394,0.8135593220338984,0.10000000000000002,3503150419
market_only,70,demeaned,1.0,1.0,18,0.3305084745762712,0.26062428061580606,0.3389830508474576,0.10000000000000002,2579317341
market_only,70,factor_residual,0.3240037326192901,0.3240037326192901,5,0.22033898305084745,0.1365815712317628,,0.10000000000000003,1073248956
market_only,71,raw,1.0,1.0,47,0.4830508474576273,0.4671643046648156,0.7966101694915254,0.10000000000000005,920429161
market_only,71,demeaned,1.0,1.0,16,0.2966101694915254,0.234394904389396,0.288135593220339,0.10000000000000002,2517054519
market_only,71,factor_residual,0.2625519735166794,0.2625519735166794,4,0.2033898305084746,0.12168230181120067,,0.10000000000000005,2212787439
market_only,72,raw,1.0,1.0,48,0.5084745762711864,0.47088240110371804,0.8135593220338984,0.10000000000000003,2358172255
market_only,72,demeaned,1.0,1.0,19,0.3050847457627119,0.2605768841798503,0.3728813559322034,0.1,2503074330
market_only,72,factor_residual,0.3467515923103386,0.3127493746449628,5,0.20338983050847453,0.13326740412172475,,0.10000000000000003,204796680
market_only,73,raw,1.0,1.0,45,0.49999999999999994,0.46765551951372,0.7627118644067796,0.10000000000000002,1910739817
market_only,73,demeaned,1.0,1.0,19,0.3305084745762712,0.2807481687803723,0.3559322033898305,0.10000000000000003,2685858897
market_only,73,factor_residual,0.3947229575979576,0.2519152763902765,4,0.17796610169491525,0.12637142761829953,,0.10000000000000003,1884125383
market_only,74,raw,1.0,1.0,50,0.5084745762711865,0.483801162895587,0.847457627118644,0.10000000000000002,3023327977
market_only,74,demeaned,1.0,1.0,18,0.3389830508474576,0.2742662518743027,0.3559322033898305,0.10000000000000002,3026714540
market_only,74,factor_residual,0.32765429035189114,0.2617560131389079,5,0.19491525423728812,0.12748229975117212,,0.10000000000000003,2762282539
market_only,75,raw,1.0,1.0,50,0.5169491525423731,0.490286740264831,0.847457627118644,0.10000000000000003,3080112056
market_only,75,demeaned,1.0,1.0,17,0.2966101694915254,0.24351656135766303,0.3389830508474576,0.1,2206419766
market_only,75,factor_residual,0.3537168419815479,0.3142236523280642,5,0.211864406779661,0.12640130759035037,,0.10000000000000003,540274362
market_only,76,raw,1.0,1.0,46,0.5,0.4550853895402755,0.7796610169491526,0.10000000000000003,1499955014
market_only,76,demeaned,1.0,1.0,18,0.3305084745762712,0.26945935547503347,0.3389830508474576,0.10000000000000002,1616861668
market_only,76,factor_residual,0.4758770175902528,0.3006114885114886,6,0.21186440677966098,0.13088995373187798,,0.10000000000000002,4265536508
market_only,77,raw,1.0,1.0,49,0.5,0.4737518761808033,0.8305084745762712,0.10000000000000003,2601777798
market_only,77,demeaned,1.0,1.0,18,0.3135593220338983,0.2544951208396125,0.3389830508474576,0.1,3000493177
market_only,77,factor_residual,0.43034939516108256,0.43034939516108256,6,0.22033898305084745,0.13726498090402894,,0.10000000000000003,1811440542
market_only,78,raw,1.0,1.0,47,0.5084745762711864,0.47517321459281825,0.7966101694915254,0.10000000000000002,1306910796
market_only,78,demeaned,1.0,1.0,14,0.2796610169491525,0.22708154870082845,0.3050847457627119,0.09999999999999999,531293030
market_only,78,factor_residual,0.33707478925443335,0.29938811730065606,5,0.2033898305084746,0.12784843098595328,,0.10000000000000002,1279953963
market_only,79,raw,1.0,1.0,43,0.47457627118644063,0.4501396571414978,0.7288135593220338,0.10000000000000002,2966928529
market_only,79,demeaned,1.0,1.0,20,0.3135593220338983,0.2690542107139564,0.3898305084745763,0.09999999999999999,3058298445
market_only,79,factor_residual,0.5356171480480306,0.3359913460722286,6,0.2288135593220339,0.15016744946921923,,0.1,3086796265
market_only,80,raw,1.0,1.0,46,0.49999999999999994,0.47014812878695694,0.7796610169491526,0.10000000000000002,2152326828
market_only,80,demeaned,1.0,1.0,15,0.29661016949152547,0.233043811508642,0.3050847457627119,0.1,790359562
market_only,80,factor_residual,0.3383079260608674,0.3235482912512327,5,0.211864406779661,0.13221328699825713,,0.10000000000000003,3255322215
market_only,81,raw,1.0,1.0,47,0.5254237288135594,0.48004291200242116,0.7966101694915254,0.10000000000000005,1550845002
market_only,81,demeaned,1.0,1.0,18,0.3050847457627119,0.2570381718563923,0.3220338983050847,0.10000000000000002,3147005439
market_only,81,factor_residual,0.3806851423086718,0.25303203479527003,5,0.211864406779661,0.13024497618948022,,0.10000000000000003,1446886111
market_only,82,raw,1.0,1.0,45,0.4999999999999999,0.46147327917355585,0.7627118644067796,0.10000000000000003,3102258896
market_only,82,demeaned,1.0,1.0,20,0.3305084745762712,0.27433627163796653,0.3559322033898305,0.10000000000000002,849931439
market_only,82,factor_residual,0.3416103262750322,0.2694564584108703,5,0.211864406779661,0.12895683326311447,,0.10000000000000002,1487640322
market_only,83,raw,1.0,1.0,48,0.5254237288135594,0.47881253255579026,0.8135593220338984,0.10000000000000003,1587702325
market_only,83,demeaned,1.0,1.0,18,0.3050847457627119,0.24777246059025723,0.3559322033898305,0.1,2124680533
market_only,83,factor_residual,0.45438227605727616,0.2443181870417164,5,0.2033898305084746,0.12811664352043217,,0.10000000000000003,1484197691
market_only,84,raw,1.0,1.0,52,0.5254237288135595,0.5026519111081674,0.8813559322033898,0.10000000000000002,3752807108
market_only,84,demeaned,1.0,1.0,16,0.2796610169491525,0.2364170349894926,0.3220338983050847,0.09999999999999999,3917435833
market_only,84,factor_residual,0.2753330249815544,0.2753330249815544,4,0.19491525423728817,0.12306981359036447,,0.10000000000000003,614833123
market_only,85,raw,1.0,1.0,45,0.4745762711864405,0.45554492548506703,0.7627118644067796,0.10000000000000003,299115410
market_only,85,demeaned,1.0,1.0,19,0.3135593220338983,0.2495850326697784,0.3728813559322034,0.09999999999999996,488386031
market_only,85,factor_residual,0.4247743978243979,0.266786341926048,5,0.211864406779661,0.12962604312852324,,0.10000000000000002,658586970
market_only,86,raw,1.0,1.0,46,0.49152542372881336,0.46623409463583937,0.7796610169491526,0.10000000000000005,3892096978
market_only,86,demeaned,1.0,1.0,19,0.3305084745762712,0.27199000975484033,0.423728813559322,0.1,3474908034
market_only,86,factor_residual,0.4692724138606492,0.30024874586198097,6,0.211864406779661,0.13488455462644147,,0.10000000000000002,1969366860
market_only,87,raw,1.0,1.0,44,0.5084745762711864,0.47272403076180497,0.7457627118644068,0.10000000000000005,1907974660
market_only,87,demeaned,1.0,1.0,20,0.3220338983050847,0.2598915988907515,0.3559322033898305,0.10000000000000002,2941504201
market_only,87,factor_residual,0.308986921119816,0.26706432427221916,4,0.2033898305084746,0.12561483483683533,,0.10000000000000002,442470413
market_only,88,raw,1.0,1.0,47,0.5,0.46532215894256285,0.7966101694915254,0.10000000000000006,3319522333
market_only,88,demeaned,1.0,1.0,20,0.3559322033898305,0.28464099276429783,0.4576271186440678,0.1,2865243490
market_only,88,factor_residual,0.3968899763549148,0.3968899763549148,5,0.22033898305084743,0.13301342002933023,,0.10000000000000002,1406980755
market_only,89,raw,1.0,1.0,44,0.4915254237288134,0.455729749649798,0.7457627118644068,0.10000000000000003,2715565067
market_only,89,demeaned,1.0,1.0,17,0.3220338983050847,0.25812023014650143,0.3050847457627119,0.10000000000000003,1897255982
market_only,89,factor_residual,0.273738656879756,0.273738656879756,5,0.2033898305084746,0.12414308245263803,,0.10000000000000003,510526563
market_only,90,raw,1.0,1.0,44,0.4915254237288136,0.4601529195282599,0.7457627118644068,0.10000000000000005,960927690
market_only,90,demeaned,1.0,1.0,16,0.288135593220339,0.23194042915653076,0.3220338983050847,0.10000000000000003,854554699
market_only,90,factor_residual,0.3035884310134312,0.17981065976507155,4,0.19491525423728812,0.123294372214502,,0.10000000000000005,1100458012
market_only,91,raw,1.0,1.0,49,0.5,0.4771185191899778,0.8305084745762712,0.10000000000000003,2651976539
market_only,91,demeaned,1.0,1.0,19,0.33050847457627125,0.26666721639941987,0.3898305084745763,0.1,3322895932
market_only,91,factor_residual,0.2912841286164815,0.20141024942549718,5,0.18644067796610173,0.12513670946713468,,0.10000000000000003,1304521980
market_only,92,raw,1.0,1.0,49,0.5084745762711864,0.4807293175340166,0.8305084745762712,0.10000000000000002,2438914855
market_only,92,demeaned,1.0,1.0,19,0.3305084745762712,0.25966148658309673,0.3728813559322034,0.1,173099557
market_only,92,factor_residual,0.24550395808182193,0.21276414059796428,5,0.2033898305084746,0.11816337522986131,,0.10000000000000002,1352794811
market_only,93,raw,1.0,1.0,51,0.5338983050847458,0.4967513656571778,0.864406779661017,0.10000000000000003,1929957547
market_only,93,demeaned,1.0,1.0,18,0.3050847457627119,0.25103542291042286,0.3728813559322034,0.09999999999999999,1553169259
market_only,93,factor_residual,0.35071155102207746,0.2946604643636378,6,0.22033898305084745,0.1285490128482789,,0.10000000000000002,870227276
market_only,94,raw,1.0,1.0,49,0.5084745762711864,0.4806516559744239,0.8305084745762712,0.10000000000000003,2864483268
market_only,94,demeaned,1.0,1.0,18,0.30508474576271194,0.25681465500130757,0.3559322033898305,0.10000000000000003,3243413371
market_only,94,factor_residual,0.33239761364366643,0.33239761364366643,5,0.211864406779661,0.13154240237091164,,0.10000000000000005,3522531831
market_only,95,raw,1.0,1.0,46,0.49152542372881336,0.4688654471398069,0.7796610169491526,0.10000000000000003,3287070018
market_only,95,demeaned,1.0,1.0,19,0.3559322033898305,0.2829354444519699,0.3389830508474576,0.10000000000000002,3788469821
market_only,95,factor_residual,0.520468966980732,0.47808337479513974,7,0.22033898305084745,0.1462747729367122,,0.10000000000000002,2722197705
market_only,96,raw,1.0,1.0,48,0.49999999999999983,0.47337281666853087,0.8135593220338984,0.10000000000000006,1781593111
market_only,96,demeaned,1.0,1.0,16,0.27118644067796605,0.2328883131933979,0.3220338983050847,0.10000000000000002,3240550502
market_only,96,factor_residual,0.3718388280020635,0.3309098152965027,6,0.211864406779661,0.1338626085780085,,0.10000000000000003,3977656826
market_only,97,raw,1.0,1.0,48,0.4999999999999998,0.4714260287256516,0.8135593220338984,0.10000000000000002,1362846650
market_only,97,demeaned,1.0,1.0,20,0.3135593220338983,0.26757961501775057,0.3728813559322034,0.1,3667445292
market_only,97,factor_residual,0.42816652378409364,0.42816652378409364,6,0.2457627118644068,0.13717315188062423,,0.10000000000000003,2128688392
market_only,98,raw,1.0,1.0,49,0.5254237288135595,0.48836172934407307,0.8305084745762712,0.10000000000000003,1424577877
market_only,98,demeaned,1.0,1.0,13,0.2966101694915254,0.2170463512116554,0.3050847457627119,0.10000000000000002,1389964460
market_only,98,factor_residual,0.3442895669689789,0.24346147186147205,5,0.2033898305084746,0.12436452786163658,,0.10000000000000003,83787564
market_only,99,raw,1.0,1.0,47,0.4915254237288134,0.46099476920415366,0.7966101694915254,0.10000000000000006,2009456594
market_only,99,demeaned,1.0,1.0,18,0.3050847457627119,0.2579252419896487,0.3389830508474576,0.10000000000000002,3677777435
market_only,99,factor_residual,0.3567359485285955,0.24922327182621318,5,0.22033898305084745,0.13261954867166736,,0.10000000000000003,2335413757
market_residual,0,raw,1.0,1.0,41,0.49999999999999994,0.4815742759483788,0.864406779661017,0.1,3125225037
market_residual,0,demeaned,1.0,1.0,17,0.3474576271186441,0.3111533211609483,0.4576271186440678,0.10000000000000002,1472157044
market_residual,0,factor_residual,0.9962000000000001,0.9962000000000001,13,0.288135593220339,0.23122743621726677,,0.1,4055309037
market_residual,1,raw,1.0,1.0,42,0.5338983050847458,0.5038871671352354,0.8983050847457628,0.10000000000000002,572326151
market_residual,1,demeaned,1.0,1.0,15,0.3135593220338983,0.2673458185881915,0.3898305084745763,0.10000000000000002,1165349192
market_residual,1,factor_residual,1.0,1.0,16,0.2966101694915254,0.23225879125582516,,0.10000000000000003,4128066934
market_residual,2,raw,1.0,1.0,43,0.5338983050847458,0.5095662037115427,0.9152542372881356,0.10000000000000003,2319065638
market_residual,2,demeaned,1.0,1.0,16,0.3220338983050847,0.2834802112670756,0.4067796610169492,0.1,3882639124
market_residual,2,factor_residual,1.0,1.0,20,0.3220338983050847,0.25601861961014505,,0.10000000000000002,1443164683
market_residual,3,raw,1.0,1.0,41,0.5169491525423728,0.49421192537383973,0.864406779661017,0.10000000000000003,787008103
market_residual,3,demeaned,1.0,1.0,18,0.36440677966101687,0.321614793423344,0.5423728813559322,0.10000000000000002,498308043
market_residual,3,factor_residual,1.0,1.0,19,0.3050847457627119,0.24484261679939648,,0.10000000000000003,2666680915
market_residual,4,raw,1.0,1.0,44,0.5169491525423728,0.48833916289343754,0.864406779661017,0.1,2919460278
market_residual,4,demeaned,1.0,1.0,16,0.33898305084745767,0.30171622355986755,0.4915254237288136,0.1,4118862000
market_residual,4,factor_residual,1.0,1.0,14,0.2796610169491525,0.2173563080046132,,0.10000000000000002,2697438455
market_residual,5,raw,1.0,1.0,46,0.542372881355932,0.5225068625140783,0.9322033898305084,0.10000000000000005,1667988719
market_residual,5,demeaned,1.0,1.0,14,0.3305084745762712,0.2820513774361232,0.423728813559322,0.1,3871487941
market_residual,5,factor_residual,1.0,1.0,17,0.2966101694915254,0.2432295990732432,,0.1,1352012501
market_residual,6,raw,1.0,1.0,43,0.5254237288135593,0.49055667519032425,0.847457627118644,0.09999999999999999,988176692
market_residual,6,demeaned,1.0,1.0,15,0.3135593220338983,0.2849758933157238,0.4576271186440678,0.10000000000000002,536937048
market_residual,6,factor_residual,0.9981818181818183,0.9981818181818183,14,0.3050847457627119,0.2491029634207602,,0.10000000000000002,91309212
market_residual,7,raw,1.0,1.0,43,0.542372881355932,0.5288288937992328,0.9322033898305084,0.1,677284963
market_residual,7,demeaned,1.0,1.0,15,0.35593220338983056,0.3176365775153911,0.5254237288135594,0.10000000000000003,334649773
market_residual,7,factor_residual,1.0,1.0,18,0.3305084745762712,0.24955694399762196,,0.1,2502316916
market_residual,8,raw,1.0,1.0,46,0.5338983050847458,0.5055567059117907,0.8813559322033898,0.10000000000000003,3011210542
market_residual,8,demeaned,1.0,1.0,14,0.3135593220338983,0.2697510701163244,0.3898305084745763,0.10000000000000002,1117428508
market_residual,8,factor_residual,0.9996,0.9996,12,0.2711864406779661,0.20965019750106995,,0.10000000000000002,2435936647
market_residual,9,raw,1.0,1.0,41,0.5254237288135594,0.4946444983674794,0.864406779661017,0.09999999999999999,2447202465
market_residual,9,demeaned,1.0,1.0,17,0.3559322033898305,0.3174190579129942,0.5084745762711864,0.1,3418673332
market_residual,9,factor_residual,0.9980000000000001,0.9980000000000001,15,0.2796610169491525,0.2322673132017667,,0.10000000000000003,3363471977
market_residual,10,raw,1.0,1.0,42,0.5169491525423728,0.4910268766864546,0.864406779661017,0.10000000000000002,3737824762
market_residual,10,demeaned,1.0,1.0,18,0.3898305084745763,0.33680603125687875,0.5254237288135594,0.1,1690413662
market_residual,10,factor_residual,1.0,1.0,19,0.2966101694915254,0.24956674026372433,,0.1,1602897517
market_residual,11,raw,1.0,1.0,40,0.5084745762711863,0.4836150855486599,0.847457627118644,0.10000000000000003,3716469819
market_residual,11,demeaned,1.0,1.0,14,0.3389830508474576,0.29376643869313374,0.4406779661016949,0.10000000000000002,2673031461
market_residual,11,factor_residual,1.0,1.0,17,0.288135593220339,0.24013774923287648,,0.10000000000000002,788210955
market_residual,12,raw,1.0,1.0,44,0.5254237288135594,0.4904975135366462,0.864406779661017,0.10000000000000003,3732741309
market_residual,12,demeaned,1.0,1.0,17,0.3474576271186441,0.31199598682861396,0.4745762711864407,0.09999999999999999,344454764
market_residual,12,factor_residual,1.0,1.0,15,0.3050847457627119,0.23220818240140276,,0.10000000000000002,4195915128
market_residual,13,raw,1.0,1.0,47,0.5254237288135594,0.5039637212267074,0.8813559322033898,0.1,775038121
market_residual,13,demeaned,1.0,1.0,14,0.3135593220338983,0.2685036335604133,0.3728813559322034,0.10000000000000002,3921003533
market_residual,13,factor_residual,1.0,1.0,15,0.2627118644067797,0.2220945243551176,,0.1,3730046084
market_residual,14,raw,1.0,1.0,43,0.5338983050847458,0.5116418479391324,0.8813559322033898,0.10000000000000003,124306605
market_residual,14,demeaned,1.0,1.0,15,0.31355932203389825,0.27761191209920016,0.423728813559322,0.10000000000000002,1181671520
market_residual,14,factor_residual,1.0,1.0,19,0.3220338983050847,0.2504980324289646,,0.09999999999999999,2064469122
market_residual,15,raw,1.0,1.0,42,0.5423728813559322,0.5088117566462591,0.9152542372881356,0.10000000000000002,2058917390
market_residual,15,demeaned,1.0,1.0,15,0.3474576271186441,0.3066684577193052,0.4745762711864407,0.10000000000000002,769532288
market_residual,15,factor_residual,1.0,1.0,17,0.32203389830508483,0.24155470127800638,,0.10000000000000002,1304792977
market_residual,16,raw,1.0,1.0,44,0.5254237288135594,0.5007763443463591,0.864406779661017,0.1,3004084916
market_residual,16,demeaned,1.0,1.0,14,0.3050847457627119,0.262659498740431,0.3898305084745763,0.1,2368921052
market_residual,16,factor_residual,1.0,1.0,12,0.2627118644067797,0.21098289946870452,,0.10000000000000002,3073865823
market_residual,17,raw,1.0,1.0,42,0.4915254237288136,0.4673875007882918,0.8305084745762712,0.10000000000000002,114474719
market_residual,17,demeaned,1.0,1.0,18,0.3559322033898305,0.31289710078057537,0.4915254237288136,0.1,3558820341
market_residual,17,factor_residual,0.9996,0.9996,18,0.2966101694915254,0.24485456516176854,,0.10000000000000002,1642745114
market_residual,18,raw,1.0,1.0,40,0.5169491525423728,0.4919234124521761,0.847457627118644,0.10000000000000002,3004762714
market_residual,18,demeaned,1.0,1.0,18,0.3220338983050847,0.2829034849880189,0.4406779661016949,0.1,749808168
market_residual,18,factor_residual,1.0,1.0,14,0.2711864406779661,0.21765944418105446,,0.10000000000000005,1714860438
market_residual,19,raw,1.0,1.0,44,0.5254237288135594,0.49759111232458697,0.8813559322033898,0.10000000000000003,1416677046
market_residual,19,demeaned,1.0,1.0,16,0.3644067796610169,0.3097855167901777,0.4745762711864407,0.1,365406350
market_residual,19,factor_residual,1.0,1.0,14,0.2542372881355932,0.21311724109224106,,0.10000000000000002,3767171180
market_residual,20,raw,1.0,1.0,42,0.516949152542373,0.49733862790582645,0.8813559322033898,0.10000000000000002,3550937378
market_residual,20,demeaned,1.0,1.0,17,0.33050847457627114,0.28801475722958775,0.423728813559322,0.1,2544563423
market_residual,20,factor_residual,1.0,1.0,18,0.29661016949152536,0.2499760870015106,,0.10000000000000003,501099480
market_residual,21,raw,1.0,1.0,43,0.5084745762711864,0.47496641242431115,0.8135593220338984,0.10000000000000005,1588400999
market_residual,21,demeaned,1.0,1.0,17,0.3305084745762712,0.29862845572506586,0.4406779661016949,0.10000000000000002,3866423935
market_residual,21,factor_residual,1.0,1.0,13,0.2711864406779661,0.21259814178288763,,0.10000000000000003,3460984504
market_residual,22,raw,1.0,1.0,42,0.5338983050847458,0.5033002857077011,0.8813559322033898,0.10000000000000003,1675072273
market_residual,22,demeaned,1.0,1.0,17,0.3474576271186441,0.3074241923952969,0.4745762711864407,0.10000000000000002,3667491943
market_residual,22,factor_residual,1.0,1.0,18,0.29661016949152536,0.24539329921490943,,0.10000000000000002,1362813260
market_residual,23,raw,1.0,1.0,47,0.5423728813559322,0.5181249692813004,0.8983050847457628,0.1,83778849
market_residual,23,demeaned,1.0,1.0,15,0.3559322033898305,0.3047015262044923,0.4745762711864407,0.10000000000000002,639400569
market_residual,23,factor_residual,1.0,1.0,16,0.3220338983050847,0.24205573950531584,,0.10000000000000002,22814308
market_residual,24,raw,1.0,1.0,44,0.5338983050847458,0.5075495530281172,0.9322033898305084,0.1,1753394913
market_residual,24,demeaned,1.0,1.0,17,0.3644067796610169,0.31611555995793283,0.5084745762711864,0.10000000000000003,3818307102
market_residual,24,factor_residual,1.0,1.0,15,0.288135593220339,0.2301861107348396,,0.10000000000000002,1455044563
market_residual,25,raw,1.0,1.0,45,0.5338983050847458,0.5088356873822976,0.8983050847457628,0.10000000000000003,2521486729
market_residual,25,demeaned,1.0,1.0,15,0.3389830508474576,0.2956824601951721,0.423728813559322,0.09999999999999999,4154960477
market_residual,25,factor_residual,1.0,1.0,16,0.2796610169491525,0.23095956026083148,,0.1,1364939929
market_residual,26,raw,1.0,1.0,42,0.5338983050847458,0.5081162320365349,0.9152542372881356,0.10000000000000003,3995349128
market_residual,26,demeaned,1.0,1.0,16,0.34745762711864403,0.30773842607486673,0.4915254237288136,0.1,2517741580
market_residual,26,factor_residual,1.0,1.0,18,0.29661016949152536,0.2452464072650514,,0.1,3034130454
market_residual,27,raw,1.0,1.0,44,0.5423728813559319,0.5176503700658487,0.9322033898305084,0.10000000000000002,371086171
market_residual,27,demeaned,1.0,1.0,14,0.3305084745762712,0.2864358506371218,0.423728813559322,0.10000000000000002,2609603088
market_residual,27,factor_residual,1.0,1.0,18,0.288135593220339,0.24598053810596185,,0.10000000000000002,4121944185
market_residual,28,raw,1.0,1.0,40,0.49999999999999983,0.47828022546441046,0.847457627118644,0.10000000000000003,3003234111
market_residual,28,demeaned,1.0,1.0,16,0.3644067796610169,0.32486471005454054,0.5254237288135594,0.09999999999999999,3661821660
market_residual,28,factor_residual,1.0,1.0,17,0.28813559322033894,0.2407145099721371,,0.1,649471564
market_residual,29,raw,1.0,1.0,45,0.542372881355932,0.5245270697993154,0.9322033898305084,0.10000000000000002,3023014419
market_residual,29,demeaned,1.0,1.0,14,0.3220338983050847,0.28876028444248775,0.4576271186440678,0.10000000000000002,99304130
market_residual,29,factor_residual,1.0,1.0,15,0.2796610169491525,0.2282494344168074,,0.10000000000000002,2861631284
market_residual,30,raw,1.0,1.0,44,0.5254237288135594,0.501270351878652,0.8813559322033898,0.10000000000000002,2236138466
market_residual,30,demeaned,1.0,1.0,13,0.3474576271186441,0.2956044225548463,0.4576271186440678,0.10000000000000002,3988856285
market_residual,30,factor_residual,1.0,1.0,15,0.2542372881355932,0.21620911247415478,,0.1,555907359
market_residual,31,raw,1.0,1.0,43,0.5169491525423728,0.4871099034440136,0.847457627118644,0.10000000000000005,2321718278
market_residual,31,demeaned,1.0,1.0,18,0.3728813559322034,0.32327431598533285,0.5084745762711864,0.1,1950486709
market_residual,31,factor_residual,1.0,1.0,14,0.2796610169491525,0.21927783497105532,,0.10000000000000002,3313686044
market_residual,32,raw,1.0,1.0,42,0.48305084745762716,0.45736046948094544,0.7796610169491526,0.1,3931263176
market_residual,32,demeaned,1.0,1.0,19,0.38135593220338987,0.3401344614425123,0.5084745762711864,0.1,2019082950
market_residual,32,factor_residual,1.0,1.0,14,0.2711864406779661,0.2232897259520141,,0.09999999999999999,1171854517
market_residual,33,raw,1.0,1.0,43,0.5338983050847458,0.5004957806456312,0.8135593220338984,0.10000000000000002,1130238770
market_residual,33,demeaned,1.0,1.0,15,0.33050847457627125,0.30993504358165386,0.4576271186440678,0.10000000000000002,3251481842
market_residual,33,factor_residual,1.0,1.0,14,0.3050847457627119,0.2301296371956392,,0.10000000000000002,1243746860
market_residual,34,raw,1.0,1.0,44,0.5338983050847458,0.5090499408727973,0.8983050847457628,0.10000000000000003,2976345359
market_residual,34,demeaned,1.0,1.0,18,0.3474576271186441,0.29250345337336875,0.4915254237288136,0.10000000000000002,2388793207
market_residual,34,factor_residual,1.0,1.0,16,0.3220338983050847,0.25043282943516,,0.1,2229837013
market_residual,35,raw,1.0,1.0,41,0.4830508474576271,0.4690348689851689,0.8135593220338984,0.10000000000000002,3294306562
market_residual,35,demeaned,1.0,1.0,15,0.3474576271186441,0.3081510710570032,0.4576271186440678,0.1,2488885362
market_residual,35,factor_residual,1.0,1.0,17,0.3050847457627119,0.24370008771830803,,0.1,2515992960
market_residual,36,raw,1.0,1.0,40,0.5,0.4795585954576608,0.8305084745762712,0.10000000000000002,2769198669
market_residual,36,demeaned,1.0,1.0,18,0.3644067796610169,0.3141744130163622,0.4915254237288136,0.1,2442440588
market_residual,36,factor_residual,0.9995,0.9995,15,0.2711864406779661,0.22351679502230354,,0.10000000000000002,1293284434
market_residual,37,raw,1.0,1.0,39,0.5169491525423728,0.4910367931969496,0.864406779661017,0.10000000000000003,603919066
market_residual,37,demeaned,1.0,1.0,15,0.3050847457627119,0.27506320757356134,0.4406779661016949,0.1,3448620124
market_residual,37,factor_residual,1.0,1.0,13,0.2457627118644068,0.20019183442568295,,0.10000000000000002,1447646572
market_residual,38,raw,1.0,1.0,45,0.542372881355932,0.5265784043543141,0.9322033898305084,0.10000000000000002,783634836
market_residual,38,demeaned,1.0,1.0,15,0.3474576271186441,0.3087095808146656,0.4915254237288136,0.1,3018902844
market_residual,38,factor_residual,0.9992000000000001,0.9992000000000001,17,0.3050847457627119,0.24917043093441393,,0.1,235536988
market_residual,39,raw,1.0,1.0,39,0.5084745762711864,0.48391465127870914,0.864406779661017,0.10000000000000002,151396223
market_residual,39,demeaned,1.0,1.0,18,0.3813559322033898,0.3276291929633455,0.5254237288135594,0.1,2493850906
market_residual,39,factor_residual,1.0,1.0,19,0.3135593220338983,0.2567629814629815,,0.1,1690722391
market_residual,40,raw,1.0,1.0,41,0.5338983050847458,0.5033369167970614,0.8305084745762712,0.1,1362468056
market_residual,40,demeaned,1.0,1.0,16,0.3644067796610169,0.31612680742045146,0.4915254237288136,0.10000000000000002,488018032
market_residual,40,factor_residual,1.0,1.0,16,0.27118644067796605,0.22652200981692502,,0.1,2538515697
market_residual,41,raw,1.0,1.0,41,0.5423728813559322,0.516976862802922,0.8983050847457628,0.10000000000000002,1240500279
market_residual,41,demeaned,1.0,1.0,17,0.3644067796610169,0.32939715140137027,0.5423728813559322,0.10000000000000003,4221086637
market_residual,41,factor_residual,1.0,1.0,16,0.288135593220339,0.23305627898466882,,0.09999999999999999,1709151803
market_residual,42,raw,1.0,1.0,43,0.516949152542373,0.49485536519811196,0.8813559322033898,0.10000000000000003,812345656
market_residual,42,demeaned,1.0,1.0,17,0.33898305084745756,0.30616671477967206,0.4915254237288136,0.09999999999999999,2438577018
market_residual,42,factor_residual,1.0,1.0,14,0.288135593220339,0.22015839198466322,,0.10000000000000002,3929295320
market_residual,43,raw,1.0,1.0,42,0.5,0.475617889232458,0.8305084745762712,0.10000000000000003,2999364117
market_residual,43,demeaned,1.0,1.0,16,0.3389830508474576,0.3059213654989078,0.4915254237288136,0.1,682427691
market_residual,43,factor_residual,1.0,1.0,17,0.2796610169491525,0.232898651677889,,0.1,2243788814
market_residual,44,raw,1.0,1.0,44,0.5338983050847458,0.49461195753399134,0.8813559322033898,0.10000000000000002,2831144502
market_residual,44,demeaned,1.0,1.0,15,0.32203389830508466,0.27960957408881143,0.423728813559322,0.1,1814971738
market_residual,44,factor_residual,1.0,1.0,14,0.2627118644067796,0.21616311969574686,,0.10000000000000002,3150988626
market_residual,45,raw,1.0,1.0,42,0.5169491525423728,0.4811482328501434,0.847457627118644,0.10000000000000002,2618300222
market_residual,45,demeaned,1.0,1.0,15,0.3050847457627119,0.265117851263614,0.4067796610169492,0.09999999999999999,175019727
market_residual,45,factor_residual,0.999,0.999,14,0.2711864406779661,0.21641787024181094,,0.1,122310645
market_residual,46,raw,1.0,1.0,47,0.5423728813559323,0.5354542154643849,0.9661016949152542,0.1,715521769
market_residual,46,demeaned,1.0,1.0,13,0.3220338983050847,0.28429611941730587,0.423728813559322,0.10000000000000003,1524804670
market_residual,46,factor_residual,1.0,1.0,14,0.2711864406779661,0.21914932868449818,,0.1,4150168382
market_residual,47,raw,1.0,1.0,43,0.5084745762711864,0.47879255539607113,0.8135593220338984,0.10000000000000002,2445594328
market_residual,47,demeaned,1.0,1.0,14,0.2966101694915254,0.2602652365054907,0.3728813559322034,0.10000000000000002,1318763129
market_residual,47,factor_residual,0.9900531746031747,0.9900531746031747,13,0.2542372881355932,0.21026267837623774,,0.10000000000000002,117840982
market_residual,48,raw,1.0,1.0,45,0.5423728813559321,0.5308402442107576,0.9152542372881356,0.10000000000000002,1694723998
market_residual,48,demeaned,1.0,1.0,15,0.3389830508474576,0.29133810563259727,0.4067796610169492,0.1,1245258418
market_residual,48,factor_residual,1.0,1.0,17,0.2796610169491525,0.2385786306913426,,0.1,476833095
market_residual,49,raw,1.0,1.0,45,0.5338983050847458,0.5111480319434084,0.9152542372881356,0.10000000000000003,1752298367
market_residual,49,demeaned,1.0,1.0,16,0.3983050847457627,0.33822342779630915,0.5084745762711864,0.10000000000000003,3332399973
market_residual,49,factor_residual,1.0,1.0,17,0.288135593220339,0.22623437560556206,,0.10000000000000002,1495991463
market_residual,50,raw,1.0,1.0,44,0.4999999999999998,0.48131348708757743,0.847457627118644,0.10000000000000003,1216301895
market_residual,50,demeaned,1.0,1.0,13,0.3220338983050847,0.2924829843101029,0.4406779661016949,0.10000000000000002,70818852
market_residual,50,factor_residual,1.0,1.0,15,0.2627118644067796,0.21471251046505285,,0.1,118623320
market_residual,51,raw,1.0,1.0,44,0.5254237288135594,0.5016061960652065,0.864406779661017,0.1,1059116782
market_residual,51,demeaned,1.0,1.0,18,0.3644067796610169,0.3269574455770218,0.5254237288135594,0.1,3316212363
market_residual,51,factor_residual,1.0,1.0,17,0.288135593220339,0.24258118308245427,,0.10000000000000002,3817698070
market_residual,52,raw,1.0,1.0,42,0.5169491525423728,0.485336118690493,0.8813559322033898,0.10000000000000002,3933160896
market_residual,52,demeaned,1.0,1.0,16,0.3474576271186441,0.30285676917244725,0.4576271186440678,0.10000000000000002,1609759133
market_residual,52,factor_residual,1.0,1.0,17,0.2966101694915254,0.23835021673242018,,0.1,2598412834
market_residual,53,raw,1.0,1.0,41,0.5084745762711864,0.4832140493621579,0.8305084745762712,0.10000000000000003,862075995
market_residual,53,demeaned,1.0,1.0,18,0.38135593220338987,0.3400329471948668,0.559322033898305,0.1,3772845187
market_residual,53,factor_residual,1.0,1.0,19,0.2966101694915254,0.24996904616099533,,0.1,763514167
market_residual,54,raw,1.0,1.0,41,0.48305084745762705,0.45348421390030985,0.7796610169491526,0.10000000000000003,3623671530
market_residual,54,demeaned,1.0,1.0,14,0.3135593220338983,0.27111376181700203,0.4067796610169492,0.10000000000000002,494461194
market_residual,54,factor_residual,0.998,0.998,12,0.23728813559322035,0.19688164199265895,,0.10000000000000002,1078491430
market_residual,55,raw,1.0,1.0,44,0.5338983050847458,0.4973633571839703,0.847457627118644,0.10000000000000003,3323498074
market_residual,55,demeaned,1.0,1.0,14,0.31355932203389836,0.26431256248459634,0.3898305084745763,0.09999999999999999,3405514242
market_residual,55,factor_residual,0.9921454545454546,0.9921454545454546,15,0.25423728813559326,0.21797878797285578,,0.10000000000000002,2200169254
market_residual,56,raw,1.0,1.0,40,0.5084745762711864,0.4893134377938183,0.8305084745762712,0.10000000000000003,2660113567
market_residual,56,demeaned,1.0,1.0,13,0.31355932203389825,0.26856882331416226,0.4067796610169492,0.10000000000000003,1199344331
market_residual,56,factor_residual,1.0,1.0,16,0.2796610169491525,0.2340037745211474,,0.10000000000000003,2634490965
market_residual,57,raw,1.0,1.0,42,0.5254237288135594,0.502485011504503,0.8813559322033898,0.10000000000000003,1802881469
market_residual,57,demeaned,1.0,1.0,15,0.3644067796610169,0.3197608446638107,0.5084745762711864,0.1,445173223
market_residual,57,factor_residual,1.0,1.0,17,0.288135593220339,0.23583247002526658,,0.09999999999999999,345505420
market_residual,58,raw,1.0,1.0,41,0.5338983050847458,0.49666738275156774,0.847457627118644,0.10000000000000002,482851870
market_residual,58,demeaned,1.0,1.0,17,0.3644067796610169,0.32309490213176656,0.5254237288135594,0.09999999999999999,3371602139
market_residual,58,factor_residual,1.0,1.0,19,0.3305084745762712,0.2518560478128275,,0.1,104480655
market_residual,59,raw,1.0,1.0,49,0.5423728813559322,0.5188296636370165,0.8983050847457628,0.10000000000000005,64470997
market_residual,59,demeaned,1.0,1.0,15,0.3135593220338982,0.2848955531756379,0.3898305084745763,0.1,959521732
market_residual,59,factor_residual,0.9996,0.9996,13,0.2542372881355932,0.2115301444788733,,0.10000000000000003,328478415
market_residual,60,raw,1.0,1.0,40,0.5169491525423728,0.48293502815451966,0.8305084745762712,0.10000000000000002,137941068
market_residual,60,demeaned,1.0,1.0,13,0.31355932203389825,0.2778309958403179,0.4067796610169492,0.1,3319770453
market_residual,60,factor_residual,1.0,1.0,14,0.2796610169491525,0.22658884994478218,,0.10000000000000002,1752823759
market_residual,61,raw,1.0,1.0,44,0.5423728813559322,0.5177815676319912,0.9152542372881356,0.1,682833934
market_residual,61,demeaned,1.0,1.0,15,0.3474576271186441,0.3023854336341624,0.4576271186440678,0.1,228011577
market_residual,61,factor_residual,1.0,1.0,16,0.3050847457627119,0.24422612787400932,,0.10000000000000003,4162686694
market_residual,62,raw,1.0,1.0,44,0.5338983050847458,0.5037326215760649,0.8983050847457628,0.1,1496430179
market_residual,62,demeaned,1.0,1.0,19,0.37288135593220334,0.34118444451029195,0.5932203389830508,0.09999999999999999,981810961
market_residual,62,factor_residual,1.0,1.0,16,0.3135593220338983,0.2465345832604307,,0.10000000000000002,1325891374
market_residual,63,raw,1.0,1.0,43,0.5423728813559322,0.5157318699108578,0.9152542372881356,0.1,2696411244
market_residual,63,demeaned,1.0,1.0,17,0.37288135593220334,0.331190546082919,0.5254237288135594,0.1,691156484
market_residual,63,factor_residual,1.0,1.0,18,0.288135593220339,0.2404078775799364,,0.10000000000000002,3657950169
market_residual,64,raw,1.0,1.0,43,0.5084745762711864,0.47730472485861325,0.8305084745762712,0.10000000000000002,3351643736
market_residual,64,demeaned,1.0,1.0,16,0.3305084745762712,0.29015573376717446,0.4576271186440678,0.1,1753728044
market_residual,64,factor_residual,1.0,1.0,15,0.2627118644067796,0.2191327946065234,,0.10000000000000002,3441016924
market_residual,65,raw,1.0,1.0,41,0.5254237288135595,0.5035705628424972,0.8813559322033898,0.10000000000000003,1348926979
market_residual,65,demeaned,1.0,1.0,15,0.3474576271186441,0.30734096595494903,0.4576271186440678,0.10000000000000002,1824292998
market_residual,65,factor_residual,1.0,1.0,21,0.3135593220338983,0.2716811460667393,,0.1,933318929
market_residual,66,raw,1.0,1.0,43,0.5,0.4782970590047484,0.847457627118644,0.10000000000000003,3591367924
market_residual,66,demeaned,1.0,1.0,15,0.3559322033898305,0.30891837625651186,0.4745762711864407,0.1,746589846
market_residual,66,factor_residual,0.9992000000000001,0.9992000000000001,16,0.288135593220339,0.22423921034653843,,0.1,4243824316
market_residual,67,raw,1.0,1.0,41,0.5169491525423728,0.4924559181319402,0.864406779661017,0.10000000000000003,571358261
market_residual,67,demeaned,1.0,1.0,17,0.34745762711864403,0.3081414263702399,0.4745762711864407,0.1,1531191508
market_residual,67,factor_residual,1.0,1.0,18,0.288135593220339,0.2440569401408385,,0.10000000000000002,4254432116
market_residual,68,raw,1.0,1.0,46,0.5338983050847458,0.4967692506355393,0.8813559322033898,0.10000000000000003,226586464
market_residual,68,demeaned,1.0,1.0,13,0.3050847457627119,0.25531024780304445,0.3559322033898305,0.1,2197715889
market_residual,68,factor_residual,0.9811939560439562,0.9811939560439562,12,0.2796610169491525,0.2203444949589018,,0.10000000000000002,1259473313
market_residual,69,raw,1.0,1.0,41,0.5169491525423728,0.490031155160891,0.8305084745762712,0.10000000000000003,306862285
market_residual,69,demeaned,1.0,1.0,15,0.3559322033898305,0.3127950537562314,0.4576271186440678,0.1,2002388456
market_residual,69,factor_residual,1.0,1.0,15,0.2966101694915254,0.23154932525102018,,0.10000000000000002,2065024951
market_residual,70,raw,1.0,1.0,45,0.5423728813559322,0.5098580230715103,0.9152542372881356,0.10000000000000003,1938001714
market_residual,70,demeaned,1.0,1.0,16,0.3728813559322034,0.32689656915589116,0.5084745762711864,0.10000000000000002,1223190371
market_residual,70,factor_residual,1.0,1.0,19,0.2966101694915254,0.2474454190818598,,0.1,383186109
market_residual,71,raw,1.0,1.0,43,0.516949152542373,0.4951212748354448,0.8983050847457628,0.10000000000000003,3355784333
market_residual,71,demeaned,1.0,1.0,19,0.37288135593220334,0.3323664627577451,0.5423728813559322,0.10000000000000002,999061080
market_residual,71,factor_residual,1.0,1.0,17,0.2966101694915254,0.24538673990792642,,0.10000000000000003,600528697
market_residual,72,raw,1.0,1.0,43,0.5254237288135594,0.5015880973546228,0.8813559322033898,0.10000000000000002,456326781
market_residual,72,demeaned,1.0,1.0,15,0.3389830508474576,0.3030176199036369,0.4067796610169492,0.1,2486355909
market_residual,72,factor_residual,1.0,1.0,15,0.2796610169491525,0.23386597188122615,,0.10000000000000003,3233054201
market_residual,73,raw,1.0,1.0,39,0.5338983050847458,0.4990656470730997,0.864406779661017,0.10000000000000002,617222427
market_residual,73,demeaned,1.0,1.0,17,0.3644067796610169,0.31953809552029894,0.4915254237288136,0.1,3377325757
market_residual,73,factor_residual,1.0,1.0,16,0.288135593220339,0.23437666580124214,,0.1,1209766573
market_residual,74,raw,1.0,1.0,41,0.5,0.4723856426751491,0.847457627118644,0.10000000000000003,2815821557
market_residual,74,demeaned,1.0,1.0,16,0.3474576271186441,0.3061545567426924,0.4745762711864407,0.1,1914393230
market_residual,74,factor_residual,1.0,1.0,12,0.2711864406779661,0.204357247435737,,0.10000000000000003,4218629183
market_residual,75,raw,1.0,1.0,43,0.516949152542373,0.4971522815198538,0.8813559322033898,0.10000000000000002,2870103468
market_residual,75,demeaned,1.0,1.0,16,0.3389830508474576,0.30421128316128315,0.4745762711864407,0.1,3399924412
market_residual,75,factor_residual,1.0,1.0,15,0.29661016949152536,0.2335362319413167,,0.10000000000000002,1608143180
market_residual,76,raw,1.0,1.0,43,0.5254237288135595,0.5012709817434144,0.8983050847457628,0.10000000000000002,525775913
market_residual,76,demeaned,1.0,1.0,16,0.3728813559322034,0.3186867923037414,0.5254237288135594,0.1,2716140883
market_residual,76,factor_residual,1.0,1.0,16,0.2966101694915254,0.23268315013611626,,0.10000000000000003,3100774546
market_residual,77,raw,1.0,1.0,41,0.5084745762711863,0.4812087565226399,0.864406779661017,0.10000000000000002,2926697399
market_residual,77,demeaned,1.0,1.0,16,0.3559322033898305,0.31438578630354613,0.4915254237288136,0.1,1029746427
market_residual,77,factor_residual,1.0,1.0,15,0.2966101694915254,0.22102073181056242,,0.10000000000000003,1642497884
market_residual,78,raw,1.0,1.0,44,0.5254237288135595,0.4930824268481047,0.864406779661017,0.10000000000000002,3554210096
market_residual,78,demeaned,1.0,1.0,13,0.3050847457627119,0.2621593793682776,0.3898305084745763,0.1,2501230146
market_residual,78,factor_residual,1.0,1.0,12,0.22881355932203387,0.19430401237180894,,0.10000000000000002,3531653015
market_residual,79,raw,1.0,1.0,44,0.5338983050847458,0.5095376336746228,0.8983050847457628,0.1,297288365
market_residual,79,demeaned,1.0,1.0,17,0.34745762711864414,0.31652579256198476,0.5423728813559322,0.1,50459490
market_residual,79,factor_residual,1.0,1.0,15,0.2796610169491525,0.22106801868094242,,0.10000000000000002,3726536550
market_residual,80,raw,1.0,1.0,43,0.5254237288135594,0.4931431535549308,0.847457627118644,0.10000000000000002,2947637395
market_residual,80,demeaned,1.0,1.0,16,0.3559322033898304,0.3156777132942388,0.4915254237288136,0.1,3698337353
market_residual,80,factor_residual,1.0,1.0,15,0.2796610169491525,0.22530790875790874,,0.1,3961418825
market_residual,81,raw,1.0,1.0,42,0.5,0.47631486561654807,0.8305084745762712,0.10000000000000003,4136901291
market_residual,81,demeaned,1.0,1.0,14,0.3220338983050847,0.2831663875202011,0.423728813559322,0.10000000000000002,3692183312
market_residual,81,factor_residual,0.9996666666666667,0.9996666666666667,16,0.3220338983050847,0.24175819035013954,,0.10000000000000003,1999509941
market_residual,82,raw,1.0,1.0,42,0.5423728813559322,0.5155184886206073,0.8983050847457628,0.10000000000000003,1282937440
market_residual,82,demeaned,1.0,1.0,16,0.3728813559322034,0.31766478168723933,0.5254237288135594,0.1,946744282
market_residual,82,factor_residual,1.0,1.0,18,0.2966101694915254,0.25185137809459845,,0.1,1515247157
market_residual,83,raw,1.0,1.0,41,0.516949152542373,0.49340247965617334,0.847457627118644,0.10000000000000005,2964919805
market_residual,83,demeaned,1.0,1.0,17,0.3389830508474576,0.3049937204979578,0.4915254237288136,0.1,3731237690
market_residual,83,factor_residual,1.0,1.0,17,0.3050847457627119,0.24210830929898736,,0.1,3197076138
market_residual,84,raw,1.0,1.0,40,0.5169491525423728,0.4942595980069559,0.847457627118644,0.10000000000000002,1150870953
market_residual,84,demeaned,1.0,1.0,15,0.3474576271186441,0.30942506617676113,0.4576271186440678,0.10000000000000003,1078925006
market_residual,84,factor_residual,1.0,1.0,17,0.3050847457627119,0.25013335844946016,,0.10000000000000002,1606672022
market_residual,85,raw,1.0,1.0,42,0.516949152542373,0.4983326394815821,0.8983050847457628,0.10000000000000002,3663776549
market_residual,85,demeaned,1.0,1.0,19,0.3983050847457627,0.34201903905886955,0.559322033898305,0.09999999999999999,833375599
market_residual,85,factor_residual,1.0,1.0,15,0.28813559322033894,0.24093323159890964,,0.10000000000000002,2641161490
market_residual,86,raw,1.0,1.0,47,0.516949152542373,0.49539186624968023,0.8813559322033898,0.10000000000000003,2352359052
market_residual,86,demeaned,1.0,1.0,16,0.3135593220338983,0.2731101754132509,0.3898305084745763,0.09999999999999999,1848763990
market_residual,86,factor_residual,0.9996,0.9996,12,0.2542372881355932,0.19849441213212404,,0.10000000000000003,1733311612
market_residual,87,raw,1.0,1.0,45,0.516949152542373,0.4950826628201754,0.8813559322033898,0.10000000000000002,1938372042
market_residual,87,demeaned,1.0,1.0,15,0.31355932203389836,0.2853929553027011,0.4406779661016949,0.1,680643966
market_residual,87,factor_residual,1.0,1.0,14,0.2966101694915254,0.22049210441159603,,0.10000000000000003,2064500438
market_residual,88,raw,1.0,1.0,43,0.5169491525423728,0.48390338004744793,0.847457627118644,0.10000000000000005,3516685306
market_residual,88,demeaned,1.0,1.0,18,0.3474576271186441,0.297370636613857,0.4406779661016949,0.10000000000000002,425927421
market_residual,88,factor_residual,0.9979142857142858,0.9979142857142858,16,0.288135593220339,0.23084559766975027,,0.1,1498261905
market_residual,89,raw,1.0,1.0,43,0.5338983050847458,0.49717882787562506,0.8813559322033898,0.10000000000000003,1525915027
market_residual,89,demeaned,1.0,1.0,19,0.3559322033898305,0.3196085213280129,0.4915254237288136,0.10000000000000002,3497295008
market_residual,89,factor_residual,1.0,1.0,16,0.288135593220339,0.23977011023345773,,0.1,2473394570
market_residual,90,raw,1.0,1.0,44,0.5254237288135594,0.5058484063488301,0.8983050847457628,0.10000000000000003,2258233574
market_residual,90,demeaned,1.0,1.0,14,0.3644067796610169,0.3140211045075452,0.4745762711864407,0.1,4274239570
market_residual,90,factor_residual,1.0,1.0,16,0.27966101694915246,0.22659259775064863,,0.10000000000000002,335099228
market_residual,91,raw,1.0,1.0,42,0.5254237288135594,0.5020995108123847,0.9152542372881356,0.10000000000000003,2829013533
market_residual,91,demeaned,1.0,1.0,18,0.3728813559322034,0.327381117877728,0.5254237288135594,0.1,3742048347
market_residual,91,factor_residual,1.0,1.0,18,0.3305084745762712,0.2570324715068359,,0.1,984042510
market_residual,92,raw,1.0,1.0,43,0.5084745762711864,0.4897151685317564,0.864406779661017,0.10000000000000003,1526908944
market_residual,92,demeaned,1.0,1.0,17,0.3474576271186441,0.30813675712235034,0.4745762711864407,0.10000000000000003,2298924213
market_residual,92,factor_residual,1.0,1.0,15,0.2796610169491525,0.2323362486383673,,0.10000000000000003,2273516257
market_residual,93,raw,1.0,1.0,44,0.542372881355932,0.5189689170763324,0.8983050847457628,0.10000000000000003,3706155072
market_residual,93,demeaned,1.0,1.0,17,0.3305084745762712,0.2955183230611198,0.4745762711864407,0.10000000000000002,2860842678
market_residual,93,factor_residual,1.0,1.0,18,0.3050847457627119,0.2488523912998489,,0.10000000000000002,2311079646
market_residual,94,raw,1.0,1.0,42,0.5,0.4730496461608624,0.8305084745762712,0.10000000000000002,133341494
market_residual,94,demeaned,1.0,1.0,14,0.3389830508474576,0.2865852394310022,0.3898305084745763,0.09999999999999999,447228282
market_residual,94,factor_residual,0.9981428571428571,0.9981428571428571,10,0.2796610169491525,0.21827897935397944,,0.10000000000000002,2274421780
market_residual,95,raw,1.0,1.0,40,0.5169491525423728,0.4878576066837782,0.8305084745762712,0.10000000000000003,1595051036
market_residual,95,demeaned,1.0,1.0,16,0.3813559322033898,0.3343303806833468,0.5254237288135594,0.1,2605347899
market_residual,95,factor_residual,1.0,1.0,17,0.3220338983050847,0.2566787461126445,,0.1,113099922
market_residual,96,raw,1.0,1.0,44,0.5254237288135594,0.49675716235686335,0.8813559322033898,0.10000000000000002,3924941519
market_residual,96,demeaned,1.0,1.0,18,0.3305084745762712,0.290425398471585,0.4406779661016949,0.10000000000000003,2546869942
market_residual,96,factor_residual,0.9992666666666666,0.9992666666666666,15,0.27118644067796605,0.22074360766352294,,0.10000000000000002,1904797569
market_residual,97,raw,1.0,1.0,45,0.516949152542373,0.49361538223325374,0.8983050847457628,0.10000000000000002,2110394996
market_residual,97,demeaned,1.0,1.0,17,0.34745762711864403,0.30619090556336315,0.5254237288135594,0.10000000000000002,3840863165
market_residual,97,factor_residual,1.0,1.0,17,0.3050847457627119,0.2391498839672569,,0.10000000000000002,3733663498
market_residual,98,raw,1.0,1.0,43,0.5254237288135595,0.4980770156632445,0.864406779661017,0.10000000000000002,3929982255
market_residual,98,demeaned,1.0,1.0,19,0.3728813559322034,0.33021263786119726,0.559322033898305,0.1,1244897743
market_residual,98,factor_residual,1.0,1.0,20,0.3474576271186441,0.27463012839326395,,0.10000000000000002,2656904420
market_residual,99,raw,1.0,1.0,45,0.5254237288135594,0.4978152677913644,0.847457627118644,0.10000000000000003,1556980853
market_residual,99,demeaned,1.0,1.0,15,0.3220338983050847,0.27968130471223696,0.3728813559322034,0.10000000000000002,1957312772
market_residual,99,factor_residual,0.9997142857142858,0.9997142857142858,11,0.2796610169491525,0.22279414885961502,,0.10000000000000002,1129224535
market_only_sv_t5,0,raw,1.0,1.0,46,0.4915254237288134,0.45830910784728146,0.7796610169491526,0.10000000000000003,2465161008
market_only_sv_t5,0,demeaned,1.0,1.0,13,0.2966101694915254,0.22776158794124898,0.23728813559322035,0.10000000000000002,908650260
market_only_sv_t5,0,factor_residual,0.5252720954999595,0.5252720954999595,5,0.22033898305084745,0.13658788956287515,,0.10000000000000003,3617610423
market_only_sv_t5,1,raw,1.0,1.0,46,0.5084745762711863,0.4711427702407264,0.7796610169491526,0.10000000000000002,3059865681
market_only_sv_t5,1,demeaned,1.0,1.0,17,0.288135593220339,0.24206260189904263,0.3559322033898305,0.1,2462264561
market_only_sv_t5,1,factor_residual,0.5137211760461761,0.20994330718301318,5,0.20338983050847453,0.12868648566455146,,0.10000000000000003,533862105
market_only_sv_t5,2,raw,1.0,1.0,45,0.5,0.4563037313318266,0.7627118644067796,0.10000000000000003,1278587000
market_only_sv_t5,2,demeaned,1.0,1.0,11,0.22033898305084745,0.19160668053697713,0.22033898305084745,0.10000000000000003,830585327
market_only_sv_t5,2,factor_residual,0.37442789759260364,0.2414238738385798,4,0.2033898305084746,0.1288822977772754,,0.10000000000000005,4251122715
market_only_sv_t5,3,raw,1.0,1.0,49,0.5084745762711864,0.48051091702276905,0.8305084745762712,0.10000000000000003,885996314
market_only_sv_t5,3,demeaned,1.0,1.0,17,0.3135593220338983,0.26590024048456246,0.3389830508474576,0.10000000000000002,2239761808
market_only_sv_t5,3,factor_residual,0.48048033877886837,0.48048033877886837,4,0.2033898305084746,0.13777395498422154,,0.10000000000000003,1550046821
market_only_sv_t5,4,raw,1.0,1.0,45,0.4915254237288134,0.456567163576222,0.7627118644067796,0.10000000000000003,2070076790
market_only_sv_t5,4,demeaned,1.0,1.0,17,0.27118644067796605,0.23489011078375488,0.3389830508474576,0.1,2652664707
market_only_sv_t5,4,factor_residual,0.2954974055356409,0.098606715669951,4,0.1779661016949153,0.11778450311597129,,0.10000000000000003,3400060162
market_only_sv_t5,5,raw,1.0,1.0,44,0.5000000000000001,0.4612128622580681,0.7457627118644068,0.1,2006406556
market_only_sv_t5,5,demeaned,1.0,1.0,13,0.288135593220339,0.20987792892136112,0.2542372881355932,0.10000000000000002,3866917163
market_only_sv_t5,5,factor_residual,0.4678594248888368,0.17463468165821117,5,0.24576271186440676,0.14723860776284756,,0.10000000000000002,3653740578
market_only_sv_t5,6,raw,1.0,1.0,47,0.5169491525423728,0.47872182004726016,0.7966101694915254,0.10000000000000002,2232245795
market_only_sv_t5,6,demeaned,1.0,1.0,17,0.3050847457627119,0.24587105940199158,0.3559322033898305,0.10000000000000002,1122525084
market_only_sv_t5,6,factor_residual,0.34619757644316485,0.16438484619955215,4,0.19491525423728812,0.12825377342553318,,0.10000000000000003,4186739847
market_only_sv_t5,7,raw,1.0,1.0,49,0.516949152542373,0.4831160940577428,0.8305084745762712,0.10000000000000003,3266477411
market_only_sv_t5,7,demeaned,1.0,1.0,20,0.3220338983050847,0.2609890275919936,0.3728813559322034,0.10000000000000002,42112232
market_only_sv_t5,7,factor_residual,0.26123666382636984,0.26123666382636984,5,0.211864406779661,0.1291933203884849,,0.10000000000000002,1029704492
market_only_sv_t5,8,raw,1.0,1.0,43,0.4745762711864407,0.44541021325056857,0.7288135593220338,0.10000000000000002,1939304774
market_only_sv_t5,8,demeaned,1.0,1.0,17,0.3220338983050847,0.2608614849839426,0.3559322033898305,0.10000000000000002,3194650853
market_only_sv_t5,8,factor_residual,0.3776822016820469,0.3776822016820469,5,0.20338983050847462,0.12615179249481867,,0.10000000000000003,2108722185
market_only_sv_t5,9,raw,1.0,1.0,45,0.4915254237288136,0.4519989648104572,0.7627118644067796,0.10000000000000005,1214425199
market_only_sv_t5,9,demeaned,1.0,1.0,17,0.31355932203389836,0.2498087484079009,0.3220338983050847,0.1,2804074673
market_only_sv_t5,9,factor_residual,0.4727842293327588,0.4727842293327588,6,0.22033898305084743,0.13598367623846194,,0.10000000000000002,3467665348
market_only_sv_t5,10,raw,1.0,1.0,44,0.4661016949152541,0.451607872217921,0.7457627118644068,0.10000000000000003,2702115923
market_only_sv_t5,10,demeaned,1.0,1.0,14,0.3050847457627119,0.23855570192519346,0.2711864406779661,0.09999999999999999,1280401369
market_only_sv_t5,10,factor_residual,0.42304301254301274,0.30773743168596135,5,0.211864406779661,0.1353922825706475,,0.10000000000000002,1714338029
market_only_sv_t5,11,raw,1.0,1.0,42,0.4491525423728812,0.4256558928587665,0.711864406779661,0.10000000000000002,1790760405
market_only_sv_t5,11,demeaned,1.0,1.0,14,0.2711864406779661,0.21219930450905025,0.2542372881355932,0.10000000000000002,1557512643
market_only_sv_t5,11,factor_residual,0.31421163183222023,0.31421163183222023,6,0.20338983050847462,0.12287734469197585,,0.10000000000000003,1927893109
market_only_sv_t5,12,raw,1.0,1.0,42,0.483050847457627,0.4545993504815284,0.711864406779661,0.1,2004505803
market_only_sv_t5,12,demeaned,1.0,1.0,16,0.3135593220338983,0.2514925997731082,0.288135593220339,0.09999999999999999,3263229242
market_only_sv_t5,12,factor_residual,0.33671261070370984,0.3180821546100959,5,0.22033898305084745,0.13374494215961985,,0.10000000000000002,620144676
market_only_sv_t5,13,raw,1.0,1.0,44,0.4745762711864405,0.4490782622019318,0.7457627118644068,0.10000000000000002,548498607
market_only_sv_t5,13,demeaned,1.0,1.0,15,0.2966101694915254,0.23555104913918476,0.288135593220339,0.10000000000000002,2328437021
market_only_sv_t5,13,factor_residual,0.43027834828570144,0.43027834828570144,6,0.21186440677966104,0.13244124120451392,,0.10000000000000003,671440817
market_only_sv_t5,14,raw,1.0,1.0,44,0.47457627118644075,0.4457084067523026,0.7457627118644068,0.10000000000000003,2988932403
market_only_sv_t5,14,demeaned,1.0,1.0,14,0.288135593220339,0.2263375591922202,0.288135593220339,0.10000000000000003,4153961586
market_only_sv_t5,14,factor_residual,0.28262822732822734,0.28262822732822734,5,0.22033898305084745,0.12412845583988409,,0.10000000000000003,2075067521
market_only_sv_t5,15,raw,1.0,1.0,41,0.4491525423728815,0.42262778954653,0.6949152542372882,0.1,3007632233
market_only_sv_t5,15,demeaned,1.0,1.0,15,0.2796610169491525,0.22106247975188653,0.3050847457627119,0.09999999999999999,2464533802
market_only_sv_t5,15,factor_residual,0.4409887914373209,0.30781975769328723,4,0.19491525423728812,0.13416774885964816,,0.10000000000000003,4091817309
market_only_sv_t5,16,raw,1.0,1.0,49,0.5254237288135594,0.48842765346611383,0.8305084745762712,0.10000000000000002,1425748245
market_only_sv_t5,16,demeaned,1.0,1.0,16,0.28813559322033894,0.24689749553371185,0.288135593220339,0.10000000000000002,2591402292
market_only_sv_t5,16,factor_residual,0.2881688471573149,0.22890394784094478,5,0.19491525423728812,0.12488283187910493,,0.10000000000000003,1126345806
market_only_sv_t5,17,raw,1.0,1.0,46,0.4915254237288134,0.4593556616404737,0.7796610169491526,0.10000000000000002,1184496797
market_only_sv_t5,17,demeaned,1.0,1.0,13,0.2796610169491525,0.209702132236878,0.2711864406779661,0.09999999999999996,1935295422
market_only_sv_t5,17,factor_residual,0.28133576423576434,0.2204702771085124,4,0.19491525423728812,0.12089257444394537,,0.10000000000000002,935425408
market_only_sv_t5,18,raw,1.0,1.0,42,0.48305084745762705,0.4581051852320395,0.711864406779661,0.10000000000000003,4114909320
market_only_sv_t5,18,demeaned,1.0,1.0,19,0.3220338983050847,0.2647514548539972,0.3559322033898305,0.1,1538961711
market_only_sv_t5,18,factor_residual,0.3752794124520132,0.3498701179453502,6,0.211864406779661,0.13431686546233504,,0.10000000000000002,282061142
market_only_sv_t5,19,raw,1.0,1.0,42,0.4661016949152542,0.44339408595134916,0.711864406779661,0.10000000000000005,2618275043
market_only_sv_t5,19,demeaned,1.0,1.0,20,0.3135593220338983,0.2669123771238178,0.3389830508474576,0.10000000000000002,3407023240
market_only_sv_t5,19,factor_residual,0.4369660504528152,0.39280385317297095,5,0.22033898305084745,0.14074521134399,,0.10000000000000002,2015494184
market_only_sv_t5,20,raw,1.0,1.0,44,0.45762711864406774,0.44035658756411833,0.7457627118644068,0.10000000000000006,2491888635
market_only_sv_t5,20,demeaned,1.0,1.0,17,0.3050847457627119,0.25415156364351277,0.3728813559322034,0.10000000000000003,251881766
market_only_sv_t5,20,factor_residual,0.6212749782896844,0.6212749782896844,5,0.22033898305084745,0.14032207164857968,,0.10000000000000003,1885003995
market_only_sv_t5,21,raw,1.0,1.0,48,0.49999999999999983,0.4659272267168618,0.8135593220338984,0.10000000000000006,1546783186
market_only_sv_t5,21,demeaned,1.0,1.0,15,0.288135593220339,0.22348719124566577,0.3050847457627119,0.10000000000000002,615038877
market_only_sv_t5,21,factor_residual,0.4812415463621348,0.4812415463621348,6,0.23728813559322035,0.1450023032466243,,0.10000000000000002,853765443
market_only_sv_t5,22,raw,1.0,1.0,46,0.4915254237288134,0.46805883969925993,0.7796610169491526,0.10000000000000003,4004736811
market_only_sv_t5,22,demeaned,1.0,1.0,19,0.3474576271186441,0.2657238439526575,0.3220338983050847,0.1,1872949591
market_only_sv_t5,22,factor_residual,0.3320703448512272,0.25423747526982826,5,0.2033898305084746,0.13383925523628917,,0.10000000000000002,1145976323
market_only_sv_t5,23,raw,1.0,1.0,49,0.5254237288135595,0.4869742868298202,0.8305084745762712,0.10000000000000005,1745009836
market_only_sv_t5,23,demeaned,1.0,1.0,17,0.3389830508474576,0.256780077643637,0.3220338983050847,0.1,3877892315
market_only_sv_t5,23,factor_residual,0.4206633807369101,0.24369000966353918,4,0.20338983050847453,0.13955080668057987,,0.10000000000000002,2130115429
market_only_sv_t5,24,raw,1.0,1.0,45,0.48305084745762716,0.45300979266647645,0.7627118644067796,0.10000000000000005,13505243
market_only_sv_t5,24,demeaned,0.995,0.995,14,0.2627118644067796,0.21097203018262348,0.2542372881355932,0.10000000000000002,973149966
market_only_sv_t5,24,factor_residual,0.3327718614718615,0.2567293017440078,6,0.22881355932203387,0.13836084203544324,,0.10000000000000003,2716464159
market_only_sv_t5,25,raw,1.0,1.0,40,0.4830508474576271,0.43697984345397833,0.6779661016949152,0.10000000000000003,2397215044
market_only_sv_t5,25,demeaned,1.0,1.0,17,0.2966101694915254,0.24631840508832037,0.3389830508474576,0.10000000000000002,2756401724
market_only_sv_t5,25,factor_residual,0.48052840770340766,0.48052840770340766,5,0.22033898305084745,0.1442356273088826,,0.1,2346513697
market_only_sv_t5,26,raw,1.0,1.0,45,0.5,0.4667554825475872,0.7627118644067796,0.10000000000000003,2867025247
market_only_sv_t5,26,demeaned,1.0,1.0,13,0.28813559322033905,0.2198080783152817,0.2542372881355932,0.10000000000000003,2475350205
market_only_sv_t5,26,factor_residual,0.3657534811593636,0.3657534811593636,4,0.1864406779661017,0.12224598075846829,,0.10000000000000002,3185264674
market_only_sv_t5,27,raw,1.0,1.0,43,0.4661016949152542,0.4403843243826834,0.7288135593220338,0.10000000000000002,37671179
market_only_sv_t5,27,demeaned,1.0,1.0,16,0.2966101694915254,0.2295056880031457,0.3220338983050847,0.1,53089717
market_only_sv_t5,27,factor_residual,0.3054416501798854,0.11481727095573847,4,0.2033898305084746,0.11965328450184673,,0.10000000000000003,478086734
market_only_sv_t5,28,raw,1.0,1.0,45,0.4915254237288136,0.4633555804736447,0.7627118644067796,0.10000000000000002,1025944241
market_only_sv_t5,28,demeaned,1.0,1.0,14,0.3050847457627119,0.23254264483162787,0.3220338983050847,0.10000000000000002,2038955254
market_only_sv_t5,28,factor_residual,0.4504506632256636,0.18485111244964186,5,0.2288135593220339,0.13297112810613562,,0.10000000000000005,2546695861
market_only_sv_t5,29,raw,1.0,1.0,39,0.44915254237288116,0.401475408596125,0.6610169491525424,0.10000000000000003,2300821377
market_only_sv_t5,29,demeaned,1.0,1.0,15,0.2796610169491525,0.23160527429256247,0.288135593220339,0.10000000000000002,471823454
market_only_sv_t5,29,factor_residual,0.3750863716349012,0.3453505024387379,6,0.211864406779661,0.13569728164546216,,0.10000000000000003,1250469226
market_only_sv_t5,30,raw,1.0,1.0,47,0.5,0.47442545378430556,0.7966101694915254,0.10000000000000003,488572289
market_only_sv_t5,30,demeaned,1.0,1.0,17,0.288135593220339,0.23631146748731496,0.288135593220339,0.1,3424732303
market_only_sv_t5,30,factor_residual,0.448843575868576,0.448843575868576,5,0.211864406779661,0.1369059256850384,,0.10000000000000002,2240065277
market_only_sv_t5,31,raw,1.0,1.0,43,0.483050847457627,0.453976688684567,0.7288135593220338,0.10000000000000003,458197312
market_only_sv_t5,31,demeaned,1.0,1.0,18,0.3135593220338983,0.25919701376777654,0.3220338983050847,0.1,2195844522
market_only_sv_t5,31,factor_residual,0.7140540353437412,0.7140540353437412,7,0.2711864406779661,0.16007862515655388,,0.10000000000000002,1836342654
market_only_sv_t5,32,raw,1.0,1.0,37,0.4576271186440677,0.42521257238269367,0.6271186440677966,0.10000000000000002,127681547
market_only_sv_t5,32,demeaned,0.9995,0.9995,15,0.3050847457627119,0.2470716746530306,0.2711864406779661,0.10000000000000002,2454787530
market_only_sv_t5,32,factor_residual,0.5942830871742635,0.5942830871742635,6,0.23728813559322032,0.14802195177703656,,0.10000000000000002,2429991645
market_only_sv_t5,33,raw,1.0,1.0,44,0.48305084745762716,0.45725875700033297,0.7457627118644068,0.10000000000000002,2898494152
market_only_sv_t5,33,demeaned,1.0,1.0,12,0.2711864406779661,0.21400490328880167,0.22033898305084745,0.1,3130932888
market_only_sv_t5,33,factor_residual,0.41395692689663294,0.41395692689663294,4,0.19491525423728814,0.13374286864404014,,0.1,1980135442
market_only_sv_t5,34,raw,1.0,1.0,46,0.4915254237288134,0.45743186579000006,0.7796610169491526,0.10000000000000003,3205996472
market_only_sv_t5,34,demeaned,1.0,1.0,20,0.3135593220338983,0.26222905263286617,0.4067796610169492,0.10000000000000003,1224134021
market_only_sv_t5,34,factor_residual,0.3401702318922909,0.2683497585747586,5,0.211864406779661,0.1344542664643986,,0.10000000000000002,3148897790
market_only_sv_t5,35,raw,1.0,1.0,45,0.49999999999999994,0.46239443076171644,0.7627118644067796,0.10000000000000002,3429299828
market_only_sv_t5,35,demeaned,1.0,1.0,13,0.2627118644067797,0.20927470298063525,0.2711864406779661,0.1,1822907939
market_only_sv_t5,35,factor_residual,0.33930711559682153,0.33930711559682153,5,0.21186440677966104,0.13246777431331272,,0.10000000000000002,1019351945
market_only_sv_t5,36,raw,1.0,1.0,39,0.45762711864406774,0.42602265434055175,0.6610169491525424,0.10000000000000002,933466592
market_only_sv_t5,36,demeaned,1.0,1.0,15,0.29661016949152547,0.23090840063890913,0.2711864406779661,0.10000000000000002,2313449879
market_only_sv_t5,36,factor_residual,0.3780196192610282,0.3780196192610282,6,0.23728813559322035,0.14117640089710662,,0.10000000000000005,373640435
market_only_sv_t5,37,raw,1.0,1.0,47,0.5,0.4652394315478765,0.7966101694915254,0.1,1036338703
market_only_sv_t5,37,demeaned,1.0,1.0,19,0.3220338983050847,0.2558082920845633,0.3559322033898305,0.10000000000000003,4256447633
market_only_sv_t5,37,factor_residual,0.4825879821159235,0.4825879821159235,6,0.21186440677966104,0.13344736640339833,,0.10000000000000003,3653173672
market_only_sv_t5,38,raw,1.0,1.0,41,0.46610169491525444,0.423173297983057,0.6949152542372882,0.10000000000000003,3799290820
market_only_sv_t5,38,demeaned,1.0,1.0,19,0.3474576271186441,0.25904857402484516,0.3389830508474576,0.1,2064849945
market_only_sv_t5,38,factor_residual,0.517782356205886,0.517782356205886,8,0.2288135593220339,0.15302789341626583,,0.10000000000000003,2295188179
market_only_sv_t5,39,raw,1.0,1.0,43,0.47457627118644075,0.43951187950174164,0.7288135593220338,0.10000000000000002,2360995895
market_only_sv_t5,39,demeaned,1.0,1.0,15,0.2796610169491525,0.22003147605689982,0.288135593220339,0.10000000000000002,228750761
market_only_sv_t5,39,factor_residual,0.5927356899636314,0.3063195591474229,5,0.22033898305084745,0.13984059671139357,,0.10000000000000003,2115312221
market_only_sv_t5,40,raw,1.0,1.0,44,0.48305084745762716,0.44952658986122407,0.7457627118644068,0.10000000000000002,3430802737
market_only_sv_t5,40,demeaned,1.0,1.0,17,0.3050847457627119,0.2497615844137031,0.3050847457627119,0.10000000000000002,897800105
market_only_sv_t5,40,factor_residual,0.36564836742205176,0.33410351359167156,6,0.23728813559322035,0.13891772191036247,,0.10000000000000003,3688960373
market_only_sv_t5,41,raw,1.0,1.0,46,0.49999999999999994,0.4659998362893979,0.7796610169491526,0.10000000000000002,2520892805
market_only_sv_t5,41,demeaned,0.999,0.999,15,0.2796610169491525,0.2319945268479167,0.2711864406779661,0.10000000000000002,2942854576
market_only_sv_t5,41,factor_residual,0.4488068181818184,0.34241369741369754,5,0.23728813559322035,0.14991117642051097,,0.10000000000000003,184535399
market_only_sv_t5,42,raw,1.0,1.0,48,0.4915254237288134,0.4701103841705425,0.8135593220338984,0.10000000000000002,2857796042
market_only_sv_t5,42,demeaned,1.0,1.0,17,0.3050847457627119,0.24143447731646886,0.3559322033898305,0.1,2404632763
market_only_sv_t5,42,factor_residual,0.512758633033633,0.512758633033633,6,0.2288135593220339,0.1506671952742616,,0.10000000000000003,1968334099
market_only_sv_t5,43,raw,1.0,1.0,48,0.49999999999999983,0.4729653823114494,0.8135593220338984,0.10000000000000003,1963822552
market_only_sv_t5,43,demeaned,1.0,1.0,18,0.2966101694915254,0.23881945349986225,0.3220338983050847,0.09999999999999999,3504883378
market_only_sv_t5,43,factor_residual,0.42119327894327907,0.42119327894327907,6,0.22033898305084745,0.13737701395065555,,0.10000000000000003,3353764888
market_only_sv_t5,44,raw,1.0,1.0,39,0.47457627118644063,0.42665488378680844,0.6610169491525424,0.10000000000000003,1233164958
market_only_sv_t5,44,demeaned,1.0,1.0,17,0.3135593220338983,0.2480286254705746,0.3050847457627119,0.1,678033257
market_only_sv_t5,44,factor_residual,0.43838881673881686,0.43838881673881686,6,0.2288135593220339,0.14295973793156,,0.10000000000000002,2457863497
market_only_sv_t5,45,raw,1.0,1.0,44,0.5,0.46372371406150076,0.7457627118644068,0.1,1753912545
market_only_sv_t5,45,demeaned,1.0,1.0,18,0.3135593220338983,0.2558511474401305,0.3389830508474576,0.1,3060041650
market_only_sv_t5,45,factor_residual,0.34925637491163825,0.34925637491163825,5,0.2288135593220339,0.14419459918860011,,0.10000000000000002,1050324781
market_only_sv_t5,46,raw,1.0,1.0,46,0.5084745762711863,0.4678856307909235,0.7796610169491526,0.10000000000000003,2012644332
market_only_sv_t5,46,demeaned,1.0,1.0,17,0.3389830508474576,0.2591413645206018,0.3220338983050847,0.10000000000000002,696558618
market_only_sv_t5,46,factor_residual,0.49714688612041585,0.49714688612041585,6,0.23728813559322035,0.1509345047436662,,0.10000000000000003,956040645
market_only_sv_t5,47,raw,1.0,1.0,40,0.4830508474576271,0.4323446309779409,0.6779661016949152,0.10000000000000002,1846049598
market_only_sv_t5,47,demeaned,1.0,1.0,19,0.31355932203389825,0.2617760112298247,0.3389830508474576,0.1,453890504
market_only_sv_t5,47,factor_residual,0.357731587856588,0.3497313242313242,5,0.211864406779661,0.13137602172392807,,0.10000000000000003,4230715290
market_only_sv_t5,48,raw,1.0,1.0,40,0.4576271186440679,0.42545118219411027,0.6779661016949152,0.10000000000000002,792020280
market_only_sv_t5,48,demeaned,1.0,1.0,13,0.2627118644067797,0.22058936261478632,0.23728813559322035,0.10000000000000002,1516214038
market_only_sv_t5,48,factor_residual,0.38194078633784534,0.2876728105228103,6,0.2288135593220339,0.14060304415314387,,0.10000000000000003,3131807972
market_only_sv_t5,49,raw,1.0,1.0,39,0.4745762711864407,0.4338531535615999,0.6610169491525424,0.10000000000000003,3649984310
market_only_sv_t5,49,demeaned,1.0,1.0,17,0.288135593220339,0.24557643698109807,0.3389830508474576,0.1,964409923
market_only_sv_t5,49,factor_residual,0.4043705268415795,0.3223713190318454,5,0.22033898305084745,0.13417651705981196,,0.10000000000000005,1386055317
market_only_sv_t5,50,raw,1.0,1.0,44,0.48305084745762705,0.44403087702995087,0.7457627118644068,0.10000000000000005,4011474176
market_only_sv_t5,50,demeaned,1.0,1.0,16,0.2796610169491525,0.24155975389958445,0.3220338983050847,0.10000000000000003,2781617411
market_only_sv_t5,50,factor_residual,0.39687153679653703,0.3638544868530163,4,0.17796610169491525,0.12658861642401031,,0.10000000000000003,2262667273
market_only_sv_t5,51,raw,1.0,1.0,42,0.47457627118644063,0.4374499011575084,0.711864406779661,0.1,1252390429
market_only_sv_t5,51,demeaned,1.0,1.0,16,0.2796610169491525,0.23590259307547437,0.3559322033898305,0.10000000000000002,1681768694
market_only_sv_t5,51,factor_residual,0.49633035624506217,0.3652043286778582,5,0.21186440677966098,0.13933491568252293,,0.10000000000000003,2191405652
market_only_sv_t5,52,raw,1.0,1.0,45,0.48305084745762716,0.4560829118787494,0.7627118644067796,0.10000000000000003,2318258191
market_only_sv_t5,52,demeaned,1.0,1.0,19,0.3389830508474576,0.2765528124888294,0.3898305084745763,0.10000000000000002,1532874884
market_only_sv_t5,52,factor_residual,0.3995741637447521,0.28964579766638615,6,0.19491525423728814,0.127041676499528,,0.10000000000000003,3734641673
market_only_sv_t5,53,raw,1.0,1.0,44,0.483050847457627,0.4481574238407719,0.7457627118644068,0.1,2408495406
market_only_sv_t5,53,demeaned,1.0,1.0,17,0.3050847457627119,0.23949438057234668,0.3220338983050847,0.10000000000000002,1571332915
market_only_sv_t5,53,factor_residual,0.4910124710257067,0.4910124710257067,5,0.2288135593220339,0.1400879441692129,,0.10000000000000003,4165090867
market_only_sv_t5,54,raw,1.0,1.0,42,0.4661016949152544,0.4343423730456105,0.711864406779661,0.10000000000000003,2165425680
market_only_sv_t5,54,demeaned,1.0,1.0,15,0.2627118644067797,0.22770081773217368,0.3220338983050847,0.10000000000000003,1833186578
market_only_sv_t5,54,factor_residual,0.4079358946608948,0.26082734895823134,4,0.19491525423728814,0.12977947681541904,,0.10000000000000005,2440979852
market_only_sv_t5,55,raw,1.0,1.0,47,0.49152542372881336,0.4707795326018282,0.7966101694915254,0.10000000000000003,3549486093
market_only_sv_t5,55,demeaned,1.0,1.0,15,0.3050847457627119,0.24151775014063157,0.3050847457627119,0.10000000000000002,2252884147
market_only_sv_t5,55,factor_residual,0.36259654512154527,0.16453719657535454,5,0.2033898305084746,0.12025002972596315,,0.10000000000000002,1149514016
market_only_sv_t5,56,raw,1.0,1.0,44,0.48305084745762705,0.4526974233143993,0.7457627118644068,0.10000000000000003,3936541053
market_only_sv_t5,56,demeaned,1.0,1.0,18,0.31355932203389825,0.2653993180548265,0.3559322033898305,0.10000000000000003,3131182661
market_only_sv_t5,56,factor_residual,0.31340420706744243,0.31340420706744243,5,0.2033898305084746,0.12891403246554048,,0.10000000000000003,2318450018
market_only_sv_t5,57,raw,1.0,1.0,42,0.47457627118644063,0.4456421194494986,0.711864406779661,0.10000000000000002,766803980
market_only_sv_t5,57,demeaned,1.0,1.0,16,0.2796610169491525,0.2322557126516997,0.3050847457627119,0.10000000000000003,1860285453
market_only_sv_t5,57,factor_residual,0.5780531068604601,0.5780531068604601,5,0.2033898305084746,0.13908888446354803,,0.1,3928616121
market_only_sv_t5,58,raw,1.0,1.0,43,0.4661016949152542,0.43742933558231034,0.7288135593220338,0.10000000000000003,523889536
market_only_sv_t5,58,demeaned,1.0,1.0,15,0.2796610169491525,0.23300347265728621,0.2711864406779661,0.1,1110120093
market_only_sv_t5,58,factor_residual,0.35184649794649814,0.20897926240426237,5,0.2033898305084746,0.13634248054205683,,0.10000000000000003,2067124180
market_only_sv_t5,59,raw,1.0,1.0,43,0.47457627118644063,0.44256492955410015,0.7288135593220338,0.1,457570993
market_only_sv_t5,59,demeaned,1.0,1.0,15,0.2796610169491525,0.23494138587401303,0.288135593220339,0.10000000000000002,743891479
market_only_sv_t5,59,factor_residual,0.2950573467382293,0.21497237369613528,5,0.211864406779661,0.12199304511809696,,0.10000000000000002,2574269133
market_only_sv_t5,60,raw,1.0,1.0,43,0.483050847457627,0.4460302741341322,0.7288135593220338,0.10000000000000002,2419356466
market_only_sv_t5,60,demeaned,1.0,1.0,16,0.2627118644067797,0.22613718959947776,0.3050847457627119,0.10000000000000002,4236394555
market_only_sv_t5,60,factor_residual,0.35294660485713136,0.28256831599772786,6,0.22033898305084745,0.13313048588241044,,0.10000000000000003,3154024244
market_only_sv_t5,61,raw,1.0,1.0,42,0.47457627118644063,0.4425426915723028,0.711864406779661,0.10000000000000003,3899840957
market_only_sv_t5,61,demeaned,1.0,1.0,17,0.288135593220339,0.24850470066656505,0.3220338983050847,0.10000000000000002,1941953389
market_only_sv_t5,61,factor_residual,0.5570099088819676,0.16568420158273103,6,0.22881355932203395,0.14060076829396376,,0.10000000000000002,1077717067
market_only_sv_t5,62,raw,1.0,1.0,41,0.46610169491525427,0.41969391913454074,0.6949152542372882,0.10000000000000003,3703092663
market_only_sv_t5,62,demeaned,1.0,1.0,18,0.3135593220338983,0.2530127299254418,0.3559322033898305,0.10000000000000003,890595584
market_only_sv_t5,62,factor_residual,0.36489276099717294,0.32030892326627647,5,0.2288135593220339,0.13107309817273682,,0.10000000000000003,3316887024
market_only_sv_t5,63,raw,1.0,1.0,42,0.4830508474576271,0.43282076074211784,0.711864406779661,0.10000000000000005,2771427570
market_only_sv_t5,63,demeaned,1.0,1.0,16,0.288135593220339,0.22653045029358593,0.3389830508474576,0.1,1940282443
market_only_sv_t5,63,factor_residual,0.2940942112926634,0.18336419789360964,5,0.211864406779661,0.1254370886960841,,0.10000000000000002,4233296302
market_only_sv_t5,64,raw,1.0,1.0,49,0.5084745762711864,0.4780812587310221,0.8305084745762712,0.10000000000000005,2119675016
market_only_sv_t5,64,demeaned,1.0,1.0,14,0.2796610169491525,0.22270318585258764,0.3050847457627119,0.1,1185943752
market_only_sv_t5,64,factor_residual,0.4925170223567285,0.4925170223567285,6,0.23728813559322035,0.1532669560817492,,0.10000000000000002,1152463913
market_only_sv_t5,65,raw,1.0,1.0,48,0.5084745762711863,0.4713558395730197,0.8135593220338984,0.10000000000000002,3272181881
market_only_sv_t5,65,demeaned,1.0,1.0,16,0.2796610169491525,0.2339748486530641,0.3220338983050847,0.10000000000000002,1189480899
market_only_sv_t5,65,factor_residual,0.35518780239368497,0.2981253426312249,5,0.19491525423728814,0.12531477803934188,,0.10000000000000003,1240928545
market_only_sv_t5,66,raw,1.0,1.0,45,0.48305084745762716,0.45474358198102316,0.7627118644067796,0.10000000000000005,1022295596
market_only_sv_t5,66,demeaned,1.0,1.0,19,0.3305084745762712,0.27489144941687316,0.4067796610169492,0.10000000000000003,3299874167
market_only_sv_t5,66,factor_residual,0.42019653728624323,0.42019653728624323,6,0.2457627118644068,0.14879023412335976,,0.10000000000000002,2372756807
market_only_sv_t5,67,raw,1.0,1.0,45,0.4745762711864406,0.44736499092364274,0.7627118644067796,0.10000000000000003,1728071038
market_only_sv_t5,67,demeaned,1.0,1.0,16,0.2796610169491525,0.23638147445774563,0.3050847457627119,0.1,1319321395
market_only_sv_t5,67,factor_residual,0.3120904156301217,0.3120904156301217,5,0.22033898305084745,0.1280839485456385,,0.10000000000000002,2768577607
market_only_sv_t5,68,raw,1.0,1.0,44,0.483050847457627,0.445890235305761,0.7457627118644068,0.10000000000000003,501483219
market_only_sv_t5,68,demeaned,1.0,1.0,17,0.3220338983050847,0.26835207095164726,0.3728813559322034,0.1,1547069962
market_only_sv_t5,68,factor_residual,0.5619421940804297,0.2020041541791542,5,0.2033898305084746,0.12842497276319562,,0.10000000000000003,111751729
market_only_sv_t5,69,raw,1.0,1.0,45,0.4915254237288136,0.4596901535527552,0.7627118644067796,0.10000000000000003,1991083782
market_only_sv_t5,69,demeaned,1.0,1.0,16,0.288135593220339,0.2457627285614574,0.3050847457627119,0.1,3209835183
market_only_sv_t5,69,factor_residual,0.34016339591780775,0.3035194426488544,5,0.211864406779661,0.1267991406995022,,0.10000000000000002,2733304507
market_only_sv_t5,70,raw,1.0,1.0,47,0.5084745762711864,0.4696780556709271,0.7966101694915254,0.10000000000000002,1910280121
market_only_sv_t5,70,demeaned,1.0,1.0,17,0.3135593220338983,0.24534018100543525,0.3559322033898305,0.1,353210811
market_only_sv_t5,70,factor_residual,0.32610129816004446,0.3247190984969624,6,0.2457627118644068,0.13710035054239286,,0.10000000000000003,1480261528
market_only_sv_t5,71,raw,1.0,1.0,41,0.4661016949152542,0.43645955183503143,0.6949152542372882,0.1,1011321189
market_only_sv_t5,71,demeaned,1.0,1.0,18,0.3389830508474576,0.27375641035047815,0.3389830508474576,0.1,1382790602
market_only_sv_t5,71,factor_residual,0.49448197080697104,0.4173827455224517,8,0.2542372881355932,0.15322203596226527,,0.10000000000000003,18207782
market_only_sv_t5,72,raw,1.0,1.0,45,0.48305084745762716,0.45613755568790937,0.7627118644067796,0.10000000000000003,3134764692
market_only_sv_t5,72,demeaned,1.0,1.0,19,0.3135593220338983,0.25819328388184315,0.3728813559322034,0.10000000000000002,2286064988
market_only_sv_t5,72,factor_residual,0.4700024475524477,0.4700024475524477,6,0.22033898305084745,0.1423488877799945,,0.10000000000000003,3306017343
market_only_sv_t5,73,raw,1.0,1.0,44,0.48305084745762716,0.4559126474746444,0.7457627118644068,0.10000000000000002,2167261646
market_only_sv_t5,73,demeaned,1.0,1.0,20,0.3389830508474576,0.2673852719549754,0.3898305084745763,0.10000000000000002,1705168939
market_only_sv_t5,73,factor_residual,0.34640469497822435,0.34640469497822435,6,0.22033898305084745,0.12788655081901595,,0.10000000000000002,4012534788
market_only_sv_t5,74,raw,1.0,1.0,46,0.4915254237288135,0.4599578338865567,0.7796610169491526,0.10000000000000005,3940462379
market_only_sv_t5,74,demeaned,1.0,1.0,17,0.3220338983050847,0.25397827130496625,0.3559322033898305,0.10000000000000003,1402524943
market_only_sv_t5,74,factor_residual,0.4051014789132436,0.3514046074840194,5,0.21186440677966104,0.13802026264004083,,0.10000000000000003,1324948036
market_only_sv_t5,75,raw,1.0,1.0,40,0.44915254237288127,0.4221612625511686,0.6779661016949152,0.10000000000000002,3493865745
market_only_sv_t5,75,demeaned,1.0,1.0,16,0.288135593220339,0.234063015484202,0.3050847457627119,0.10000000000000002,3335424722
market_only_sv_t5,75,factor_residual,0.35678878017407417,0.2596279604382546,5,0.21186440677966104,0.139829803354118,,0.10000000000000002,328570173
market_only_sv_t5,76,raw,1.0,1.0,40,0.4745762711864407,0.4277355294506091,0.6779661016949152,0.09999999999999999,1065100659
market_only_sv_t5,76,demeaned,1.0,1.0,16,0.2796610169491525,0.2336091369553234,0.288135593220339,0.1,3304925559
market_only_sv_t5,76,factor_residual,0.43352200544553493,0.08944117598088185,4,0.20338983050847453,0.13013289573780604,,0.10000000000000002,3818240881
market_only_sv_t5,77,raw,1.0,1.0,41,0.4830508474576271,0.44318000278175934,0.6949152542372882,0.10000000000000002,3626844009
market_only_sv_t5,77,demeaned,1.0,1.0,15,0.27118644067796605,0.22366152807810338,0.3220338983050847,0.10000000000000002,1792011614
market_only_sv_t5,77,factor_residual,0.23569388242476486,0.20245961260961276,4,0.16949152542372883,0.11496859207038675,,0.10000000000000005,768800745
market_only_sv_t5,78,raw,1.0,1.0,43,0.4661016949152542,0.43180217757063716,0.7288135593220338,0.10000000000000003,507477355
market_only_sv_t5,78,demeaned,1.0,1.0,14,0.2711864406779661,0.2140872955973904,0.288135593220339,0.10000000000000002,3814001365
market_only_sv_t5,78,factor_residual,0.48933814959550276,0.28655344377844383,5,0.22033898305084743,0.13889578238727043,,0.10000000000000002,2823166239
market_only_sv_t5,79,raw,1.0,1.0,45,0.5084745762711864,0.4671780476617597,0.7627118644067796,0.10000000000000003,4221912761
market_only_sv_t5,79,demeaned,1.0,1.0,20,0.30508474576271183,0.26183898869492084,0.3898305084745763,0.09999999999999999,3938268772
market_only_sv_t5,79,factor_residual,0.39119284460809234,0.28613095956331247,5,0.22033898305084745,0.13587606539472782,,0.1,1945930551
market_only_sv_t5,80,raw,1.0,1.0,46,0.4830508474576271,0.45348746900244596,0.7796610169491526,0.10000000000000003,201249279
market_only_sv_t5,80,demeaned,1.0,1.0,16,0.3050847457627119,0.24911240844842542,0.3559322033898305,0.10000000000000003,727702277
market_only_sv_t5,80,factor_residual,0.394435528850235,0.394435528850235,6,0.22033898305084745,0.1390019847489826,,0.10000000000000003,1058272063
market_only_sv_t5,81,raw,1.0,1.0,44,0.45762711864406763,0.4423651905983215,0.7457627118644068,0.10000000000000002,1915605454
market_only_sv_t5,81,demeaned,1.0,1.0,15,0.28813559322033894,0.237270582383718,0.288135593220339,0.1,890863935
market_only_sv_t5,81,factor_residual,0.34056207615913525,0.26073771783771793,4,0.17796610169491525,0.1279670472210851,,0.09999999999999999,268781213
market_only_sv_t5,82,raw,1.0,1.0,43,0.47457627118644063,0.4416386305162833,0.7288135593220338,0.10000000000000003,3833213549
market_only_sv_t5,82,demeaned,1.0,1.0,17,0.3135593220338983,0.24715128111060314,0.3559322033898305,0.10000000000000003,743948152
market_only_sv_t5,82,factor_residual,0.4041674831704247,0.4041674831704247,6,0.21186440677966098,0.1310597420705472,,0.10000000000000003,2154342193
market_only_sv_t5,83,raw,1.0,1.0,44,0.46610169491525405,0.4433249066434432,0.7457627118644068,0.1,900823019
market_only_sv_t5,83,demeaned,1.0,1.0,15,0.27966101694915246,0.22721258595453508,0.2711864406779661,0.1,1163905278
market_only_sv_t5,83,factor_residual,0.34197241647241655,0.34197241647241655,5,0.1949152542372881,0.12761496787249532,,0.10000000000000003,2294132890
market_only_sv_t5,84,raw,1.0,1.0,44,0.4745762711864408,0.44623446970235753,0.7457627118644068,0.10000000000000002,1655904378
market_only_sv_t5,84,demeaned,1.0,1.0,14,0.2796610169491525,0.21287403375814395,0.2711864406779661,0.1,1582735884
market_only_sv_t5,84,factor_residual,0.4156713270303829,0.11404602210654843,4,0.1864406779661017,0.12803116241431167,,0.10000000000000003,2032506951
market_only_sv_t5,85,raw,1.0,1.0,43,0.4915254237288135,0.4523957066741948,0.7288135593220338,0.10000000000000003,3921643075
market_only_sv_t5,85,demeaned,1.0,1.0,15,0.2966101694915254,0.23128774384748962,0.3220338983050847,0.09999999999999999,1194340730
market_only_sv_t5,85,factor_residual,0.31006995749348704,0.27025851142321733,5,0.2033898305084746,0.12538247983737769,,0.10000000000000002,2975157438
market_only_sv_t5,86,raw,1.0,1.0,48,0.5084745762711863,0.47540864077384776,0.8135593220338984,0.10000000000000006,3659402006
market_only_sv_t5,86,demeaned,1.0,1.0,19,0.3135593220338983,0.27015276677183453,0.3559322033898305,0.10000000000000002,502310283
market_only_sv_t5,86,factor_residual,0.30058555431496603,0.2824166260210376,5,0.21186440677966104,0.13460636666424305,,0.1,3575223174
market_only_sv_t5,87,raw,1.0,1.0,48,0.49999999999999983,0.4745334816170927,0.8135593220338984,0.10000000000000002,2718518435
market_only_sv_t5,87,demeaned,1.0,1.0,18,0.3389830508474576,0.26914953662157054,0.3220338983050847,0.1,2436784855
market_only_sv_t5,87,factor_residual,0.533423229711465,0.533423229711465,8,0.22033898305084745,0.14647565454098352,,0.10000000000000003,433341098
market_only_sv_t5,88,raw,1.0,1.0,41,0.46610169491525444,0.42866529778662227,0.6949152542372882,0.10000000000000005,3015508033
market_only_sv_t5,88,demeaned,1.0,1.0,20,0.3135593220338983,0.2571256063616233,0.3728813559322034,0.1,2990384897
market_only_sv_t5,88,factor_residual,0.43245359248594534,0.24970830329800922,4,0.20338983050847453,0.129079655035338,,0.10000000000000003,346867884
market_only_sv_t5,89,raw,1.0,1.0,43,0.47457627118644075,0.44631701145730307,0.7288135593220338,0.1,2892539362
market_only_sv_t5,89,demeaned,1.0,1.0,13,0.288135593220339,0.2270584609364271,0.2542372881355932,0.1,3296882149
market_only_sv_t5,89,factor_residual,0.32827614885114903,0.25515219959778784,6,0.20338983050847453,0.1314949259088093,,0.1,693330972
market_only_sv_t5,90,raw,1.0,1.0,42,0.4661016949152544,0.42995090081101256,0.711864406779661,0.10000000000000002,1673251566
market_only_sv_t5,90,demeaned,1.0,1.0,15,0.2966101694915254,0.2447084305054644,0.3050847457627119,0.10000000000000002,1168094907
market_only_sv_t5,90,factor_residual,0.44404620624473573,0.44404620624473573,6,0.2033898305084746,0.131536206270466,,0.10000000000000002,3758470762
market_only_sv_t5,91,raw,1.0,1.0,37,0.4576271186440678,0.41826084877651426,0.6271186440677966,0.10000000000000002,2804907073
market_only_sv_t5,91,demeaned,1.0,1.0,15,0.3135593220338982,0.2494148949449797,0.2711864406779661,0.1,3857458865
market_only_sv_t5,91,factor_residual,0.4408268842268842,0.22957948162948158,5,0.23728813559322035,0.15229035566184118,,0.1,459389666
market_only_sv_t5,92,raw,1.0,1.0,47,0.5,0.4665359752530503,0.7966101694915254,0.10000000000000005,1077391653
market_only_sv_t5,92,demeaned,1.0,1.0,14,0.2966101694915254,0.22837173029418795,0.2711864406779661,0.10000000000000003,239847445
market_only_sv_t5,92,factor_residual,0.3558171994671996,0.2922812303709367,6,0.19491525423728817,0.13012067289501245,,0.10000000000000003,2669828581
market_only_sv_t5,93,raw,1.0,1.0,38,0.45762711864406785,0.4275522650146047,0.6440677966101694,0.10000000000000003,536805208
market_only_sv_t5,93,demeaned,1.0,1.0,14,0.32203389830508483,0.23957975122252295,0.2542372881355932,0.10000000000000003,3598519871
market_only_sv_t5,93,factor_residual,0.5453688729571086,0.3160373378255733,5,0.211864406779661,0.14154354222408813,,0.10000000000000005,4118652580
market_only_sv_t5,94,raw,1.0,1.0,44,0.5,0.45217734829684375,0.7457627118644068,0.10000000000000003,547414290
market_only_sv_t5,94,demeaned,1.0,1.0,17,0.28813559322033894,0.24276260347467973,0.3389830508474576,0.10000000000000002,937346873
market_only_sv_t5,94,factor_residual,0.27106826343591045,0.09419691811456518,4,0.2033898305084746,0.12263957462582839,,0.10000000000000003,2944752434
market_only_sv_t5,95,raw,1.0,1.0,43,0.4915254237288135,0.44608835035261746,0.7288135593220338,0.10000000000000003,2764438470
market_only_sv_t5,95,demeaned,1.0,1.0,17,0.3050847457627119,0.24446918859084865,0.3220338983050847,0.1,2091144054
market_only_sv_t5,95,factor_residual,0.34230577587187516,0.15244427059868243,4,0.1779661016949152,0.11413597469883618,,0.10000000000000005,2094053570
market_only_sv_t5,96,raw,1.0,1.0,43,0.4915254237288136,0.44793686334021576,0.7288135593220338,0.09999999999999999,3298433105
market_only_sv_t5,96,demeaned,1.0,1.0,17,0.288135593220339,0.24425041580359377,0.288135593220339,0.10000000000000003,3859245652
market_only_sv_t5,96,factor_residual,0.4998066489066491,0.2398412171162171,5,0.2033898305084746,0.13193816323673005,,0.10000000000000003,2543668694
market_only_sv_t5,97,raw,1.0,1.0,42,0.4745762711864407,0.4332564403526018,0.711864406779661,0.10000000000000003,1326019578
market_only_sv_t5,97,demeaned,1.0,1.0,19,0.3559322033898305,0.27476003535071336,0.3389830508474576,0.10000000000000002,583935769
market_only_sv_t5,97,factor_residual,0.3398450748597806,0.2782608724608724,4,0.19491525423728814,0.12707253099454,,0.10000000000000003,163428239
market_only_sv_t5,98,raw,1.0,1.0,41,0.47457627118644063,0.4387298558126206,0.6949152542372882,0.1,3856305114
market_only_sv_t5,98,demeaned,1.0,1.0,12,0.2796610169491525,0.21868840396891248,0.23728813559322035,0.10000000000000006,3848866720
market_only_sv_t5,98,factor_residual,0.45505612165612164,0.16785447265153156,5,0.211864406779661,0.1368818229737472,,0.1,1330327449
market_only_sv_t5,99,raw,1.0,1.0,44,0.47457627118644075,0.446770736338708,0.7457627118644068,0.10000000000000002,1251694539
market_only_sv_t5,99,demeaned,1.0,1.0,15,0.288135593220339,0.23238333577909856,0.288135593220339,0.1,3702687109
market_only_sv_t5,99,factor_residual,0.3682687477039646,0.338693630878925,5,0.22033898305084743,0.13102332741851624,,0.10000000000000005,487620229
