model,n,rep,seed,epsilon,band_coverage,degree_coverage,top1_candidate_size,top1_certified,mean_degree_width
independent,252,0,301774,0.3536327167435648,1.0,1.0,12,0,10.0
independent,252,1,301775,0.3536327167435648,1.0,1.0,12,0,10.0
independent,252,2,301776,0.3536327167435648,1.0,1.0,12,0,10.0
independent,252,3,301777,0.3536327167435648,1.0,1.0,12,0,10.0
independent,252,4,301778,0.3536327167435648,1.0,1.0,12,0,10.0
independent,252,5,301779,0.3536327167435648,1.0,1.0,12,0,10.0
independent,252,6,301780,0.3536327167435648,1.0,1.0,12,0,10.0
independent,252,7,301781,0.3536327167435648,1.0,1.0,12,0,10.0
independent,252,8,301782,0.3536327167435648,1.0,1.0,12,0,10.0
independent,252,9,301783,0.3536327167435648,1.0,1.0,12,0,10.0
independent,252,10,301784,0.3536327167435648,1.0,1.0,12,0,10.0
independent,252,11,301785,0.3536327167435648,1.0,1.0,12,0,10.0
independent,252,12,301786,0.3536327167435648,1.0,1.0,12,0,10.0
independent,252,13,301787,0.3536327167435648,1.0,1.0,12,0,10.0
independent,252,14,301788,0.3536327167435648,1.0,1.0,12,0,10.0
independent,252,15,301789,0.3536327167435648,1.0,1.0,12,0,10.0
independent,252,16,301790,0.3536327167435648,1.0,1.0,12,0,10.0
independent,252,17,301791,0.3536327167435648,1.0,1.0,12,0,10.0
independent,252,18,301792,0.3536327167435648,1.0,1.0,12,0,10.0
independent,252,19,301793,0.3536327167435648,1.0,1.0,12,0,10.0
independent,252,20,301794,0.3536327167435648,1.0,1.0,12,0,10.0
independent,252,21,301795,0.3536327167435648,1.0,1.0,12,0,10.0
independent,252,22,301796,0.3536327167435648,1.0,1.0,12,0,10.0
independent,252,23,301797,0.3536327167435648,1.0,1.0,12,0,10.0
independent,252,24,301798,0.3536327167435648,1.0,1.0,12,0,10.0
independent,252,25,301799,0.3536327167435648,1.0,1.0,12,0,10.0
independent,252,26,301800,0.3536327167435648,1.0,1.0,12,0,10.0
independent,252,27,301801,0.3536327167435648,1.0,1.0,12,0,10.0
independent,252,28,301802,0.3536327167435648,1.0,1.0,12,0,10.0
independent,252,29,301803,0.3536327167435648,1.0,1.0,12,0,10.0
independent,252,30,301804,0.3536327167435648,1.0,1.0,12,0,10.0
independent,252,31,301805,0.3536327167435648,1.0,1.0,12,0,10.0
independent,252,32,301806,0.3536327167435648,1.0,1.0,12,0,10.0
independent,252,33,301807,0.3536327167435648,1.0,1.0,12,0,10.0
independent,252,34,301808,0.3536327167435648,1.0,1.0,12,0,10.0
independent,252,35,301809,0.3536327167435648,1.0,1.0,12,0,10.0
independent,252,36,301810,0.3536327167435648,1.0,1.0,12,0,10.0
independent,252,37,301811,0.3536327167435648,1.0,1.0,12,0,10.0
independent,252,38,301812,0.3536327167435648,1.0,1.0,12,0,10.0
independent,252,39,301813,0.3536327167435648,1.0,1.0,12,0,10.0
independent,252,40,301814,0.3536327167435648,1.0,1.0,12,0,10.0
independent,252,41,301815,0.3536327167435648,1.0,1.0,12,0,10.0
independent,252,42,301816,0.3536327167435648,1.0,1.0,12,0,10.0
independent,252,43,301817,0.3536327167435648,1.0,1.0,12,0,10.0
independent,252,44,301818,0.3536327167435648,1.0,1.0,12,0,10.0
independent,252,45,301819,0.3536327167435648,1.0,1.0,12,0,10.0
independent,252,46,301820,0.3536327167435648,1.0,1.0,12,0,10.0
independent,252,47,301821,0.3536327167435648,1.0,1.0,12,0,10.0
independent,252,48,301822,0.3536327167435648,1.0,1.0,12,0,10.0
independent,252,49,301823,0.3536327167435648,1.0,1.0,12,0,10.0
independent,252,50,301824,0.3536327167435648,1.0,1.0,12,0,10.0
independent,252,51,301825,0.3536327167435648,1.0,1.0,12,0,10.0
independent,252,52,301826,0.3536327167435648,1.0,1.0,12,0,10.0
independent,252,53,301827,0.3536327167435648,1.0,1.0,12,0,10.0
independent,252,54,301828,0.3536327167435648,1.0,1.0,12,0,10.0
independent,252,55,301829,0.3536327167435648,1.0,1.0,12,0,10.0
independent,252,56,301830,0.3536327167435648,1.0,1.0,12,0,10.0
independent,252,57,301831,0.3536327167435648,1.0,1.0,12,0,10.0
independent,252,58,301832,0.3536327167435648,1.0,1.0,12,0,10.0
independent,252,59,301833,0.3536327167435648,1.0,1.0,12,0,10.0
independent,252,60,301834,0.3536327167435648,1.0,1.0,12,0,10.0
independent,252,61,301835,0.3536327167435648,1.0,1.0,12,0,10.0
independent,252,62,301836,0.3536327167435648,1.0,1.0,12,0,10.0
independent,252,63,301837,0.3536327167435648,1.0,1.0,12,0,10.0
independent,252,64,301838,0.3536327167435648,1.0,1.0,12,0,10.0
independent,252,65,301839,0.3536327167435648,1.0,1.0,12,0,10.0
independent,252,66,301840,0.3536327167435648,1.0,1.0,12,0,10.0
independent,252,67,301841,0.3536327167435648,1.0,1.0,12,0,10.0
independent,252,68,301842,0.3536327167435648,1.0,1.0,12,0,10.0
independent,252,69,301843,0.3536327167435648,1.0,1.0,12,0,10.0
independent,252,70,301844,0.3536327167435648,1.0,1.0,12,0,10.0
independent,252,71,301845,0.3536327167435648,1.0,1.0,12,0,10.0
independent,252,72,301846,0.3536327167435648,1.0,1.0,12,0,10.0
independent,252,73,301847,0.3536327167435648,1.0,1.0,12,0,10.0
independent,252,74,301848,0.3536327167435648,1.0,1.0,12,0,10.0
independent,252,75,301849,0.3536327167435648,1.0,1.0,12,0,10.0
independent,252,76,301850,0.3536327167435648,1.0,1.0,12,0,10.0
independent,252,77,301851,0.3536327167435648,1.0,1.0,12,0,10.0
independent,252,78,301852,0.3536327167435648,1.0,1.0,12,0,10.0
independent,252,79,301853,0.3536327167435648,1.0,1.0,12,0,10.0
independent,252,80,301854,0.3536327167435648,1.0,1.0,12,0,10.0
independent,252,81,301855,0.3536327167435648,1.0,1.0,12,0,10.0
independent,252,82,301856,0.3536327167435648,1.0,1.0,12,0,10.0
independent,252,83,301857,0.3536327167435648,1.0,1.0,12,0,10.0
independent,252,84,301858,0.3536327167435648,1.0,1.0,12,0,10.0
independent,252,85,301859,0.3536327167435648,1.0,1.0,12,0,10.0
independent,252,86,301860,0.3536327167435648,1.0,1.0,12,0,10.0
independent,252,87,301861,0.3536327167435648,1.0,1.0,12,0,10.0
independent,252,88,301862,0.3536327167435648,1.0,1.0,12,0,10.0
independent,252,89,301863,0.3536327167435648,1.0,1.0,12,0,10.0
independent,252,90,301864,0.3536327167435648,1.0,1.0,12,0,10.0
independent,252,91,301865,0.3536327167435648,1.0,1.0,12,0,10.0
independent,252,92,301866,0.3536327167435648,1.0,1.0,12,0,10.0
independent,252,93,301867,0.3536327167435648,1.0,1.0,12,0,10.0
independent,252,94,301868,0.3536327167435648,1.0,1.0,12,0,10.0
independent,252,95,301869,0.3536327167435648,1.0,1.0,12,0,10.0
independent,252,96,301870,0.3536327167435648,1.0,1.0,12,0,10.0
independent,252,97,301871,0.3536327167435648,1.0,1.0,12,0,10.0
independent,252,98,301872,0.3536327167435648,1.0,1.0,12,0,10.0
independent,252,99,301873,0.3536327167435648,1.0,1.0,12,0,10.0
independent,252,100,301874,0.3536327167435648,1.0,1.0,12,0,10.0
independent,252,101,301875,0.3536327167435648,1.0,1.0,12,0,10.0
independent,252,102,301876,0.3536327167435648,1.0,1.0,12,0,10.0
independent,252,103,301877,0.3536327167435648,1.0,1.0,12,0,10.0
independent,252,104,301878,0.3536327167435648,1.0,1.0,12,0,10.0
independent,252,105,301879,0.3536327167435648,1.0,1.0,12,0,10.0
independent,252,106,301880,0.3536327167435648,1.0,1.0,12,0,10.0
independent,252,107,301881,0.3536327167435648,1.0,1.0,12,0,10.0
independent,252,108,301882,0.3536327167435648,1.0,1.0,12,0,10.0
independent,252,109,301883,0.3536327167435648,1.0,1.0,12,0,10.0
independent,252,110,301884,0.3536327167435648,1.0,1.0,12,0,10.0
independent,252,111,301885,0.3536327167435648,1.0,1.0,12,0,10.0
independent,252,112,301886,0.3536327167435648,1.0,1.0,12,0,10.0
independent,252,113,301887,0.3536327167435648,1.0,1.0,12,0,10.0
independent,252,114,301888,0.3536327167435648,1.0,1.0,12,0,10.0
independent,252,115,301889,0.3536327167435648,1.0,1.0,12,0,10.0
independent,252,116,301890,0.3536327167435648,1.0,1.0,12,0,10.0
independent,252,117,301891,0.3536327167435648,1.0,1.0,12,0,10.0
independent,252,118,301892,0.3536327167435648,1.0,1.0,12,0,10.0
independent,252,119,301893,0.3536327167435648,1.0,1.0,12,0,10.0
independent,252,120,301894,0.3536327167435648,1.0,1.0,12,0,10.0
independent,252,121,301895,0.3536327167435648,1.0,1.0,12,0,10.0
independent,252,122,301896,0.3536327167435648,1.0,1.0,12,0,10.0
independent,252,123,301897,0.3536327167435648,1.0,1.0,12,0,10.0
independent,252,124,301898,0.3536327167435648,1.0,1.0,12,0,10.0
independent,252,125,301899,0.3536327167435648,1.0,1.0,12,0,10.0
independent,252,126,301900,0.3536327167435648,1.0,1.0,12,0,10.0
independent,252,127,301901,0.3536327167435648,1.0,1.0,12,0,10.0
independent,252,128,301902,0.3536327167435648,1.0,1.0,12,0,10.0
independent,252,129,301903,0.3536327167435648,1.0,1.0,12,0,10.0
independent,252,130,301904,0.3536327167435648,1.0,1.0,12,0,10.0
independent,252,131,301905,0.3536327167435648,1.0,1.0,12,0,10.0
independent,252,132,301906,0.3536327167435648,1.0,1.0,12,0,10.0
independent,252,133,301907,0.3536327167435648,1.0,1.0,12,0,10.0
independent,252,134,301908,0.3536327167435648,1.0,1.0,12,0,10.0
independent,252,135,301909,0.3536327167435648,1.0,1.0,12,0,10.0
independent,252,136,301910,0.3536327167435648,1.0,1.0,12,0,10.0
independent,252,137,301911,0.3536327167435648,1.0,1.0,12,0,10.0
independent,252,138,301912,0.3536327167435648,1.0,1.0,12,0,10.0
independent,252,139,301913,0.3536327167435648,1.0,1.0,12,0,10.0
independent,252,140,301914,0.3536327167435648,1.0,1.0,12,0,10.0
independent,252,141,301915,0.3536327167435648,1.0,1.0,12,0,10.0
independent,252,142,301916,0.3536327167435648,1.0,1.0,12,0,10.0
independent,252,143,301917,0.3536327167435648,1.0,1.0,12,0,10.0
independent,252,144,301918,0.3536327167435648,1.0,1.0,12,0,10.0
independent,252,145,301919,0.3536327167435648,1.0,1.0,12,0,10.0
independent,252,146,301920,0.3536327167435648,1.0,1.0,12,0,10.0
independent,252,147,301921,0.3536327167435648,1.0,1.0,12,0,10.0
independent,252,148,301922,0.3536327167435648,1.0,1.0,12,0,10.0
independent,252,149,301923,0.3536327167435648,1.0,1.0,12,0,10.0
independent,252,150,301924,0.3536327167435648,1.0,1.0,12,0,10.0
independent,252,151,301925,0.3536327167435648,1.0,1.0,12,0,10.0
independent,252,152,301926,0.3536327167435648,1.0,1.0,12,0,10.0
independent,252,153,301927,0.3536327167435648,1.0,1.0,12,0,10.0
independent,252,154,301928,0.3536327167435648,1.0,1.0,12,0,10.0
independent,252,155,301929,0.3536327167435648,1.0,1.0,12,0,10.0
independent,252,156,301930,0.3536327167435648,1.0,1.0,12,0,10.0
independent,252,157,301931,0.3536327167435648,1.0,1.0,12,0,10.0
independent,252,158,301932,0.3536327167435648,1.0,1.0,12,0,10.0
independent,252,159,301933,0.3536327167435648,1.0,1.0,12,0,10.0
independent,252,160,301934,0.3536327167435648,1.0,1.0,12,0,10.0
independent,252,161,301935,0.3536327167435648,1.0,1.0,12,0,10.0
independent,252,162,301936,0.3536327167435648,1.0,1.0,12,0,10.0
independent,252,163,301937,0.3536327167435648,1.0,1.0,12,0,10.0
independent,252,164,301938,0.3536327167435648,1.0,1.0,12,0,10.0
independent,252,165,301939,0.3536327167435648,1.0,1.0,12,0,10.0
independent,252,166,301940,0.3536327167435648,1.0,1.0,12,0,10.0
independent,252,167,301941,0.3536327167435648,1.0,1.0,12,0,10.0
independent,252,168,301942,0.3536327167435648,1.0,1.0,12,0,10.0
independent,252,169,301943,0.3536327167435648,1.0,1.0,12,0,10.0
independent,252,170,301944,0.3536327167435648,1.0,1.0,12,0,10.0
independent,252,171,301945,0.3536327167435648,1.0,1.0,12,0,10.0
independent,252,172,301946,0.3536327167435648,1.0,1.0,12,0,10.0
independent,252,173,301947,0.3536327167435648,1.0,1.0,12,0,10.0
independent,252,174,301948,0.3536327167435648,1.0,1.0,12,0,10.0
independent,252,175,301949,0.3536327167435648,1.0,1.0,12,0,10.0
independent,252,176,301950,0.3536327167435648,1.0,1.0,12,0,10.0
independent,252,177,301951,0.3536327167435648,1.0,1.0,12,0,10.0
independent,252,178,301952,0.3536327167435648,1.0,1.0,12,0,10.0
independent,252,179,301953,0.3536327167435648,1.0,1.0,12,0,10.0
independent,252,180,301954,0.3536327167435648,1.0,1.0,12,0,10.0
independent,252,181,301955,0.3536327167435648,1.0,1.0,12,0,10.0
independent,252,182,301956,0.3536327167435648,1.0,1.0,12,0,10.0
independent,252,183,301957,0.3536327167435648,1.0,1.0,12,0,10.0
independent,252,184,301958,0.3536327167435648,1.0,1.0,12,0,10.0
independent,252,185,301959,0.3536327167435648,1.0,1.0,12,0,10.0
independent,252,186,301960,0.3536327167435648,1.0,1.0,12,0,10.0
independent,252,187,301961,0.3536327167435648,1.0,1.0,12,0,10.0
independent,252,188,301962,0.3536327167435648,1.0,1.0,12,0,10.0
independent,252,189,301963,0.3536327167435648,1.0,1.0,12,0,10.0
independent,252,190,301964,0.3536327167435648,1.0,1.0,12,0,10.0
independent,252,191,301965,0.3536327167435648,1.0,1.0,12,0,10.0
independent,252,192,301966,0.3536327167435648,1.0,1.0,12,0,10.0
independent,252,193,301967,0.3536327167435648,1.0,1.0,12,0,10.0
independent,252,194,301968,0.3536327167435648,1.0,1.0,12,0,10.0
independent,252,195,301969,0.3536327167435648,1.0,1.0,12,0,10.0
independent,252,196,301970,0.3536327167435648,1.0,1.0,12,0,10.0
independent,252,197,301971,0.3536327167435648,1.0,1.0,12,0,10.0
independent,252,198,301972,0.3536327167435648,1.0,1.0,12,0,10.0
independent,252,199,301973,0.3536327167435648,1.0,1.0,12,0,10.0
independent,252,200,301974,0.3536327167435648,1.0,1.0,12,0,10.0
independent,252,201,301975,0.3536327167435648,1.0,1.0,12,0,10.0
independent,252,202,301976,0.3536327167435648,1.0,1.0,12,0,10.0
independent,252,203,301977,0.3536327167435648,1.0,1.0,12,0,10.0
independent,252,204,301978,0.3536327167435648,1.0,1.0,12,0,10.0
independent,252,205,301979,0.3536327167435648,1.0,1.0,12,0,10.0
independent,252,206,301980,0.3536327167435648,1.0,1.0,12,0,10.0
independent,252,207,301981,0.3536327167435648,1.0,1.0,12,0,10.0
independent,252,208,301982,0.3536327167435648,1.0,1.0,12,0,10.0
independent,252,209,301983,0.3536327167435648,1.0,1.0,12,0,10.0
independent,252,210,301984,0.3536327167435648,1.0,1.0,12,0,10.0
independent,252,211,301985,0.3536327167435648,1.0,1.0,12,0,10.0
independent,252,212,301986,0.3536327167435648,1.0,1.0,12,0,10.0
independent,252,213,301987,0.3536327167435648,1.0,1.0,12,0,10.0
independent,252,214,301988,0.3536327167435648,1.0,1.0,12,0,10.0
independent,252,215,301989,0.3536327167435648,1.0,1.0,12,0,10.0
independent,252,216,301990,0.3536327167435648,1.0,1.0,12,0,10.0
independent,252,217,301991,0.3536327167435648,1.0,1.0,12,0,10.0
independent,252,218,301992,0.3536327167435648,1.0,1.0,12,0,10.0
independent,252,219,301993,0.3536327167435648,1.0,1.0,12,0,10.0
independent,252,220,301994,0.3536327167435648,1.0,1.0,12,0,10.0
independent,252,221,301995,0.3536327167435648,1.0,1.0,12,0,10.0
independent,252,222,301996,0.3536327167435648,1.0,1.0,12,0,10.0
independent,252,223,301997,0.3536327167435648,1.0,1.0,12,0,10.0
independent,252,224,301998,0.3536327167435648,1.0,1.0,12,0,10.0
independent,252,225,301999,0.3536327167435648,1.0,1.0,12,0,10.0
independent,252,226,302000,0.3536327167435648,1.0,1.0,12,0,10.0
independent,252,227,302001,0.3536327167435648,1.0,1.0,12,0,10.0
independent,252,228,302002,0.3536327167435648,1.0,1.0,12,0,10.0
independent,252,229,302003,0.3536327167435648,1.0,1.0,12,0,10.0
independent,252,230,302004,0.3536327167435648,1.0,1.0,12,0,10.0
independent,252,231,302005,0.3536327167435648,1.0,1.0,12,0,10.0
independent,252,232,302006,0.3536327167435648,1.0,1.0,12,0,10.0
independent,252,233,302007,0.3536327167435648,1.0,1.0,12,0,10.0
independent,252,234,302008,0.3536327167435648,1.0,1.0,12,0,10.0
independent,252,235,302009,0.3536327167435648,1.0,1.0,12,0,10.0
independent,252,236,302010,0.3536327167435648,1.0,1.0,12,0,10.0
independent,252,237,302011,0.3536327167435648,1.0,1.0,12,0,10.0
independent,252,238,302012,0.3536327167435648,1.0,1.0,12,0,10.0
independent,252,239,302013,0.3536327167435648,1.0,1.0,12,0,10.0
independent,252,240,302014,0.3536327167435648,1.0,1.0,12,0,10.0
independent,252,241,302015,0.3536327167435648,1.0,1.0,12,0,10.0
independent,252,242,302016,0.3536327167435648,1.0,1.0,12,0,10.0
independent,252,243,302017,0.3536327167435648,1.0,1.0,12,0,10.0
independent,252,244,302018,0.3536327167435648,1.0,1.0,12,0,10.0
independent,252,245,302019,0.3536327167435648,1.0,1.0,12,0,10.0
independent,252,246,302020,0.3536327167435648,1.0,1.0,12,0,10.0
independent,252,247,302021,0.3536327167435648,1.0,1.0,12,0,10.0
independent,252,248,302022,0.3536327167435648,1.0,1.0,12,0,10.0
independent,252,249,302023,0.3536327167435648,1.0,1.0,12,0,10.0
independent,252,250,302024,0.3536327167435648,1.0,1.0,12,0,10.0
independent,252,251,302025,0.3536327167435648,1.0,1.0,12,0,10.0
independent,252,252,302026,0.3536327167435648,1.0,1.0,12,0,10.0
independent,252,253,302027,0.3536327167435648,1.0,1.0,12,0,10.0
independent,252,254,302028,0.3536327167435648,1.0,1.0,12,0,10.0
independent,252,255,302029,0.3536327167435648,1.0,1.0,12,0,10.0
independent,252,256,302030,0.3536327167435648,1.0,1.0,12,0,10.0
independent,252,257,302031,0.3536327167435648,1.0,1.0,12,0,10.0
independent,252,258,302032,0.3536327167435648,1.0,1.0,12,0,10.0
independent,252,259,302033,0.3536327167435648,1.0,1.0,12,0,10.0
independent,252,260,302034,0.3536327167435648,1.0,1.0,12,0,10.0
independent,252,261,302035,0.3536327167435648,1.0,1.0,12,0,10.0
independent,252,262,302036,0.3536327167435648,1.0,1.0,12,0,10.0
independent,252,263,302037,0.3536327167435648,1.0,1.0,12,0,10.0
independent,252,264,302038,0.3536327167435648,1.0,1.0,12,0,10.0
independent,252,265,302039,0.3536327167435648,1.0,1.0,12,0,10.0
independent,252,266,302040,0.3536327167435648,1.0,1.0,12,0,10.0
independent,252,267,302041,0.3536327167435648,1.0,1.0,12,0,10.0
independent,252,268,302042,0.3536327167435648,1.0,1.0,12,0,10.0
independent,252,269,302043,0.3536327167435648,1.0,1.0,12,0,10.0
independent,252,270,302044,0.3536327167435648,1.0,1.0,12,0,10.0
independent,252,271,302045,0.3536327167435648,1.0,1.0,12,0,10.0
independent,252,272,302046,0.3536327167435648,1.0,1.0,12,0,10.0
independent,252,273,302047,0.3536327167435648,1.0,1.0,12,0,10.0
independent,252,274,302048,0.3536327167435648,1.0,1.0,12,0,10.0
independent,252,275,302049,0.3536327167435648,1.0,1.0,12,0,10.0
independent,252,276,302050,0.3536327167435648,1.0,1.0,12,0,10.0
independent,252,277,302051,0.3536327167435648,1.0,1.0,12,0,10.0
independent,252,278,302052,0.3536327167435648,1.0,1.0,12,0,10.0
independent,252,279,302053,0.3536327167435648,1.0,1.0,12,0,10.0
independent,252,280,302054,0.3536327167435648,1.0,1.0,12,0,10.0
independent,252,281,302055,0.3536327167435648,1.0,1.0,12,0,10.0
independent,252,282,302056,0.3536327167435648,1.0,1.0,12,0,10.0
independent,252,283,302057,0.3536327167435648,1.0,1.0,12,0,10.0
independent,252,284,302058,0.3536327167435648,1.0,1.0,12,0,10.0
independent,252,285,302059,0.3536327167435648,1.0,1.0,12,0,10.0
independent,252,286,302060,0.3536327167435648,1.0,1.0,12,0,10.0
independent,252,287,302061,0.3536327167435648,1.0,1.0,12,0,10.0
independent,252,288,302062,0.3536327167435648,1.0,1.0,12,0,10.0
independent,252,289,302063,0.3536327167435648,1.0,1.0,12,0,10.0
independent,252,290,302064,0.3536327167435648,1.0,1.0,12,0,10.0
independent,252,291,302065,0.3536327167435648,1.0,1.0,12,0,10.0
independent,252,292,302066,0.3536327167435648,1.0,1.0,12,0,10.0
independent,252,293,302067,0.3536327167435648,1.0,1.0,12,0,10.0
independent,252,294,302068,0.3536327167435648,1.0,1.0,12,0,10.0
independent,252,295,302069,0.3536327167435648,1.0,1.0,12,0,10.0
independent,252,296,302070,0.3536327167435648,1.0,1.0,12,0,10.0
independent,252,297,302071,0.3536327167435648,1.0,1.0,12,0,10.0
independent,252,298,302072,0.3536327167435648,1.0,1.0,12,0,10.0
independent,252,299,302073,0.3536327167435648,1.0,1.0,12,0,10.0
independent,252,300,302074,0.3536327167435648,1.0,1.0,12,0,10.0
independent,252,301,302075,0.3536327167435648,1.0,1.0,12,0,10.0
independent,252,302,302076,0.3536327167435648,1.0,1.0,12,0,10.0
independent,252,303,302077,0.3536327167435648,1.0,1.0,12,0,10.0
independent,252,304,302078,0.3536327167435648,1.0,1.0,12,0,10.0
independent,252,305,302079,0.3536327167435648,1.0,1.0,12,0,10.0
independent,252,306,302080,0.3536327167435648,1.0,1.0,12,0,10.0
independent,252,307,302081,0.3536327167435648,1.0,1.0,12,0,10.0
independent,252,308,302082,0.3536327167435648,1.0,1.0,12,0,10.0
independent,252,309,302083,0.3536327167435648,1.0,1.0,12,0,10.0
independent,252,310,302084,0.3536327167435648,1.0,1.0,12,0,10.0
independent,252,311,302085,0.3536327167435648,1.0,1.0,12,0,10.0
independent,252,312,302086,0.3536327167435648,1.0,1.0,12,0,10.0
independent,252,313,302087,0.3536327167435648,1.0,1.0,12,0,10.0
independent,252,314,302088,0.3536327167435648,1.0,1.0,12,0,10.0
independent,252,315,302089,0.3536327167435648,1.0,1.0,12,0,10.0
independent,252,316,302090,0.3536327167435648,1.0,1.0,12,0,10.0
independent,252,317,302091,0.3536327167435648,1.0,1.0,12,0,10.0
independent,252,318,302092,0.3536327167435648,1.0,1.0,12,0,10.0
independent,252,319,302093,0.3536327167435648,1.0,1.0,12,0,10.0
independent,252,320,302094,0.3536327167435648,1.0,1.0,12,0,10.0
independent,252,321,302095,0.3536327167435648,1.0,1.0,12,0,10.0
independent,252,322,302096,0.3536327167435648,1.0,1.0,12,0,10.0
independent,252,323,302097,0.3536327167435648,1.0,1.0,12,0,10.0
independent,252,324,302098,0.3536327167435648,1.0,1.0,12,0,10.0
independent,252,325,302099,0.3536327167435648,1.0,1.0,12,0,10.0
independent,252,326,302100,0.3536327167435648,1.0,1.0,12,0,10.0
independent,252,327,302101,0.3536327167435648,1.0,1.0,12,0,10.0
independent,252,328,302102,0.3536327167435648,1.0,1.0,12,0,10.0
independent,252,329,302103,0.3536327167435648,1.0,1.0,12,0,10.0
independent,252,330,302104,0.3536327167435648,1.0,1.0,12,0,10.0
independent,252,331,302105,0.3536327167435648,1.0,1.0,12,0,10.0
independent,252,332,302106,0.3536327167435648,1.0,1.0,12,0,10.0
independent,252,333,302107,0.3536327167435648,1.0,1.0,12,0,10.0
independent,252,334,302108,0.3536327167435648,1.0,1.0,12,0,10.0
independent,252,335,302109,0.3536327167435648,1.0,1.0,12,0,10.0
independent,252,336,302110,0.3536327167435648,1.0,1.0,12,0,10.0
independent,252,337,302111,0.3536327167435648,1.0,1.0,12,0,10.0
independent,252,338,302112,0.3536327167435648,1.0,1.0,12,0,10.0
independent,252,339,302113,0.3536327167435648,1.0,1.0,12,0,10.0
independent,252,340,302114,0.3536327167435648,1.0,1.0,12,0,10.0
independent,252,341,302115,0.3536327167435648,1.0,1.0,12,0,10.0
independent,252,342,302116,0.3536327167435648,1.0,1.0,12,0,10.0
independent,252,343,302117,0.3536327167435648,1.0,1.0,12,0,10.0
independent,252,344,302118,0.3536327167435648,1.0,1.0,12,0,10.0
independent,252,345,302119,0.3536327167435648,1.0,1.0,12,0,10.0
independent,252,346,302120,0.3536327167435648,1.0,1.0,12,0,10.0
independent,252,347,302121,0.3536327167435648,1.0,1.0,12,0,10.0
independent,252,348,302122,0.3536327167435648,1.0,1.0,12,0,10.0
independent,252,349,302123,0.3536327167435648,1.0,1.0,12,0,10.0
independent,252,350,302124,0.3536327167435648,1.0,1.0,12,0,10.0
independent,252,351,302125,0.3536327167435648,1.0,1.0,12,0,10.0
independent,252,352,302126,0.3536327167435648,1.0,1.0,12,0,10.0
independent,252,353,302127,0.3536327167435648,1.0,1.0,12,0,10.0
independent,252,354,302128,0.3536327167435648,1.0,1.0,12,0,10.0
independent,252,355,302129,0.3536327167435648,1.0,1.0,12,0,10.0
independent,252,356,302130,0.3536327167435648,1.0,1.0,12,0,10.0
independent,252,357,302131,0.3536327167435648,1.0,1.0,12,0,10.0
independent,252,358,302132,0.3536327167435648,1.0,1.0,12,0,10.0
independent,252,359,302133,0.3536327167435648,1.0,1.0,12,0,10.0
independent,252,360,302134,0.3536327167435648,1.0,1.0,12,0,10.0
independent,252,361,302135,0.3536327167435648,1.0,1.0,12,0,10.0
independent,252,362,302136,0.3536327167435648,1.0,1.0,12,0,10.0
independent,252,363,302137,0.3536327167435648,1.0,1.0,12,0,10.0
independent,252,364,302138,0.3536327167435648,1.0,1.0,12,0,10.0
independent,252,365,302139,0.3536327167435648,1.0,1.0,12,0,10.0
independent,252,366,302140,0.3536327167435648,1.0,1.0,12,0,10.0
independent,252,367,302141,0.3536327167435648,1.0,1.0,12,0,10.0
independent,252,368,302142,0.3536327167435648,1.0,1.0,12,0,10.0
independent,252,369,302143,0.3536327167435648,1.0,1.0,12,0,10.0
independent,252,370,302144,0.3536327167435648,1.0,1.0,12,0,10.0
independent,252,371,302145,0.3536327167435648,1.0,1.0,12,0,10.0
independent,252,372,302146,0.3536327167435648,1.0,1.0,12,0,10.0
independent,252,373,302147,0.3536327167435648,1.0,1.0,12,0,10.0
independent,252,374,302148,0.3536327167435648,1.0,1.0,12,0,10.0
independent,252,375,302149,0.3536327167435648,1.0,1.0,12,0,10.0
independent,252,376,302150,0.3536327167435648,1.0,1.0,12,0,10.0
independent,252,377,302151,0.3536327167435648,1.0,1.0,12,0,10.0
independent,252,378,302152,0.3536327167435648,1.0,1.0,12,0,10.0
independent,252,379,302153,0.3536327167435648,1.0,1.0,12,0,10.0
independent,252,380,302154,0.3536327167435648,1.0,1.0,12,0,10.0
independent,252,381,302155,0.3536327167435648,1.0,1.0,12,0,10.0
independent,252,382,302156,0.3536327167435648,1.0,1.0,12,0,10.0
independent,252,383,302157,0.3536327167435648,1.0,1.0,12,0,10.0
independent,252,384,302158,0.3536327167435648,1.0,1.0,12,0,10.0
independent,252,385,302159,0.3536327167435648,1.0,1.0,12,0,10.0
independent,252,386,302160,0.3536327167435648,1.0,1.0,12,0,10.0
independent,252,387,302161,0.3536327167435648,1.0,1.0,12,0,10.0
independent,252,388,302162,0.3536327167435648,1.0,1.0,12,0,10.0
independent,252,389,302163,0.3536327167435648,1.0,1.0,12,0,10.0
independent,252,390,302164,0.3536327167435648,1.0,1.0,12,0,10.0
independent,252,391,302165,0.3536327167435648,1.0,1.0,12,0,10.0
independent,252,392,302166,0.3536327167435648,1.0,1.0,12,0,10.0
independent,252,393,302167,0.3536327167435648,1.0,1.0,12,0,10.0
independent,252,394,302168,0.3536327167435648,1.0,1.0,12,0,10.0
independent,252,395,302169,0.3536327167435648,1.0,1.0,12,0,10.0
independent,252,396,302170,0.3536327167435648,1.0,1.0,12,0,10.0
independent,252,397,302171,0.3536327167435648,1.0,1.0,12,0,10.0
independent,252,398,302172,0.3536327167435648,1.0,1.0,12,0,10.0
independent,252,399,302173,0.3536327167435648,1.0,1.0,12,0,10.0
independent,252,400,302174,0.3536327167435648,1.0,1.0,12,0,10.0
independent,252,401,302175,0.3536327167435648,1.0,1.0,12,0,10.0
independent,252,402,302176,0.3536327167435648,1.0,1.0,12,0,10.0
independent,252,403,302177,0.3536327167435648,1.0,1.0,12,0,10.0
independent,252,404,302178,0.3536327167435648,1.0,1.0,12,0,10.0
independent,252,405,302179,0.3536327167435648,1.0,1.0,12,0,10.0
independent,252,406,302180,0.3536327167435648,1.0,1.0,12,0,10.0
independent,252,407,302181,0.3536327167435648,1.0,1.0,12,0,10.0
independent,252,408,302182,0.3536327167435648,1.0,1.0,12,0,10.0
independent,252,409,302183,0.3536327167435648,1.0,1.0,12,0,10.0
independent,252,410,302184,0.3536327167435648,1.0,1.0,12,0,10.0
independent,252,411,302185,0.3536327167435648,1.0,1.0,12,0,10.0
independent,252,412,302186,0.3536327167435648,1.0,1.0,12,0,10.0
independent,252,413,302187,0.3536327167435648,1.0,1.0,12,0,10.0
independent,252,414,302188,0.3536327167435648,1.0,1.0,12,0,10.0
independent,252,415,302189,0.3536327167435648,1.0,1.0,12,0,10.0
independent,252,416,302190,0.3536327167435648,1.0,1.0,12,0,10.0
independent,252,417,302191,0.3536327167435648,1.0,1.0,12,0,10.0
independent,252,418,302192,0.3536327167435648,1.0,1.0,12,0,10.0
independent,252,419,302193,0.3536327167435648,1.0,1.0,12,0,10.0
independent,252,420,302194,0.3536327167435648,1.0,1.0,12,0,10.0
independent,252,421,302195,0.3536327167435648,1.0,1.0,12,0,10.0
independent,252,422,302196,0.3536327167435648,1.0,1.0,12,0,10.0
independent,252,423,302197,0.3536327167435648,1.0,1.0,12,0,10.0
independent,252,424,302198,0.3536327167435648,1.0,1.0,12,0,10.0
independent,252,425,302199,0.3536327167435648,1.0,1.0,12,0,10.0
independent,252,426,302200,0.3536327167435648,1.0,1.0,12,0,10.0
independent,252,427,302201,0.3536327167435648,1.0,1.0,12,0,10.0
independent,252,428,302202,0.3536327167435648,1.0,1.0,12,0,10.0
independent,252,429,302203,0.3536327167435648,1.0,1.0,12,0,10.0
independent,252,430,302204,0.3536327167435648,1.0,1.0,12,0,10.0
independent,252,431,302205,0.3536327167435648,1.0,1.0,12,0,10.0
independent,252,432,302206,0.3536327167435648,1.0,1.0,12,0,10.0
independent,252,433,302207,0.3536327167435648,1.0,1.0,12,0,10.0
independent,252,434,302208,0.3536327167435648,1.0,1.0,12,0,10.0
independent,252,435,302209,0.3536327167435648,1.0,1.0,12,0,10.0
independent,252,436,302210,0.3536327167435648,1.0,1.0,12,0,10.0
independent,252,437,302211,0.3536327167435648,1.0,1.0,12,0,10.0
independent,252,438,302212,0.3536327167435648,1.0,1.0,12,0,10.0
independent,252,439,302213,0.3536327167435648,1.0,1.0,12,0,10.0
independent,252,440,302214,0.3536327167435648,1.0,1.0,12,0,10.0
independent,252,441,302215,0.3536327167435648,1.0,1.0,12,0,10.0
independent,252,442,302216,0.3536327167435648,1.0,1.0,12,0,10.0
independent,252,443,302217,0.3536327167435648,1.0,1.0,12,0,10.0
independent,252,444,302218,0.3536327167435648,1.0,1.0,12,0,10.0
independent,252,445,302219,0.3536327167435648,1.0,1.0,12,0,10.0
independent,252,446,302220,0.3536327167435648,1.0,1.0,12,0,10.0
independent,252,447,302221,0.3536327167435648,1.0,1.0,12,0,10.0
independent,252,448,302222,0.3536327167435648,1.0,1.0,12,0,10.0
independent,252,449,302223,0.3536327167435648,1.0,1.0,12,0,10.0
independent,252,450,302224,0.3536327167435648,1.0,1.0,12,0,10.0
independent,252,451,302225,0.3536327167435648,1.0,1.0,12,0,10.0
independent,252,452,302226,0.3536327167435648,1.0,1.0,12,0,10.0
independent,252,453,302227,0.3536327167435648,1.0,1.0,12,0,10.0
independent,252,454,302228,0.3536327167435648,1.0,1.0,12,0,10.0
independent,252,455,302229,0.3536327167435648,1.0,1.0,12,0,10.0
independent,252,456,302230,0.3536327167435648,1.0,1.0,12,0,10.0
independent,252,457,302231,0.3536327167435648,1.0,1.0,12,0,10.0
independent,252,458,302232,0.3536327167435648,1.0,1.0,12,0,10.0
independent,252,459,302233,0.3536327167435648,1.0,1.0,12,0,10.0
independent,252,460,302234,0.3536327167435648,1.0,1.0,12,0,10.0
independent,252,461,302235,0.3536327167435648,1.0,1.0,12,0,10.0
independent,252,462,302236,0.3536327167435648,1.0,1.0,12,0,10.0
independent,252,463,302237,0.3536327167435648,1.0,1.0,12,0,10.0
independent,252,464,302238,0.3536327167435648,1.0,1.0,12,0,10.0
independent,252,465,302239,0.3536327167435648,1.0,1.0,12,0,10.0
independent,252,466,302240,0.3536327167435648,1.0,1.0,12,0,10.0
independent,252,467,302241,0.3536327167435648,1.0,1.0,12,0,10.0
independent,252,468,302242,0.3536327167435648,1.0,1.0,12,0,10.0
independent,252,469,302243,0.3536327167435648,1.0,1.0,12,0,10.0
independent,252,470,302244,0.3536327167435648,1.0,1.0,12,0,10.0
independent,252,471,302245,0.3536327167435648,1.0,1.0,12,0,10.0
independent,252,472,302246,0.3536327167435648,1.0,1.0,12,0,10.0
independent,252,473,302247,0.3536327167435648,1.0,1.0,12,0,10.0
independent,252,474,302248,0.3536327167435648,1.0,1.0,12,0,10.0
independent,252,475,302249,0.3536327167435648,1.0,1.0,12,0,10.0
independent,252,476,302250,0.3536327167435648,1.0,1.0,12,0,10.0
independent,252,477,302251,0.3536327167435648,1.0,1.0,12,0,10.0
independent,252,478,302252,0.3536327167435648,1.0,1.0,12,0,10.0
independent,252,479,302253,0.3536327167435648,1.0,1.0,12,0,10.0
independent,252,480,302254,0.3536327167435648,1.0,1.0,12,0,10.0
independent,252,481,302255,0.3536327167435648,1.0,1.0,12,0,10.0
independent,252,482,302256,0.3536327167435648,1.0,1.0,12,0,10.0
independent,252,483,302257,0.3536327167435648,1.0,1.0,12,0,10.0
independent,252,484,302258,0.3536327167435648,1.0,1.0,12,0,10.0
independent,252,485,302259,0.3536327167435648,1.0,1.0,12,0,10.0
independent,252,486,302260,0.3536327167435648,1.0,1.0,12,0,10.0
independent,252,487,302261,0.3536327167435648,1.0,1.0,12,0,10.0
independent,252,488,302262,0.3536327167435648,1.0,1.0,12,0,10.0
independent,252,489,302263,0.3536327167435648,1.0,1.0,12,0,10.0
independent,252,490,302264,0.3536327167435648,1.0,1.0,12,0,10.0
independent,252,491,302265,0.3536327167435648,1.0,1.0,12,0,10.0
independent,252,492,302266,0.3536327167435648,1.0,1.0,12,0,10.0
independent,252,493,302267,0.3536327167435648,1.0,1.0,12,0,10.0
independent,252,494,302268,0.3536327167435648,1.0,1.0,12,0,10.0
independent,252,495,302269,0.3536327167435648,1.0,1.0,12,0,10.0
independent,252,496,302270,0.3536327167435648,1.0,1.0,12,0,10.0
independent,252,497,302271,0.3536327167435648,1.0,1.0,12,0,10.0
independent,252,498,302272,0.3536327167435648,1.0,1.0,12,0,10.0
independent,252,499,302273,0.3536327167435648,1.0,1.0,12,0,10.0
near_tie,252,0,401774,0.3536327167435648,1.0,1.0,12,0,10.0
near_tie,252,1,401775,0.3536327167435648,1.0,1.0,12,0,10.0
near_tie,252,2,401776,0.3536327167435648,1.0,1.0,12,0,10.0
near_tie,252,3,401777,0.3536327167435648,1.0,1.0,12,0,10.0
near_tie,252,4,401778,0.3536327167435648,1.0,1.0,12,0,10.0
near_tie,252,5,401779,0.3536327167435648,1.0,1.0,12,0,10.0
near_tie,252,6,401780,0.3536327167435648,1.0,1.0,12,0,10.0
near_tie,252,7,401781,0.3536327167435648,1.0,1.0,12,0,10.0
near_tie,252,8,401782,0.3536327167435648,1.0,1.0,12,0,10.0
near_tie,252,9,401783,0.3536327167435648,1.0,1.0,12,0,10.0
near_tie,252,10,401784,0.3536327167435648,1.0,1.0,12,0,10.0
near_tie,252,11,401785,0.3536327167435648,1.0,1.0,12,0,10.0
near_tie,252,12,401786,0.3536327167435648,1.0,1.0,12,0,10.0
near_tie,252,13,401787,0.3536327167435648,1.0,1.0,12,0,10.0
near_tie,252,14,401788,0.3536327167435648,1.0,1.0,12,0,10.0
near_tie,252,15,401789,0.3536327167435648,1.0,1.0,12,0,10.0
near_tie,252,16,401790,0.3536327167435648,1.0,1.0,12,0,10.0
near_tie,252,17,401791,0.3536327167435648,1.0,1.0,12,0,10.0
near_tie,252,18,401792,0.3536327167435648,1.0,1.0,12,0,10.0
near_tie,252,19,401793,0.3536327167435648,1.0,1.0,12,0,10.0
near_tie,252,20,401794,0.3536327167435648,1.0,1.0,12,0,10.0
near_tie,252,21,401795,0.3536327167435648,1.0,1.0,12,0,10.0
near_tie,252,22,401796,0.3536327167435648,1.0,1.0,12,0,10.0
near_tie,252,23,401797,0.3536327167435648,1.0,1.0,12,0,10.0
near_tie,252,24,401798,0.3536327167435648,1.0,1.0,12,0,10.0
near_tie,252,25,401799,0.3536327167435648,1.0,1.0,12,0,10.0
near_tie,252,26,401800,0.3536327167435648,1.0,1.0,12,0,10.0
near_tie,252,27,401801,0.3536327167435648,1.0,1.0,12,0,10.0
near_tie,252,28,401802,0.3536327167435648,1.0,1.0,12,0,10.0
near_tie,252,29,401803,0.3536327167435648,1.0,1.0,12,0,10.0
near_tie,252,30,401804,0.3536327167435648,1.0,1.0,12,0,10.0
near_tie,252,31,401805,0.3536327167435648,1.0,1.0,12,0,10.0
near_tie,252,32,401806,0.3536327167435648,1.0,1.0,12,0,10.0
near_tie,252,33,401807,0.3536327167435648,1.0,1.0,12,0,10.0
near_tie,252,34,401808,0.3536327167435648,1.0,1.0,12,0,10.0
near_tie,252,35,401809,0.3536327167435648,1.0,1.0,12,0,10.0
near_tie,252,36,401810,0.3536327167435648,1.0,1.0,12,0,10.0
near_tie,252,37,401811,0.3536327167435648,1.0,1.0,12,0,10.0
near_tie,252,38,401812,0.3536327167435648,1.0,1.0,12,0,10.0
near_tie,252,39,401813,0.3536327167435648,1.0,1.0,12,0,10.0
near_tie,252,40,401814,0.3536327167435648,1.0,1.0,12,0,10.0
near_tie,252,41,401815,0.3536327167435648,1.0,1.0,12,0,10.0
near_tie,252,42,401816,0.3536327167435648,1.0,1.0,12,0,10.0
near_tie,252,43,401817,0.3536327167435648,1.0,1.0,12,0,10.0
near_tie,252,44,401818,0.3536327167435648,1.0,1.0,12,0,10.0
near_tie,252,45,401819,0.3536327167435648,1.0,1.0,12,0,10.0
near_tie,252,46,401820,0.3536327167435648,1.0,1.0,12,0,10.0
near_tie,252,47,401821,0.3536327167435648,1.0,1.0,12,0,10.0
near_tie,252,48,401822,0.3536327167435648,1.0,1.0,12,0,10.0
near_tie,252,49,401823,0.3536327167435648,1.0,1.0,12,0,10.0
near_tie,252,50,401824,0.3536327167435648,1.0,1.0,12,0,10.0
near_tie,252,51,401825,0.3536327167435648,1.0,1.0,12,0,10.0
near_tie,252,52,401826,0.3536327167435648,1.0,1.0,12,0,10.0
near_tie,252,53,401827,0.3536327167435648,1.0,1.0,12,0,10.0
near_tie,252,54,401828,0.3536327167435648,1.0,1.0,12,0,10.0
near_tie,252,55,401829,0.3536327167435648,1.0,1.0,12,0,10.0
near_tie,252,56,401830,0.3536327167435648,1.0,1.0,12,0,10.0
near_tie,252,57,401831,0.3536327167435648,1.0,1.0,12,0,10.0
near_tie,252,58,401832,0.3536327167435648,1.0,1.0,12,0,10.0
near_tie,252,59,401833,0.3536327167435648,1.0,1.0,12,0,10.0
near_tie,252,60,401834,0.3536327167435648,1.0,1.0,12,0,10.0
near_tie,252,61,401835,0.3536327167435648,1.0,1.0,12,0,10.0
near_tie,252,62,401836,0.3536327167435648,1.0,1.0,12,0,10.0
near_tie,252,63,401837,0.3536327167435648,1.0,1.0,12,0,10.0
near_tie,252,64,401838,0.3536327167435648,1.0,1.0,12,0,10.0
near_tie,252,65,401839,0.3536327167435648,1.0,1.0,12,0,10.0
near_tie,252,66,401840,0.3536327167435648,1.0,1.0,12,0,10.0
near_tie,252,67,401841,0.3536327167435648,1.0,1.0,12,0,10.0
near_tie,252,68,401842,0.3536327167435648,1.0,1.0,12,0,10.0
near_tie,252,69,401843,0.3536327167435648,1.0,1.0,12,0,10.0
near_tie,252,70,401844,0.3536327167435648,1.0,1.0,12,0,10.0
near_tie,252,71,401845,0.3536327167435648,1.0,1.0,12,0,10.0
near_tie,252,72,401846,0.3536327167435648,1.0,1.0,12,0,10.0
near_tie,252,73,401847,0.3536327167435648,1.0,1.0,12,0,10.0
near_tie,252,74,401848,0.3536327167435648,1.0,1.0,12,0,10.0
near_tie,252,75,401849,0.3536327167435648,1.0,1.0,12,0,10.0
near_tie,252,76,401850,0.3536327167435648,1.0,1.0,12,0,10.0
near_tie,252,77,401851,0.3536327167435648,1.0,1.0,12,0,10.0
near_tie,252,78,401852,0.3536327167435648,1.0,1.0,12,0,10.0
near_tie,252,79,401853,0.3536327167435648,1.0,1.0,12,0,10.0
near_tie,252,80,401854,0.3536327167435648,1.0,1.0,12,0,10.0
near_tie,252,81,401855,0.3536327167435648,1.0,1.0,12,0,10.0
near_tie,252,82,401856,0.3536327167435648,1.0,1.0,12,0,10.0
near_tie,252,83,401857,0.3536327167435648,1.0,1.0,12,0,10.0
near_tie,252,84,401858,0.3536327167435648,1.0,1.0,12,0,10.0
near_tie,252,85,401859,0.3536327167435648,1.0,1.0,12,0,10.0
near_tie,252,86,401860,0.3536327167435648,1.0,1.0,12,0,10.0
near_tie,252,87,401861,0.3536327167435648,1.0,1.0,12,0,10.0
near_tie,252,88,401862,0.3536327167435648,1.0,1.0,12,0,10.0
near_tie,252,89,401863,0.3536327167435648,1.0,1.0,12,0,10.0
near_tie,252,90,401864,0.3536327167435648,1.0,1.0,12,0,10.0
near_tie,252,91,401865,0.3536327167435648,1.0,1.0,12,0,10.0
near_tie,252,92,401866,0.3536327167435648,1.0,1.0,12,0,10.0
near_tie,252,93,401867,0.3536327167435648,1.0,1.0,12,0,10.0
near_tie,252,94,401868,0.3536327167435648,1.0,1.0,12,0,10.0
near_tie,252,95,401869,0.3536327167435648,1.0,1.0,12,0,10.0
near_tie,252,96,401870,0.3536327167435648,1.0,1.0,12,0,10.0
near_tie,252,97,401871,0.3536327167435648,1.0,1.0,12,0,10.0
near_tie,252,98,401872,0.3536327167435648,1.0,1.0,12,0,10.0
near_tie,252,99,401873,0.3536327167435648,1.0,1.0,12,0,10.0
near_tie,252,100,401874,0.3536327167435648,1.0,1.0,12,0,10.0
near_tie,252,101,401875,0.3536327167435648,1.0,1.0,12,0,10.0
near_tie,252,102,401876,0.3536327167435648,1.0,1.0,12,0,10.0
near_tie,252,103,401877,0.3536327167435648,1.0,1.0,12,0,10.0
near_tie,252,104,401878,0.3536327167435648,1.0,1.0,12,0,10.0
near_tie,252,105,401879,0.3536327167435648,1.0,1.0,12,0,10.0
near_tie,252,106,401880,0.3536327167435648,1.0,1.0,12,0,10.0
near_tie,252,107,401881,0.3536327167435648,1.0,1.0,12,0,10.0
near_tie,252,108,401882,0.3536327167435648,1.0,1.0,12,0,10.0
near_tie,252,109,401883,0.3536327167435648,1.0,1.0,12,0,10.0
near_tie,252,110,401884,0.3536327167435648,1.0,1.0,12,0,10.0
near_tie,252,111,401885,0.3536327167435648,1.0,1.0,12,0,10.0
near_tie,252,112,401886,0.3536327167435648,1.0,1.0,12,0,10.0
near_tie,252,113,401887,0.3536327167435648,1.0,1.0,12,0,10.0
near_tie,252,114,401888,0.3536327167435648,1.0,1.0,12,0,10.0
near_tie,252,115,401889,0.3536327167435648,1.0,1.0,12,0,10.0
near_tie,252,116,401890,0.3536327167435648,1.0,1.0,12,0,10.0
near_tie,252,117,401891,0.3536327167435648,1.0,1.0,12,0,10.0
near_tie,252,118,401892,0.3536327167435648,1.0,1.0,12,0,10.0
near_tie,252,119,401893,0.3536327167435648,1.0,1.0,12,0,10.0
near_tie,252,120,401894,0.3536327167435648,1.0,1.0,12,0,10.0
near_tie,252,121,401895,0.3536327167435648,1.0,1.0,12,0,10.0
near_tie,252,122,401896,0.3536327167435648,1.0,1.0,12,0,10.0
near_tie,252,123,401897,0.3536327167435648,1.0,1.0,12,0,10.0
near_tie,252,124,401898,0.3536327167435648,1.0,1.0,12,0,10.0
near_tie,252,125,401899,0.3536327167435648,1.0,1.0,12,0,10.0
near_tie,252,126,401900,0.3536327167435648,1.0,1.0,12,0,10.0
near_tie,252,127,401901,0.3536327167435648,1.0,1.0,12,0,10.0
near_tie,252,128,401902,0.3536327167435648,1.0,1.0,12,0,10.0
near_tie,252,129,401903,0.3536327167435648,1.0,1.0,12,0,10.0
near_tie,252,130,401904,0.3536327167435648,1.0,1.0,12,0,10.0
near_tie,252,131,401905,0.3536327167435648,1.0,1.0,12,0,10.0
near_tie,252,132,401906,0.3536327167435648,1.0,1.0,12,0,10.0
near_tie,252,133,401907,0.3536327167435648,1.0,1.0,12,0,10.0
near_tie,252,134,401908,0.3536327167435648,1.0,1.0,12,0,10.0
near_tie,252,135,401909,0.3536327167435648,1.0,1.0,12,0,10.0
near_tie,252,136,401910,0.3536327167435648,1.0,1.0,12,0,10.0
near_tie,252,137,401911,0.3536327167435648,1.0,1.0,12,0,10.0
near_tie,252,138,401912,0.3536327167435648,1.0,1.0,12,0,10.0
near_tie,252,139,401913,0.3536327167435648,1.0,1.0,12,0,10.0
near_tie,252,140,401914,0.3536327167435648,1.0,1.0,12,0,10.0
near_tie,252,141,401915,0.3536327167435648,1.0,1.0,12,0,10.0
near_tie,252,142,401916,0.3536327167435648,1.0,1.0,12,0,10.0
near_tie,252,143,401917,0.3536327167435648,1.0,1.0,12,0,10.0
near_tie,252,144,401918,0.3536327167435648,1.0,1.0,12,0,10.0
near_tie,252,145,401919,0.3536327167435648,1.0,1.0,12,0,10.0
near_tie,252,146,401920,0.3536327167435648,1.0,1.0,12,0,10.0
near_tie,252,147,401921,0.3536327167435648,1.0,1.0,12,0,10.0
near_tie,252,148,401922,0.3536327167435648,1.0,1.0,12,0,10.0
near_tie,252,149,401923,0.3536327167435648,1.0,1.0,12,0,10.0
near_tie,252,150,401924,0.3536327167435648,1.0,1.0,12,0,10.0
near_tie,252,151,401925,0.3536327167435648,1.0,1.0,12,0,10.0
near_tie,252,152,401926,0.3536327167435648,1.0,1.0,12,0,10.0
near_tie,252,153,401927,0.3536327167435648,1.0,1.0,12,0,10.0
near_tie,252,154,401928,0.3536327167435648,1.0,1.0,12,0,10.0
near_tie,252,155,401929,0.3536327167435648,1.0,1.0,12,0,10.0
near_tie,252,156,401930,0.3536327167435648,1.0,1.0,12,0,10.0
near_tie,252,157,401931,0.3536327167435648,1.0,1.0,12,0,10.0
near_tie,252,158,401932,0.3536327167435648,1.0,1.0,12,0,10.0
near_tie,252,159,401933,0.3536327167435648,1.0,1.0,12,0,10.0
near_tie,252,160,401934,0.3536327167435648,1.0,1.0,12,0,10.0
near_tie,252,161,401935,0.3536327167435648,1.0,1.0,12,0,10.0
near_tie,252,162,401936,0.3536327167435648,1.0,1.0,12,0,10.0
near_tie,252,163,401937,0.3536327167435648,1.0,1.0,12,0,10.0
near_tie,252,164,401938,0.3536327167435648,1.0,1.0,12,0,10.0
near_tie,252,165,401939,0.3536327167435648,1.0,1.0,12,0,10.0
near_tie,252,166,401940,0.3536327167435648,1.0,1.0,12,0,10.0
near_tie,252,167,401941,0.3536327167435648,1.0,1.0,12,0,10.0
near_tie,252,168,401942,0.3536327167435648,1.0,1.0,12,0,10.0
near_tie,252,169,401943,0.3536327167435648,1.0,1.0,12,0,10.0
near_tie,252,170,401944,0.3536327167435648,1.0,1.0,12,0,10.0
near_tie,252,171,401945,0.3536327167435648,1.0,1.0,12,0,10.0
near_tie,252,172,401946,0.3536327167435648,1.0,1.0,12,0,10.0
near_tie,252,173,401947,0.3536327167435648,1.0,1.0,12,0,10.0
near_tie,252,174,401948,0.3536327167435648,1.0,1.0,12,0,10.0
near_tie,252,175,401949,0.3536327167435648,1.0,1.0,12,0,10.0
near_tie,252,176,401950,0.3536327167435648,1.0,1.0,12,0,10.0
near_tie,252,177,401951,0.3536327167435648,1.0,1.0,12,0,10.0
near_tie,252,178,401952,0.3536327167435648,1.0,1.0,12,0,10.0
near_tie,252,179,401953,0.3536327167435648,1.0,1.0,12,0,10.0
near_tie,252,180,401954,0.3536327167435648,1.0,1.0,12,0,10.0
near_tie,252,181,401955,0.3536327167435648,1.0,1.0,12,0,10.0
near_tie,252,182,401956,0.3536327167435648,1.0,1.0,12,0,10.0
near_tie,252,183,401957,0.3536327167435648,1.0,1.0,12,0,10.0
near_tie,252,184,401958,0.3536327167435648,1.0,1.0,12,0,10.0
near_tie,252,185,401959,0.3536327167435648,1.0,1.0,12,0,10.0
near_tie,252,186,401960,0.3536327167435648,1.0,1.0,12,0,10.0
near_tie,252,187,401961,0.3536327167435648,1.0,1.0,12,0,10.0
near_tie,252,188,401962,0.3536327167435648,1.0,1.0,12,0,10.0
near_tie,252,189,401963,0.3536327167435648,1.0,1.0,12,0,10.0
near_tie,252,190,401964,0.3536327167435648,1.0,1.0,12,0,10.0
near_tie,252,191,401965,0.3536327167435648,1.0,1.0,12,0,10.0
near_tie,252,192,401966,0.3536327167435648,1.0,1.0,12,0,10.0
near_tie,252,193,401967,0.3536327167435648,1.0,1.0,12,0,10.0
near_tie,252,194,401968,0.3536327167435648,1.0,1.0,12,0,10.0
near_tie,252,195,401969,0.3536327167435648,1.0,1.0,12,0,10.0
near_tie,252,196,401970,0.3536327167435648,1.0,1.0,12,0,10.0
near_tie,252,197,401971,0.3536327167435648,1.0,1.0,12,0,10.0
near_tie,252,198,401972,0.3536327167435648,1.0,1.0,12,0,10.0
near_tie,252,199,401973,0.3536327167435648,1.0,1.0,12,0,10.0
near_tie,252,200,401974,0.3536327167435648,1.0,1.0,12,0,10.0
near_tie,252,201,401975,0.3536327167435648,1.0,1.0,12,0,10.0
near_tie,252,202,401976,0.3536327167435648,1.0,1.0,12,0,10.0
near_tie,252,203,401977,0.3536327167435648,1.0,1.0,12,0,10.0
near_tie,252,204,401978,0.3536327167435648,1.0,1.0,12,0,10.0
near_tie,252,205,401979,0.3536327167435648,1.0,1.0,12,0,10.0
near_tie,252,206,401980,0.3536327167435648,1.0,1.0,12,0,10.0
near_tie,252,207,401981,0.3536327167435648,1.0,1.0,12,0,10.0
near_tie,252,208,401982,0.3536327167435648,1.0,1.0,12,0,10.0
near_tie,252,209,401983,0.3536327167435648,1.0,1.0,12,0,10.0
near_tie,252,210,401984,0.3536327167435648,1.0,1.0,12,0,10.0
near_tie,252,211,401985,0.3536327167435648,1.0,1.0,12,0,10.0
near_tie,252,212,401986,0.3536327167435648,1.0,1.0,12,0,10.0
near_tie,252,213,401987,0.3536327167435648,1.0,1.0,12,0,10.0
near_tie,252,214,401988,0.3536327167435648,1.0,1.0,12,0,10.0
near_tie,252,215,401989,0.3536327167435648,1.0,1.0,12,0,10.0
near_tie,252,216,401990,0.3536327167435648,1.0,1.0,12,0,10.0
near_tie,252,217,401991,0.3536327167435648,1.0,1.0,12,0,10.0
near_tie,252,218,401992,0.3536327167435648,1.0,1.0,12,0,10.0
near_tie,252,219,401993,0.3536327167435648,1.0,1.0,12,0,10.0
near_tie,252,220,401994,0.3536327167435648,1.0,1.0,12,0,10.0
near_tie,252,221,401995,0.3536327167435648,1.0,1.0,12,0,10.0
near_tie,252,222,401996,0.3536327167435648,1.0,1.0,12,0,10.0
near_tie,252,223,401997,0.3536327167435648,1.0,1.0,12,0,10.0
near_tie,252,224,401998,0.3536327167435648,1.0,1.0,12,0,10.0
near_tie,252,225,401999,0.3536327167435648,1.0,1.0,12,0,10.0
near_tie,252,226,402000,0.3536327167435648,1.0,1.0,12,0,10.0
near_tie,252,227,402001,0.3536327167435648,1.0,1.0,12,0,10.0
near_tie,252,228,402002,0.3536327167435648,1.0,1.0,12,0,10.0
near_tie,252,229,402003,0.3536327167435648,1.0,1.0,12,0,10.0
near_tie,252,230,402004,0.3536327167435648,1.0,1.0,12,0,10.0
near_tie,252,231,402005,0.3536327167435648,1.0,1.0,12,0,10.0
near_tie,252,232,402006,0.3536327167435648,1.0,1.0,12,0,10.0
near_tie,252,233,402007,0.3536327167435648,1.0,1.0,12,0,10.0
near_tie,252,234,402008,0.3536327167435648,1.0,1.0,12,0,10.0
near_tie,252,235,402009,0.3536327167435648,1.0,1.0,12,0,10.0
near_tie,252,236,402010,0.3536327167435648,1.0,1.0,12,0,10.0
near_tie,252,237,402011,0.3536327167435648,1.0,1.0,12,0,10.0
near_tie,252,238,402012,0.3536327167435648,1.0,1.0,12,0,10.0
near_tie,252,239,402013,0.3536327167435648,1.0,1.0,12,0,10.0
near_tie,252,240,402014,0.3536327167435648,1.0,1.0,12,0,10.0
near_tie,252,241,402015,0.3536327167435648,1.0,1.0,12,0,10.0
near_tie,252,242,402016,0.3536327167435648,1.0,1.0,12,0,10.0
near_tie,252,243,402017,0.3536327167435648,1.0,1.0,12,0,10.0
near_tie,252,244,402018,0.3536327167435648,1.0,1.0,12,0,10.0
near_tie,252,245,402019,0.3536327167435648,1.0,1.0,12,0,10.0
near_tie,252,246,402020,0.3536327167435648,1.0,1.0,12,0,10.0
near_tie,252,247,402021,0.3536327167435648,1.0,1.0,12,0,10.0
near_tie,252,248,402022,0.3536327167435648,1.0,1.0,12,0,10.0
near_tie,252,249,402023,0.3536327167435648,1.0,1.0,12,0,10.0
near_tie,252,250,402024,0.3536327167435648,1.0,1.0,12,0,10.0
near_tie,252,251,402025,0.3536327167435648,1.0,1.0,12,0,10.0
near_tie,252,252,402026,0.3536327167435648,1.0,1.0,12,0,10.0
near_tie,252,253,402027,0.3536327167435648,1.0,1.0,12,0,10.0
near_tie,252,254,402028,0.3536327167435648,1.0,1.0,12,0,10.0
near_tie,252,255,402029,0.3536327167435648,1.0,1.0,12,0,10.0
near_tie,252,256,402030,0.3536327167435648,1.0,1.0,12,0,10.0
near_tie,252,257,402031,0.3536327167435648,1.0,1.0,12,0,10.0
near_tie,252,258,402032,0.3536327167435648,1.0,1.0,12,0,10.0
near_tie,252,259,402033,0.3536327167435648,1.0,1.0,12,0,10.0
near_tie,252,260,402034,0.3536327167435648,1.0,1.0,12,0,10.0
near_tie,252,261,402035,0.3536327167435648,1.0,1.0,12,0,10.0
near_tie,252,262,402036,0.3536327167435648,1.0,1.0,12,0,10.0
near_tie,252,263,402037,0.3536327167435648,1.0,1.0,12,0,10.0
near_tie,252,264,402038,0.3536327167435648,1.0,1.0,12,0,10.0
near_tie,252,265,402039,0.3536327167435648,1.0,1.0,12,0,10.0
near_tie,252,266,402040,0.3536327167435648,1.0,1.0,12,0,10.0
near_tie,252,267,402041,0.3536327167435648,1.0,1.0,12,0,10.0
near_tie,252,268,402042,0.3536327167435648,1.0,1.0,12,0,10.0
near_tie,252,269,402043,0.3536327167435648,1.0,1.0,12,0,10.0
near_tie,252,270,402044,0.3536327167435648,1.0,1.0,12,0,10.0
near_tie,252,271,402045,0.3536327167435648,1.0,1.0,12,0,10.0
near_tie,252,272,402046,0.3536327167435648,1.0,1.0,12,0,10.0
near_tie,252,273,402047,0.3536327167435648,1.0,1.0,12,0,10.0
near_tie,252,274,402048,0.3536327167435648,1.0,1.0,12,0,10.0
near_tie,252,275,402049,0.3536327167435648,1.0,1.0,12,0,10.0
near_tie,252,276,402050,0.3536327167435648,1.0,1.0,12,0,10.0
near_tie,252,277,402051,0.3536327167435648,1.0,1.0,12,0,10.0
near_tie,252,278,402052,0.3536327167435648,1.0,1.0,12,0,10.0
near_tie,252,279,402053,0.3536327167435648,1.0,1.0,12,0,10.0
near_tie,252,280,402054,0.3536327167435648,1.0,1.0,12,0,10.0
near_tie,252,281,402055,0.3536327167435648,1.0,1.0,12,0,10.0
near_tie,252,282,402056,0.3536327167435648,1.0,1.0,12,0,10.0
near_tie,252,283,402057,0.3536327167435648,1.0,1.0,12,0,10.0
near_tie,252,284,402058,0.3536327167435648,1.0,1.0,12,0,10.0
near_tie,252,285,402059,0.3536327167435648,1.0,1.0,12,0,10.0
near_tie,252,286,402060,0.3536327167435648,1.0,1.0,12,0,10.0
near_tie,252,287,402061,0.3536327167435648,1.0,1.0,12,0,10.0
near_tie,252,288,402062,0.3536327167435648,1.0,1.0,12,0,10.0
near_tie,252,289,402063,0.3536327167435648,1.0,1.0,12,0,10.0
near_tie,252,290,402064,0.3536327167435648,1.0,1.0,12,0,10.0
near_tie,252,291,402065,0.3536327167435648,1.0,1.0,12,0,10.0
near_tie,252,292,402066,0.3536327167435648,1.0,1.0,12,0,10.0
near_tie,252,293,402067,0.3536327167435648,1.0,1.0,12,0,10.0
near_tie,252,294,402068,0.3536327167435648,1.0,1.0,12,0,10.0
near_tie,252,295,402069,0.3536327167435648,1.0,1.0,12,0,10.0
near_tie,252,296,402070,0.3536327167435648,1.0,1.0,12,0,10.0
near_tie,252,297,402071,0.3536327167435648,1.0,1.0,12,0,10.0
near_tie,252,298,402072,0.3536327167435648,1.0,1.0,12,0,10.0
near_tie,252,299,402073,0.3536327167435648,1.0,1.0,12,0,10.0
near_tie,252,300,402074,0.3536327167435648,1.0,1.0,12,0,10.0
near_tie,252,301,402075,0.3536327167435648,1.0,1.0,12,0,10.0
near_tie,252,302,402076,0.3536327167435648,1.0,1.0,12,0,10.0
near_tie,252,303,402077,0.3536327167435648,1.0,1.0,12,0,10.0
near_tie,252,304,402078,0.3536327167435648,1.0,1.0,12,0,10.0
near_tie,252,305,402079,0.3536327167435648,1.0,1.0,12,0,10.0
near_tie,252,306,402080,0.3536327167435648,1.0,1.0,12,0,10.0
near_tie,252,307,402081,0.3536327167435648,1.0,1.0,12,0,10.0
near_tie,252,308,402082,0.3536327167435648,1.0,1.0,12,0,10.0
near_tie,252,309,402083,0.3536327167435648,1.0,1.0,12,0,10.0
near_tie,252,310,402084,0.3536327167435648,1.0,1.0,12,0,10.0
near_tie,252,311,402085,0.3536327167435648,1.0,1.0,12,0,10.0
near_tie,252,312,402086,0.3536327167435648,1.0,1.0,12,0,10.0
near_tie,252,313,402087,0.3536327167435648,1.0,1.0,12,0,10.0
near_tie,252,314,402088,0.3536327167435648,1.0,1.0,12,0,10.0
near_tie,252,315,402089,0.3536327167435648,1.0,1.0,12,0,10.0
near_tie,252,316,402090,0.3536327167435648,1.0,1.0,12,0,10.0
near_tie,252,317,402091,0.3536327167435648,1.0,1.0,12,0,10.0
near_tie,252,318,402092,0.3536327167435648,1.0,1.0,12,0,10.0
near_tie,252,319,402093,0.3536327167435648,1.0,1.0,12,0,10.0
near_tie,252,320,402094,0.3536327167435648,1.0,1.0,12,0,10.0
near_tie,252,321,402095,0.3536327167435648,1.0,1.0,12,0,10.0
near_tie,252,322,402096,0.3536327167435648,1.0,1.0,12,0,10.0
near_tie,252,323,402097,0.3536327167435648,1.0,1.0,12,0,10.0
near_tie,252,324,402098,0.3536327167435648,1.0,1.0,12,0,10.0
near_tie,252,325,402099,0.3536327167435648,1.0,1.0,12,0,10.0
near_tie,252,326,402100,0.3536327167435648,1.0,1.0,12,0,10.0
near_tie,252,327,402101,0.3536327167435648,1.0,1.0,12,0,10.0
near_tie,252,328,402102,0.3536327167435648,1.0,1.0,12,0,10.0
near_tie,252,329,402103,0.3536327167435648,1.0,1.0,12,0,10.0
near_tie,252,330,402104,0.3536327167435648,1.0,1.0,12,0,10.0
near_tie,252,331,402105,0.3536327167435648,1.0,1.0,12,0,10.0
near_tie,252,332,402106,0.3536327167435648,1.0,1.0,12,0,10.0
near_tie,252,333,402107,0.3536327167435648,1.0,1.0,12,0,10.0
near_tie,252,334,402108,0.3536327167435648,1.0,1.0,12,0,10.0
near_tie,252,335,402109,0.3536327167435648,1.0,1.0,12,0,10.0
near_tie,252,336,402110,0.3536327167435648,1.0,1.0,12,0,10.0
near_tie,252,337,402111,0.3536327167435648,1.0,1.0,12,0,10.0
near_tie,252,338,402112,0.3536327167435648,1.0,1.0,12,0,10.0
near_tie,252,339,402113,0.3536327167435648,1.0,1.0,12,0,10.0
near_tie,252,340,402114,0.3536327167435648,1.0,1.0,12,0,10.0
near_tie,252,341,402115,0.3536327167435648,1.0,1.0,12,0,10.0
near_tie,252,342,402116,0.3536327167435648,1.0,1.0,12,0,10.0
near_tie,252,343,402117,0.3536327167435648,1.0,1.0,12,0,10.0
near_tie,252,344,402118,0.3536327167435648,1.0,1.0,12,0,10.0
near_tie,252,345,402119,0.3536327167435648,1.0,1.0,12,0,10.0
near_tie,252,346,402120,0.3536327167435648,1.0,1.0,12,0,10.0
near_tie,252,347,402121,0.3536327167435648,1.0,1.0,12,0,10.0
near_tie,252,348,402122,0.3536327167435648,1.0,1.0,12,0,10.0
near_tie,252,349,402123,0.3536327167435648,1.0,1.0,12,0,10.0
near_tie,252,350,402124,0.3536327167435648,1.0,1.0,12,0,10.0
near_tie,252,351,402125,0.3536327167435648,1.0,1.0,12,0,10.0
near_tie,252,352,402126,0.3536327167435648,1.0,1.0,12,0,10.0
near_tie,252,353,402127,0.3536327167435648,1.0,1.0,12,0,10.0
near_tie,252,354,402128,0.3536327167435648,1.0,1.0,12,0,10.0
near_tie,252,355,402129,0.3536327167435648,1.0,1.0,12,0,10.0
near_tie,252,356,402130,0.3536327167435648,1.0,1.0,12,0,10.0
near_tie,252,357,402131,0.3536327167435648,1.0,1.0,12,0,10.0
near_tie,252,358,402132,0.3536327167435648,1.0,1.0,12,0,10.0
near_tie,252,359,402133,0.3536327167435648,1.0,1.0,12,0,10.0
near_tie,252,360,402134,0.3536327167435648,1.0,1.0,12,0,10.0
near_tie,252,361,402135,0.3536327167435648,1.0,1.0,12,0,10.0
near_tie,252,362,402136,0.3536327167435648,1.0,1.0,12,0,10.0
near_tie,252,363,402137,0.3536327167435648,1.0,1.0,12,0,10.0
near_tie,252,364,402138,0.3536327167435648,1.0,1.0,12,0,10.0
near_tie,252,365,402139,0.3536327167435648,1.0,1.0,12,0,10.0
near_tie,252,366,402140,0.3536327167435648,1.0,1.0,12,0,10.0
near_tie,252,367,402141,0.3536327167435648,1.0,1.0,12,0,10.0
near_tie,252,368,402142,0.3536327167435648,1.0,1.0,12,0,10.0
near_tie,252,369,402143,0.3536327167435648,1.0,1.0,12,0,10.0
near_tie,252,370,402144,0.3536327167435648,1.0,1.0,12,0,10.0
near_tie,252,371,402145,0.3536327167435648,1.0,1.0,12,0,10.0
near_tie,252,372,402146,0.3536327167435648,1.0,1.0,12,0,10.0
near_tie,252,373,402147,0.3536327167435648,1.0,1.0,12,0,10.0
near_tie,252,374,402148,0.3536327167435648,1.0,1.0,12,0,10.0
near_tie,252,375,402149,0.3536327167435648,1.0,1.0,12,0,10.0
near_tie,252,376,402150,0.3536327167435648,1.0,1.0,12,0,10.0
near_tie,252,377,402151,0.3536327167435648,1.0,1.0,12,0,10.0
near_tie,252,378,402152,0.3536327167435648,1.0,1.0,12,0,10.0
near_tie,252,379,402153,0.3536327167435648,1.0,1.0,12,0,10.0
near_tie,252,380,402154,0.3536327167435648,1.0,1.0,12,0,10.0
near_tie,252,381,402155,0.3536327167435648,1.0,1.0,12,0,10.0
near_tie,252,382,402156,0.3536327167435648,1.0,1.0,12,0,10.0
near_tie,252,383,402157,0.3536327167435648,1.0,1.0,12,0,10.0
near_tie,252,384,402158,0.3536327167435648,1.0,1.0,12,0,10.0
near_tie,252,385,402159,0.3536327167435648,1.0,1.0,12,0,10.0
near_tie,252,386,402160,0.3536327167435648,1.0,1.0,12,0,10.0
near_tie,252,387,402161,0.3536327167435648,1.0,1.0,12,0,10.0
near_tie,252,388,402162,0.3536327167435648,1.0,1.0,12,0,10.0
near_tie,252,389,402163,0.3536327167435648,1.0,1.0,12,0,10.0
near_tie,252,390,402164,0.3536327167435648,1.0,1.0,12,0,10.0
near_tie,252,391,402165,0.3536327167435648,1.0,1.0,12,0,10.0
near_tie,252,392,402166,0.3536327167435648,1.0,1.0,12,0,10.0
near_tie,252,393,402167,0.3536327167435648,1.0,1.0,12,0,10.0
near_tie,252,394,402168,0.3536327167435648,1.0,1.0,12,0,10.0
near_tie,252,395,402169,0.3536327167435648,1.0,1.0,12,0,10.0
near_tie,252,396,402170,0.3536327167435648,1.0,1.0,12,0,10.0
near_tie,252,397,402171,0.3536327167435648,1.0,1.0,12,0,10.0
near_tie,252,398,402172,0.3536327167435648,1.0,1.0,12,0,10.0
near_tie,252,399,402173,0.3536327167435648,1.0,1.0,12,0,10.0
near_tie,252,400,402174,0.3536327167435648,1.0,1.0,12,0,10.0
near_tie,252,401,402175,0.3536327167435648,1.0,1.0,12,0,10.0
near_tie,252,402,402176,0.3536327167435648,1.0,1.0,12,0,10.0
near_tie,252,403,402177,0.3536327167435648,1.0,1.0,12,0,10.0
near_tie,252,404,402178,0.3536327167435648,1.0,1.0,12,0,10.0
near_tie,252,405,402179,0.3536327167435648,1.0,1.0,12,0,10.0
near_tie,252,406,402180,0.3536327167435648,1.0,1.0,12,0,10.0
near_tie,252,407,402181,0.3536327167435648,1.0,1.0,12,0,10.0
near_tie,252,408,402182,0.3536327167435648,1.0,1.0,12,0,10.0
near_tie,252,409,402183,0.3536327167435648,1.0,1.0,12,0,10.0
near_tie,252,410,402184,0.3536327167435648,1.0,1.0,12,0,10.0
near_tie,252,411,402185,0.3536327167435648,1.0,1.0,12,0,10.0
near_tie,252,412,402186,0.3536327167435648,1.0,1.0,12,0,10.0
near_tie,252,413,402187,0.3536327167435648,1.0,1.0,12,0,10.0
near_tie,252,414,402188,0.3536327167435648,1.0,1.0,12,0,10.0
near_tie,252,415,402189,0.3536327167435648,1.0,1.0,12,0,10.0
near_tie,252,416,402190,0.3536327167435648,1.0,1.0,12,0,10.0
near_tie,252,417,402191,0.3536327167435648,1.0,1.0,12,0,10.0
near_tie,252,418,402192,0.3536327167435648,1.0,1.0,12,0,10.0
near_tie,252,419,402193,0.3536327167435648,1.0,1.0,12,0,10.0
near_tie,252,420,402194,0.3536327167435648,1.0,1.0,12,0,10.0
near_tie,252,421,402195,0.3536327167435648,1.0,1.0,12,0,10.0
near_tie,252,422,402196,0.3536327167435648,1.0,1.0,12,0,10.0
near_tie,252,423,402197,0.3536327167435648,1.0,1.0,12,0,10.0
near_tie,252,424,402198,0.3536327167435648,1.0,1.0,12,0,10.0
near_tie,252,425,402199,0.3536327167435648,1.0,1.0,12,0,10.0
near_tie,252,426,402200,0.3536327167435648,1.0,1.0,12,0,10.0
near_tie,252,427,402201,0.3536327167435648,1.0,1.0,12,0,10.0
near_tie,252,428,402202,0.3536327167435648,1.0,1.0,12,0,10.0
near_tie,252,429,402203,0.3536327167435648,1.0,1.0,12,0,10.0
near_tie,252,430,402204,0.3536327167435648,1.0,1.0,12,0,10.0
near_tie,252,431,402205,0.3536327167435648,1.0,1.0,12,0,10.0
near_tie,252,432,402206,0.3536327167435648,1.0,1.0,12,0,10.0
near_tie,252,433,402207,0.3536327167435648,1.0,1.0,12,0,10.0
near_tie,252,434,402208,0.3536327167435648,1.0,1.0,12,0,10.0
near_tie,252,435,402209,0.3536327167435648,1.0,1.0,12,0,10.0
near_tie,252,436,402210,0.3536327167435648,1.0,1.0,12,0,10.0
near_tie,252,437,402211,0.3536327167435648,1.0,1.0,12,0,10.0
near_tie,252,438,402212,0.3536327167435648,1.0,1.0,12,0,10.0
near_tie,252,439,402213,0.3536327167435648,1.0,1.0,12,0,10.0
near_tie,252,440,402214,0.3536327167435648,1.0,1.0,12,0,10.0
near_tie,252,441,402215,0.3536327167435648,1.0,1.0,12,0,10.0
near_tie,252,442,402216,0.3536327167435648,1.0,1.0,12,0,10.0
near_tie,252,443,402217,0.3536327167435648,1.0,1.0,12,0,10.0
near_tie,252,444,402218,0.3536327167435648,1.0,1.0,12,0,10.0
near_tie,252,445,402219,0.3536327167435648,1.0,1.0,12,0,10.0
near_tie,252,446,402220,0.3536327167435648,1.0,1.0,12,0,10.0
near_tie,252,447,402221,0.3536327167435648,1.0,1.0,12,0,10.0
near_tie,252,448,402222,0.3536327167435648,1.0,1.0,12,0,10.0
near_tie,252,449,402223,0.3536327167435648,1.0,1.0,12,0,10.0
near_tie,252,450,402224,0.3536327167435648,1.0,1.0,12,0,10.0
near_tie,252,451,402225,0.3536327167435648,1.0,1.0,12,0,10.0
near_tie,252,452,402226,0.3536327167435648,1.0,1.0,12,0,10.0
near_tie,252,453,402227,0.3536327167435648,1.0,1.0,12,0,10.0
near_tie,252,454,402228,0.3536327167435648,1.0,1.0,12,0,10.0
near_tie,252,455,402229,0.3536327167435648,1.0,1.0,12,0,10.0
near_tie,252,456,402230,0.3536327167435648,1.0,1.0,12,0,10.0
near_tie,252,457,402231,0.3536327167435648,1.0,1.0,12,0,10.0
near_tie,252,458,402232,0.3536327167435648,1.0,1.0,12,0,10.0
near_tie,252,459,402233,0.3536327167435648,1.0,1.0,12,0,10.0
near_tie,252,460,402234,0.3536327167435648,1.0,1.0,12,0,10.0
near_tie,252,461,402235,0.3536327167435648,1.0,1.0,12,0,10.0
near_tie,252,462,402236,0.3536327167435648,1.0,1.0,12,0,10.0
near_tie,252,463,402237,0.3536327167435648,1.0,1.0,12,0,10.0
near_tie,252,464,402238,0.3536327167435648,1.0,1.0,12,0,10.0
near_tie,252,465,402239,0.3536327167435648,1.0,1.0,12,0,10.0
near_tie,252,466,402240,0.3536327167435648,1.0,1.0,12,0,10.0
near_tie,252,467,402241,0.3536327167435648,1.0,1.0,12,0,10.0
near_tie,252,468,402242,0.3536327167435648,1.0,1.0,12,0,10.0
near_tie,252,469,402243,0.3536327167435648,1.0,1.0,12,0,10.0
near_tie,252,470,402244,0.3536327167435648,1.0,1.0,12,0,10.0
near_tie,252,471,402245,0.3536327167435648,1.0,1.0,12,0,10.0
near_tie,252,472,402246,0.3536327167435648,1.0,1.0,12,0,10.0
near_tie,252,473,402247,0.3536327167435648,1.0,1.0,12,0,10.0
near_tie,252,474,402248,0.3536327167435648,1.0,1.0,12,0,10.0
near_tie,252,475,402249,0.3536327167435648,1.0,1.0,12,0,10.0
near_tie,252,476,402250,0.3536327167435648,1.0,1.0,12,0,10.0
near_tie,252,477,402251,0.3536327167435648,1.0,1.0,12,0,10.0
near_tie,252,478,402252,0.3536327167435648,1.0,1.0,12,0,10.0
near_tie,252,479,402253,0.3536327167435648,1.0,1.0,12,0,10.0
near_tie,252,480,402254,0.3536327167435648,1.0,1.0,12,0,10.0
near_tie,252,481,402255,0.3536327167435648,1.0,1.0,12,0,10.0
near_tie,252,482,402256,0.3536327167435648,1.0,1.0,12,0,10.0
near_tie,252,483,402257,0.3536327167435648,1.0,1.0,12,0,10.0
near_tie,252,484,402258,0.3536327167435648,1.0,1.0,12,0,10.0
near_tie,252,485,402259,0.3536327167435648,1.0,1.0,12,0,10.0
near_tie,252,486,402260,0.3536327167435648,1.0,1.0,12,0,10.0
near_tie,252,487,402261,0.3536327167435648,1.0,1.0,12,0,10.0
near_tie,252,488,402262,0.3536327167435648,1.0,1.0,12,0,10.0
near_tie,252,489,402263,0.3536327167435648,1.0,1.0,12,0,10.0
near_tie,252,490,402264,0.3536327167435648,1.0,1.0,12,0,10.0
near_tie,252,491,402265,0.3536327167435648,1.0,1.0,12,0,10.0
near_tie,252,492,402266,0.3536327167435648,1.0,1.0,12,0,10.0
near_tie,252,493,402267,0.3536327167435648,1.0,1.0,12,0,10.0
near_tie,252,494,402268,0.3536327167435648,1.0,1.0,12,0,10.0
near_tie,252,495,402269,0.3536327167435648,1.0,1.0,12,0,10.0
near_tie,252,496,402270,0.3536327167435648,1.0,1.0,12,0,10.0
near_tie,252,497,402271,0.3536327167435648,1.0,1.0,12,0,10.0
near_tie,252,498,402272,0.3536327167435648,1.0,1.0,12,0,10.0
near_tie,252,499,402273,0.3536327167435648,1.0,1.0,12,0,10.0
gaussian_star,1008,0,501774,0.1768163583717824,1.0,1.0,12,0,10.0
gaussian_star,1008,1,501775,0.1768163583717824,1.0,1.0,12,0,10.0
gaussian_star,1008,2,501776,0.1768163583717824,1.0,1.0,12,0,10.0
gaussian_star,1008,3,501777,0.1768163583717824,1.0,1.0,12,0,10.0
gaussian_star,1008,4,501778,0.1768163583717824,1.0,1.0,12,0,10.0
gaussian_star,1008,5,501779,0.1768163583717824,1.0,1.0,12,0,10.0
gaussian_star,1008,6,501780,0.1768163583717824,1.0,1.0,12,0,10.0
gaussian_star,1008,7,501781,0.1768163583717824,1.0,1.0,12,0,10.0
gaussian_star,1008,8,501782,0.1768163583717824,1.0,1.0,12,0,10.0
gaussian_star,1008,9,501783,0.1768163583717824,1.0,1.0,12,0,10.0
gaussian_star,1008,10,501784,0.1768163583717824,1.0,1.0,12,0,10.0
gaussian_star,1008,11,501785,0.1768163583717824,1.0,1.0,12,0,10.0
gaussian_star,1008,12,501786,0.1768163583717824,1.0,1.0,12,0,10.0
gaussian_star,1008,13,501787,0.1768163583717824,1.0,1.0,12,0,10.0
gaussian_star,1008,14,501788,0.1768163583717824,1.0,1.0,12,0,10.0
gaussian_star,1008,15,501789,0.1768163583717824,1.0,1.0,12,0,10.0
gaussian_star,1008,16,501790,0.1768163583717824,1.0,1.0,12,0,10.0
gaussian_star,1008,17,501791,0.1768163583717824,1.0,1.0,12,0,10.0
gaussian_star,1008,18,501792,0.1768163583717824,1.0,1.0,12,0,10.0
gaussian_star,1008,19,501793,0.1768163583717824,1.0,1.0,12,0,10.0
gaussian_star,1008,20,501794,0.1768163583717824,1.0,1.0,12,0,10.0
gaussian_star,1008,21,501795,0.1768163583717824,1.0,1.0,12,0,10.0
gaussian_star,1008,22,501796,0.1768163583717824,1.0,1.0,12,0,10.0
gaussian_star,1008,23,501797,0.1768163583717824,1.0,1.0,12,0,10.0
gaussian_star,1008,24,501798,0.1768163583717824,1.0,1.0,12,0,10.0
gaussian_star,1008,25,501799,0.1768163583717824,1.0,1.0,12,0,10.0
gaussian_star,1008,26,501800,0.1768163583717824,1.0,1.0,12,0,10.0
gaussian_star,1008,27,501801,0.1768163583717824,1.0,1.0,12,0,10.0
gaussian_star,1008,28,501802,0.1768163583717824,1.0,1.0,12,0,10.0
gaussian_star,1008,29,501803,0.1768163583717824,1.0,1.0,12,0,10.0
gaussian_star,1008,30,501804,0.1768163583717824,1.0,1.0,12,0,10.0
gaussian_star,1008,31,501805,0.1768163583717824,1.0,1.0,12,0,10.0
gaussian_star,1008,32,501806,0.1768163583717824,1.0,1.0,12,0,10.0
gaussian_star,1008,33,501807,0.1768163583717824,1.0,1.0,12,0,10.0
gaussian_star,1008,34,501808,0.1768163583717824,1.0,1.0,12,0,10.0
gaussian_star,1008,35,501809,0.1768163583717824,1.0,1.0,12,0,10.0
gaussian_star,1008,36,501810,0.1768163583717824,1.0,1.0,12,0,10.0
gaussian_star,1008,37,501811,0.1768163583717824,1.0,1.0,12,0,10.0
gaussian_star,1008,38,501812,0.1768163583717824,1.0,1.0,12,0,10.0
gaussian_star,1008,39,501813,0.1768163583717824,1.0,1.0,12,0,10.0
gaussian_star,1008,40,501814,0.1768163583717824,1.0,1.0,12,0,10.0
gaussian_star,1008,41,501815,0.1768163583717824,1.0,1.0,12,0,10.0
gaussian_star,1008,42,501816,0.1768163583717824,1.0,1.0,12,0,10.0
gaussian_star,1008,43,501817,0.1768163583717824,1.0,1.0,12,0,10.0
gaussian_star,1008,44,501818,0.1768163583717824,1.0,1.0,12,0,10.0
gaussian_star,1008,45,501819,0.1768163583717824,1.0,1.0,12,0,10.0
gaussian_star,1008,46,501820,0.1768163583717824,1.0,1.0,12,0,10.0
gaussian_star,1008,47,501821,0.1768163583717824,1.0,1.0,12,0,10.0
gaussian_star,1008,48,501822,0.1768163583717824,1.0,1.0,12,0,10.0
gaussian_star,1008,49,501823,0.1768163583717824,1.0,1.0,12,0,10.0
gaussian_star,1008,50,501824,0.1768163583717824,1.0,1.0,12,0,10.0
gaussian_star,1008,51,501825,0.1768163583717824,1.0,1.0,12,0,10.0
gaussian_star,1008,52,501826,0.1768163583717824,1.0,1.0,12,0,10.0
gaussian_star,1008,53,501827,0.1768163583717824,1.0,1.0,12,0,10.0
gaussian_star,1008,54,501828,0.1768163583717824,1.0,1.0,12,0,10.0
gaussian_star,1008,55,501829,0.1768163583717824,1.0,1.0,12,0,10.0
gaussian_star,1008,56,501830,0.1768163583717824,1.0,1.0,12,0,10.0
gaussian_star,1008,57,501831,0.1768163583717824,1.0,1.0,12,0,10.0
gaussian_star,1008,58,501832,0.1768163583717824,1.0,1.0,12,0,10.0
gaussian_star,1008,59,501833,0.1768163583717824,1.0,1.0,12,0,10.0
gaussian_star,1008,60,501834,0.1768163583717824,1.0,1.0,12,0,10.0
gaussian_star,1008,61,501835,0.1768163583717824,1.0,1.0,12,0,10.0
gaussian_star,1008,62,501836,0.1768163583717824,1.0,1.0,12,0,10.0
gaussian_star,1008,63,501837,0.1768163583717824,1.0,1.0,12,0,10.0
gaussian_star,1008,64,501838,0.1768163583717824,1.0,1.0,12,0,10.0
gaussian_star,1008,65,501839,0.1768163583717824,1.0,1.0,12,0,10.0
gaussian_star,1008,66,501840,0.1768163583717824,1.0,1.0,12,0,10.0
gaussian_star,1008,67,501841,0.1768163583717824,1.0,1.0,12,0,10.0
gaussian_star,1008,68,501842,0.1768163583717824,1.0,1.0,12,0,10.0
gaussian_star,1008,69,501843,0.1768163583717824,1.0,1.0,12,0,10.0
gaussian_star,1008,70,501844,0.1768163583717824,1.0,1.0,12,0,10.0
gaussian_star,1008,71,501845,0.1768163583717824,1.0,1.0,12,0,10.0
gaussian_star,1008,72,501846,0.1768163583717824,1.0,1.0,12,0,10.0
gaussian_star,1008,73,501847,0.1768163583717824,1.0,1.0,12,0,10.0
gaussian_star,1008,74,501848,0.1768163583717824,1.0,1.0,12,0,10.0
gaussian_star,1008,75,501849,0.1768163583717824,1.0,1.0,12,0,10.0
gaussian_star,1008,76,501850,0.1768163583717824,1.0,1.0,12,0,10.0
gaussian_star,1008,77,501851,0.1768163583717824,1.0,1.0,12,0,10.0
gaussian_star,1008,78,501852,0.1768163583717824,1.0,1.0,12,0,10.0
gaussian_star,1008,79,501853,0.1768163583717824,1.0,1.0,12,0,10.0
gaussian_star,1008,80,501854,0.1768163583717824,1.0,1.0,12,0,10.0
gaussian_star,1008,81,501855,0.1768163583717824,1.0,1.0,12,0,10.0
gaussian_star,1008,82,501856,0.1768163583717824,1.0,1.0,12,0,10.0
gaussian_star,1008,83,501857,0.1768163583717824,1.0,1.0,12,0,10.0
gaussian_star,1008,84,501858,0.1768163583717824,1.0,1.0,12,0,10.0
gaussian_star,1008,85,501859,0.1768163583717824,1.0,1.0,12,0,10.0
gaussian_star,1008,86,501860,0.1768163583717824,1.0,1.0,12,0,10.0
gaussian_star,1008,87,501861,0.1768163583717824,1.0,1.0,12,0,10.0
gaussian_star,1008,88,501862,0.1768163583717824,1.0,1.0,12,0,10.0
gaussian_star,1008,89,501863,0.1768163583717824,1.0,1.0,12,0,10.0
gaussian_star,1008,90,501864,0.1768163583717824,1.0,1.0,12,0,10.0
gaussian_star,1008,91,501865,0.1768163583717824,1.0,1.0,12,0,10.0
gaussian_star,1008,92,501866,0.1768163583717824,1.0,1.0,12,0,10.0
gaussian_star,1008,93,501867,0.1768163583717824,1.0,1.0,12,0,10.0
gaussian_star,1008,94,501868,0.1768163583717824,1.0,1.0,12,0,10.0
gaussian_star,1008,95,501869,0.1768163583717824,1.0,1.0,12,0,10.0
gaussian_star,1008,96,501870,0.1768163583717824,1.0,1.0,12,0,10.0
gaussian_star,1008,97,501871,0.1768163583717824,1.0,1.0,12,0,10.0
gaussian_star,1008,98,501872,0.1768163583717824,1.0,1.0,12,0,10.0
gaussian_star,1008,99,501873,0.1768163583717824,1.0,1.0,12,0,10.0
gaussian_star,1008,100,501874,0.1768163583717824,1.0,1.0,12,0,10.0
gaussian_star,1008,101,501875,0.1768163583717824,1.0,1.0,12,0,10.0
gaussian_star,1008,102,501876,0.1768163583717824,1.0,1.0,12,0,10.0
gaussian_star,1008,103,501877,0.1768163583717824,1.0,1.0,12,0,10.0
gaussian_star,1008,104,501878,0.1768163583717824,1.0,1.0,12,0,10.0
gaussian_star,1008,105,501879,0.1768163583717824,1.0,1.0,12,0,10.0
gaussian_star,1008,106,501880,0.1768163583717824,1.0,1.0,12,0,10.0
gaussian_star,1008,107,501881,0.1768163583717824,1.0,1.0,12,0,10.0
gaussian_star,1008,108,501882,0.1768163583717824,1.0,1.0,12,0,10.0
gaussian_star,1008,109,501883,0.1768163583717824,1.0,1.0,12,0,10.0
gaussian_star,1008,110,501884,0.1768163583717824,1.0,1.0,12,0,10.0
gaussian_star,1008,111,501885,0.1768163583717824,1.0,1.0,12,0,10.0
gaussian_star,1008,112,501886,0.1768163583717824,1.0,1.0,12,0,10.0
gaussian_star,1008,113,501887,0.1768163583717824,1.0,1.0,12,0,10.0
gaussian_star,1008,114,501888,0.1768163583717824,1.0,1.0,12,0,10.0
gaussian_star,1008,115,501889,0.1768163583717824,1.0,1.0,12,0,10.0
gaussian_star,1008,116,501890,0.1768163583717824,1.0,1.0,12,0,10.0
gaussian_star,1008,117,501891,0.1768163583717824,1.0,1.0,12,0,10.0
gaussian_star,1008,118,501892,0.1768163583717824,1.0,1.0,12,0,10.0
gaussian_star,1008,119,501893,0.1768163583717824,1.0,1.0,12,0,10.0
gaussian_star,1008,120,501894,0.1768163583717824,1.0,1.0,12,0,10.0
gaussian_star,1008,121,501895,0.1768163583717824,1.0,1.0,12,0,10.0
gaussian_star,1008,122,501896,0.1768163583717824,1.0,1.0,12,0,10.0
gaussian_star,1008,123,501897,0.1768163583717824,1.0,1.0,12,0,10.0
gaussian_star,1008,124,501898,0.1768163583717824,1.0,1.0,12,0,10.0
gaussian_star,1008,125,501899,0.1768163583717824,1.0,1.0,12,0,10.0
gaussian_star,1008,126,501900,0.1768163583717824,1.0,1.0,12,0,10.0
gaussian_star,1008,127,501901,0.1768163583717824,1.0,1.0,12,0,10.0
gaussian_star,1008,128,501902,0.1768163583717824,1.0,1.0,12,0,10.0
gaussian_star,1008,129,501903,0.1768163583717824,1.0,1.0,12,0,10.0
gaussian_star,1008,130,501904,0.1768163583717824,1.0,1.0,12,0,10.0
gaussian_star,1008,131,501905,0.1768163583717824,1.0,1.0,12,0,10.0
gaussian_star,1008,132,501906,0.1768163583717824,1.0,1.0,12,0,10.0
gaussian_star,1008,133,501907,0.1768163583717824,1.0,1.0,12,0,10.0
gaussian_star,1008,134,501908,0.1768163583717824,1.0,1.0,12,0,10.0
gaussian_star,1008,135,501909,0.1768163583717824,1.0,1.0,12,0,10.0
gaussian_star,1008,136,501910,0.1768163583717824,1.0,1.0,12,0,10.0
gaussian_star,1008,137,501911,0.1768163583717824,1.0,1.0,12,0,10.0
gaussian_star,1008,138,501912,0.1768163583717824,1.0,1.0,12,0,10.0
gaussian_star,1008,139,501913,0.1768163583717824,1.0,1.0,12,0,10.0
gaussian_star,1008,140,501914,0.1768163583717824,1.0,1.0,12,0,10.0
gaussian_star,1008,141,501915,0.1768163583717824,1.0,1.0,12,0,10.0
gaussian_star,1008,142,501916,0.1768163583717824,1.0,1.0,12,0,10.0
gaussian_star,1008,143,501917,0.1768163583717824,1.0,1.0,12,0,10.0
gaussian_star,1008,144,501918,0.1768163583717824,1.0,1.0,12,0,10.0
gaussian_star,1008,145,501919,0.1768163583717824,1.0,1.0,12,0,10.0
gaussian_star,1008,146,501920,0.1768163583717824,1.0,1.0,12,0,10.0
gaussian_star,1008,147,501921,0.1768163583717824,1.0,1.0,12,0,10.0
gaussian_star,1008,148,501922,0.1768163583717824,1.0,1.0,12,0,10.0
gaussian_star,1008,149,501923,0.1768163583717824,1.0,1.0,12,0,10.0
gaussian_star,1008,150,501924,0.1768163583717824,1.0,1.0,12,0,10.0
gaussian_star,1008,151,501925,0.1768163583717824,1.0,1.0,12,0,10.0
gaussian_star,1008,152,501926,0.1768163583717824,1.0,1.0,12,0,10.0
gaussian_star,1008,153,501927,0.1768163583717824,1.0,1.0,12,0,10.0
gaussian_star,1008,154,501928,0.1768163583717824,1.0,1.0,12,0,10.0
gaussian_star,1008,155,501929,0.1768163583717824,1.0,1.0,12,0,10.0
gaussian_star,1008,156,501930,0.1768163583717824,1.0,1.0,12,0,10.0
gaussian_star,1008,157,501931,0.1768163583717824,1.0,1.0,12,0,10.0
gaussian_star,1008,158,501932,0.1768163583717824,1.0,1.0,12,0,10.0
gaussian_star,1008,159,501933,0.1768163583717824,1.0,1.0,12,0,10.0
gaussian_star,1008,160,501934,0.1768163583717824,1.0,1.0,12,0,10.0
gaussian_star,1008,161,501935,0.1768163583717824,1.0,1.0,12,0,10.0
gaussian_star,1008,162,501936,0.1768163583717824,1.0,1.0,12,0,10.0
gaussian_star,1008,163,501937,0.1768163583717824,1.0,1.0,12,0,10.0
gaussian_star,1008,164,501938,0.1768163583717824,1.0,1.0,12,0,10.0
gaussian_star,1008,165,501939,0.1768163583717824,1.0,1.0,12,0,10.0
gaussian_star,1008,166,501940,0.1768163583717824,1.0,1.0,12,0,10.0
gaussian_star,1008,167,501941,0.1768163583717824,1.0,1.0,12,0,10.0
gaussian_star,1008,168,501942,0.1768163583717824,1.0,1.0,12,0,10.0
gaussian_star,1008,169,501943,0.1768163583717824,1.0,1.0,12,0,10.0
gaussian_star,1008,170,501944,0.1768163583717824,1.0,1.0,12,0,10.0
gaussian_star,1008,171,501945,0.1768163583717824,1.0,1.0,12,0,10.0
gaussian_star,1008,172,501946,0.1768163583717824,1.0,1.0,12,0,10.0
gaussian_star,1008,173,501947,0.1768163583717824,1.0,1.0,12,0,10.0
gaussian_star,1008,174,501948,0.1768163583717824,1.0,1.0,12,0,10.0
gaussian_star,1008,175,501949,0.1768163583717824,1.0,1.0,12,0,10.0
gaussian_star,1008,176,501950,0.1768163583717824,1.0,1.0,12,0,10.0
gaussian_star,1008,177,501951,0.1768163583717824,1.0,1.0,12,0,10.0
gaussian_star,1008,178,501952,0.1768163583717824,1.0,1.0,12,0,10.0
gaussian_star,1008,179,501953,0.1768163583717824,1.0,1.0,12,0,10.0
gaussian_star,1008,180,501954,0.1768163583717824,1.0,1.0,12,0,10.0
gaussian_star,1008,181,501955,0.1768163583717824,1.0,1.0,12,0,10.0
gaussian_star,1008,182,501956,0.1768163583717824,1.0,1.0,12,0,10.0
gaussian_star,1008,183,501957,0.1768163583717824,1.0,1.0,12,0,10.0
gaussian_star,1008,184,501958,0.1768163583717824,1.0,1.0,12,0,10.0
gaussian_star,1008,185,501959,0.1768163583717824,1.0,1.0,12,0,10.0
gaussian_star,1008,186,501960,0.1768163583717824,1.0,1.0,12,0,10.0
gaussian_star,1008,187,501961,0.1768163583717824,1.0,1.0,12,0,10.0
gaussian_star,1008,188,501962,0.1768163583717824,1.0,1.0,12,0,10.0
gaussian_star,1008,189,501963,0.1768163583717824,1.0,1.0,12,0,10.0
gaussian_star,1008,190,501964,0.1768163583717824,1.0,1.0,12,0,10.0
gaussian_star,1008,191,501965,0.1768163583717824,1.0,1.0,12,0,10.0
gaussian_star,1008,192,501966,0.1768163583717824,1.0,1.0,12,0,10.0
gaussian_star,1008,193,501967,0.1768163583717824,1.0,1.0,12,0,10.0
gaussian_star,1008,194,501968,0.1768163583717824,1.0,1.0,12,0,10.0
gaussian_star,1008,195,501969,0.1768163583717824,1.0,1.0,12,0,10.0
gaussian_star,1008,196,501970,0.1768163583717824,1.0,1.0,12,0,10.0
gaussian_star,1008,197,501971,0.1768163583717824,1.0,1.0,12,0,10.0
gaussian_star,1008,198,501972,0.1768163583717824,1.0,1.0,12,0,10.0
gaussian_star,1008,199,501973,0.1768163583717824,1.0,1.0,12,0,10.0
gaussian_star,1008,200,501974,0.1768163583717824,1.0,1.0,12,0,10.0
gaussian_star,1008,201,501975,0.1768163583717824,1.0,1.0,12,0,10.0
gaussian_star,1008,202,501976,0.1768163583717824,1.0,1.0,12,0,10.0
gaussian_star,1008,203,501977,0.1768163583717824,1.0,1.0,12,0,10.0
gaussian_star,1008,204,501978,0.1768163583717824,1.0,1.0,12,0,10.0
gaussian_star,1008,205,501979,0.1768163583717824,1.0,1.0,12,0,10.0
gaussian_star,1008,206,501980,0.1768163583717824,1.0,1.0,12,0,10.0
gaussian_star,1008,207,501981,0.1768163583717824,1.0,1.0,12,0,10.0
gaussian_star,1008,208,501982,0.1768163583717824,1.0,1.0,12,0,10.0
gaussian_star,1008,209,501983,0.1768163583717824,1.0,1.0,12,0,10.0
gaussian_star,1008,210,501984,0.1768163583717824,1.0,1.0,12,0,10.0
gaussian_star,1008,211,501985,0.1768163583717824,1.0,1.0,12,0,10.0
gaussian_star,1008,212,501986,0.1768163583717824,1.0,1.0,12,0,10.0
gaussian_star,1008,213,501987,0.1768163583717824,1.0,1.0,12,0,10.0
gaussian_star,1008,214,501988,0.1768163583717824,1.0,1.0,12,0,10.0
gaussian_star,1008,215,501989,0.1768163583717824,1.0,1.0,12,0,10.0
gaussian_star,1008,216,501990,0.1768163583717824,1.0,1.0,12,0,10.0
gaussian_star,1008,217,501991,0.1768163583717824,1.0,1.0,12,0,10.0
gaussian_star,1008,218,501992,0.1768163583717824,1.0,1.0,12,0,10.0
gaussian_star,1008,219,501993,0.1768163583717824,1.0,1.0,12,0,10.0
gaussian_star,1008,220,501994,0.1768163583717824,1.0,1.0,12,0,10.0
gaussian_star,1008,221,501995,0.1768163583717824,1.0,1.0,12,0,10.0
gaussian_star,1008,222,501996,0.1768163583717824,1.0,1.0,12,0,10.0
gaussian_star,1008,223,501997,0.1768163583717824,1.0,1.0,12,0,10.0
gaussian_star,1008,224,501998,0.1768163583717824,1.0,1.0,12,0,10.0
gaussian_star,1008,225,501999,0.1768163583717824,1.0,1.0,12,0,10.0
gaussian_star,1008,226,502000,0.1768163583717824,1.0,1.0,12,0,10.0
gaussian_star,1008,227,502001,0.1768163583717824,1.0,1.0,12,0,10.0
gaussian_star,1008,228,502002,0.1768163583717824,1.0,1.0,12,0,10.0
gaussian_star,1008,229,502003,0.1768163583717824,1.0,1.0,12,0,10.0
gaussian_star,1008,230,502004,0.1768163583717824,1.0,1.0,12,0,10.0
gaussian_star,1008,231,502005,0.1768163583717824,1.0,1.0,12,0,10.0
gaussian_star,1008,232,502006,0.1768163583717824,1.0,1.0,12,0,10.0
gaussian_star,1008,233,502007,0.1768163583717824,1.0,1.0,12,0,10.0
gaussian_star,1008,234,502008,0.1768163583717824,1.0,1.0,12,0,10.0
gaussian_star,1008,235,502009,0.1768163583717824,1.0,1.0,12,0,10.0
gaussian_star,1008,236,502010,0.1768163583717824,1.0,1.0,12,0,10.0
gaussian_star,1008,237,502011,0.1768163583717824,1.0,1.0,12,0,10.0
gaussian_star,1008,238,502012,0.1768163583717824,1.0,1.0,12,0,10.0
gaussian_star,1008,239,502013,0.1768163583717824,1.0,1.0,12,0,10.0
gaussian_star,1008,240,502014,0.1768163583717824,1.0,1.0,12,0,10.0
gaussian_star,1008,241,502015,0.1768163583717824,1.0,1.0,12,0,10.0
gaussian_star,1008,242,502016,0.1768163583717824,1.0,1.0,12,0,10.0
gaussian_star,1008,243,502017,0.1768163583717824,1.0,1.0,12,0,10.0
gaussian_star,1008,244,502018,0.1768163583717824,1.0,1.0,12,0,10.0
gaussian_star,1008,245,502019,0.1768163583717824,1.0,1.0,12,0,10.0
gaussian_star,1008,246,502020,0.1768163583717824,1.0,1.0,12,0,10.0
gaussian_star,1008,247,502021,0.1768163583717824,1.0,1.0,12,0,10.0
gaussian_star,1008,248,502022,0.1768163583717824,1.0,1.0,12,0,10.0
gaussian_star,1008,249,502023,0.1768163583717824,1.0,1.0,12,0,10.0
gaussian_star,1008,250,502024,0.1768163583717824,1.0,1.0,12,0,10.0
gaussian_star,1008,251,502025,0.1768163583717824,1.0,1.0,12,0,10.0
gaussian_star,1008,252,502026,0.1768163583717824,1.0,1.0,12,0,10.0
gaussian_star,1008,253,502027,0.1768163583717824,1.0,1.0,12,0,10.0
gaussian_star,1008,254,502028,0.1768163583717824,1.0,1.0,12,0,10.0
gaussian_star,1008,255,502029,0.1768163583717824,1.0,1.0,12,0,10.0
gaussian_star,1008,256,502030,0.1768163583717824,1.0,1.0,12,0,10.0
gaussian_star,1008,257,502031,0.1768163583717824,1.0,1.0,12,0,10.0
gaussian_star,1008,258,502032,0.1768163583717824,1.0,1.0,12,0,10.0
gaussian_star,1008,259,502033,0.1768163583717824,1.0,1.0,12,0,10.0
gaussian_star,1008,260,502034,0.1768163583717824,1.0,1.0,12,0,10.0
gaussian_star,1008,261,502035,0.1768163583717824,1.0,1.0,12,0,10.0
gaussian_star,1008,262,502036,0.1768163583717824,1.0,1.0,12,0,10.0
gaussian_star,1008,263,502037,0.1768163583717824,1.0,1.0,12,0,10.0
gaussian_star,1008,264,502038,0.1768163583717824,1.0,1.0,12,0,10.0
gaussian_star,1008,265,502039,0.1768163583717824,1.0,1.0,12,0,10.0
gaussian_star,1008,266,502040,0.1768163583717824,1.0,1.0,12,0,10.0
gaussian_star,1008,267,502041,0.1768163583717824,1.0,1.0,12,0,10.0
gaussian_star,1008,268,502042,0.1768163583717824,1.0,1.0,12,0,10.0
gaussian_star,1008,269,502043,0.1768163583717824,1.0,1.0,12,0,10.0
gaussian_star,1008,270,502044,0.1768163583717824,1.0,1.0,12,0,10.0
gaussian_star,1008,271,502045,0.1768163583717824,1.0,1.0,12,0,10.0
gaussian_star,1008,272,502046,0.1768163583717824,1.0,1.0,12,0,10.0
gaussian_star,1008,273,502047,0.1768163583717824,1.0,1.0,12,0,10.0
gaussian_star,1008,274,502048,0.1768163583717824,1.0,1.0,12,0,10.0
gaussian_star,1008,275,502049,0.1768163583717824,1.0,1.0,12,0,10.0
gaussian_star,1008,276,502050,0.1768163583717824,1.0,1.0,12,0,10.0
gaussian_star,1008,277,502051,0.1768163583717824,1.0,1.0,12,0,10.0
gaussian_star,1008,278,502052,0.1768163583717824,1.0,1.0,12,0,10.0
gaussian_star,1008,279,502053,0.1768163583717824,1.0,1.0,12,0,10.0
gaussian_star,1008,280,502054,0.1768163583717824,1.0,1.0,12,0,10.0
gaussian_star,1008,281,502055,0.1768163583717824,1.0,1.0,12,0,10.0
gaussian_star,1008,282,502056,0.1768163583717824,1.0,1.0,12,0,10.0
gaussian_star,1008,283,502057,0.1768163583717824,1.0,1.0,12,0,10.0
gaussian_star,1008,284,502058,0.1768163583717824,1.0,1.0,12,0,10.0
gaussian_star,1008,285,502059,0.1768163583717824,1.0,1.0,12,0,10.0
gaussian_star,1008,286,502060,0.1768163583717824,1.0,1.0,12,0,10.0
gaussian_star,1008,287,502061,0.1768163583717824,1.0,1.0,12,0,10.0
gaussian_star,1008,288,502062,0.1768163583717824,1.0,1.0,12,0,10.0
gaussian_star,1008,289,502063,0.1768163583717824,1.0,1.0,12,0,10.0
gaussian_star,1008,290,502064,0.1768163583717824,1.0,1.0,12,0,10.0
gaussian_star,1008,291,502065,0.1768163583717824,1.0,1.0,12,0,10.0
gaussian_star,1008,292,502066,0.1768163583717824,1.0,1.0,12,0,10.0
gaussian_star,1008,293,502067,0.1768163583717824,1.0,1.0,12,0,10.0
gaussian_star,1008,294,502068,0.1768163583717824,1.0,1.0,12,0,10.0
gaussian_star,1008,295,502069,0.1768163583717824,1.0,1.0,12,0,10.0
gaussian_star,1008,296,502070,0.1768163583717824,1.0,1.0,12,0,10.0
gaussian_star,1008,297,502071,0.1768163583717824,1.0,1.0,12,0,10.0
gaussian_star,1008,298,502072,0.1768163583717824,1.0,1.0,12,0,10.0
gaussian_star,1008,299,502073,0.1768163583717824,1.0,1.0,12,0,10.0
gaussian_star,1008,300,502074,0.1768163583717824,1.0,1.0,12,0,10.0
gaussian_star,1008,301,502075,0.1768163583717824,1.0,1.0,12,0,10.0
gaussian_star,1008,302,502076,0.1768163583717824,1.0,1.0,12,0,10.0
gaussian_star,1008,303,502077,0.1768163583717824,1.0,1.0,12,0,10.0
gaussian_star,1008,304,502078,0.1768163583717824,1.0,1.0,12,0,10.0
gaussian_star,1008,305,502079,0.1768163583717824,1.0,1.0,12,0,10.0
gaussian_star,1008,306,502080,0.1768163583717824,1.0,1.0,12,0,10.0
gaussian_star,1008,307,502081,0.1768163583717824,1.0,1.0,12,0,10.0
gaussian_star,1008,308,502082,0.1768163583717824,1.0,1.0,12,0,10.0
gaussian_star,1008,309,502083,0.1768163583717824,1.0,1.0,12,0,10.0
gaussian_star,1008,310,502084,0.1768163583717824,1.0,1.0,12,0,10.0
gaussian_star,1008,311,502085,0.1768163583717824,1.0,1.0,12,0,10.0
gaussian_star,1008,312,502086,0.1768163583717824,1.0,1.0,12,0,10.0
gaussian_star,1008,313,502087,0.1768163583717824,1.0,1.0,12,0,10.0
gaussian_star,1008,314,502088,0.1768163583717824,1.0,1.0,12,0,10.0
gaussian_star,1008,315,502089,0.1768163583717824,1.0,1.0,12,0,10.0
gaussian_star,1008,316,502090,0.1768163583717824,1.0,1.0,12,0,10.0
gaussian_star,1008,317,502091,0.1768163583717824,1.0,1.0,12,0,10.0
gaussian_star,1008,318,502092,0.1768163583717824,1.0,1.0,12,0,10.0
gaussian_star,1008,319,502093,0.1768163583717824,1.0,1.0,12,0,10.0
gaussian_star,1008,320,502094,0.1768163583717824,1.0,1.0,12,0,10.0
gaussian_star,1008,321,502095,0.1768163583717824,1.0,1.0,12,0,10.0
gaussian_star,1008,322,502096,0.1768163583717824,1.0,1.0,12,0,10.0
gaussian_star,1008,323,502097,0.1768163583717824,1.0,1.0,12,0,10.0
gaussian_star,1008,324,502098,0.1768163583717824,1.0,1.0,12,0,10.0
gaussian_star,1008,325,502099,0.1768163583717824,1.0,1.0,12,0,10.0
gaussian_star,1008,326,502100,0.1768163583717824,1.0,1.0,12,0,10.0
gaussian_star,1008,327,502101,0.1768163583717824,1.0,1.0,12,0,10.0
gaussian_star,1008,328,502102,0.1768163583717824,1.0,1.0,12,0,10.0
gaussian_star,1008,329,502103,0.1768163583717824,1.0,1.0,12,0,10.0
gaussian_star,1008,330,502104,0.1768163583717824,1.0,1.0,12,0,10.0
gaussian_star,1008,331,502105,0.1768163583717824,1.0,1.0,12,0,10.0
gaussian_star,1008,332,502106,0.1768163583717824,1.0,1.0,12,0,10.0
gaussian_star,1008,333,502107,0.1768163583717824,1.0,1.0,12,0,10.0
gaussian_star,1008,334,502108,0.1768163583717824,1.0,1.0,12,0,10.0
gaussian_star,1008,335,502109,0.1768163583717824,1.0,1.0,12,0,10.0
gaussian_star,1008,336,502110,0.1768163583717824,1.0,1.0,12,0,10.0
gaussian_star,1008,337,502111,0.1768163583717824,1.0,1.0,12,0,10.0
gaussian_star,1008,338,502112,0.1768163583717824,1.0,1.0,12,0,10.0
gaussian_star,1008,339,502113,0.1768163583717824,1.0,1.0,12,0,10.0
gaussian_star,1008,340,502114,0.1768163583717824,1.0,1.0,12,0,10.0
gaussian_star,1008,341,502115,0.1768163583717824,1.0,1.0,12,0,10.0
gaussian_star,1008,342,502116,0.1768163583717824,1.0,1.0,12,0,10.0
gaussian_star,1008,343,502117,0.1768163583717824,1.0,1.0,12,0,10.0
gaussian_star,1008,344,502118,0.1768163583717824,1.0,1.0,12,0,10.0
gaussian_star,1008,345,502119,0.1768163583717824,1.0,1.0,12,0,10.0
gaussian_star,1008,346,502120,0.1768163583717824,1.0,1.0,12,0,10.0
gaussian_star,1008,347,502121,0.1768163583717824,1.0,1.0,12,0,10.0
gaussian_star,1008,348,502122,0.1768163583717824,1.0,1.0,12,0,10.0
gaussian_star,1008,349,502123,0.1768163583717824,1.0,1.0,12,0,10.0
gaussian_star,1008,350,502124,0.1768163583717824,1.0,1.0,12,0,10.0
gaussian_star,1008,351,502125,0.1768163583717824,1.0,1.0,12,0,10.0
gaussian_star,1008,352,502126,0.1768163583717824,1.0,1.0,12,0,10.0
gaussian_star,1008,353,502127,0.1768163583717824,1.0,1.0,12,0,10.0
gaussian_star,1008,354,502128,0.1768163583717824,1.0,1.0,12,0,10.0
gaussian_star,1008,355,502129,0.1768163583717824,1.0,1.0,12,0,10.0
gaussian_star,1008,356,502130,0.1768163583717824,1.0,1.0,12,0,10.0
gaussian_star,1008,357,502131,0.1768163583717824,1.0,1.0,12,0,10.0
gaussian_star,1008,358,502132,0.1768163583717824,1.0,1.0,12,0,10.0
gaussian_star,1008,359,502133,0.1768163583717824,1.0,1.0,12,0,10.0
gaussian_star,1008,360,502134,0.1768163583717824,1.0,1.0,12,0,10.0
gaussian_star,1008,361,502135,0.1768163583717824,1.0,1.0,12,0,10.0
gaussian_star,1008,362,502136,0.1768163583717824,1.0,1.0,12,0,10.0
gaussian_star,1008,363,502137,0.1768163583717824,1.0,1.0,12,0,10.0
gaussian_star,1008,364,502138,0.1768163583717824,1.0,1.0,12,0,10.0
gaussian_star,1008,365,502139,0.1768163583717824,1.0,1.0,12,0,10.0
gaussian_star,1008,366,502140,0.1768163583717824,1.0,1.0,12,0,10.0
gaussian_star,1008,367,502141,0.1768163583717824,1.0,1.0,12,0,10.0
gaussian_star,1008,368,502142,0.1768163583717824,1.0,1.0,12,0,10.0
gaussian_star,1008,369,502143,0.1768163583717824,1.0,1.0,12,0,10.0
gaussian_star,1008,370,502144,0.1768163583717824,1.0,1.0,12,0,10.0
gaussian_star,1008,371,502145,0.1768163583717824,1.0,1.0,12,0,10.0
gaussian_star,1008,372,502146,0.1768163583717824,1.0,1.0,12,0,10.0
gaussian_star,1008,373,502147,0.1768163583717824,1.0,1.0,12,0,10.0
gaussian_star,1008,374,502148,0.1768163583717824,1.0,1.0,12,0,10.0
gaussian_star,1008,375,502149,0.1768163583717824,1.0,1.0,12,0,10.0
gaussian_star,1008,376,502150,0.1768163583717824,1.0,1.0,12,0,10.0
gaussian_star,1008,377,502151,0.1768163583717824,1.0,1.0,12,0,10.0
gaussian_star,1008,378,502152,0.1768163583717824,1.0,1.0,12,0,10.0
gaussian_star,1008,379,502153,0.1768163583717824,1.0,1.0,12,0,10.0
gaussian_star,1008,380,502154,0.1768163583717824,1.0,1.0,12,0,10.0
gaussian_star,1008,381,502155,0.1768163583717824,1.0,1.0,12,0,10.0
gaussian_star,1008,382,502156,0.1768163583717824,1.0,1.0,12,0,10.0
gaussian_star,1008,383,502157,0.1768163583717824,1.0,1.0,12,0,10.0
gaussian_star,1008,384,502158,0.1768163583717824,1.0,1.0,12,0,10.0
gaussian_star,1008,385,502159,0.1768163583717824,1.0,1.0,12,0,10.0
gaussian_star,1008,386,502160,0.1768163583717824,1.0,1.0,12,0,10.0
gaussian_star,1008,387,502161,0.1768163583717824,1.0,1.0,12,0,10.0
gaussian_star,1008,388,502162,0.1768163583717824,1.0,1.0,12,0,10.0
gaussian_star,1008,389,502163,0.1768163583717824,1.0,1.0,12,0,10.0
gaussian_star,1008,390,502164,0.1768163583717824,1.0,1.0,12,0,10.0
gaussian_star,1008,391,502165,0.1768163583717824,1.0,1.0,12,0,10.0
gaussian_star,1008,392,502166,0.1768163583717824,1.0,1.0,12,0,10.0
gaussian_star,1008,393,502167,0.1768163583717824,1.0,1.0,12,0,10.0
gaussian_star,1008,394,502168,0.1768163583717824,1.0,1.0,12,0,10.0
gaussian_star,1008,395,502169,0.1768163583717824,1.0,1.0,12,0,10.0
gaussian_star,1008,396,502170,0.1768163583717824,1.0,1.0,12,0,10.0
gaussian_star,1008,397,502171,0.1768163583717824,1.0,1.0,12,0,10.0
gaussian_star,1008,398,502172,0.1768163583717824,1.0,1.0,12,0,10.0
gaussian_star,1008,399,502173,0.1768163583717824,1.0,1.0,12,0,10.0
gaussian_star,1008,400,502174,0.1768163583717824,1.0,1.0,12,0,10.0
gaussian_star,1008,401,502175,0.1768163583717824,1.0,1.0,12,0,10.0
gaussian_star,1008,402,502176,0.1768163583717824,1.0,1.0,12,0,10.0
gaussian_star,1008,403,502177,0.1768163583717824,1.0,1.0,12,0,10.0
gaussian_star,1008,404,502178,0.1768163583717824,1.0,1.0,12,0,10.0
gaussian_star,1008,405,502179,0.1768163583717824,1.0,1.0,12,0,10.0
gaussian_star,1008,406,502180,0.1768163583717824,1.0,1.0,12,0,10.0
gaussian_star,1008,407,502181,0.1768163583717824,1.0,1.0,12,0,10.0
gaussian_star,1008,408,502182,0.1768163583717824,1.0,1.0,12,0,10.0
gaussian_star,1008,409,502183,0.1768163583717824,1.0,1.0,12,0,10.0
gaussian_star,1008,410,502184,0.1768163583717824,1.0,1.0,12,0,10.0
gaussian_star,1008,411,502185,0.1768163583717824,1.0,1.0,12,0,10.0
gaussian_star,1008,412,502186,0.1768163583717824,1.0,1.0,12,0,10.0
gaussian_star,1008,413,502187,0.1768163583717824,1.0,1.0,12,0,10.0
gaussian_star,1008,414,502188,0.1768163583717824,1.0,1.0,12,0,10.0
gaussian_star,1008,415,502189,0.1768163583717824,1.0,1.0,12,0,10.0
gaussian_star,1008,416,502190,0.1768163583717824,1.0,1.0,12,0,10.0
gaussian_star,1008,417,502191,0.1768163583717824,1.0,1.0,12,0,10.0
gaussian_star,1008,418,502192,0.1768163583717824,1.0,1.0,12,0,10.0
gaussian_star,1008,419,502193,0.1768163583717824,1.0,1.0,12,0,10.0
gaussian_star,1008,420,502194,0.1768163583717824,1.0,1.0,12,0,10.0
gaussian_star,1008,421,502195,0.1768163583717824,1.0,1.0,12,0,10.0
gaussian_star,1008,422,502196,0.1768163583717824,1.0,1.0,12,0,10.0
gaussian_star,1008,423,502197,0.1768163583717824,1.0,1.0,12,0,10.0
gaussian_star,1008,424,502198,0.1768163583717824,1.0,1.0,12,0,10.0
gaussian_star,1008,425,502199,0.1768163583717824,1.0,1.0,12,0,10.0
gaussian_star,1008,426,502200,0.1768163583717824,1.0,1.0,12,0,10.0
gaussian_star,1008,427,502201,0.1768163583717824,1.0,1.0,12,0,10.0
gaussian_star,1008,428,502202,0.1768163583717824,1.0,1.0,12,0,10.0
gaussian_star,1008,429,502203,0.1768163583717824,1.0,1.0,12,0,10.0
gaussian_star,1008,430,502204,0.1768163583717824,1.0,1.0,12,0,10.0
gaussian_star,1008,431,502205,0.1768163583717824,1.0,1.0,12,0,10.0
gaussian_star,1008,432,502206,0.1768163583717824,1.0,1.0,12,0,10.0
gaussian_star,1008,433,502207,0.1768163583717824,1.0,1.0,12,0,10.0
gaussian_star,1008,434,502208,0.1768163583717824,1.0,1.0,12,0,10.0
gaussian_star,1008,435,502209,0.1768163583717824,1.0,1.0,12,0,10.0
gaussian_star,1008,436,502210,0.1768163583717824,1.0,1.0,12,0,10.0
gaussian_star,1008,437,502211,0.1768163583717824,1.0,1.0,12,0,10.0
gaussian_star,1008,438,502212,0.1768163583717824,1.0,1.0,12,0,10.0
gaussian_star,1008,439,502213,0.1768163583717824,1.0,1.0,12,0,10.0
gaussian_star,1008,440,502214,0.1768163583717824,1.0,1.0,12,0,10.0
gaussian_star,1008,441,502215,0.1768163583717824,1.0,1.0,12,0,10.0
gaussian_star,1008,442,502216,0.1768163583717824,1.0,1.0,12,0,10.0
gaussian_star,1008,443,502217,0.1768163583717824,1.0,1.0,12,0,10.0
gaussian_star,1008,444,502218,0.1768163583717824,1.0,1.0,12,0,10.0
gaussian_star,1008,445,502219,0.1768163583717824,1.0,1.0,12,0,10.0
gaussian_star,1008,446,502220,0.1768163583717824,1.0,1.0,12,0,10.0
gaussian_star,1008,447,502221,0.1768163583717824,1.0,1.0,12,0,10.0
gaussian_star,1008,448,502222,0.1768163583717824,1.0,1.0,12,0,10.0
gaussian_star,1008,449,502223,0.1768163583717824,1.0,1.0,12,0,10.0
gaussian_star,1008,450,502224,0.1768163583717824,1.0,1.0,12,0,10.0
gaussian_star,1008,451,502225,0.1768163583717824,1.0,1.0,12,0,10.0
gaussian_star,1008,452,502226,0.1768163583717824,1.0,1.0,12,0,10.0
gaussian_star,1008,453,502227,0.1768163583717824,1.0,1.0,12,0,10.0
gaussian_star,1008,454,502228,0.1768163583717824,1.0,1.0,12,0,10.0
gaussian_star,1008,455,502229,0.1768163583717824,1.0,1.0,12,0,10.0
gaussian_star,1008,456,502230,0.1768163583717824,1.0,1.0,12,0,10.0
gaussian_star,1008,457,502231,0.1768163583717824,1.0,1.0,12,0,10.0
gaussian_star,1008,458,502232,0.1768163583717824,1.0,1.0,12,0,10.0
gaussian_star,1008,459,502233,0.1768163583717824,1.0,1.0,12,0,10.0
gaussian_star,1008,460,502234,0.1768163583717824,1.0,1.0,12,0,10.0
gaussian_star,1008,461,502235,0.1768163583717824,1.0,1.0,12,0,10.0
gaussian_star,1008,462,502236,0.1768163583717824,1.0,1.0,12,0,10.0
gaussian_star,1008,463,502237,0.1768163583717824,1.0,1.0,12,0,10.0
gaussian_star,1008,464,502238,0.1768163583717824,1.0,1.0,12,0,10.0
gaussian_star,1008,465,502239,0.1768163583717824,1.0,1.0,12,0,10.0
gaussian_star,1008,466,502240,0.1768163583717824,1.0,1.0,12,0,10.0
gaussian_star,1008,467,502241,0.1768163583717824,1.0,1.0,12,0,10.0
gaussian_star,1008,468,502242,0.1768163583717824,1.0,1.0,12,0,10.0
gaussian_star,1008,469,502243,0.1768163583717824,1.0,1.0,12,0,10.0
gaussian_star,1008,470,502244,0.1768163583717824,1.0,1.0,12,0,10.0
gaussian_star,1008,471,502245,0.1768163583717824,1.0,1.0,12,0,10.0
gaussian_star,1008,472,502246,0.1768163583717824,1.0,1.0,12,0,10.0
gaussian_star,1008,473,502247,0.1768163583717824,1.0,1.0,12,0,10.0
gaussian_star,1008,474,502248,0.1768163583717824,1.0,1.0,12,0,10.0
gaussian_star,1008,475,502249,0.1768163583717824,1.0,1.0,12,0,10.0
gaussian_star,1008,476,502250,0.1768163583717824,1.0,1.0,12,0,10.0
gaussian_star,1008,477,502251,0.1768163583717824,1.0,1.0,12,0,10.0
gaussian_star,1008,478,502252,0.1768163583717824,1.0,1.0,12,0,10.0
gaussian_star,1008,479,502253,0.1768163583717824,1.0,1.0,12,0,10.0
gaussian_star,1008,480,502254,0.1768163583717824,1.0,1.0,12,0,10.0
gaussian_star,1008,481,502255,0.1768163583717824,1.0,1.0,12,0,10.0
gaussian_star,1008,482,502256,0.1768163583717824,1.0,1.0,12,0,10.0
gaussian_star,1008,483,502257,0.1768163583717824,1.0,1.0,12,0,10.0
gaussian_star,1008,484,502258,0.1768163583717824,1.0,1.0,12,0,10.0
gaussian_star,1008,485,502259,0.1768163583717824,1.0,1.0,12,0,10.0
gaussian_star,1008,486,502260,0.1768163583717824,1.0,1.0,12,0,10.0
gaussian_star,1008,487,502261,0.1768163583717824,1.0,1.0,12,0,10.0
gaussian_star,1008,488,502262,0.1768163583717824,1.0,1.0,12,0,10.0
gaussian_star,1008,489,502263,0.1768163583717824,1.0,1.0,12,0,10.0
gaussian_star,1008,490,502264,0.1768163583717824,1.0,1.0,12,0,10.0
gaussian_star,1008,491,502265,0.1768163583717824,1.0,1.0,12,0,10.0
gaussian_star,1008,492,502266,0.1768163583717824,1.0,1.0,12,0,10.0
gaussian_star,1008,493,502267,0.1768163583717824,1.0,1.0,12,0,10.0
gaussian_star,1008,494,502268,0.1768163583717824,1.0,1.0,12,0,10.0
gaussian_star,1008,495,502269,0.1768163583717824,1.0,1.0,12,0,10.0
gaussian_star,1008,496,502270,0.1768163583717824,1.0,1.0,12,0,10.0
gaussian_star,1008,497,502271,0.1768163583717824,1.0,1.0,12,0,10.0
gaussian_star,1008,498,502272,0.1768163583717824,1.0,1.0,12,0,10.0
gaussian_star,1008,499,502273,0.1768163583717824,1.0,1.0,12,0,10.0
gaussian_star,4096,0,601774,0.08771477099621433,1.0,1.0,12,0,6.0
gaussian_star,4096,1,601775,0.08771477099621433,1.0,1.0,12,0,6.333333333333333
gaussian_star,4096,2,601776,0.08771477099621433,1.0,1.0,12,0,6.166666666666667
gaussian_star,4096,3,601777,0.08771477099621433,1.0,1.0,12,0,6.416666666666667
gaussian_star,4096,4,601778,0.08771477099621433,1.0,1.0,12,0,6.5
gaussian_star,4096,5,601779,0.08771477099621433,1.0,1.0,12,0,6.5
gaussian_star,4096,6,601780,0.08771477099621433,1.0,1.0,12,0,6.5
gaussian_star,4096,7,601781,0.08771477099621433,1.0,1.0,12,0,6.333333333333333
gaussian_star,4096,8,601782,0.08771477099621433,1.0,1.0,12,0,6.583333333333333
gaussian_star,4096,9,601783,0.08771477099621433,1.0,1.0,12,0,6.0
gaussian_star,4096,10,601784,0.08771477099621433,1.0,1.0,12,0,6.5
gaussian_star,4096,11,601785,0.08771477099621433,1.0,1.0,12,0,6.666666666666667
gaussian_star,4096,12,601786,0.08771477099621433,1.0,1.0,12,0,6.583333333333333
gaussian_star,4096,13,601787,0.08771477099621433,1.0,1.0,12,0,6.166666666666667
gaussian_star,4096,14,601788,0.08771477099621433,1.0,1.0,12,0,6.333333333333333
gaussian_star,4096,15,601789,0.08771477099621433,1.0,1.0,12,0,6.583333333333333
gaussian_star,4096,16,601790,0.08771477099621433,1.0,1.0,12,0,6.833333333333333
gaussian_star,4096,17,601791,0.08771477099621433,1.0,1.0,12,0,5.666666666666667
gaussian_star,4096,18,601792,0.08771477099621433,1.0,1.0,12,0,6.75
gaussian_star,4096,19,601793,0.08771477099621433,1.0,1.0,12,0,6.083333333333333
gaussian_star,4096,20,601794,0.08771477099621433,1.0,1.0,12,0,6.666666666666667
gaussian_star,4096,21,601795,0.08771477099621433,1.0,1.0,12,0,6.5
gaussian_star,4096,22,601796,0.08771477099621433,1.0,1.0,12,0,5.833333333333333
gaussian_star,4096,23,601797,0.08771477099621433,1.0,1.0,12,0,6.833333333333333
gaussian_star,4096,24,601798,0.08771477099621433,1.0,1.0,12,0,6.416666666666667
gaussian_star,4096,25,601799,0.08771477099621433,1.0,1.0,12,0,6.333333333333333
gaussian_star,4096,26,601800,0.08771477099621433,1.0,1.0,12,0,6.666666666666667
gaussian_star,4096,27,601801,0.08771477099621433,1.0,1.0,12,0,6.333333333333333
gaussian_star,4096,28,601802,0.08771477099621433,1.0,1.0,12,0,6.5
gaussian_star,4096,29,601803,0.08771477099621433,1.0,1.0,12,0,6.75
gaussian_star,4096,30,601804,0.08771477099621433,1.0,1.0,12,0,6.583333333333333
gaussian_star,4096,31,601805,0.08771477099621433,1.0,1.0,12,0,6.416666666666667
gaussian_star,4096,32,601806,0.08771477099621433,1.0,1.0,12,0,6.416666666666667
gaussian_star,4096,33,601807,0.08771477099621433,1.0,1.0,12,0,6.666666666666667
gaussian_star,4096,34,601808,0.08771477099621433,1.0,1.0,12,0,6.75
gaussian_star,4096,35,601809,0.08771477099621433,1.0,1.0,12,0,6.75
gaussian_star,4096,36,601810,0.08771477099621433,1.0,1.0,12,0,6.833333333333333
gaussian_star,4096,37,601811,0.08771477099621433,1.0,1.0,12,0,6.75
gaussian_star,4096,38,601812,0.08771477099621433,1.0,1.0,12,0,6.416666666666667
gaussian_star,4096,39,601813,0.08771477099621433,1.0,1.0,12,0,6.25
gaussian_star,4096,40,601814,0.08771477099621433,1.0,1.0,12,0,6.75
gaussian_star,4096,41,601815,0.08771477099621433,1.0,1.0,12,0,6.916666666666667
gaussian_star,4096,42,601816,0.08771477099621433,1.0,1.0,12,0,6.916666666666667
gaussian_star,4096,43,601817,0.08771477099621433,1.0,1.0,12,0,6.25
gaussian_star,4096,44,601818,0.08771477099621433,1.0,1.0,12,0,7.0
gaussian_star,4096,45,601819,0.08771477099621433,1.0,1.0,12,0,6.916666666666667
gaussian_star,4096,46,601820,0.08771477099621433,1.0,1.0,12,0,6.166666666666667
gaussian_star,4096,47,601821,0.08771477099621433,1.0,1.0,12,0,5.666666666666667
gaussian_star,4096,48,601822,0.08771477099621433,1.0,1.0,12,0,6.833333333333333
gaussian_star,4096,49,601823,0.08771477099621433,1.0,1.0,12,0,6.666666666666667
gaussian_star,4096,50,601824,0.08771477099621433,1.0,1.0,12,0,6.166666666666667
gaussian_star,4096,51,601825,0.08771477099621433,1.0,1.0,12,0,7.166666666666667
gaussian_star,4096,52,601826,0.08771477099621433,1.0,1.0,12,0,6.416666666666667
gaussian_star,4096,53,601827,0.08771477099621433,1.0,1.0,12,0,6.5
gaussian_star,4096,54,601828,0.08771477099621433,1.0,1.0,12,0,6.5
gaussian_star,4096,55,601829,0.08771477099621433,1.0,1.0,12,0,6.916666666666667
gaussian_star,4096,56,601830,0.08771477099621433,1.0,1.0,12,0,6.666666666666667
gaussian_star,4096,57,601831,0.08771477099621433,1.0,1.0,12,0,6.583333333333333
gaussian_star,4096,58,601832,0.08771477099621433,1.0,1.0,12,0,6.0
gaussian_star,4096,59,601833,0.08771477099621433,1.0,1.0,12,0,7.083333333333333
gaussian_star,4096,60,601834,0.08771477099621433,1.0,1.0,12,0,6.666666666666667
gaussian_star,4096,61,601835,0.08771477099621433,1.0,1.0,12,0,7.0
gaussian_star,4096,62,601836,0.08771477099621433,1.0,1.0,12,0,6.333333333333333
gaussian_star,4096,63,601837,0.08771477099621433,1.0,1.0,12,0,6.083333333333333
gaussian_star,4096,64,601838,0.08771477099621433,1.0,1.0,12,0,6.916666666666667
gaussian_star,4096,65,601839,0.08771477099621433,1.0,1.0,12,0,7.0
gaussian_star,4096,66,601840,0.08771477099621433,1.0,1.0,12,0,6.083333333333333
gaussian_star,4096,67,601841,0.08771477099621433,1.0,1.0,12,0,7.25
gaussian_star,4096,68,601842,0.08771477099621433,1.0,1.0,12,0,6.166666666666667
gaussian_star,4096,69,601843,0.08771477099621433,1.0,1.0,12,0,6.666666666666667
gaussian_star,4096,70,601844,0.08771477099621433,1.0,1.0,12,0,6.583333333333333
gaussian_star,4096,71,601845,0.08771477099621433,1.0,1.0,12,0,6.416666666666667
gaussian_star,4096,72,601846,0.08771477099621433,1.0,1.0,12,0,7.0
gaussian_star,4096,73,601847,0.08771477099621433,1.0,1.0,12,0,6.833333333333333
gaussian_star,4096,74,601848,0.08771477099621433,1.0,1.0,12,0,6.5
gaussian_star,4096,75,601849,0.08771477099621433,1.0,1.0,12,0,6.25
gaussian_star,4096,76,601850,0.08771477099621433,1.0,1.0,12,0,6.583333333333333
gaussian_star,4096,77,601851,0.08771477099621433,1.0,1.0,12,0,5.833333333333333
gaussian_star,4096,78,601852,0.08771477099621433,1.0,1.0,12,0,6.416666666666667
gaussian_star,4096,79,601853,0.08771477099621433,1.0,1.0,12,0,6.75
gaussian_star,4096,80,601854,0.08771477099621433,1.0,1.0,12,0,6.416666666666667
gaussian_star,4096,81,601855,0.08771477099621433,1.0,1.0,12,0,6.166666666666667
gaussian_star,4096,82,601856,0.08771477099621433,1.0,1.0,12,0,6.5
gaussian_star,4096,83,601857,0.08771477099621433,1.0,1.0,12,0,6.833333333333333
gaussian_star,4096,84,601858,0.08771477099621433,1.0,1.0,12,0,6.0
gaussian_star,4096,85,601859,0.08771477099621433,1.0,1.0,12,0,6.333333333333333
gaussian_star,4096,86,601860,0.08771477099621433,1.0,1.0,12,0,6.083333333333333
gaussian_star,4096,87,601861,0.08771477099621433,1.0,1.0,12,0,6.916666666666667
gaussian_star,4096,88,601862,0.08771477099621433,1.0,1.0,12,0,6.75
gaussian_star,4096,89,601863,0.08771477099621433,1.0,1.0,12,0,7.25
gaussian_star,4096,90,601864,0.08771477099621433,1.0,1.0,12,0,6.833333333333333
gaussian_star,4096,91,601865,0.08771477099621433,1.0,1.0,12,0,6.75
gaussian_star,4096,92,601866,0.08771477099621433,1.0,1.0,12,0,6.5
gaussian_star,4096,93,601867,0.08771477099621433,1.0,1.0,12,0,6.0
gaussian_star,4096,94,601868,0.08771477099621433,1.0,1.0,12,0,6.833333333333333
gaussian_star,4096,95,601869,0.08771477099621433,1.0,1.0,12,0,6.583333333333333
gaussian_star,4096,96,601870,0.08771477099621433,1.0,1.0,12,0,7.0
gaussian_star,4096,97,601871,0.08771477099621433,1.0,1.0,12,0,6.333333333333333
gaussian_star,4096,98,601872,0.08771477099621433,1.0,1.0,12,0,6.5
gaussian_star,4096,99,601873,0.08771477099621433,1.0,1.0,12,0,5.916666666666667
gaussian_star,4096,100,601874,0.08771477099621433,1.0,1.0,12,0,6.416666666666667
gaussian_star,4096,101,601875,0.08771477099621433,1.0,1.0,12,0,7.083333333333333
gaussian_star,4096,102,601876,0.08771477099621433,1.0,1.0,12,0,6.5
gaussian_star,4096,103,601877,0.08771477099621433,1.0,1.0,12,0,5.75
gaussian_star,4096,104,601878,0.08771477099621433,1.0,1.0,12,0,6.916666666666667
gaussian_star,4096,105,601879,0.08771477099621433,1.0,1.0,12,0,6.583333333333333
gaussian_star,4096,106,601880,0.08771477099621433,1.0,1.0,12,0,6.5
gaussian_star,4096,107,601881,0.08771477099621433,1.0,1.0,12,0,6.333333333333333
gaussian_star,4096,108,601882,0.08771477099621433,1.0,1.0,12,0,6.833333333333333
gaussian_star,4096,109,601883,0.08771477099621433,1.0,1.0,12,0,6.666666666666667
gaussian_star,4096,110,601884,0.08771477099621433,1.0,1.0,12,0,6.75
gaussian_star,4096,111,601885,0.08771477099621433,1.0,1.0,12,0,6.416666666666667
gaussian_star,4096,112,601886,0.08771477099621433,1.0,1.0,12,0,6.25
gaussian_star,4096,113,601887,0.08771477099621433,1.0,1.0,12,0,6.583333333333333
gaussian_star,4096,114,601888,0.08771477099621433,1.0,1.0,12,0,6.083333333333333
gaussian_star,4096,115,601889,0.08771477099621433,1.0,1.0,12,0,6.0
gaussian_star,4096,116,601890,0.08771477099621433,1.0,1.0,12,0,6.833333333333333
gaussian_star,4096,117,601891,0.08771477099621433,1.0,1.0,12,0,6.333333333333333
gaussian_star,4096,118,601892,0.08771477099621433,1.0,1.0,12,0,6.75
gaussian_star,4096,119,601893,0.08771477099621433,1.0,1.0,12,0,6.666666666666667
gaussian_star,4096,120,601894,0.08771477099621433,1.0,1.0,12,0,6.25
gaussian_star,4096,121,601895,0.08771477099621433,1.0,1.0,12,0,6.416666666666667
gaussian_star,4096,122,601896,0.08771477099621433,1.0,1.0,12,0,6.75
gaussian_star,4096,123,601897,0.08771477099621433,1.0,1.0,12,0,6.75
gaussian_star,4096,124,601898,0.08771477099621433,1.0,1.0,12,0,6.75
gaussian_star,4096,125,601899,0.08771477099621433,1.0,1.0,12,0,6.166666666666667
gaussian_star,4096,126,601900,0.08771477099621433,1.0,1.0,12,0,6.833333333333333
gaussian_star,4096,127,601901,0.08771477099621433,1.0,1.0,12,0,6.333333333333333
gaussian_star,4096,128,601902,0.08771477099621433,1.0,1.0,12,0,6.916666666666667
gaussian_star,4096,129,601903,0.08771477099621433,1.0,1.0,12,0,6.5
gaussian_star,4096,130,601904,0.08771477099621433,1.0,1.0,12,0,6.333333333333333
gaussian_star,4096,131,601905,0.08771477099621433,1.0,1.0,12,0,6.75
gaussian_star,4096,132,601906,0.08771477099621433,1.0,1.0,12,0,6.666666666666667
gaussian_star,4096,133,601907,0.08771477099621433,1.0,1.0,12,0,6.083333333333333
gaussian_star,4096,134,601908,0.08771477099621433,1.0,1.0,12,0,6.75
gaussian_star,4096,135,601909,0.08771477099621433,1.0,1.0,12,0,5.833333333333333
gaussian_star,4096,136,601910,0.08771477099621433,1.0,1.0,12,0,6.916666666666667
gaussian_star,4096,137,601911,0.08771477099621433,1.0,1.0,12,0,6.75
gaussian_star,4096,138,601912,0.08771477099621433,1.0,1.0,12,0,6.083333333333333
gaussian_star,4096,139,601913,0.08771477099621433,1.0,1.0,12,0,6.75
gaussian_star,4096,140,601914,0.08771477099621433,1.0,1.0,12,0,6.25
gaussian_star,4096,141,601915,0.08771477099621433,1.0,1.0,12,0,6.833333333333333
gaussian_star,4096,142,601916,0.08771477099621433,1.0,1.0,12,0,6.916666666666667
gaussian_star,4096,143,601917,0.08771477099621433,1.0,1.0,12,0,6.5
gaussian_star,4096,144,601918,0.08771477099621433,1.0,1.0,12,0,7.166666666666667
gaussian_star,4096,145,601919,0.08771477099621433,1.0,1.0,12,0,6.416666666666667
gaussian_star,4096,146,601920,0.08771477099621433,1.0,1.0,12,0,6.833333333333333
gaussian_star,4096,147,601921,0.08771477099621433,1.0,1.0,12,0,6.416666666666667
gaussian_star,4096,148,601922,0.08771477099621433,1.0,1.0,12,0,5.833333333333333
gaussian_star,4096,149,601923,0.08771477099621433,1.0,1.0,12,0,6.25
gaussian_star,4096,150,601924,0.08771477099621433,1.0,1.0,12,0,7.166666666666667
gaussian_star,4096,151,601925,0.08771477099621433,1.0,1.0,12,0,6.083333333333333
gaussian_star,4096,152,601926,0.08771477099621433,1.0,1.0,12,0,6.25
gaussian_star,4096,153,601927,0.08771477099621433,1.0,1.0,12,0,6.5
gaussian_star,4096,154,601928,0.08771477099621433,1.0,1.0,12,0,6.166666666666667
gaussian_star,4096,155,601929,0.08771477099621433,1.0,1.0,12,0,6.333333333333333
gaussian_star,4096,156,601930,0.08771477099621433,1.0,1.0,12,0,6.666666666666667
gaussian_star,4096,157,601931,0.08771477099621433,1.0,1.0,12,0,6.75
gaussian_star,4096,158,601932,0.08771477099621433,1.0,1.0,12,0,6.083333333333333
gaussian_star,4096,159,601933,0.08771477099621433,1.0,1.0,12,0,6.0
gaussian_star,4096,160,601934,0.08771477099621433,1.0,1.0,12,0,6.416666666666667
gaussian_star,4096,161,601935,0.08771477099621433,1.0,1.0,12,0,6.916666666666667
gaussian_star,4096,162,601936,0.08771477099621433,1.0,1.0,12,0,5.5
gaussian_star,4096,163,601937,0.08771477099621433,1.0,1.0,12,0,6.416666666666667
gaussian_star,4096,164,601938,0.08771477099621433,1.0,1.0,12,0,6.416666666666667
gaussian_star,4096,165,601939,0.08771477099621433,1.0,1.0,12,0,6.5
gaussian_star,4096,166,601940,0.08771477099621433,1.0,1.0,12,0,6.25
gaussian_star,4096,167,601941,0.08771477099621433,1.0,1.0,12,0,6.666666666666667
gaussian_star,4096,168,601942,0.08771477099621433,1.0,1.0,12,0,6.5
gaussian_star,4096,169,601943,0.08771477099621433,1.0,1.0,12,0,6.583333333333333
gaussian_star,4096,170,601944,0.08771477099621433,1.0,1.0,12,0,5.916666666666667
gaussian_star,4096,171,601945,0.08771477099621433,1.0,1.0,12,0,6.25
gaussian_star,4096,172,601946,0.08771477099621433,1.0,1.0,12,0,6.916666666666667
gaussian_star,4096,173,601947,0.08771477099621433,1.0,1.0,12,0,6.5
gaussian_star,4096,174,601948,0.08771477099621433,1.0,1.0,12,0,7.0
gaussian_star,4096,175,601949,0.08771477099621433,1.0,1.0,12,0,6.333333333333333
gaussian_star,4096,176,601950,0.08771477099621433,1.0,1.0,12,0,6.166666666666667
gaussian_star,4096,177,601951,0.08771477099621433,1.0,1.0,12,0,6.25
gaussian_star,4096,178,601952,0.08771477099621433,1.0,1.0,12,0,6.75
gaussian_star,4096,179,601953,0.08771477099621433,1.0,1.0,12,0,6.75
gaussian_star,4096,180,601954,0.08771477099621433,1.0,1.0,12,0,7.0
gaussian_star,4096,181,601955,0.08771477099621433,1.0,1.0,12,0,6.583333333333333
gaussian_star,4096,182,601956,0.08771477099621433,1.0,1.0,12,0,6.833333333333333
gaussian_star,4096,183,601957,0.08771477099621433,1.0,1.0,12,0,6.25
gaussian_star,4096,184,601958,0.08771477099621433,1.0,1.0,12,0,6.833333333333333
gaussian_star,4096,185,601959,0.08771477099621433,1.0,1.0,12,0,6.333333333333333
gaussian_star,4096,186,601960,0.08771477099621433,1.0,1.0,12,0,6.333333333333333
gaussian_star,4096,187,601961,0.08771477099621433,1.0,1.0,12,0,6.583333333333333
gaussian_star,4096,188,601962,0.08771477099621433,1.0,1.0,12,0,6.416666666666667
gaussian_star,4096,189,601963,0.08771477099621433,1.0,1.0,12,0,5.833333333333333
gaussian_star,4096,190,601964,0.08771477099621433,1.0,1.0,12,0,6.0
gaussian_star,4096,191,601965,0.08771477099621433,1.0,1.0,12,0,6.333333333333333
gaussian_star,4096,192,601966,0.08771477099621433,1.0,1.0,12,0,6.666666666666667
gaussian_star,4096,193,601967,0.08771477099621433,1.0,1.0,12,0,6.416666666666667
gaussian_star,4096,194,601968,0.08771477099621433,1.0,1.0,12,0,6.333333333333333
gaussian_star,4096,195,601969,0.08771477099621433,1.0,1.0,12,0,6.583333333333333
gaussian_star,4096,196,601970,0.08771477099621433,1.0,1.0,12,0,6.5
gaussian_star,4096,197,601971,0.08771477099621433,1.0,1.0,12,0,6.5
gaussian_star,4096,198,601972,0.08771477099621433,1.0,1.0,12,0,6.083333333333333
gaussian_star,4096,199,601973,0.08771477099621433,1.0,1.0,12,0,6.583333333333333
gaussian_star,4096,200,601974,0.08771477099621433,1.0,1.0,12,0,6.75
gaussian_star,4096,201,601975,0.08771477099621433,1.0,1.0,12,0,6.083333333333333
gaussian_star,4096,202,601976,0.08771477099621433,1.0,1.0,12,0,6.583333333333333
gaussian_star,4096,203,601977,0.08771477099621433,1.0,1.0,12,0,6.0
gaussian_star,4096,204,601978,0.08771477099621433,1.0,1.0,12,0,5.916666666666667
gaussian_star,4096,205,601979,0.08771477099621433,1.0,1.0,12,0,6.666666666666667
gaussian_star,4096,206,601980,0.08771477099621433,1.0,1.0,12,0,6.333333333333333
gaussian_star,4096,207,601981,0.08771477099621433,1.0,1.0,12,0,6.25
gaussian_star,4096,208,601982,0.08771477099621433,1.0,1.0,12,0,6.833333333333333
gaussian_star,4096,209,601983,0.08771477099621433,1.0,1.0,12,0,5.833333333333333
gaussian_star,4096,210,601984,0.08771477099621433,1.0,1.0,12,0,6.916666666666667
gaussian_star,4096,211,601985,0.08771477099621433,1.0,1.0,12,0,6.25
gaussian_star,4096,212,601986,0.08771477099621433,1.0,1.0,12,0,6.5
gaussian_star,4096,213,601987,0.08771477099621433,1.0,1.0,12,0,6.833333333333333
gaussian_star,4096,214,601988,0.08771477099621433,1.0,1.0,12,0,6.5
gaussian_star,4096,215,601989,0.08771477099621433,1.0,1.0,12,0,6.25
gaussian_star,4096,216,601990,0.08771477099621433,1.0,1.0,12,0,6.833333333333333
gaussian_star,4096,217,601991,0.08771477099621433,1.0,1.0,12,0,5.666666666666667
gaussian_star,4096,218,601992,0.08771477099621433,1.0,1.0,12,0,6.75
gaussian_star,4096,219,601993,0.08771477099621433,1.0,1.0,12,0,6.583333333333333
gaussian_star,4096,220,601994,0.08771477099621433,1.0,1.0,12,0,5.916666666666667
gaussian_star,4096,221,601995,0.08771477099621433,1.0,1.0,12,0,6.833333333333333
gaussian_star,4096,222,601996,0.08771477099621433,1.0,1.0,12,0,7.25
gaussian_star,4096,223,601997,0.08771477099621433,1.0,1.0,12,0,5.75
gaussian_star,4096,224,601998,0.08771477099621433,1.0,1.0,12,0,6.416666666666667
gaussian_star,4096,225,601999,0.08771477099621433,1.0,1.0,12,0,6.25
gaussian_star,4096,226,602000,0.08771477099621433,1.0,1.0,12,0,6.25
gaussian_star,4096,227,602001,0.08771477099621433,1.0,1.0,12,0,6.25
gaussian_star,4096,228,602002,0.08771477099621433,1.0,1.0,12,0,6.583333333333333
gaussian_star,4096,229,602003,0.08771477099621433,1.0,1.0,12,0,6.166666666666667
gaussian_star,4096,230,602004,0.08771477099621433,1.0,1.0,12,0,6.416666666666667
gaussian_star,4096,231,602005,0.08771477099621433,1.0,1.0,12,0,6.25
gaussian_star,4096,232,602006,0.08771477099621433,1.0,1.0,12,0,6.0
gaussian_star,4096,233,602007,0.08771477099621433,1.0,1.0,12,0,6.416666666666667
gaussian_star,4096,234,602008,0.08771477099621433,1.0,1.0,12,0,6.666666666666667
gaussian_star,4096,235,602009,0.08771477099621433,1.0,1.0,12,0,6.916666666666667
gaussian_star,4096,236,602010,0.08771477099621433,1.0,1.0,12,0,6.75
gaussian_star,4096,237,602011,0.08771477099621433,1.0,1.0,12,0,6.083333333333333
gaussian_star,4096,238,602012,0.08771477099621433,1.0,1.0,12,0,6.75
gaussian_star,4096,239,602013,0.08771477099621433,1.0,1.0,12,0,6.416666666666667
gaussian_star,4096,240,602014,0.08771477099621433,1.0,1.0,12,0,6.0
gaussian_star,4096,241,602015,0.08771477099621433,1.0,1.0,12,0,6.083333333333333
gaussian_star,4096,242,602016,0.08771477099621433,1.0,1.0,12,0,6.0
gaussian_star,4096,243,602017,0.08771477099621433,1.0,1.0,12,0,5.916666666666667
gaussian_star,4096,244,602018,0.08771477099621433,1.0,1.0,12,0,6.666666666666667
gaussian_star,4096,245,602019,0.08771477099621433,1.0,1.0,12,0,6.833333333333333
gaussian_star,4096,246,602020,0.08771477099621433,1.0,1.0,12,0,6.25
gaussian_star,4096,247,602021,0.08771477099621433,1.0,1.0,12,0,6.333333333333333
gaussian_star,4096,248,602022,0.08771477099621433,1.0,1.0,12,0,6.916666666666667
gaussian_star,4096,249,602023,0.08771477099621433,1.0,1.0,12,0,7.166666666666667
gaussian_star,4096,250,602024,0.08771477099621433,1.0,1.0,12,0,6.583333333333333
gaussian_star,4096,251,602025,0.08771477099621433,1.0,1.0,12,0,6.416666666666667
gaussian_star,4096,252,602026,0.08771477099621433,1.0,1.0,12,0,6.166666666666667
gaussian_star,4096,253,602027,0.08771477099621433,1.0,1.0,12,0,6.083333333333333
gaussian_star,4096,254,602028,0.08771477099621433,1.0,1.0,12,0,6.416666666666667
gaussian_star,4096,255,602029,0.08771477099621433,1.0,1.0,12,0,6.583333333333333
gaussian_star,4096,256,602030,0.08771477099621433,1.0,1.0,12,0,6.083333333333333
gaussian_star,4096,257,602031,0.08771477099621433,1.0,1.0,12,0,6.5
gaussian_star,4096,258,602032,0.08771477099621433,1.0,1.0,12,0,6.666666666666667
gaussian_star,4096,259,602033,0.08771477099621433,1.0,1.0,12,0,7.166666666666667
gaussian_star,4096,260,602034,0.08771477099621433,1.0,1.0,12,0,6.666666666666667
gaussian_star,4096,261,602035,0.08771477099621433,1.0,1.0,12,0,6.833333333333333
gaussian_star,4096,262,602036,0.08771477099621433,1.0,1.0,12,0,6.583333333333333
gaussian_star,4096,263,602037,0.08771477099621433,1.0,1.0,12,0,6.333333333333333
gaussian_star,4096,264,602038,0.08771477099621433,1.0,1.0,12,0,6.416666666666667
gaussian_star,4096,265,602039,0.08771477099621433,1.0,1.0,12,0,6.833333333333333
gaussian_star,4096,266,602040,0.08771477099621433,1.0,1.0,12,0,6.833333333333333
gaussian_star,4096,267,602041,0.08771477099621433,1.0,1.0,12,0,6.916666666666667
gaussian_star,4096,268,602042,0.08771477099621433,1.0,1.0,12,0,6.083333333333333
gaussian_star,4096,269,602043,0.08771477099621433,1.0,1.0,12,0,6.916666666666667
gaussian_star,4096,270,602044,0.08771477099621433,1.0,1.0,12,0,6.0
gaussian_star,4096,271,602045,0.08771477099621433,1.0,1.0,12,0,6.5
gaussian_star,4096,272,602046,0.08771477099621433,1.0,1.0,12,0,6.25
gaussian_star,4096,273,602047,0.08771477099621433,1.0,1.0,12,0,7.0
gaussian_star,4096,274,602048,0.08771477099621433,1.0,1.0,12,0,6.416666666666667
gaussian_star,4096,275,602049,0.08771477099621433,1.0,1.0,12,0,6.25
gaussian_star,4096,276,602050,0.08771477099621433,1.0,1.0,12,0,6.166666666666667
gaussian_star,4096,277,602051,0.08771477099621433,1.0,1.0,12,0,7.166666666666667
gaussian_star,4096,278,602052,0.08771477099621433,1.0,1.0,12,0,6.333333333333333
gaussian_star,4096,279,602053,0.08771477099621433,1.0,1.0,12,0,6.333333333333333
gaussian_star,4096,280,602054,0.08771477099621433,1.0,1.0,12,0,6.5
gaussian_star,4096,281,602055,0.08771477099621433,1.0,1.0,12,0,6.333333333333333
gaussian_star,4096,282,602056,0.08771477099621433,1.0,1.0,12,0,6.083333333333333
gaussian_star,4096,283,602057,0.08771477099621433,1.0,1.0,12,0,6.5
gaussian_star,4096,284,602058,0.08771477099621433,1.0,1.0,12,0,6.833333333333333
gaussian_star,4096,285,602059,0.08771477099621433,1.0,1.0,12,0,6.416666666666667
gaussian_star,4096,286,602060,0.08771477099621433,1.0,1.0,12,0,5.416666666666667
gaussian_star,4096,287,602061,0.08771477099621433,1.0,1.0,12,0,6.583333333333333
gaussian_star,4096,288,602062,0.08771477099621433,1.0,1.0,12,0,6.166666666666667
gaussian_star,4096,289,602063,0.08771477099621433,1.0,1.0,12,0,6.666666666666667
gaussian_star,4096,290,602064,0.08771477099621433,1.0,1.0,12,0,6.5
gaussian_star,4096,291,602065,0.08771477099621433,1.0,1.0,12,0,6.416666666666667
gaussian_star,4096,292,602066,0.08771477099621433,1.0,1.0,12,0,7.25
gaussian_star,4096,293,602067,0.08771477099621433,1.0,1.0,12,0,7.166666666666667
gaussian_star,4096,294,602068,0.08771477099621433,1.0,1.0,12,0,7.083333333333333
gaussian_star,4096,295,602069,0.08771477099621433,1.0,1.0,12,0,6.916666666666667
gaussian_star,4096,296,602070,0.08771477099621433,1.0,1.0,12,0,7.333333333333333
gaussian_star,4096,297,602071,0.08771477099621433,1.0,1.0,12,0,6.916666666666667
gaussian_star,4096,298,602072,0.08771477099621433,1.0,1.0,12,0,6.5
gaussian_star,4096,299,602073,0.08771477099621433,1.0,1.0,12,0,6.833333333333333
gaussian_star,4096,300,602074,0.08771477099621433,1.0,1.0,12,0,6.5
gaussian_star,4096,301,602075,0.08771477099621433,1.0,1.0,11,0,5.583333333333333
gaussian_star,4096,302,602076,0.08771477099621433,1.0,1.0,12,0,6.5
gaussian_star,4096,303,602077,0.08771477099621433,1.0,1.0,12,0,6.333333333333333
gaussian_star,4096,304,602078,0.08771477099621433,1.0,1.0,12,0,6.583333333333333
gaussian_star,4096,305,602079,0.08771477099621433,1.0,1.0,12,0,5.916666666666667
gaussian_star,4096,306,602080,0.08771477099621433,1.0,1.0,12,0,6.666666666666667
gaussian_star,4096,307,602081,0.08771477099621433,1.0,1.0,12,0,6.083333333333333
gaussian_star,4096,308,602082,0.08771477099621433,1.0,1.0,12,0,6.25
gaussian_star,4096,309,602083,0.08771477099621433,1.0,1.0,12,0,6.25
gaussian_star,4096,310,602084,0.08771477099621433,1.0,1.0,12,0,6.583333333333333
gaussian_star,4096,311,602085,0.08771477099621433,1.0,1.0,12,0,7.0
gaussian_star,4096,312,602086,0.08771477099621433,1.0,1.0,12,0,6.75
gaussian_star,4096,313,602087,0.08771477099621433,1.0,1.0,12,0,5.916666666666667
gaussian_star,4096,314,602088,0.08771477099621433,1.0,1.0,12,0,6.666666666666667
gaussian_star,4096,315,602089,0.08771477099621433,1.0,1.0,12,0,6.333333333333333
gaussian_star,4096,316,602090,0.08771477099621433,1.0,1.0,12,0,7.083333333333333
gaussian_star,4096,317,602091,0.08771477099621433,1.0,1.0,12,0,6.75
gaussian_star,4096,318,602092,0.08771477099621433,1.0,1.0,12,0,6.416666666666667
gaussian_star,4096,319,602093,0.08771477099621433,1.0,1.0,12,0,6.083333333333333
gaussian_star,4096,320,602094,0.08771477099621433,1.0,1.0,12,0,6.416666666666667
gaussian_star,4096,321,602095,0.08771477099621433,1.0,1.0,12,0,6.75
gaussian_star,4096,322,602096,0.08771477099621433,1.0,1.0,12,0,7.083333333333333
gaussian_star,4096,323,602097,0.08771477099621433,1.0,1.0,12,0,6.166666666666667
gaussian_star,4096,324,602098,0.08771477099621433,1.0,1.0,12,0,6.666666666666667
gaussian_star,4096,325,602099,0.08771477099621433,1.0,1.0,12,0,7.083333333333333
gaussian_star,4096,326,602100,0.08771477099621433,1.0,1.0,12,0,7.0
gaussian_star,4096,327,602101,0.08771477099621433,1.0,1.0,12,0,6.333333333333333
gaussian_star,4096,328,602102,0.08771477099621433,1.0,1.0,12,0,6.5
gaussian_star,4096,329,602103,0.08771477099621433,1.0,1.0,12,0,6.583333333333333
gaussian_star,4096,330,602104,0.08771477099621433,1.0,1.0,12,0,6.833333333333333
gaussian_star,4096,331,602105,0.08771477099621433,1.0,1.0,12,0,6.0
gaussian_star,4096,332,602106,0.08771477099621433,1.0,1.0,12,0,6.75
gaussian_star,4096,333,602107,0.08771477099621433,1.0,1.0,12,0,6.5
gaussian_star,4096,334,602108,0.08771477099621433,1.0,1.0,12,0,6.166666666666667
gaussian_star,4096,335,602109,0.08771477099621433,1.0,1.0,12,0,6.666666666666667
gaussian_star,4096,336,602110,0.08771477099621433,1.0,1.0,12,0,6.75
gaussian_star,4096,337,602111,0.08771477099621433,1.0,1.0,12,0,6.5
gaussian_star,4096,338,602112,0.08771477099621433,1.0,1.0,12,0,5.916666666666667
gaussian_star,4096,339,602113,0.08771477099621433,1.0,1.0,12,0,6.75
gaussian_star,4096,340,602114,0.08771477099621433,1.0,1.0,12,0,6.0
gaussian_star,4096,341,602115,0.08771477099621433,1.0,1.0,12,0,6.666666666666667
gaussian_star,4096,342,602116,0.08771477099621433,1.0,1.0,12,0,6.416666666666667
gaussian_star,4096,343,602117,0.08771477099621433,1.0,1.0,12,0,6.333333333333333
gaussian_star,4096,344,602118,0.08771477099621433,1.0,1.0,12,0,6.666666666666667
gaussian_star,4096,345,602119,0.08771477099621433,1.0,1.0,12,0,6.583333333333333
gaussian_star,4096,346,602120,0.08771477099621433,1.0,1.0,12,0,6.416666666666667
gaussian_star,4096,347,602121,0.08771477099621433,1.0,1.0,12,0,6.583333333333333
gaussian_star,4096,348,602122,0.08771477099621433,1.0,1.0,12,0,6.916666666666667
gaussian_star,4096,349,602123,0.08771477099621433,1.0,1.0,12,0,7.0
gaussian_star,4096,350,602124,0.08771477099621433,1.0,1.0,12,0,6.666666666666667
gaussian_star,4096,351,602125,0.08771477099621433,1.0,1.0,12,0,6.25
gaussian_star,4096,352,602126,0.08771477099621433,1.0,1.0,12,0,6.166666666666667
gaussian_star,4096,353,602127,0.08771477099621433,1.0,1.0,12,0,6.5
gaussian_star,4096,354,602128,0.08771477099621433,1.0,1.0,12,0,6.916666666666667
gaussian_star,4096,355,602129,0.08771477099621433,1.0,1.0,12,0,6.583333333333333
gaussian_star,4096,356,602130,0.08771477099621433,1.0,1.0,12,0,7.083333333333333
gaussian_star,4096,357,602131,0.08771477099621433,1.0,1.0,12,0,6.583333333333333
gaussian_star,4096,358,602132,0.08771477099621433,1.0,1.0,12,0,6.333333333333333
gaussian_star,4096,359,602133,0.08771477099621433,1.0,1.0,12,0,7.0
gaussian_star,4096,360,602134,0.08771477099621433,1.0,1.0,12,0,6.583333333333333
gaussian_star,4096,361,602135,0.08771477099621433,1.0,1.0,12,0,7.083333333333333
gaussian_star,4096,362,602136,0.08771477099621433,1.0,1.0,12,0,6.75
gaussian_star,4096,363,602137,0.08771477099621433,1.0,1.0,12,0,6.083333333333333
gaussian_star,4096,364,602138,0.08771477099621433,1.0,1.0,12,0,5.833333333333333
gaussian_star,4096,365,602139,0.08771477099621433,1.0,1.0,12,0,5.75
gaussian_star,4096,366,602140,0.08771477099621433,1.0,1.0,12,0,6.916666666666667
gaussian_star,4096,367,602141,0.08771477099621433,1.0,1.0,12,0,6.5
gaussian_star,4096,368,602142,0.08771477099621433,1.0,1.0,12,0,6.083333333333333
gaussian_star,4096,369,602143,0.08771477099621433,1.0,1.0,12,0,7.0
gaussian_star,4096,370,602144,0.08771477099621433,1.0,1.0,12,0,6.333333333333333
gaussian_star,4096,371,602145,0.08771477099621433,1.0,1.0,12,0,6.666666666666667
gaussian_star,4096,372,602146,0.08771477099621433,1.0,1.0,12,0,6.75
gaussian_star,4096,373,602147,0.08771477099621433,1.0,1.0,12,0,7.0
gaussian_star,4096,374,602148,0.08771477099621433,1.0,1.0,12,0,6.25
gaussian_star,4096,375,602149,0.08771477099621433,1.0,1.0,12,0,6.5
gaussian_star,4096,376,602150,0.08771477099621433,1.0,1.0,12,0,6.666666666666667
gaussian_star,4096,377,602151,0.08771477099621433,1.0,1.0,12,0,6.5
gaussian_star,4096,378,602152,0.08771477099621433,1.0,1.0,12,0,6.75
gaussian_star,4096,379,602153,0.08771477099621433,1.0,1.0,12,0,7.0
gaussian_star,4096,380,602154,0.08771477099621433,1.0,1.0,12,0,5.833333333333333
gaussian_star,4096,381,602155,0.08771477099621433,1.0,1.0,12,0,6.833333333333333
gaussian_star,4096,382,602156,0.08771477099621433,1.0,1.0,12,0,6.25
gaussian_star,4096,383,602157,0.08771477099621433,1.0,1.0,12,0,6.583333333333333
gaussian_star,4096,384,602158,0.08771477099621433,1.0,1.0,12,0,6.583333333333333
gaussian_star,4096,385,602159,0.08771477099621433,1.0,1.0,12,0,6.75
gaussian_star,4096,386,602160,0.08771477099621433,1.0,1.0,12,0,6.666666666666667
gaussian_star,4096,387,602161,0.08771477099621433,1.0,1.0,12,0,7.083333333333333
gaussian_star,4096,388,602162,0.08771477099621433,1.0,1.0,12,0,6.083333333333333
gaussian_star,4096,389,602163,0.08771477099621433,1.0,1.0,12,0,6.833333333333333
gaussian_star,4096,390,602164,0.08771477099621433,1.0,1.0,12,0,6.583333333333333
gaussian_star,4096,391,602165,0.08771477099621433,1.0,1.0,12,0,6.5
gaussian_star,4096,392,602166,0.08771477099621433,1.0,1.0,12,0,6.166666666666667
gaussian_star,4096,393,602167,0.08771477099621433,1.0,1.0,12,0,7.25
gaussian_star,4096,394,602168,0.08771477099621433,1.0,1.0,12,0,6.666666666666667
gaussian_star,4096,395,602169,0.08771477099621433,1.0,1.0,12,0,6.333333333333333
gaussian_star,4096,396,602170,0.08771477099621433,1.0,1.0,12,0,6.083333333333333
gaussian_star,4096,397,602171,0.08771477099621433,1.0,1.0,12,0,6.416666666666667
gaussian_star,4096,398,602172,0.08771477099621433,1.0,1.0,12,0,6.0
gaussian_star,4096,399,602173,0.08771477099621433,1.0,1.0,12,0,6.75
gaussian_star,4096,400,602174,0.08771477099621433,1.0,1.0,12,0,6.416666666666667
gaussian_star,4096,401,602175,0.08771477099621433,1.0,1.0,12,0,6.666666666666667
gaussian_star,4096,402,602176,0.08771477099621433,1.0,1.0,12,0,6.416666666666667
gaussian_star,4096,403,602177,0.08771477099621433,1.0,1.0,12,0,7.083333333333333
gaussian_star,4096,404,602178,0.08771477099621433,1.0,1.0,12,0,6.166666666666667
gaussian_star,4096,405,602179,0.08771477099621433,1.0,1.0,12,0,6.083333333333333
gaussian_star,4096,406,602180,0.08771477099621433,1.0,1.0,12,0,6.0
gaussian_star,4096,407,602181,0.08771477099621433,1.0,1.0,12,0,6.583333333333333
gaussian_star,4096,408,602182,0.08771477099621433,1.0,1.0,12,0,6.583333333333333
gaussian_star,4096,409,602183,0.08771477099621433,1.0,1.0,12,0,6.75
gaussian_star,4096,410,602184,0.08771477099621433,1.0,1.0,12,0,7.166666666666667
gaussian_star,4096,411,602185,0.08771477099621433,1.0,1.0,12,0,7.083333333333333
gaussian_star,4096,412,602186,0.08771477099621433,1.0,1.0,12,0,6.5
gaussian_star,4096,413,602187,0.08771477099621433,1.0,1.0,12,0,6.416666666666667
gaussian_star,4096,414,602188,0.08771477099621433,1.0,1.0,12,0,6.166666666666667
gaussian_star,4096,415,602189,0.08771477099621433,1.0,1.0,12,0,5.75
gaussian_star,4096,416,602190,0.08771477099621433,1.0,1.0,12,0,6.833333333333333
gaussian_star,4096,417,602191,0.08771477099621433,1.0,1.0,12,0,6.5
gaussian_star,4096,418,602192,0.08771477099621433,1.0,1.0,12,0,6.083333333333333
gaussian_star,4096,419,602193,0.08771477099621433,1.0,1.0,12,0,6.25
gaussian_star,4096,420,602194,0.08771477099621433,1.0,1.0,12,0,6.833333333333333
gaussian_star,4096,421,602195,0.08771477099621433,1.0,1.0,12,0,6.666666666666667
gaussian_star,4096,422,602196,0.08771477099621433,1.0,1.0,12,0,7.333333333333333
gaussian_star,4096,423,602197,0.08771477099621433,1.0,1.0,12,0,6.75
gaussian_star,4096,424,602198,0.08771477099621433,1.0,1.0,12,0,7.583333333333333
gaussian_star,4096,425,602199,0.08771477099621433,1.0,1.0,12,0,6.0
gaussian_star,4096,426,602200,0.08771477099621433,1.0,1.0,12,0,6.583333333333333
gaussian_star,4096,427,602201,0.08771477099621433,1.0,1.0,12,0,6.666666666666667
gaussian_star,4096,428,602202,0.08771477099621433,1.0,1.0,12,0,6.333333333333333
gaussian_star,4096,429,602203,0.08771477099621433,1.0,1.0,12,0,6.416666666666667
gaussian_star,4096,430,602204,0.08771477099621433,1.0,1.0,12,0,6.0
gaussian_star,4096,431,602205,0.08771477099621433,1.0,1.0,12,0,6.416666666666667
gaussian_star,4096,432,602206,0.08771477099621433,1.0,1.0,12,0,6.333333333333333
gaussian_star,4096,433,602207,0.08771477099621433,1.0,1.0,12,0,6.666666666666667
gaussian_star,4096,434,602208,0.08771477099621433,1.0,1.0,12,0,6.5
gaussian_star,4096,435,602209,0.08771477099621433,1.0,1.0,12,0,6.416666666666667
gaussian_star,4096,436,602210,0.08771477099621433,1.0,1.0,12,0,6.833333333333333
gaussian_star,4096,437,602211,0.08771477099621433,1.0,1.0,12,0,5.916666666666667
gaussian_star,4096,438,602212,0.08771477099621433,1.0,1.0,12,0,6.416666666666667
gaussian_star,4096,439,602213,0.08771477099621433,1.0,1.0,12,0,6.75
gaussian_star,4096,440,602214,0.08771477099621433,1.0,1.0,12,0,6.416666666666667
gaussian_star,4096,441,602215,0.08771477099621433,1.0,1.0,12,0,7.0
gaussian_star,4096,442,602216,0.08771477099621433,1.0,1.0,12,0,6.25
gaussian_star,4096,443,602217,0.08771477099621433,1.0,1.0,12,0,6.416666666666667
gaussian_star,4096,444,602218,0.08771477099621433,1.0,1.0,12,0,6.666666666666667
gaussian_star,4096,445,602219,0.08771477099621433,1.0,1.0,12,0,6.75
gaussian_star,4096,446,602220,0.08771477099621433,1.0,1.0,12,0,6.0
gaussian_star,4096,447,602221,0.08771477099621433,1.0,1.0,12,0,6.583333333333333
gaussian_star,4096,448,602222,0.08771477099621433,1.0,1.0,12,0,6.166666666666667
gaussian_star,4096,449,602223,0.08771477099621433,1.0,1.0,12,0,5.333333333333333
gaussian_star,4096,450,602224,0.08771477099621433,1.0,1.0,12,0,6.083333333333333
gaussian_star,4096,451,602225,0.08771477099621433,1.0,1.0,12,0,6.5
gaussian_star,4096,452,602226,0.08771477099621433,1.0,1.0,12,0,6.75
gaussian_star,4096,453,602227,0.08771477099621433,1.0,1.0,12,0,6.083333333333333
gaussian_star,4096,454,602228,0.08771477099621433,1.0,1.0,12,0,7.083333333333333
gaussian_star,4096,455,602229,0.08771477099621433,1.0,1.0,12,0,6.666666666666667
gaussian_star,4096,456,602230,0.08771477099621433,1.0,1.0,12,0,5.583333333333333
gaussian_star,4096,457,602231,0.08771477099621433,1.0,1.0,12,0,6.916666666666667
gaussian_star,4096,458,602232,0.08771477099621433,1.0,1.0,12,0,6.416666666666667
gaussian_star,4096,459,602233,0.08771477099621433,1.0,1.0,12,0,7.0
gaussian_star,4096,460,602234,0.08771477099621433,1.0,1.0,12,0,6.083333333333333
gaussian_star,4096,461,602235,0.08771477099621433,1.0,1.0,12,0,6.083333333333333
gaussian_star,4096,462,602236,0.08771477099621433,1.0,1.0,12,0,6.166666666666667
gaussian_star,4096,463,602237,0.08771477099621433,1.0,1.0,12,0,6.916666666666667
gaussian_star,4096,464,602238,0.08771477099621433,1.0,1.0,12,0,6.416666666666667
gaussian_star,4096,465,602239,0.08771477099621433,1.0,1.0,12,0,6.666666666666667
gaussian_star,4096,466,602240,0.08771477099621433,1.0,1.0,12,0,6.5
gaussian_star,4096,467,602241,0.08771477099621433,1.0,1.0,12,0,6.833333333333333
gaussian_star,4096,468,602242,0.08771477099621433,1.0,1.0,12,0,7.0
gaussian_star,4096,469,602243,0.08771477099621433,1.0,1.0,12,0,6.333333333333333
gaussian_star,4096,470,602244,0.08771477099621433,1.0,1.0,12,0,6.5
gaussian_star,4096,471,602245,0.08771477099621433,1.0,1.0,12,0,6.75
gaussian_star,4096,472,602246,0.08771477099621433,1.0,1.0,12,0,7.166666666666667
gaussian_star,4096,473,602247,0.08771477099621433,1.0,1.0,12,0,6.083333333333333
gaussian_star,4096,474,602248,0.08771477099621433,1.0,1.0,12,0,6.833333333333333
gaussian_star,4096,475,602249,0.08771477099621433,1.0,1.0,12,0,7.0
gaussian_star,4096,476,602250,0.08771477099621433,1.0,1.0,12,0,6.666666666666667
gaussian_star,4096,477,602251,0.08771477099621433,1.0,1.0,12,0,6.666666666666667
gaussian_star,4096,478,602252,0.08771477099621433,1.0,1.0,12,0,6.166666666666667
gaussian_star,4096,479,602253,0.08771477099621433,1.0,1.0,12,0,6.5
gaussian_star,4096,480,602254,0.08771477099621433,1.0,1.0,12,0,6.0
gaussian_star,4096,481,602255,0.08771477099621433,1.0,1.0,12,0,6.583333333333333
gaussian_star,4096,482,602256,0.08771477099621433,1.0,1.0,12,0,6.5
gaussian_star,4096,483,602257,0.08771477099621433,1.0,1.0,12,0,6.666666666666667
gaussian_star,4096,484,602258,0.08771477099621433,1.0,1.0,12,0,6.083333333333333
gaussian_star,4096,485,602259,0.08771477099621433,1.0,1.0,12,0,6.583333333333333
gaussian_star,4096,486,602260,0.08771477099621433,1.0,1.0,12,0,6.583333333333333
gaussian_star,4096,487,602261,0.08771477099621433,1.0,1.0,12,0,6.0
gaussian_star,4096,488,602262,0.08771477099621433,1.0,1.0,12,0,6.0
gaussian_star,4096,489,602263,0.08771477099621433,1.0,1.0,12,0,6.666666666666667
gaussian_star,4096,490,602264,0.08771477099621433,1.0,1.0,12,0,6.833333333333333
gaussian_star,4096,491,602265,0.08771477099621433,1.0,1.0,12,0,6.416666666666667
gaussian_star,4096,492,602266,0.08771477099621433,1.0,1.0,12,0,6.75
gaussian_star,4096,493,602267,0.08771477099621433,1.0,1.0,12,0,6.666666666666667
gaussian_star,4096,494,602268,0.08771477099621433,1.0,1.0,12,0,6.166666666666667
gaussian_star,4096,495,602269,0.08771477099621433,1.0,1.0,12,0,6.583333333333333
gaussian_star,4096,496,602270,0.08771477099621433,1.0,1.0,12,0,6.75
gaussian_star,4096,497,602271,0.08771477099621433,1.0,1.0,12,0,6.916666666666667
gaussian_star,4096,498,602272,0.08771477099621433,1.0,1.0,12,0,6.5
gaussian_star,4096,499,602273,0.08771477099621433,1.0,1.0,12,0,6.333333333333333
t5_star,1008,0,701774,0.1768163583717824,1.0,1.0,12,0,10.0
t5_star,1008,1,701775,0.1768163583717824,1.0,1.0,12,0,10.0
t5_star,1008,2,701776,0.1768163583717824,1.0,1.0,12,0,10.0
t5_star,1008,3,701777,0.1768163583717824,1.0,1.0,12,0,10.0
t5_star,1008,4,701778,0.1768163583717824,1.0,1.0,12,0,10.0
t5_star,1008,5,701779,0.1768163583717824,1.0,1.0,12,0,10.0
t5_star,1008,6,701780,0.1768163583717824,1.0,1.0,12,0,10.0
t5_star,1008,7,701781,0.1768163583717824,1.0,1.0,12,0,10.0
t5_star,1008,8,701782,0.1768163583717824,1.0,1.0,12,0,10.0
t5_star,1008,9,701783,0.1768163583717824,1.0,1.0,12,0,10.0
t5_star,1008,10,701784,0.1768163583717824,1.0,1.0,12,0,10.0
t5_star,1008,11,701785,0.1768163583717824,1.0,1.0,12,0,10.0
t5_star,1008,12,701786,0.1768163583717824,1.0,1.0,12,0,10.0
t5_star,1008,13,701787,0.1768163583717824,1.0,1.0,12,0,10.0
t5_star,1008,14,701788,0.1768163583717824,1.0,1.0,12,0,10.0
t5_star,1008,15,701789,0.1768163583717824,1.0,1.0,12,0,10.0
t5_star,1008,16,701790,0.1768163583717824,1.0,1.0,12,0,10.0
t5_star,1008,17,701791,0.1768163583717824,1.0,1.0,12,0,10.0
t5_star,1008,18,701792,0.1768163583717824,1.0,1.0,12,0,10.0
t5_star,1008,19,701793,0.1768163583717824,1.0,1.0,12,0,10.0
t5_star,1008,20,701794,0.1768163583717824,1.0,1.0,12,0,10.0
t5_star,1008,21,701795,0.1768163583717824,1.0,1.0,12,0,10.0
t5_star,1008,22,701796,0.1768163583717824,1.0,1.0,12,0,10.0
t5_star,1008,23,701797,0.1768163583717824,1.0,1.0,12,0,10.0
t5_star,1008,24,701798,0.1768163583717824,1.0,1.0,12,0,10.0
t5_star,1008,25,701799,0.1768163583717824,1.0,1.0,12,0,10.0
t5_star,1008,26,701800,0.1768163583717824,1.0,1.0,12,0,10.0
t5_star,1008,27,701801,0.1768163583717824,1.0,1.0,12,0,10.0
t5_star,1008,28,701802,0.1768163583717824,1.0,1.0,12,0,10.0
t5_star,1008,29,701803,0.1768163583717824,1.0,1.0,12,0,10.0
t5_star,1008,30,701804,0.1768163583717824,1.0,1.0,12,0,10.0
t5_star,1008,31,701805,0.1768163583717824,1.0,1.0,12,0,10.0
t5_star,1008,32,701806,0.1768163583717824,1.0,1.0,12,0,10.0
t5_star,1008,33,701807,0.1768163583717824,1.0,1.0,12,0,10.0
t5_star,1008,34,701808,0.1768163583717824,1.0,1.0,12,0,10.0
t5_star,1008,35,701809,0.1768163583717824,1.0,1.0,12,0,10.0
t5_star,1008,36,701810,0.1768163583717824,1.0,1.0,12,0,10.0
t5_star,1008,37,701811,0.1768163583717824,1.0,1.0,12,0,10.0
t5_star,1008,38,701812,0.1768163583717824,1.0,1.0,12,0,10.0
t5_star,1008,39,701813,0.1768163583717824,1.0,1.0,12,0,10.0
t5_star,1008,40,701814,0.1768163583717824,1.0,1.0,12,0,10.0
t5_star,1008,41,701815,0.1768163583717824,1.0,1.0,12,0,10.0
t5_star,1008,42,701816,0.1768163583717824,1.0,1.0,12,0,10.0
t5_star,1008,43,701817,0.1768163583717824,1.0,1.0,12,0,10.0
t5_star,1008,44,701818,0.1768163583717824,1.0,1.0,12,0,10.0
t5_star,1008,45,701819,0.1768163583717824,1.0,1.0,12,0,10.0
t5_star,1008,46,701820,0.1768163583717824,1.0,1.0,12,0,10.0
t5_star,1008,47,701821,0.1768163583717824,1.0,1.0,12,0,10.0
t5_star,1008,48,701822,0.1768163583717824,1.0,1.0,12,0,10.0
t5_star,1008,49,701823,0.1768163583717824,1.0,1.0,12,0,10.0
t5_star,1008,50,701824,0.1768163583717824,1.0,1.0,12,0,10.0
t5_star,1008,51,701825,0.1768163583717824,1.0,1.0,12,0,10.0
t5_star,1008,52,701826,0.1768163583717824,1.0,1.0,12,0,10.0
t5_star,1008,53,701827,0.1768163583717824,1.0,1.0,12,0,10.0
t5_star,1008,54,701828,0.1768163583717824,1.0,1.0,12,0,10.0
t5_star,1008,55,701829,0.1768163583717824,1.0,1.0,12,0,10.0
t5_star,1008,56,701830,0.1768163583717824,1.0,1.0,12,0,10.0
t5_star,1008,57,701831,0.1768163583717824,1.0,1.0,12,0,10.0
t5_star,1008,58,701832,0.1768163583717824,1.0,1.0,12,0,10.0
t5_star,1008,59,701833,0.1768163583717824,1.0,1.0,12,0,10.0
t5_star,1008,60,701834,0.1768163583717824,1.0,1.0,12,0,10.0
t5_star,1008,61,701835,0.1768163583717824,1.0,1.0,12,0,10.0
t5_star,1008,62,701836,0.1768163583717824,1.0,1.0,12,0,10.0
t5_star,1008,63,701837,0.1768163583717824,1.0,1.0,12,0,10.0
t5_star,1008,64,701838,0.1768163583717824,1.0,1.0,12,0,10.0
t5_star,1008,65,701839,0.1768163583717824,1.0,1.0,12,0,10.0
t5_star,1008,66,701840,0.1768163583717824,1.0,1.0,12,0,10.0
t5_star,1008,67,701841,0.1768163583717824,1.0,1.0,12,0,10.0
t5_star,1008,68,701842,0.1768163583717824,1.0,1.0,12,0,10.0
t5_star,1008,69,701843,0.1768163583717824,1.0,1.0,12,0,10.0
t5_star,1008,70,701844,0.1768163583717824,1.0,1.0,12,0,10.0
t5_star,1008,71,701845,0.1768163583717824,1.0,1.0,12,0,10.0
t5_star,1008,72,701846,0.1768163583717824,1.0,1.0,12,0,10.0
t5_star,1008,73,701847,0.1768163583717824,1.0,1.0,12,0,10.0
t5_star,1008,74,701848,0.1768163583717824,1.0,1.0,12,0,10.0
t5_star,1008,75,701849,0.1768163583717824,1.0,1.0,12,0,10.0
t5_star,1008,76,701850,0.1768163583717824,1.0,1.0,12,0,10.0
t5_star,1008,77,701851,0.1768163583717824,1.0,1.0,12,0,10.0
t5_star,1008,78,701852,0.1768163583717824,1.0,1.0,12,0,10.0
t5_star,1008,79,701853,0.1768163583717824,1.0,1.0,12,0,10.0
t5_star,1008,80,701854,0.1768163583717824,1.0,1.0,12,0,10.0
t5_star,1008,81,701855,0.1768163583717824,1.0,1.0,12,0,10.0
t5_star,1008,82,701856,0.1768163583717824,1.0,1.0,12,0,10.0
t5_star,1008,83,701857,0.1768163583717824,1.0,1.0,12,0,10.0
t5_star,1008,84,701858,0.1768163583717824,1.0,1.0,12,0,10.0
t5_star,1008,85,701859,0.1768163583717824,1.0,1.0,12,0,10.0
t5_star,1008,86,701860,0.1768163583717824,1.0,1.0,12,0,10.0
t5_star,1008,87,701861,0.1768163583717824,1.0,1.0,12,0,10.0
t5_star,1008,88,701862,0.1768163583717824,1.0,1.0,12,0,10.0
t5_star,1008,89,701863,0.1768163583717824,1.0,1.0,12,0,10.0
t5_star,1008,90,701864,0.1768163583717824,1.0,1.0,12,0,10.0
t5_star,1008,91,701865,0.1768163583717824,1.0,1.0,12,0,10.0
t5_star,1008,92,701866,0.1768163583717824,1.0,1.0,12,0,10.0
t5_star,1008,93,701867,0.1768163583717824,1.0,1.0,12,0,10.0
t5_star,1008,94,701868,0.1768163583717824,1.0,1.0,12,0,10.0
t5_star,1008,95,701869,0.1768163583717824,1.0,1.0,12,0,10.0
t5_star,1008,96,701870,0.1768163583717824,1.0,1.0,12,0,10.0
t5_star,1008,97,701871,0.1768163583717824,1.0,1.0,12,0,10.0
t5_star,1008,98,701872,0.1768163583717824,1.0,1.0,12,0,10.0
t5_star,1008,99,701873,0.1768163583717824,1.0,1.0,12,0,10.0
t5_star,1008,100,701874,0.1768163583717824,1.0,1.0,12,0,10.0
t5_star,1008,101,701875,0.1768163583717824,1.0,1.0,12,0,10.0
t5_star,1008,102,701876,0.1768163583717824,1.0,1.0,12,0,10.0
t5_star,1008,103,701877,0.1768163583717824,1.0,1.0,12,0,10.0
t5_star,1008,104,701878,0.1768163583717824,1.0,1.0,12,0,10.0
t5_star,1008,105,701879,0.1768163583717824,1.0,1.0,12,0,10.0
t5_star,1008,106,701880,0.1768163583717824,1.0,1.0,12,0,10.0
t5_star,1008,107,701881,0.1768163583717824,1.0,1.0,12,0,10.0
t5_star,1008,108,701882,0.1768163583717824,1.0,1.0,12,0,10.0
t5_star,1008,109,701883,0.1768163583717824,1.0,1.0,12,0,10.0
t5_star,1008,110,701884,0.1768163583717824,1.0,1.0,12,0,10.0
t5_star,1008,111,701885,0.1768163583717824,1.0,1.0,12,0,10.0
t5_star,1008,112,701886,0.1768163583717824,1.0,1.0,12,0,10.0
t5_star,1008,113,701887,0.1768163583717824,1.0,1.0,12,0,10.0
t5_star,1008,114,701888,0.1768163583717824,1.0,1.0,12,0,10.0
t5_star,1008,115,701889,0.1768163583717824,1.0,1.0,12,0,10.0
t5_star,1008,116,701890,0.1768163583717824,1.0,1.0,12,0,10.0
t5_star,1008,117,701891,0.1768163583717824,1.0,1.0,12,0,10.0
t5_star,1008,118,701892,0.1768163583717824,1.0,1.0,12,0,10.0
t5_star,1008,119,701893,0.1768163583717824,1.0,1.0,12,0,10.0
t5_star,1008,120,701894,0.1768163583717824,1.0,1.0,12,0,10.0
t5_star,1008,121,701895,0.1768163583717824,1.0,1.0,12,0,10.0
t5_star,1008,122,701896,0.1768163583717824,1.0,1.0,12,0,10.0
t5_star,1008,123,701897,0.1768163583717824,1.0,1.0,12,0,10.0
t5_star,1008,124,701898,0.1768163583717824,1.0,1.0,12,0,10.0
t5_star,1008,125,701899,0.1768163583717824,1.0,1.0,12,0,10.0
t5_star,1008,126,701900,0.1768163583717824,1.0,1.0,12,0,10.0
t5_star,1008,127,701901,0.1768163583717824,1.0,1.0,12,0,10.0
t5_star,1008,128,701902,0.1768163583717824,1.0,1.0,12,0,10.0
t5_star,1008,129,701903,0.1768163583717824,1.0,1.0,12,0,10.0
t5_star,1008,130,701904,0.1768163583717824,1.0,1.0,12,0,10.0
t5_star,1008,131,701905,0.1768163583717824,1.0,1.0,12,0,10.0
t5_star,1008,132,701906,0.1768163583717824,1.0,1.0,12,0,10.0
t5_star,1008,133,701907,0.1768163583717824,1.0,1.0,12,0,10.0
t5_star,1008,134,701908,0.1768163583717824,1.0,1.0,12,0,10.0
t5_star,1008,135,701909,0.1768163583717824,1.0,1.0,12,0,10.0
t5_star,1008,136,701910,0.1768163583717824,1.0,1.0,12,0,10.0
t5_star,1008,137,701911,0.1768163583717824,1.0,1.0,12,0,10.0
t5_star,1008,138,701912,0.1768163583717824,1.0,1.0,12,0,10.0
t5_star,1008,139,701913,0.1768163583717824,1.0,1.0,12,0,10.0
t5_star,1008,140,701914,0.1768163583717824,1.0,1.0,12,0,10.0
t5_star,1008,141,701915,0.1768163583717824,1.0,1.0,12,0,10.0
t5_star,1008,142,701916,0.1768163583717824,1.0,1.0,12,0,10.0
t5_star,1008,143,701917,0.1768163583717824,1.0,1.0,12,0,10.0
t5_star,1008,144,701918,0.1768163583717824,1.0,1.0,12,0,10.0
t5_star,1008,145,701919,0.1768163583717824,1.0,1.0,12,0,10.0
t5_star,1008,146,701920,0.1768163583717824,1.0,1.0,12,0,10.0
t5_star,1008,147,701921,0.1768163583717824,1.0,1.0,12,0,10.0
t5_star,1008,148,701922,0.1768163583717824,1.0,1.0,12,0,10.0
t5_star,1008,149,701923,0.1768163583717824,1.0,1.0,12,0,10.0
t5_star,1008,150,701924,0.1768163583717824,1.0,1.0,12,0,10.0
t5_star,1008,151,701925,0.1768163583717824,1.0,1.0,12,0,10.0
t5_star,1008,152,701926,0.1768163583717824,1.0,1.0,12,0,10.0
t5_star,1008,153,701927,0.1768163583717824,1.0,1.0,12,0,10.0
t5_star,1008,154,701928,0.1768163583717824,1.0,1.0,12,0,10.0
t5_star,1008,155,701929,0.1768163583717824,1.0,1.0,12,0,10.0
t5_star,1008,156,701930,0.1768163583717824,1.0,1.0,12,0,10.0
t5_star,1008,157,701931,0.1768163583717824,1.0,1.0,12,0,10.0
t5_star,1008,158,701932,0.1768163583717824,1.0,1.0,12,0,10.0
t5_star,1008,159,701933,0.1768163583717824,1.0,1.0,12,0,10.0
t5_star,1008,160,701934,0.1768163583717824,1.0,1.0,12,0,10.0
t5_star,1008,161,701935,0.1768163583717824,1.0,1.0,12,0,10.0
t5_star,1008,162,701936,0.1768163583717824,1.0,1.0,12,0,10.0
t5_star,1008,163,701937,0.1768163583717824,1.0,1.0,12,0,10.0
t5_star,1008,164,701938,0.1768163583717824,1.0,1.0,12,0,10.0
t5_star,1008,165,701939,0.1768163583717824,1.0,1.0,12,0,10.0
t5_star,1008,166,701940,0.1768163583717824,1.0,1.0,12,0,10.0
t5_star,1008,167,701941,0.1768163583717824,1.0,1.0,12,0,10.0
t5_star,1008,168,701942,0.1768163583717824,1.0,1.0,12,0,10.0
t5_star,1008,169,701943,0.1768163583717824,1.0,1.0,12,0,10.0
t5_star,1008,170,701944,0.1768163583717824,1.0,1.0,12,0,10.0
t5_star,1008,171,701945,0.1768163583717824,1.0,1.0,12,0,10.0
t5_star,1008,172,701946,0.1768163583717824,1.0,1.0,12,0,10.0
t5_star,1008,173,701947,0.1768163583717824,1.0,1.0,12,0,10.0
t5_star,1008,174,701948,0.1768163583717824,1.0,1.0,12,0,10.0
t5_star,1008,175,701949,0.1768163583717824,1.0,1.0,12,0,10.0
t5_star,1008,176,701950,0.1768163583717824,1.0,1.0,12,0,10.0
t5_star,1008,177,701951,0.1768163583717824,1.0,1.0,12,0,10.0
t5_star,1008,178,701952,0.1768163583717824,1.0,1.0,12,0,10.0
t5_star,1008,179,701953,0.1768163583717824,1.0,1.0,12,0,10.0
t5_star,1008,180,701954,0.1768163583717824,1.0,1.0,12,0,10.0
t5_star,1008,181,701955,0.1768163583717824,1.0,1.0,12,0,10.0
t5_star,1008,182,701956,0.1768163583717824,1.0,1.0,12,0,10.0
t5_star,1008,183,701957,0.1768163583717824,1.0,1.0,12,0,10.0
t5_star,1008,184,701958,0.1768163583717824,1.0,1.0,12,0,10.0
t5_star,1008,185,701959,0.1768163583717824,1.0,1.0,12,0,10.0
t5_star,1008,186,701960,0.1768163583717824,1.0,1.0,12,0,10.0
t5_star,1008,187,701961,0.1768163583717824,1.0,1.0,12,0,10.0
t5_star,1008,188,701962,0.1768163583717824,1.0,1.0,12,0,10.0
t5_star,1008,189,701963,0.1768163583717824,1.0,1.0,12,0,10.0
t5_star,1008,190,701964,0.1768163583717824,1.0,1.0,12,0,10.0
t5_star,1008,191,701965,0.1768163583717824,1.0,1.0,12,0,10.0
t5_star,1008,192,701966,0.1768163583717824,1.0,1.0,12,0,10.0
t5_star,1008,193,701967,0.1768163583717824,1.0,1.0,12,0,10.0
t5_star,1008,194,701968,0.1768163583717824,1.0,1.0,12,0,10.0
t5_star,1008,195,701969,0.1768163583717824,1.0,1.0,12,0,10.0
t5_star,1008,196,701970,0.1768163583717824,1.0,1.0,12,0,10.0
t5_star,1008,197,701971,0.1768163583717824,1.0,1.0,12,0,10.0
t5_star,1008,198,701972,0.1768163583717824,1.0,1.0,12,0,10.0
t5_star,1008,199,701973,0.1768163583717824,1.0,1.0,12,0,10.0
t5_star,1008,200,701974,0.1768163583717824,1.0,1.0,12,0,10.0
t5_star,1008,201,701975,0.1768163583717824,1.0,1.0,12,0,10.0
t5_star,1008,202,701976,0.1768163583717824,1.0,1.0,12,0,10.0
t5_star,1008,203,701977,0.1768163583717824,1.0,1.0,12,0,10.0
t5_star,1008,204,701978,0.1768163583717824,1.0,1.0,12,0,10.0
t5_star,1008,205,701979,0.1768163583717824,1.0,1.0,12,0,10.0
t5_star,1008,206,701980,0.1768163583717824,1.0,1.0,12,0,10.0
t5_star,1008,207,701981,0.1768163583717824,1.0,1.0,12,0,10.0
t5_star,1008,208,701982,0.1768163583717824,1.0,1.0,12,0,10.0
t5_star,1008,209,701983,0.1768163583717824,1.0,1.0,12,0,10.0
t5_star,1008,210,701984,0.1768163583717824,1.0,1.0,12,0,10.0
t5_star,1008,211,701985,0.1768163583717824,1.0,1.0,12,0,10.0
t5_star,1008,212,701986,0.1768163583717824,1.0,1.0,12,0,10.0
t5_star,1008,213,701987,0.1768163583717824,1.0,1.0,12,0,10.0
t5_star,1008,214,701988,0.1768163583717824,1.0,1.0,12,0,10.0
t5_star,1008,215,701989,0.1768163583717824,1.0,1.0,12,0,10.0
t5_star,1008,216,701990,0.1768163583717824,1.0,1.0,12,0,10.0
t5_star,1008,217,701991,0.1768163583717824,1.0,1.0,12,0,10.0
t5_star,1008,218,701992,0.1768163583717824,1.0,1.0,12,0,10.0
t5_star,1008,219,701993,0.1768163583717824,1.0,1.0,12,0,10.0
t5_star,1008,220,701994,0.1768163583717824,1.0,1.0,12,0,10.0
t5_star,1008,221,701995,0.1768163583717824,1.0,1.0,12,0,10.0
t5_star,1008,222,701996,0.1768163583717824,1.0,1.0,12,0,10.0
t5_star,1008,223,701997,0.1768163583717824,1.0,1.0,12,0,10.0
t5_star,1008,224,701998,0.1768163583717824,1.0,1.0,12,0,10.0
t5_star,1008,225,701999,0.1768163583717824,1.0,1.0,12,0,10.0
t5_star,1008,226,702000,0.1768163583717824,1.0,1.0,12,0,10.0
t5_star,1008,227,702001,0.1768163583717824,1.0,1.0,12,0,10.0
t5_star,1008,228,702002,0.1768163583717824,1.0,1.0,12,0,10.0
t5_star,1008,229,702003,0.1768163583717824,1.0,1.0,12,0,10.0
t5_star,1008,230,702004,0.1768163583717824,1.0,1.0,12,0,10.0
t5_star,1008,231,702005,0.1768163583717824,1.0,1.0,12,0,10.0
t5_star,1008,232,702006,0.1768163583717824,1.0,1.0,12,0,10.0
t5_star,1008,233,702007,0.1768163583717824,1.0,1.0,12,0,10.0
t5_star,1008,234,702008,0.1768163583717824,1.0,1.0,12,0,10.0
t5_star,1008,235,702009,0.1768163583717824,1.0,1.0,12,0,10.0
t5_star,1008,236,702010,0.1768163583717824,1.0,1.0,12,0,10.0
t5_star,1008,237,702011,0.1768163583717824,1.0,1.0,12,0,10.0
t5_star,1008,238,702012,0.1768163583717824,1.0,1.0,12,0,10.0
t5_star,1008,239,702013,0.1768163583717824,1.0,1.0,12,0,10.0
t5_star,1008,240,702014,0.1768163583717824,1.0,1.0,12,0,10.0
t5_star,1008,241,702015,0.1768163583717824,1.0,1.0,12,0,10.0
t5_star,1008,242,702016,0.1768163583717824,1.0,1.0,12,0,10.0
t5_star,1008,243,702017,0.1768163583717824,1.0,1.0,12,0,10.0
t5_star,1008,244,702018,0.1768163583717824,1.0,1.0,12,0,10.0
t5_star,1008,245,702019,0.1768163583717824,1.0,1.0,12,0,10.0
t5_star,1008,246,702020,0.1768163583717824,1.0,1.0,12,0,10.0
t5_star,1008,247,702021,0.1768163583717824,1.0,1.0,12,0,10.0
t5_star,1008,248,702022,0.1768163583717824,1.0,1.0,12,0,10.0
t5_star,1008,249,702023,0.1768163583717824,1.0,1.0,12,0,10.0
t5_star,1008,250,702024,0.1768163583717824,1.0,1.0,12,0,10.0
t5_star,1008,251,702025,0.1768163583717824,1.0,1.0,12,0,10.0
t5_star,1008,252,702026,0.1768163583717824,1.0,1.0,12,0,10.0
t5_star,1008,253,702027,0.1768163583717824,1.0,1.0,12,0,10.0
t5_star,1008,254,702028,0.1768163583717824,1.0,1.0,12,0,10.0
t5_star,1008,255,702029,0.1768163583717824,1.0,1.0,12,0,10.0
t5_star,1008,256,702030,0.1768163583717824,1.0,1.0,12,0,10.0
t5_star,1008,257,702031,0.1768163583717824,1.0,1.0,12,0,10.0
t5_star,1008,258,702032,0.1768163583717824,1.0,1.0,12,0,10.0
t5_star,1008,259,702033,0.1768163583717824,1.0,1.0,12,0,10.0
t5_star,1008,260,702034,0.1768163583717824,1.0,1.0,12,0,10.0
t5_star,1008,261,702035,0.1768163583717824,1.0,1.0,12,0,10.0
t5_star,1008,262,702036,0.1768163583717824,1.0,1.0,12,0,10.0
t5_star,1008,263,702037,0.1768163583717824,1.0,1.0,12,0,10.0
t5_star,1008,264,702038,0.1768163583717824,1.0,1.0,12,0,10.0
t5_star,1008,265,702039,0.1768163583717824,1.0,1.0,12,0,10.0
t5_star,1008,266,702040,0.1768163583717824,1.0,1.0,12,0,10.0
t5_star,1008,267,702041,0.1768163583717824,1.0,1.0,12,0,10.0
t5_star,1008,268,702042,0.1768163583717824,1.0,1.0,12,0,10.0
t5_star,1008,269,702043,0.1768163583717824,1.0,1.0,12,0,10.0
t5_star,1008,270,702044,0.1768163583717824,1.0,1.0,12,0,10.0
t5_star,1008,271,702045,0.1768163583717824,1.0,1.0,12,0,10.0
t5_star,1008,272,702046,0.1768163583717824,1.0,1.0,12,0,10.0
t5_star,1008,273,702047,0.1768163583717824,1.0,1.0,12,0,10.0
t5_star,1008,274,702048,0.1768163583717824,1.0,1.0,12,0,10.0
t5_star,1008,275,702049,0.1768163583717824,1.0,1.0,12,0,10.0
t5_star,1008,276,702050,0.1768163583717824,1.0,1.0,12,0,10.0
t5_star,1008,277,702051,0.1768163583717824,1.0,1.0,12,0,10.0
t5_star,1008,278,702052,0.1768163583717824,1.0,1.0,12,0,10.0
t5_star,1008,279,702053,0.1768163583717824,1.0,1.0,12,0,10.0
t5_star,1008,280,702054,0.1768163583717824,1.0,1.0,12,0,10.0
t5_star,1008,281,702055,0.1768163583717824,1.0,1.0,12,0,10.0
t5_star,1008,282,702056,0.1768163583717824,1.0,1.0,12,0,10.0
t5_star,1008,283,702057,0.1768163583717824,1.0,1.0,12,0,10.0
t5_star,1008,284,702058,0.1768163583717824,1.0,1.0,12,0,10.0
t5_star,1008,285,702059,0.1768163583717824,1.0,1.0,12,0,10.0
t5_star,1008,286,702060,0.1768163583717824,1.0,1.0,12,0,10.0
t5_star,1008,287,702061,0.1768163583717824,1.0,1.0,12,0,10.0
t5_star,1008,288,702062,0.1768163583717824,1.0,1.0,12,0,10.0
t5_star,1008,289,702063,0.1768163583717824,1.0,1.0,12,0,10.0
t5_star,1008,290,702064,0.1768163583717824,1.0,1.0,12,0,10.0
t5_star,1008,291,702065,0.1768163583717824,1.0,1.0,12,0,10.0
t5_star,1008,292,702066,0.1768163583717824,1.0,1.0,12,0,10.0
t5_star,1008,293,702067,0.1768163583717824,1.0,1.0,12,0,10.0
t5_star,1008,294,702068,0.1768163583717824,1.0,1.0,12,0,10.0
t5_star,1008,295,702069,0.1768163583717824,1.0,1.0,12,0,10.0
t5_star,1008,296,702070,0.1768163583717824,1.0,1.0,12,0,10.0
t5_star,1008,297,702071,0.1768163583717824,1.0,1.0,12,0,10.0
t5_star,1008,298,702072,0.1768163583717824,1.0,1.0,12,0,10.0
t5_star,1008,299,702073,0.1768163583717824,1.0,1.0,12,0,10.0
t5_star,1008,300,702074,0.1768163583717824,1.0,1.0,12,0,10.0
t5_star,1008,301,702075,0.1768163583717824,1.0,1.0,12,0,10.0
t5_star,1008,302,702076,0.1768163583717824,1.0,1.0,12,0,10.0
t5_star,1008,303,702077,0.1768163583717824,1.0,1.0,12,0,10.0
t5_star,1008,304,702078,0.1768163583717824,1.0,1.0,12,0,10.0
t5_star,1008,305,702079,0.1768163583717824,1.0,1.0,12,0,10.0
t5_star,1008,306,702080,0.1768163583717824,1.0,1.0,12,0,10.0
t5_star,1008,307,702081,0.1768163583717824,1.0,1.0,12,0,10.0
t5_star,1008,308,702082,0.1768163583717824,1.0,1.0,12,0,10.0
t5_star,1008,309,702083,0.1768163583717824,1.0,1.0,12,0,10.0
t5_star,1008,310,702084,0.1768163583717824,1.0,1.0,12,0,10.0
t5_star,1008,311,702085,0.1768163583717824,1.0,1.0,12,0,10.0
t5_star,1008,312,702086,0.1768163583717824,1.0,1.0,12,0,10.0
t5_star,1008,313,702087,0.1768163583717824,1.0,1.0,12,0,10.0
t5_star,1008,314,702088,0.1768163583717824,1.0,1.0,12,0,10.0
t5_star,1008,315,702089,0.1768163583717824,1.0,1.0,12,0,10.0
t5_star,1008,316,702090,0.1768163583717824,1.0,1.0,12,0,10.0
t5_star,1008,317,702091,0.1768163583717824,1.0,1.0,12,0,10.0
t5_star,1008,318,702092,0.1768163583717824,1.0,1.0,12,0,10.0
t5_star,1008,319,702093,0.1768163583717824,1.0,1.0,12,0,10.0
t5_star,1008,320,702094,0.1768163583717824,1.0,1.0,12,0,10.0
t5_star,1008,321,702095,0.1768163583717824,1.0,1.0,12,0,10.0
t5_star,1008,322,702096,0.1768163583717824,1.0,1.0,12,0,10.0
t5_star,1008,323,702097,0.1768163583717824,1.0,1.0,12,0,10.0
t5_star,1008,324,702098,0.1768163583717824,1.0,1.0,12,0,10.0
t5_star,1008,325,702099,0.1768163583717824,1.0,1.0,12,0,10.0
t5_star,1008,326,702100,0.1768163583717824,1.0,1.0,12,0,10.0
t5_star,1008,327,702101,0.1768163583717824,1.0,1.0,12,0,10.0
t5_star,1008,328,702102,0.1768163583717824,1.0,1.0,12,0,10.0
t5_star,1008,329,702103,0.1768163583717824,1.0,1.0,12,0,10.0
t5_star,1008,330,702104,0.1768163583717824,1.0,1.0,12,0,10.0
t5_star,1008,331,702105,0.1768163583717824,1.0,1.0,12,0,10.0
t5_star,1008,332,702106,0.1768163583717824,1.0,1.0,12,0,10.0
t5_star,1008,333,702107,0.1768163583717824,1.0,1.0,12,0,10.0
t5_star,1008,334,702108,0.1768163583717824,1.0,1.0,12,0,10.0
t5_star,1008,335,702109,0.1768163583717824,1.0,1.0,12,0,10.0
t5_star,1008,336,702110,0.1768163583717824,1.0,1.0,12,0,10.0
t5_star,1008,337,702111,0.1768163583717824,1.0,1.0,12,0,10.0
t5_star,1008,338,702112,0.1768163583717824,1.0,1.0,12,0,10.0
t5_star,1008,339,702113,0.1768163583717824,1.0,1.0,12,0,10.0
t5_star,1008,340,702114,0.1768163583717824,1.0,1.0,12,0,10.0
t5_star,1008,341,702115,0.1768163583717824,1.0,1.0,12,0,10.0
t5_star,1008,342,702116,0.1768163583717824,1.0,1.0,12,0,10.0
t5_star,1008,343,702117,0.1768163583717824,1.0,1.0,12,0,10.0
t5_star,1008,344,702118,0.1768163583717824,1.0,1.0,12,0,10.0
t5_star,1008,345,702119,0.1768163583717824,1.0,1.0,12,0,10.0
t5_star,1008,346,702120,0.1768163583717824,1.0,1.0,12,0,10.0
t5_star,1008,347,702121,0.1768163583717824,1.0,1.0,12,0,10.0
t5_star,1008,348,702122,0.1768163583717824,1.0,1.0,12,0,10.0
t5_star,1008,349,702123,0.1768163583717824,1.0,1.0,12,0,10.0
t5_star,1008,350,702124,0.1768163583717824,1.0,1.0,12,0,10.0
t5_star,1008,351,702125,0.1768163583717824,1.0,1.0,12,0,10.0
t5_star,1008,352,702126,0.1768163583717824,1.0,1.0,12,0,10.0
t5_star,1008,353,702127,0.1768163583717824,1.0,1.0,12,0,10.0
t5_star,1008,354,702128,0.1768163583717824,1.0,1.0,12,0,10.0
t5_star,1008,355,702129,0.1768163583717824,1.0,1.0,12,0,10.0
t5_star,1008,356,702130,0.1768163583717824,1.0,1.0,12,0,10.0
t5_star,1008,357,702131,0.1768163583717824,1.0,1.0,12,0,10.0
t5_star,1008,358,702132,0.1768163583717824,1.0,1.0,12,0,10.0
t5_star,1008,359,702133,0.1768163583717824,1.0,1.0,12,0,10.0
t5_star,1008,360,702134,0.1768163583717824,1.0,1.0,12,0,10.0
t5_star,1008,361,702135,0.1768163583717824,1.0,1.0,12,0,10.0
t5_star,1008,362,702136,0.1768163583717824,1.0,1.0,12,0,10.0
t5_star,1008,363,702137,0.1768163583717824,1.0,1.0,12,0,10.0
t5_star,1008,364,702138,0.1768163583717824,1.0,1.0,12,0,10.0
t5_star,1008,365,702139,0.1768163583717824,1.0,1.0,12,0,10.0
t5_star,1008,366,702140,0.1768163583717824,1.0,1.0,12,0,10.0
t5_star,1008,367,702141,0.1768163583717824,1.0,1.0,12,0,10.0
t5_star,1008,368,702142,0.1768163583717824,1.0,1.0,12,0,10.0
t5_star,1008,369,702143,0.1768163583717824,1.0,1.0,12,0,10.0
t5_star,1008,370,702144,0.1768163583717824,1.0,1.0,12,0,10.0
t5_star,1008,371,702145,0.1768163583717824,1.0,1.0,12,0,10.0
t5_star,1008,372,702146,0.1768163583717824,1.0,1.0,12,0,10.0
t5_star,1008,373,702147,0.1768163583717824,1.0,1.0,12,0,10.0
t5_star,1008,374,702148,0.1768163583717824,1.0,1.0,12,0,10.0
t5_star,1008,375,702149,0.1768163583717824,1.0,1.0,12,0,10.0
t5_star,1008,376,702150,0.1768163583717824,1.0,1.0,12,0,10.0
t5_star,1008,377,702151,0.1768163583717824,1.0,1.0,12,0,10.0
t5_star,1008,378,702152,0.1768163583717824,1.0,1.0,12,0,10.0
t5_star,1008,379,702153,0.1768163583717824,1.0,1.0,12,0,10.0
t5_star,1008,380,702154,0.1768163583717824,1.0,1.0,12,0,10.0
t5_star,1008,381,702155,0.1768163583717824,1.0,1.0,12,0,10.0
t5_star,1008,382,702156,0.1768163583717824,1.0,1.0,12,0,10.0
t5_star,1008,383,702157,0.1768163583717824,1.0,1.0,12,0,10.0
t5_star,1008,384,702158,0.1768163583717824,1.0,1.0,12,0,10.0
t5_star,1008,385,702159,0.1768163583717824,1.0,1.0,12,0,10.0
t5_star,1008,386,702160,0.1768163583717824,1.0,1.0,12,0,10.0
t5_star,1008,387,702161,0.1768163583717824,1.0,1.0,12,0,10.0
t5_star,1008,388,702162,0.1768163583717824,1.0,1.0,12,0,10.0
t5_star,1008,389,702163,0.1768163583717824,1.0,1.0,12,0,10.0
t5_star,1008,390,702164,0.1768163583717824,1.0,1.0,12,0,10.0
t5_star,1008,391,702165,0.1768163583717824,1.0,1.0,12,0,10.0
t5_star,1008,392,702166,0.1768163583717824,1.0,1.0,12,0,10.0
t5_star,1008,393,702167,0.1768163583717824,1.0,1.0,12,0,10.0
t5_star,1008,394,702168,0.1768163583717824,1.0,1.0,12,0,10.0
t5_star,1008,395,702169,0.1768163583717824,1.0,1.0,12,0,10.0
t5_star,1008,396,702170,0.1768163583717824,1.0,1.0,12,0,10.0
t5_star,1008,397,702171,0.1768163583717824,1.0,1.0,12,0,10.0
t5_star,1008,398,702172,0.1768163583717824,1.0,1.0,12,0,10.0
t5_star,1008,399,702173,0.1768163583717824,1.0,1.0,12,0,10.0
t5_star,1008,400,702174,0.1768163583717824,1.0,1.0,12,0,10.0
t5_star,1008,401,702175,0.1768163583717824,1.0,1.0,12,0,10.0
t5_star,1008,402,702176,0.1768163583717824,1.0,1.0,12,0,10.0
t5_star,1008,403,702177,0.1768163583717824,1.0,1.0,12,0,10.0
t5_star,1008,404,702178,0.1768163583717824,1.0,1.0,12,0,10.0
t5_star,1008,405,702179,0.1768163583717824,1.0,1.0,12,0,10.0
t5_star,1008,406,702180,0.1768163583717824,1.0,1.0,12,0,10.0
t5_star,1008,407,702181,0.1768163583717824,1.0,1.0,12,0,10.0
t5_star,1008,408,702182,0.1768163583717824,1.0,1.0,12,0,10.0
t5_star,1008,409,702183,0.1768163583717824,1.0,1.0,12,0,10.0
t5_star,1008,410,702184,0.1768163583717824,1.0,1.0,12,0,10.0
t5_star,1008,411,702185,0.1768163583717824,1.0,1.0,12,0,10.0
t5_star,1008,412,702186,0.1768163583717824,1.0,1.0,12,0,10.0
t5_star,1008,413,702187,0.1768163583717824,1.0,1.0,12,0,10.0
t5_star,1008,414,702188,0.1768163583717824,1.0,1.0,12,0,10.0
t5_star,1008,415,702189,0.1768163583717824,1.0,1.0,12,0,10.0
t5_star,1008,416,702190,0.1768163583717824,1.0,1.0,12,0,10.0
t5_star,1008,417,702191,0.1768163583717824,1.0,1.0,12,0,10.0
t5_star,1008,418,702192,0.1768163583717824,1.0,1.0,12,0,10.0
t5_star,1008,419,702193,0.1768163583717824,1.0,1.0,12,0,10.0
t5_star,1008,420,702194,0.1768163583717824,1.0,1.0,12,0,10.0
t5_star,1008,421,702195,0.1768163583717824,1.0,1.0,12,0,10.0
t5_star,1008,422,702196,0.1768163583717824,1.0,1.0,12,0,10.0
t5_star,1008,423,702197,0.1768163583717824,1.0,1.0,12,0,10.0
t5_star,1008,424,702198,0.1768163583717824,1.0,1.0,12,0,10.0
t5_star,1008,425,702199,0.1768163583717824,1.0,1.0,12,0,10.0
t5_star,1008,426,702200,0.1768163583717824,1.0,1.0,12,0,10.0
t5_star,1008,427,702201,0.1768163583717824,1.0,1.0,12,0,10.0
t5_star,1008,428,702202,0.1768163583717824,1.0,1.0,12,0,10.0
t5_star,1008,429,702203,0.1768163583717824,1.0,1.0,12,0,10.0
t5_star,1008,430,702204,0.1768163583717824,1.0,1.0,12,0,10.0
t5_star,1008,431,702205,0.1768163583717824,1.0,1.0,12,0,10.0
t5_star,1008,432,702206,0.1768163583717824,1.0,1.0,12,0,10.0
t5_star,1008,433,702207,0.1768163583717824,1.0,1.0,12,0,10.0
t5_star,1008,434,702208,0.1768163583717824,1.0,1.0,12,0,10.0
t5_star,1008,435,702209,0.1768163583717824,1.0,1.0,12,0,10.0
t5_star,1008,436,702210,0.1768163583717824,1.0,1.0,12,0,10.0
t5_star,1008,437,702211,0.1768163583717824,1.0,1.0,12,0,10.0
t5_star,1008,438,702212,0.1768163583717824,1.0,1.0,12,0,10.0
t5_star,1008,439,702213,0.1768163583717824,1.0,1.0,12,0,10.0
t5_star,1008,440,702214,0.1768163583717824,1.0,1.0,12,0,10.0
t5_star,1008,441,702215,0.1768163583717824,1.0,1.0,12,0,10.0
t5_star,1008,442,702216,0.1768163583717824,1.0,1.0,12,0,10.0
t5_star,1008,443,702217,0.1768163583717824,1.0,1.0,12,0,10.0
t5_star,1008,444,702218,0.1768163583717824,1.0,1.0,12,0,10.0
t5_star,1008,445,702219,0.1768163583717824,1.0,1.0,12,0,10.0
t5_star,1008,446,702220,0.1768163583717824,1.0,1.0,12,0,10.0
t5_star,1008,447,702221,0.1768163583717824,1.0,1.0,12,0,10.0
t5_star,1008,448,702222,0.1768163583717824,1.0,1.0,12,0,10.0
t5_star,1008,449,702223,0.1768163583717824,1.0,1.0,12,0,10.0
t5_star,1008,450,702224,0.1768163583717824,1.0,1.0,12,0,10.0
t5_star,1008,451,702225,0.1768163583717824,1.0,1.0,12,0,10.0
t5_star,1008,452,702226,0.1768163583717824,1.0,1.0,12,0,10.0
t5_star,1008,453,702227,0.1768163583717824,1.0,1.0,12,0,10.0
t5_star,1008,454,702228,0.1768163583717824,1.0,1.0,12,0,10.0
t5_star,1008,455,702229,0.1768163583717824,1.0,1.0,12,0,10.0
t5_star,1008,456,702230,0.1768163583717824,1.0,1.0,12,0,10.0
t5_star,1008,457,702231,0.1768163583717824,1.0,1.0,12,0,10.0
t5_star,1008,458,702232,0.1768163583717824,1.0,1.0,12,0,10.0
t5_star,1008,459,702233,0.1768163583717824,1.0,1.0,12,0,10.0
t5_star,1008,460,702234,0.1768163583717824,1.0,1.0,12,0,10.0
t5_star,1008,461,702235,0.1768163583717824,1.0,1.0,12,0,10.0
t5_star,1008,462,702236,0.1768163583717824,1.0,1.0,12,0,10.0
t5_star,1008,463,702237,0.1768163583717824,1.0,1.0,12,0,10.0
t5_star,1008,464,702238,0.1768163583717824,1.0,1.0,12,0,10.0
t5_star,1008,465,702239,0.1768163583717824,1.0,1.0,12,0,10.0
t5_star,1008,466,702240,0.1768163583717824,1.0,1.0,12,0,10.0
t5_star,1008,467,702241,0.1768163583717824,1.0,1.0,12,0,10.0
t5_star,1008,468,702242,0.1768163583717824,1.0,1.0,12,0,10.0
t5_star,1008,469,702243,0.1768163583717824,1.0,1.0,12,0,10.0
t5_star,1008,470,702244,0.1768163583717824,1.0,1.0,12,0,10.0
t5_star,1008,471,702245,0.1768163583717824,1.0,1.0,12,0,10.0
t5_star,1008,472,702246,0.1768163583717824,1.0,1.0,12,0,10.0
t5_star,1008,473,702247,0.1768163583717824,1.0,1.0,12,0,10.0
t5_star,1008,474,702248,0.1768163583717824,1.0,1.0,12,0,10.0
t5_star,1008,475,702249,0.1768163583717824,1.0,1.0,12,0,10.0
t5_star,1008,476,702250,0.1768163583717824,1.0,1.0,12,0,10.0
t5_star,1008,477,702251,0.1768163583717824,1.0,1.0,12,0,10.0
t5_star,1008,478,702252,0.1768163583717824,1.0,1.0,12,0,10.0
t5_star,1008,479,702253,0.1768163583717824,1.0,1.0,12,0,10.0
t5_star,1008,480,702254,0.1768163583717824,1.0,1.0,12,0,10.0
t5_star,1008,481,702255,0.1768163583717824,1.0,1.0,12,0,10.0
t5_star,1008,482,702256,0.1768163583717824,1.0,1.0,12,0,10.0
t5_star,1008,483,702257,0.1768163583717824,1.0,1.0,12,0,10.0
t5_star,1008,484,702258,0.1768163583717824,1.0,1.0,12,0,10.0
t5_star,1008,485,702259,0.1768163583717824,1.0,1.0,12,0,10.0
t5_star,1008,486,702260,0.1768163583717824,1.0,1.0,12,0,10.0
t5_star,1008,487,702261,0.1768163583717824,1.0,1.0,12,0,10.0
t5_star,1008,488,702262,0.1768163583717824,1.0,1.0,12,0,10.0
t5_star,1008,489,702263,0.1768163583717824,1.0,1.0,12,0,10.0
t5_star,1008,490,702264,0.1768163583717824,1.0,1.0,12,0,10.0
t5_star,1008,491,702265,0.1768163583717824,1.0,1.0,12,0,10.0
t5_star,1008,492,702266,0.1768163583717824,1.0,1.0,12,0,10.0
t5_star,1008,493,702267,0.1768163583717824,1.0,1.0,12,0,10.0
t5_star,1008,494,702268,0.1768163583717824,1.0,1.0,12,0,10.0
t5_star,1008,495,702269,0.1768163583717824,1.0,1.0,12,0,10.0
t5_star,1008,496,702270,0.1768163583717824,1.0,1.0,12,0,10.0
t5_star,1008,497,702271,0.1768163583717824,1.0,1.0,12,0,10.0
t5_star,1008,498,702272,0.1768163583717824,1.0,1.0,12,0,10.0
t5_star,1008,499,702273,0.1768163583717824,1.0,1.0,12,0,10.0
t5_star,4096,0,801774,0.08771477099621433,1.0,1.0,12,0,6.25
t5_star,4096,1,801775,0.08771477099621433,1.0,1.0,12,0,6.083333333333333
t5_star,4096,2,801776,0.08771477099621433,1.0,1.0,12,0,6.666666666666667
t5_star,4096,3,801777,0.08771477099621433,1.0,1.0,12,0,6.916666666666667
t5_star,4096,4,801778,0.08771477099621433,1.0,1.0,12,0,6.833333333333333
t5_star,4096,5,801779,0.08771477099621433,1.0,1.0,12,0,6.25
t5_star,4096,6,801780,0.08771477099621433,1.0,1.0,12,0,6.583333333333333
t5_star,4096,7,801781,0.08771477099621433,1.0,1.0,12,0,6.416666666666667
t5_star,4096,8,801782,0.08771477099621433,1.0,1.0,12,0,6.416666666666667
t5_star,4096,9,801783,0.08771477099621433,1.0,1.0,12,0,6.666666666666667
t5_star,4096,10,801784,0.08771477099621433,1.0,1.0,12,0,6.916666666666667
t5_star,4096,11,801785,0.08771477099621433,1.0,1.0,12,0,6.0
t5_star,4096,12,801786,0.08771477099621433,1.0,1.0,12,0,6.416666666666667
t5_star,4096,13,801787,0.08771477099621433,1.0,1.0,12,0,6.416666666666667
t5_star,4096,14,801788,0.08771477099621433,1.0,1.0,12,0,6.5
t5_star,4096,15,801789,0.08771477099621433,1.0,1.0,12,0,6.833333333333333
t5_star,4096,16,801790,0.08771477099621433,1.0,1.0,12,0,6.583333333333333
t5_star,4096,17,801791,0.08771477099621433,1.0,1.0,12,0,7.5
t5_star,4096,18,801792,0.08771477099621433,1.0,1.0,12,0,6.083333333333333
t5_star,4096,19,801793,0.08771477099621433,1.0,1.0,12,0,6.666666666666667
t5_star,4096,20,801794,0.08771477099621433,1.0,1.0,12,0,6.666666666666667
t5_star,4096,21,801795,0.08771477099621433,1.0,1.0,12,0,6.25
t5_star,4096,22,801796,0.08771477099621433,1.0,1.0,12,0,5.833333333333333
t5_star,4096,23,801797,0.08771477099621433,1.0,1.0,12,0,6.5
t5_star,4096,24,801798,0.08771477099621433,1.0,1.0,12,0,6.25
t5_star,4096,25,801799,0.08771477099621433,1.0,1.0,12,0,6.75
t5_star,4096,26,801800,0.08771477099621433,1.0,1.0,12,0,6.083333333333333
t5_star,4096,27,801801,0.08771477099621433,1.0,1.0,12,0,6.916666666666667
t5_star,4096,28,801802,0.08771477099621433,1.0,1.0,12,0,6.583333333333333
t5_star,4096,29,801803,0.08771477099621433,1.0,1.0,12,0,6.666666666666667
t5_star,4096,30,801804,0.08771477099621433,1.0,1.0,12,0,6.166666666666667
t5_star,4096,31,801805,0.08771477099621433,1.0,1.0,12,0,5.916666666666667
t5_star,4096,32,801806,0.08771477099621433,1.0,1.0,12,0,6.166666666666667
t5_star,4096,33,801807,0.08771477099621433,1.0,1.0,12,0,7.0
t5_star,4096,34,801808,0.08771477099621433,1.0,1.0,12,0,6.666666666666667
t5_star,4096,35,801809,0.08771477099621433,1.0,1.0,12,0,6.333333333333333
t5_star,4096,36,801810,0.08771477099621433,1.0,1.0,12,0,7.0
t5_star,4096,37,801811,0.08771477099621433,1.0,1.0,12,0,6.5
t5_star,4096,38,801812,0.08771477099621433,1.0,1.0,12,0,6.916666666666667
t5_star,4096,39,801813,0.08771477099621433,1.0,1.0,12,0,6.666666666666667
t5_star,4096,40,801814,0.08771477099621433,1.0,1.0,12,0,6.75
t5_star,4096,41,801815,0.08771477099621433,1.0,1.0,12,0,6.916666666666667
t5_star,4096,42,801816,0.08771477099621433,1.0,1.0,12,0,6.5
t5_star,4096,43,801817,0.08771477099621433,1.0,1.0,12,0,6.75
t5_star,4096,44,801818,0.08771477099621433,1.0,1.0,12,0,6.0
t5_star,4096,45,801819,0.08771477099621433,1.0,1.0,12,0,7.333333333333333
t5_star,4096,46,801820,0.08771477099621433,1.0,1.0,12,0,6.333333333333333
t5_star,4096,47,801821,0.08771477099621433,1.0,1.0,12,0,6.5
t5_star,4096,48,801822,0.08771477099621433,1.0,1.0,12,0,6.916666666666667
t5_star,4096,49,801823,0.08771477099621433,1.0,1.0,12,0,6.333333333333333
t5_star,4096,50,801824,0.08771477099621433,1.0,1.0,12,0,6.75
t5_star,4096,51,801825,0.08771477099621433,1.0,1.0,12,0,6.333333333333333
t5_star,4096,52,801826,0.08771477099621433,1.0,1.0,12,0,6.583333333333333
t5_star,4096,53,801827,0.08771477099621433,1.0,1.0,12,0,6.75
t5_star,4096,54,801828,0.08771477099621433,1.0,1.0,12,0,7.083333333333333
t5_star,4096,55,801829,0.08771477099621433,1.0,1.0,12,0,6.416666666666667
t5_star,4096,56,801830,0.08771477099621433,1.0,1.0,12,0,6.25
t5_star,4096,57,801831,0.08771477099621433,1.0,1.0,12,0,7.0
t5_star,4096,58,801832,0.08771477099621433,1.0,1.0,12,0,6.333333333333333
t5_star,4096,59,801833,0.08771477099621433,1.0,1.0,12,0,6.0
t5_star,4096,60,801834,0.08771477099621433,1.0,1.0,12,0,6.5
t5_star,4096,61,801835,0.08771477099621433,1.0,1.0,12,0,6.5
t5_star,4096,62,801836,0.08771477099621433,1.0,1.0,12,0,7.416666666666667
t5_star,4096,63,801837,0.08771477099621433,1.0,1.0,12,0,6.75
t5_star,4096,64,801838,0.08771477099621433,1.0,1.0,12,0,6.333333333333333
t5_star,4096,65,801839,0.08771477099621433,1.0,1.0,12,0,7.333333333333333
t5_star,4096,66,801840,0.08771477099621433,1.0,1.0,12,0,6.166666666666667
t5_star,4096,67,801841,0.08771477099621433,1.0,1.0,12,0,6.583333333333333
t5_star,4096,68,801842,0.08771477099621433,1.0,1.0,12,0,6.25
t5_star,4096,69,801843,0.08771477099621433,1.0,1.0,12,0,6.416666666666667
t5_star,4096,70,801844,0.08771477099621433,1.0,1.0,12,0,6.083333333333333
t5_star,4096,71,801845,0.08771477099621433,1.0,1.0,12,0,6.5
t5_star,4096,72,801846,0.08771477099621433,1.0,1.0,12,0,6.25
t5_star,4096,73,801847,0.08771477099621433,1.0,1.0,12,0,6.833333333333333
t5_star,4096,74,801848,0.08771477099621433,1.0,1.0,12,0,6.5
t5_star,4096,75,801849,0.08771477099621433,1.0,1.0,12,0,6.75
t5_star,4096,76,801850,0.08771477099621433,1.0,1.0,12,0,6.166666666666667
t5_star,4096,77,801851,0.08771477099621433,1.0,1.0,12,0,6.5
t5_star,4096,78,801852,0.08771477099621433,1.0,1.0,12,0,6.0
t5_star,4096,79,801853,0.08771477099621433,1.0,1.0,12,0,6.083333333333333
t5_star,4096,80,801854,0.08771477099621433,1.0,1.0,12,0,6.0
t5_star,4096,81,801855,0.08771477099621433,1.0,1.0,12,0,6.333333333333333
t5_star,4096,82,801856,0.08771477099621433,1.0,1.0,12,0,6.166666666666667
t5_star,4096,83,801857,0.08771477099621433,1.0,1.0,12,0,6.583333333333333
t5_star,4096,84,801858,0.08771477099621433,1.0,1.0,12,0,6.333333333333333
t5_star,4096,85,801859,0.08771477099621433,1.0,1.0,12,0,6.5
t5_star,4096,86,801860,0.08771477099621433,1.0,1.0,12,0,7.25
t5_star,4096,87,801861,0.08771477099621433,1.0,1.0,12,0,6.166666666666667
t5_star,4096,88,801862,0.08771477099621433,1.0,1.0,12,0,6.083333333333333
t5_star,4096,89,801863,0.08771477099621433,1.0,1.0,12,0,7.0
t5_star,4096,90,801864,0.08771477099621433,1.0,1.0,12,0,6.416666666666667
t5_star,4096,91,801865,0.08771477099621433,1.0,1.0,12,0,6.25
t5_star,4096,92,801866,0.08771477099621433,1.0,1.0,12,0,6.916666666666667
t5_star,4096,93,801867,0.08771477099621433,1.0,1.0,12,0,7.0
t5_star,4096,94,801868,0.08771477099621433,1.0,1.0,12,0,6.0
t5_star,4096,95,801869,0.08771477099621433,1.0,1.0,12,0,6.916666666666667
t5_star,4096,96,801870,0.08771477099621433,1.0,1.0,12,0,6.416666666666667
t5_star,4096,97,801871,0.08771477099621433,1.0,1.0,12,0,6.333333333333333
t5_star,4096,98,801872,0.08771477099621433,1.0,1.0,12,0,6.5
t5_star,4096,99,801873,0.08771477099621433,1.0,1.0,12,0,6.75
t5_star,4096,100,801874,0.08771477099621433,1.0,1.0,12,0,6.25
t5_star,4096,101,801875,0.08771477099621433,1.0,1.0,12,0,6.25
t5_star,4096,102,801876,0.08771477099621433,1.0,1.0,12,0,6.5
t5_star,4096,103,801877,0.08771477099621433,1.0,1.0,12,0,6.833333333333333
t5_star,4096,104,801878,0.08771477099621433,1.0,1.0,12,0,6.5
t5_star,4096,105,801879,0.08771477099621433,1.0,1.0,12,0,6.083333333333333
t5_star,4096,106,801880,0.08771477099621433,1.0,1.0,12,0,5.916666666666667
t5_star,4096,107,801881,0.08771477099621433,1.0,1.0,12,0,6.166666666666667
t5_star,4096,108,801882,0.08771477099621433,1.0,1.0,12,0,6.75
t5_star,4096,109,801883,0.08771477099621433,1.0,1.0,12,0,6.25
t5_star,4096,110,801884,0.08771477099621433,1.0,1.0,12,0,6.333333333333333
t5_star,4096,111,801885,0.08771477099621433,1.0,1.0,12,0,7.166666666666667
t5_star,4096,112,801886,0.08771477099621433,1.0,1.0,12,0,6.583333333333333
t5_star,4096,113,801887,0.08771477099621433,1.0,1.0,12,0,6.666666666666667
t5_star,4096,114,801888,0.08771477099621433,1.0,1.0,12,0,6.666666666666667
t5_star,4096,115,801889,0.08771477099621433,1.0,1.0,12,0,6.75
t5_star,4096,116,801890,0.08771477099621433,1.0,1.0,12,0,6.583333333333333
t5_star,4096,117,801891,0.08771477099621433,1.0,1.0,12,0,7.166666666666667
t5_star,4096,118,801892,0.08771477099621433,1.0,1.0,12,0,6.833333333333333
t5_star,4096,119,801893,0.08771477099621433,1.0,1.0,12,0,6.833333333333333
t5_star,4096,120,801894,0.08771477099621433,1.0,1.0,12,0,5.916666666666667
t5_star,4096,121,801895,0.08771477099621433,1.0,1.0,12,0,6.416666666666667
t5_star,4096,122,801896,0.08771477099621433,1.0,1.0,12,0,6.5
t5_star,4096,123,801897,0.08771477099621433,1.0,1.0,12,0,7.083333333333333
t5_star,4096,124,801898,0.08771477099621433,1.0,1.0,12,0,6.333333333333333
t5_star,4096,125,801899,0.08771477099621433,1.0,1.0,12,0,6.333333333333333
t5_star,4096,126,801900,0.08771477099621433,1.0,1.0,12,0,6.5
t5_star,4096,127,801901,0.08771477099621433,1.0,1.0,12,0,6.166666666666667
t5_star,4096,128,801902,0.08771477099621433,1.0,1.0,12,0,6.416666666666667
t5_star,4096,129,801903,0.08771477099621433,1.0,1.0,12,0,6.666666666666667
t5_star,4096,130,801904,0.08771477099621433,1.0,1.0,12,0,6.333333333333333
t5_star,4096,131,801905,0.08771477099621433,1.0,1.0,12,0,6.333333333333333
t5_star,4096,132,801906,0.08771477099621433,1.0,1.0,12,0,7.166666666666667
t5_star,4096,133,801907,0.08771477099621433,1.0,1.0,12,0,6.25
t5_star,4096,134,801908,0.08771477099621433,1.0,1.0,12,0,6.5
t5_star,4096,135,801909,0.08771477099621433,1.0,1.0,12,0,6.5
t5_star,4096,136,801910,0.08771477099621433,1.0,1.0,12,0,6.833333333333333
t5_star,4096,137,801911,0.08771477099621433,1.0,1.0,12,0,6.75
t5_star,4096,138,801912,0.08771477099621433,1.0,1.0,12,0,6.5
t5_star,4096,139,801913,0.08771477099621433,1.0,1.0,12,0,5.416666666666667
t5_star,4096,140,801914,0.08771477099621433,1.0,1.0,12,0,6.25
t5_star,4096,141,801915,0.08771477099621433,1.0,1.0,12,0,6.416666666666667
t5_star,4096,142,801916,0.08771477099621433,1.0,1.0,12,0,6.5
t5_star,4096,143,801917,0.08771477099621433,1.0,1.0,12,0,6.833333333333333
t5_star,4096,144,801918,0.08771477099621433,1.0,1.0,12,0,6.583333333333333
t5_star,4096,145,801919,0.08771477099621433,1.0,1.0,12,0,6.5
t5_star,4096,146,801920,0.08771477099621433,1.0,1.0,12,0,6.416666666666667
t5_star,4096,147,801921,0.08771477099621433,1.0,1.0,12,0,6.666666666666667
t5_star,4096,148,801922,0.08771477099621433,1.0,1.0,12,0,7.083333333333333
t5_star,4096,149,801923,0.08771477099621433,1.0,1.0,12,0,6.666666666666667
t5_star,4096,150,801924,0.08771477099621433,1.0,1.0,12,0,6.166666666666667
t5_star,4096,151,801925,0.08771477099621433,1.0,1.0,12,0,6.5
t5_star,4096,152,801926,0.08771477099621433,1.0,1.0,12,0,6.916666666666667
t5_star,4096,153,801927,0.08771477099621433,1.0,1.0,12,0,6.0
t5_star,4096,154,801928,0.08771477099621433,1.0,1.0,12,0,6.666666666666667
t5_star,4096,155,801929,0.08771477099621433,1.0,1.0,12,0,6.916666666666667
t5_star,4096,156,801930,0.08771477099621433,1.0,1.0,12,0,6.083333333333333
t5_star,4096,157,801931,0.08771477099621433,1.0,1.0,12,0,6.583333333333333
t5_star,4096,158,801932,0.08771477099621433,1.0,1.0,12,0,6.666666666666667
t5_star,4096,159,801933,0.08771477099621433,1.0,1.0,12,0,6.666666666666667
t5_star,4096,160,801934,0.08771477099621433,1.0,1.0,12,0,5.583333333333333
t5_star,4096,161,801935,0.08771477099621433,1.0,1.0,12,0,6.833333333333333
t5_star,4096,162,801936,0.08771477099621433,1.0,1.0,12,0,6.583333333333333
t5_star,4096,163,801937,0.08771477099621433,1.0,1.0,12,0,6.75
t5_star,4096,164,801938,0.08771477099621433,1.0,1.0,12,0,6.833333333333333
t5_star,4096,165,801939,0.08771477099621433,1.0,1.0,12,0,6.916666666666667
t5_star,4096,166,801940,0.08771477099621433,1.0,1.0,12,0,6.25
t5_star,4096,167,801941,0.08771477099621433,1.0,1.0,12,0,6.0
t5_star,4096,168,801942,0.08771477099621433,1.0,1.0,12,0,7.333333333333333
t5_star,4096,169,801943,0.08771477099621433,1.0,1.0,12,0,6.166666666666667
t5_star,4096,170,801944,0.08771477099621433,1.0,1.0,12,0,6.0
t5_star,4096,171,801945,0.08771477099621433,1.0,1.0,12,0,6.416666666666667
t5_star,4096,172,801946,0.08771477099621433,1.0,1.0,12,0,6.75
t5_star,4096,173,801947,0.08771477099621433,1.0,1.0,12,0,6.75
t5_star,4096,174,801948,0.08771477099621433,1.0,1.0,12,0,6.333333333333333
t5_star,4096,175,801949,0.08771477099621433,1.0,1.0,12,0,6.083333333333333
t5_star,4096,176,801950,0.08771477099621433,1.0,1.0,12,0,6.333333333333333
t5_star,4096,177,801951,0.08771477099621433,1.0,1.0,12,0,6.083333333333333
t5_star,4096,178,801952,0.08771477099621433,1.0,1.0,12,0,6.833333333333333
t5_star,4096,179,801953,0.08771477099621433,1.0,1.0,12,0,6.333333333333333
t5_star,4096,180,801954,0.08771477099621433,1.0,1.0,12,0,6.75
t5_star,4096,181,801955,0.08771477099621433,1.0,1.0,12,0,6.166666666666667
t5_star,4096,182,801956,0.08771477099621433,1.0,1.0,12,0,6.833333333333333
t5_star,4096,183,801957,0.08771477099621433,1.0,1.0,12,0,6.416666666666667
t5_star,4096,184,801958,0.08771477099621433,1.0,1.0,12,0,6.833333333333333
t5_star,4096,185,801959,0.08771477099621433,1.0,1.0,12,0,6.833333333333333
t5_star,4096,186,801960,0.08771477099621433,1.0,1.0,12,0,7.083333333333333
t5_star,4096,187,801961,0.08771477099621433,1.0,1.0,12,0,6.416666666666667
t5_star,4096,188,801962,0.08771477099621433,1.0,1.0,12,0,6.25
t5_star,4096,189,801963,0.08771477099621433,1.0,1.0,12,0,6.416666666666667
t5_star,4096,190,801964,0.08771477099621433,1.0,1.0,12,0,6.583333333333333
t5_star,4096,191,801965,0.08771477099621433,1.0,1.0,12,0,6.166666666666667
t5_star,4096,192,801966,0.08771477099621433,1.0,1.0,12,0,6.333333333333333
t5_star,4096,193,801967,0.08771477099621433,1.0,1.0,12,0,6.333333333333333
t5_star,4096,194,801968,0.08771477099621433,1.0,1.0,12,0,6.583333333333333
t5_star,4096,195,801969,0.08771477099621433,1.0,1.0,12,0,6.5
t5_star,4096,196,801970,0.08771477099621433,1.0,1.0,12,0,6.25
t5_star,4096,197,801971,0.08771477099621433,1.0,1.0,12,0,6.666666666666667
t5_star,4096,198,801972,0.08771477099621433,1.0,1.0,12,0,6.416666666666667
t5_star,4096,199,801973,0.08771477099621433,1.0,1.0,12,0,5.583333333333333
t5_star,4096,200,801974,0.08771477099621433,1.0,1.0,12,0,6.75
t5_star,4096,201,801975,0.08771477099621433,1.0,1.0,12,0,6.333333333333333
t5_star,4096,202,801976,0.08771477099621433,1.0,1.0,12,0,6.666666666666667
t5_star,4096,203,801977,0.08771477099621433,1.0,1.0,12,0,6.083333333333333
t5_star,4096,204,801978,0.08771477099621433,1.0,1.0,12,0,6.833333333333333
t5_star,4096,205,801979,0.08771477099621433,1.0,1.0,12,0,6.583333333333333
t5_star,4096,206,801980,0.08771477099621433,1.0,1.0,12,0,5.416666666666667
t5_star,4096,207,801981,0.08771477099621433,1.0,1.0,12,0,6.416666666666667
t5_star,4096,208,801982,0.08771477099621433,1.0,1.0,12,0,6.416666666666667
t5_star,4096,209,801983,0.08771477099621433,1.0,1.0,12,0,6.666666666666667
t5_star,4096,210,801984,0.08771477099621433,1.0,1.0,12,0,5.333333333333333
t5_star,4096,211,801985,0.08771477099621433,1.0,1.0,12,0,6.333333333333333
t5_star,4096,212,801986,0.08771477099621433,1.0,1.0,12,0,6.583333333333333
t5_star,4096,213,801987,0.08771477099621433,1.0,1.0,12,0,5.916666666666667
t5_star,4096,214,801988,0.08771477099621433,1.0,1.0,12,0,6.25
t5_star,4096,215,801989,0.08771477099621433,1.0,1.0,12,0,7.083333333333333
t5_star,4096,216,801990,0.08771477099621433,1.0,1.0,12,0,6.916666666666667
t5_star,4096,217,801991,0.08771477099621433,1.0,1.0,12,0,7.083333333333333
t5_star,4096,218,801992,0.08771477099621433,1.0,1.0,12,0,6.333333333333333
t5_star,4096,219,801993,0.08771477099621433,1.0,1.0,12,0,6.833333333333333
t5_star,4096,220,801994,0.08771477099621433,1.0,1.0,12,0,6.166666666666667
t5_star,4096,221,801995,0.08771477099621433,1.0,1.0,12,0,6.833333333333333
t5_star,4096,222,801996,0.08771477099621433,1.0,1.0,12,0,6.166666666666667
t5_star,4096,223,801997,0.08771477099621433,1.0,1.0,12,0,6.083333333333333
t5_star,4096,224,801998,0.08771477099621433,1.0,1.0,12,0,6.916666666666667
t5_star,4096,225,801999,0.08771477099621433,1.0,1.0,12,0,6.5
t5_star,4096,226,802000,0.08771477099621433,1.0,1.0,12,0,6.583333333333333
t5_star,4096,227,802001,0.08771477099621433,1.0,1.0,12,0,6.916666666666667
t5_star,4096,228,802002,0.08771477099621433,1.0,1.0,12,0,5.583333333333333
t5_star,4096,229,802003,0.08771477099621433,1.0,1.0,12,0,6.666666666666667
t5_star,4096,230,802004,0.08771477099621433,1.0,1.0,12,0,6.5
t5_star,4096,231,802005,0.08771477099621433,1.0,1.0,12,0,6.083333333333333
t5_star,4096,232,802006,0.08771477099621433,1.0,1.0,12,0,6.583333333333333
t5_star,4096,233,802007,0.08771477099621433,1.0,1.0,12,0,6.5
t5_star,4096,234,802008,0.08771477099621433,1.0,1.0,12,0,6.75
t5_star,4096,235,802009,0.08771477099621433,1.0,1.0,12,0,6.833333333333333
t5_star,4096,236,802010,0.08771477099621433,1.0,1.0,12,0,6.916666666666667
t5_star,4096,237,802011,0.08771477099621433,1.0,1.0,12,0,6.166666666666667
t5_star,4096,238,802012,0.08771477099621433,1.0,1.0,12,0,6.583333333333333
t5_star,4096,239,802013,0.08771477099621433,1.0,1.0,12,0,7.083333333333333
t5_star,4096,240,802014,0.08771477099621433,1.0,1.0,12,0,6.333333333333333
t5_star,4096,241,802015,0.08771477099621433,1.0,1.0,12,0,6.166666666666667
t5_star,4096,242,802016,0.08771477099621433,1.0,1.0,12,0,6.583333333333333
t5_star,4096,243,802017,0.08771477099621433,1.0,1.0,12,0,5.666666666666667
t5_star,4096,244,802018,0.08771477099621433,1.0,1.0,12,0,6.0
t5_star,4096,245,802019,0.08771477099621433,1.0,1.0,12,0,6.75
t5_star,4096,246,802020,0.08771477099621433,1.0,1.0,12,0,6.5
t5_star,4096,247,802021,0.08771477099621433,1.0,1.0,12,0,6.333333333333333
t5_star,4096,248,802022,0.08771477099621433,1.0,1.0,12,0,6.25
t5_star,4096,249,802023,0.08771477099621433,1.0,1.0,12,0,6.666666666666667
t5_star,4096,250,802024,0.08771477099621433,1.0,1.0,12,0,6.416666666666667
t5_star,4096,251,802025,0.08771477099621433,1.0,1.0,12,0,6.666666666666667
t5_star,4096,252,802026,0.08771477099621433,1.0,1.0,12,0,6.666666666666667
t5_star,4096,253,802027,0.08771477099621433,1.0,1.0,12,0,6.25
t5_star,4096,254,802028,0.08771477099621433,1.0,1.0,12,0,6.166666666666667
t5_star,4096,255,802029,0.08771477099621433,1.0,1.0,12,0,6.5
t5_star,4096,256,802030,0.08771477099621433,1.0,1.0,12,0,7.083333333333333
t5_star,4096,257,802031,0.08771477099621433,1.0,1.0,12,0,6.416666666666667
t5_star,4096,258,802032,0.08771477099621433,1.0,1.0,12,0,5.916666666666667
t5_star,4096,259,802033,0.08771477099621433,1.0,1.0,12,0,6.75
t5_star,4096,260,802034,0.08771477099621433,1.0,1.0,12,0,6.666666666666667
t5_star,4096,261,802035,0.08771477099621433,1.0,1.0,12,0,6.833333333333333
t5_star,4096,262,802036,0.08771477099621433,1.0,1.0,12,0,6.916666666666667
t5_star,4096,263,802037,0.08771477099621433,1.0,1.0,12,0,6.666666666666667
t5_star,4096,264,802038,0.08771477099621433,1.0,1.0,12,0,7.0
t5_star,4096,265,802039,0.08771477099621433,1.0,1.0,12,0,6.833333333333333
t5_star,4096,266,802040,0.08771477099621433,1.0,1.0,12,0,6.25
t5_star,4096,267,802041,0.08771477099621433,1.0,1.0,12,0,5.833333333333333
t5_star,4096,268,802042,0.08771477099621433,1.0,1.0,12,0,6.666666666666667
t5_star,4096,269,802043,0.08771477099621433,1.0,1.0,12,0,6.916666666666667
t5_star,4096,270,802044,0.08771477099621433,1.0,1.0,12,0,6.833333333333333
t5_star,4096,271,802045,0.08771477099621433,1.0,1.0,12,0,6.75
t5_star,4096,272,802046,0.08771477099621433,1.0,1.0,12,0,6.0
t5_star,4096,273,802047,0.08771477099621433,1.0,1.0,12,0,7.0
t5_star,4096,274,802048,0.08771477099621433,1.0,1.0,12,0,6.166666666666667
t5_star,4096,275,802049,0.08771477099621433,1.0,1.0,12,0,6.75
t5_star,4096,276,802050,0.08771477099621433,1.0,1.0,12,0,6.666666666666667
t5_star,4096,277,802051,0.08771477099621433,1.0,1.0,12,0,6.0
t5_star,4096,278,802052,0.08771477099621433,1.0,1.0,12,0,6.583333333333333
t5_star,4096,279,802053,0.08771477099621433,1.0,1.0,12,0,6.416666666666667
t5_star,4096,280,802054,0.08771477099621433,1.0,1.0,12,0,6.666666666666667
t5_star,4096,281,802055,0.08771477099621433,1.0,1.0,12,0,6.333333333333333
t5_star,4096,282,802056,0.08771477099621433,1.0,1.0,12,0,6.916666666666667
t5_star,4096,283,802057,0.08771477099621433,1.0,1.0,12,0,6.5
t5_star,4096,284,802058,0.08771477099621433,1.0,1.0,12,0,7.083333333333333
t5_star,4096,285,802059,0.08771477099621433,1.0,1.0,12,0,7.166666666666667
t5_star,4096,286,802060,0.08771477099621433,1.0,1.0,12,0,7.083333333333333
t5_star,4096,287,802061,0.08771477099621433,1.0,1.0,12,0,6.416666666666667
t5_star,4096,288,802062,0.08771477099621433,1.0,1.0,12,0,6.083333333333333
t5_star,4096,289,802063,0.08771477099621433,1.0,1.0,12,0,6.75
t5_star,4096,290,802064,0.08771477099621433,1.0,1.0,12,0,6.833333333333333
t5_star,4096,291,802065,0.08771477099621433,1.0,1.0,12,0,6.666666666666667
t5_star,4096,292,802066,0.08771477099621433,1.0,1.0,12,0,6.166666666666667
t5_star,4096,293,802067,0.08771477099621433,1.0,1.0,12,0,6.666666666666667
t5_star,4096,294,802068,0.08771477099621433,1.0,1.0,12,0,6.166666666666667
t5_star,4096,295,802069,0.08771477099621433,1.0,1.0,12,0,6.5
t5_star,4096,296,802070,0.08771477099621433,1.0,1.0,11,0,6.0
t5_star,4096,297,802071,0.08771477099621433,1.0,1.0,12,0,6.333333333333333
t5_star,4096,298,802072,0.08771477099621433,1.0,1.0,12,0,6.666666666666667
t5_star,4096,299,802073,0.08771477099621433,1.0,1.0,12,0,6.083333333333333
t5_star,4096,300,802074,0.08771477099621433,1.0,1.0,12,0,6.583333333333333
t5_star,4096,301,802075,0.08771477099621433,1.0,1.0,12,0,6.583333333333333
t5_star,4096,302,802076,0.08771477099621433,1.0,1.0,12,0,6.75
t5_star,4096,303,802077,0.08771477099621433,1.0,1.0,12,0,6.583333333333333
t5_star,4096,304,802078,0.08771477099621433,1.0,1.0,12,0,6.666666666666667
t5_star,4096,305,802079,0.08771477099621433,1.0,1.0,12,0,6.083333333333333
t5_star,4096,306,802080,0.08771477099621433,1.0,1.0,12,0,6.75
t5_star,4096,307,802081,0.08771477099621433,1.0,1.0,12,0,6.25
t5_star,4096,308,802082,0.08771477099621433,1.0,1.0,12,0,6.416666666666667
t5_star,4096,309,802083,0.08771477099621433,1.0,1.0,12,0,6.166666666666667
t5_star,4096,310,802084,0.08771477099621433,1.0,1.0,12,0,6.833333333333333
t5_star,4096,311,802085,0.08771477099621433,1.0,1.0,12,0,6.333333333333333
t5_star,4096,312,802086,0.08771477099621433,1.0,1.0,12,0,7.166666666666667
t5_star,4096,313,802087,0.08771477099621433,1.0,1.0,12,0,6.75
t5_star,4096,314,802088,0.08771477099621433,1.0,1.0,12,0,6.083333333333333
t5_star,4096,315,802089,0.08771477099621433,1.0,1.0,12,0,7.25
t5_star,4096,316,802090,0.08771477099621433,1.0,1.0,12,0,6.0
t5_star,4096,317,802091,0.08771477099621433,1.0,1.0,12,0,6.166666666666667
t5_star,4096,318,802092,0.08771477099621433,1.0,1.0,12,0,6.333333333333333
t5_star,4096,319,802093,0.08771477099621433,1.0,1.0,12,0,6.25
t5_star,4096,320,802094,0.08771477099621433,1.0,1.0,12,0,6.166666666666667
t5_star,4096,321,802095,0.08771477099621433,1.0,1.0,12,0,6.416666666666667
t5_star,4096,322,802096,0.08771477099621433,1.0,1.0,12,0,6.75
t5_star,4096,323,802097,0.08771477099621433,1.0,1.0,12,0,6.333333333333333
t5_star,4096,324,802098,0.08771477099621433,1.0,1.0,12,0,6.416666666666667
t5_star,4096,325,802099,0.08771477099621433,1.0,1.0,12,0,6.083333333333333
t5_star,4096,326,802100,0.08771477099621433,1.0,1.0,12,0,6.666666666666667
t5_star,4096,327,802101,0.08771477099621433,1.0,1.0,12,0,6.75
t5_star,4096,328,802102,0.08771477099621433,1.0,1.0,12,0,6.25
t5_star,4096,329,802103,0.08771477099621433,1.0,1.0,12,0,6.583333333333333
t5_star,4096,330,802104,0.08771477099621433,1.0,1.0,12,0,6.583333333333333
t5_star,4096,331,802105,0.08771477099621433,1.0,1.0,12,0,6.833333333333333
t5_star,4096,332,802106,0.08771477099621433,1.0,1.0,12,0,6.833333333333333
t5_star,4096,333,802107,0.08771477099621433,1.0,1.0,12,0,5.916666666666667
t5_star,4096,334,802108,0.08771477099621433,1.0,1.0,12,0,6.916666666666667
t5_star,4096,335,802109,0.08771477099621433,1.0,1.0,12,0,6.583333333333333
t5_star,4096,336,802110,0.08771477099621433,1.0,1.0,12,0,6.416666666666667
t5_star,4096,337,802111,0.08771477099621433,1.0,1.0,12,0,6.5
t5_star,4096,338,802112,0.08771477099621433,1.0,1.0,12,0,6.916666666666667
t5_star,4096,339,802113,0.08771477099621433,1.0,1.0,12,0,6.166666666666667
t5_star,4096,340,802114,0.08771477099621433,1.0,1.0,12,0,6.75
t5_star,4096,341,802115,0.08771477099621433,1.0,1.0,12,0,6.25
t5_star,4096,342,802116,0.08771477099621433,1.0,1.0,12,0,6.5
t5_star,4096,343,802117,0.08771477099621433,1.0,1.0,12,0,6.833333333333333
t5_star,4096,344,802118,0.08771477099621433,1.0,1.0,12,0,6.583333333333333
t5_star,4096,345,802119,0.08771477099621433,1.0,1.0,12,0,6.416666666666667
t5_star,4096,346,802120,0.08771477099621433,1.0,1.0,12,0,6.833333333333333
t5_star,4096,347,802121,0.08771477099621433,1.0,1.0,12,0,6.25
t5_star,4096,348,802122,0.08771477099621433,1.0,1.0,12,0,5.916666666666667
t5_star,4096,349,802123,0.08771477099621433,1.0,1.0,12,0,6.916666666666667
t5_star,4096,350,802124,0.08771477099621433,1.0,1.0,12,0,6.833333333333333
t5_star,4096,351,802125,0.08771477099621433,1.0,1.0,12,0,6.25
t5_star,4096,352,802126,0.08771477099621433,1.0,1.0,12,0,6.333333333333333
t5_star,4096,353,802127,0.08771477099621433,1.0,1.0,12,0,6.416666666666667
t5_star,4096,354,802128,0.08771477099621433,1.0,1.0,12,0,6.083333333333333
t5_star,4096,355,802129,0.08771477099621433,1.0,1.0,12,0,6.416666666666667
t5_star,4096,356,802130,0.08771477099621433,1.0,1.0,12,0,5.666666666666667
t5_star,4096,357,802131,0.08771477099621433,1.0,1.0,12,0,6.333333333333333
t5_star,4096,358,802132,0.08771477099621433,1.0,1.0,12,0,6.833333333333333
t5_star,4096,359,802133,0.08771477099621433,1.0,1.0,12,0,6.916666666666667
t5_star,4096,360,802134,0.08771477099621433,1.0,1.0,12,0,6.25
t5_star,4096,361,802135,0.08771477099621433,1.0,1.0,12,0,6.75
t5_star,4096,362,802136,0.08771477099621433,1.0,1.0,12,0,6.75
t5_star,4096,363,802137,0.08771477099621433,1.0,1.0,12,0,7.0
t5_star,4096,364,802138,0.08771477099621433,1.0,1.0,12,0,6.666666666666667
t5_star,4096,365,802139,0.08771477099621433,1.0,1.0,12,0,6.916666666666667
t5_star,4096,366,802140,0.08771477099621433,1.0,1.0,12,0,6.666666666666667
t5_star,4096,367,802141,0.08771477099621433,1.0,1.0,12,0,6.583333333333333
t5_star,4096,368,802142,0.08771477099621433,1.0,1.0,12,0,6.833333333333333
t5_star,4096,369,802143,0.08771477099621433,1.0,1.0,12,0,5.833333333333333
t5_star,4096,370,802144,0.08771477099621433,1.0,1.0,12,0,6.583333333333333
t5_star,4096,371,802145,0.08771477099621433,1.0,1.0,12,0,6.666666666666667
t5_star,4096,372,802146,0.08771477099621433,1.0,1.0,12,0,6.416666666666667
t5_star,4096,373,802147,0.08771477099621433,1.0,1.0,12,0,6.25
t5_star,4096,374,802148,0.08771477099621433,1.0,1.0,12,0,7.0
t5_star,4096,375,802149,0.08771477099621433,1.0,1.0,12,0,6.5
t5_star,4096,376,802150,0.08771477099621433,1.0,1.0,12,0,6.166666666666667
t5_star,4096,377,802151,0.08771477099621433,1.0,1.0,12,0,6.666666666666667
t5_star,4096,378,802152,0.08771477099621433,1.0,1.0,12,0,7.0
t5_star,4096,379,802153,0.08771477099621433,1.0,1.0,12,0,6.5
t5_star,4096,380,802154,0.08771477099621433,1.0,1.0,12,0,6.416666666666667
t5_star,4096,381,802155,0.08771477099621433,1.0,1.0,12,0,6.583333333333333
t5_star,4096,382,802156,0.08771477099621433,1.0,1.0,12,0,6.166666666666667
t5_star,4096,383,802157,0.08771477099621433,1.0,1.0,12,0,6.75
t5_star,4096,384,802158,0.08771477099621433,1.0,1.0,12,0,6.916666666666667
t5_star,4096,385,802159,0.08771477099621433,1.0,1.0,12,0,6.833333333333333
t5_star,4096,386,802160,0.08771477099621433,1.0,1.0,12,0,6.5
t5_star,4096,387,802161,0.08771477099621433,1.0,1.0,12,0,6.0
t5_star,4096,388,802162,0.08771477099621433,1.0,1.0,12,0,6.666666666666667
t5_star,4096,389,802163,0.08771477099621433,1.0,1.0,12,0,6.333333333333333
t5_star,4096,390,802164,0.08771477099621433,1.0,1.0,12,0,6.416666666666667
t5_star,4096,391,802165,0.08771477099621433,1.0,1.0,12,0,6.333333333333333
t5_star,4096,392,802166,0.08771477099621433,1.0,1.0,12,0,6.666666666666667
t5_star,4096,393,802167,0.08771477099621433,1.0,1.0,12,0,6.166666666666667
t5_star,4096,394,802168,0.08771477099621433,1.0,1.0,12,0,6.166666666666667
t5_star,4096,395,802169,0.08771477099621433,1.0,1.0,12,0,6.333333333333333
t5_star,4096,396,802170,0.08771477099621433,1.0,1.0,12,0,6.166666666666667
t5_star,4096,397,802171,0.08771477099621433,1.0,1.0,12,0,6.333333333333333
t5_star,4096,398,802172,0.08771477099621433,1.0,1.0,12,0,6.833333333333333
t5_star,4096,399,802173,0.08771477099621433,1.0,1.0,12,0,6.166666666666667
t5_star,4096,400,802174,0.08771477099621433,1.0,1.0,12,0,6.333333333333333
t5_star,4096,401,802175,0.08771477099621433,1.0,1.0,12,0,6.5
t5_star,4096,402,802176,0.08771477099621433,1.0,1.0,12,0,6.25
t5_star,4096,403,802177,0.08771477099621433,1.0,1.0,12,0,6.666666666666667
t5_star,4096,404,802178,0.08771477099621433,1.0,1.0,12,0,6.916666666666667
t5_star,4096,405,802179,0.08771477099621433,1.0,1.0,12,0,6.083333333333333
t5_star,4096,406,802180,0.08771477099621433,1.0,1.0,12,0,6.833333333333333
t5_star,4096,407,802181,0.08771477099621433,1.0,1.0,12,0,6.25
t5_star,4096,408,802182,0.08771477099621433,1.0,1.0,12,0,6.666666666666667
t5_star,4096,409,802183,0.08771477099621433,1.0,1.0,12,0,6.0
t5_star,4096,410,802184,0.08771477099621433,1.0,1.0,12,0,6.333333333333333
t5_star,4096,411,802185,0.08771477099621433,1.0,1.0,12,0,6.583333333333333
t5_star,4096,412,802186,0.08771477099621433,1.0,1.0,12,0,7.0
t5_star,4096,413,802187,0.08771477099621433,1.0,1.0,12,0,6.416666666666667
t5_star,4096,414,802188,0.08771477099621433,1.0,1.0,12,0,6.833333333333333
t5_star,4096,415,802189,0.08771477099621433,1.0,1.0,12,0,6.666666666666667
t5_star,4096,416,802190,0.08771477099621433,1.0,1.0,12,0,6.166666666666667
t5_star,4096,417,802191,0.08771477099621433,1.0,1.0,12,0,6.416666666666667
t5_star,4096,418,802192,0.08771477099621433,1.0,1.0,12,0,7.833333333333333
t5_star,4096,419,802193,0.08771477099621433,1.0,1.0,12,0,6.25
t5_star,4096,420,802194,0.08771477099621433,1.0,1.0,12,0,6.75
t5_star,4096,421,802195,0.08771477099621433,1.0,1.0,12,0,6.166666666666667
t5_star,4096,422,802196,0.08771477099621433,1.0,1.0,12,0,6.25
t5_star,4096,423,802197,0.08771477099621433,1.0,1.0,12,0,6.25
t5_star,4096,424,802198,0.08771477099621433,1.0,1.0,12,0,6.166666666666667
t5_star,4096,425,802199,0.08771477099621433,1.0,1.0,12,0,6.583333333333333
t5_star,4096,426,802200,0.08771477099621433,1.0,1.0,12,0,6.416666666666667
t5_star,4096,427,802201,0.08771477099621433,1.0,1.0,12,0,6.083333333333333
t5_star,4096,428,802202,0.08771477099621433,1.0,1.0,12,0,6.333333333333333
t5_star,4096,429,802203,0.08771477099621433,1.0,1.0,12,0,6.75
t5_star,4096,430,802204,0.08771477099621433,1.0,1.0,12,0,6.666666666666667
t5_star,4096,431,802205,0.08771477099621433,1.0,1.0,12,0,6.666666666666667
t5_star,4096,432,802206,0.08771477099621433,1.0,1.0,12,0,6.583333333333333
t5_star,4096,433,802207,0.08771477099621433,1.0,1.0,12,0,6.666666666666667
t5_star,4096,434,802208,0.08771477099621433,1.0,1.0,12,0,6.916666666666667
t5_star,4096,435,802209,0.08771477099621433,1.0,1.0,12,0,6.166666666666667
t5_star,4096,436,802210,0.08771477099621433,1.0,1.0,12,0,6.166666666666667
t5_star,4096,437,802211,0.08771477099621433,1.0,1.0,12,0,6.333333333333333
t5_star,4096,438,802212,0.08771477099621433,1.0,1.0,12,0,6.5
t5_star,4096,439,802213,0.08771477099621433,1.0,1.0,12,0,6.416666666666667
t5_star,4096,440,802214,0.08771477099621433,1.0,1.0,12,0,6.833333333333333
t5_star,4096,441,802215,0.08771477099621433,1.0,1.0,12,0,7.0
t5_star,4096,442,802216,0.08771477099621433,1.0,1.0,12,0,6.583333333333333
t5_star,4096,443,802217,0.08771477099621433,1.0,1.0,12,0,5.916666666666667
t5_star,4096,444,802218,0.08771477099621433,1.0,1.0,12,0,6.583333333333333
t5_star,4096,445,802219,0.08771477099621433,1.0,1.0,12,0,6.666666666666667
t5_star,4096,446,802220,0.08771477099621433,1.0,1.0,12,0,6.333333333333333
t5_star,4096,447,802221,0.08771477099621433,1.0,1.0,12,0,6.166666666666667
t5_star,4096,448,802222,0.08771477099621433,1.0,1.0,12,0,6.25
t5_star,4096,449,802223,0.08771477099621433,1.0,1.0,12,0,6.75
t5_star,4096,450,802224,0.08771477099621433,1.0,1.0,12,0,6.25
t5_star,4096,451,802225,0.08771477099621433,1.0,1.0,12,0,6.583333333333333
t5_star,4096,452,802226,0.08771477099621433,1.0,1.0,12,0,7.083333333333333
t5_star,4096,453,802227,0.08771477099621433,1.0,1.0,12,0,6.416666666666667
t5_star,4096,454,802228,0.08771477099621433,1.0,1.0,12,0,6.166666666666667
t5_star,4096,455,802229,0.08771477099621433,1.0,1.0,12,0,6.416666666666667
t5_star,4096,456,802230,0.08771477099621433,1.0,1.0,12,0,6.25
t5_star,4096,457,802231,0.08771477099621433,1.0,1.0,12,0,6.916666666666667
t5_star,4096,458,802232,0.08771477099621433,1.0,1.0,12,0,6.666666666666667
t5_star,4096,459,802233,0.08771477099621433,1.0,1.0,12,0,6.083333333333333
t5_star,4096,460,802234,0.08771477099621433,1.0,1.0,12,0,6.5
t5_star,4096,461,802235,0.08771477099621433,1.0,1.0,12,0,7.0
t5_star,4096,462,802236,0.08771477099621433,1.0,1.0,12,0,6.916666666666667
t5_star,4096,463,802237,0.08771477099621433,1.0,1.0,12,0,6.5
t5_star,4096,464,802238,0.08771477099621433,1.0,1.0,12,0,6.083333333333333
t5_star,4096,465,802239,0.08771477099621433,1.0,1.0,12,0,6.583333333333333
t5_star,4096,466,802240,0.08771477099621433,1.0,1.0,12,0,5.833333333333333
t5_star,4096,467,802241,0.08771477099621433,1.0,1.0,12,0,6.0
t5_star,4096,468,802242,0.08771477099621433,1.0,1.0,12,0,6.416666666666667
t5_star,4096,469,802243,0.08771477099621433,1.0,1.0,12,0,6.416666666666667
t5_star,4096,470,802244,0.08771477099621433,1.0,1.0,12,0,6.666666666666667
t5_star,4096,471,802245,0.08771477099621433,1.0,1.0,12,0,6.25
t5_star,4096,472,802246,0.08771477099621433,1.0,1.0,12,0,6.416666666666667
t5_star,4096,473,802247,0.08771477099621433,1.0,1.0,12,0,6.416666666666667
t5_star,4096,474,802248,0.08771477099621433,1.0,1.0,12,0,6.0
t5_star,4096,475,802249,0.08771477099621433,1.0,1.0,12,0,6.5
t5_star,4096,476,802250,0.08771477099621433,1.0,1.0,12,0,6.166666666666667
t5_star,4096,477,802251,0.08771477099621433,1.0,1.0,12,0,6.5
t5_star,4096,478,802252,0.08771477099621433,1.0,1.0,12,0,6.833333333333333
t5_star,4096,479,802253,0.08771477099621433,1.0,1.0,12,0,6.5
t5_star,4096,480,802254,0.08771477099621433,1.0,1.0,12,0,6.083333333333333
t5_star,4096,481,802255,0.08771477099621433,1.0,1.0,12,0,7.083333333333333
t5_star,4096,482,802256,0.08771477099621433,1.0,1.0,12,0,6.416666666666667
t5_star,4096,483,802257,0.08771477099621433,1.0,1.0,12,0,7.0
t5_star,4096,484,802258,0.08771477099621433,1.0,1.0,12,0,7.416666666666667
t5_star,4096,485,802259,0.08771477099621433,1.0,1.0,12,0,6.333333333333333
t5_star,4096,486,802260,0.08771477099621433,1.0,1.0,12,0,6.416666666666667
t5_star,4096,487,802261,0.08771477099621433,1.0,1.0,12,0,6.0
t5_star,4096,488,802262,0.08771477099621433,1.0,1.0,12,0,6.75
t5_star,4096,489,802263,0.08771477099621433,1.0,1.0,12,0,5.75
t5_star,4096,490,802264,0.08771477099621433,1.0,1.0,12,0,6.333333333333333
t5_star,4096,491,802265,0.08771477099621433,1.0,1.0,12,0,6.916666666666667
t5_star,4096,492,802266,0.08771477099621433,1.0,1.0,12,0,5.916666666666667
t5_star,4096,493,802267,0.08771477099621433,1.0,1.0,12,0,6.333333333333333
t5_star,4096,494,802268,0.08771477099621433,1.0,1.0,12,0,6.083333333333333
t5_star,4096,495,802269,0.08771477099621433,1.0,1.0,12,0,6.166666666666667
t5_star,4096,496,802270,0.08771477099621433,1.0,1.0,12,0,6.333333333333333
t5_star,4096,497,802271,0.08771477099621433,1.0,1.0,12,0,7.333333333333333
t5_star,4096,498,802272,0.08771477099621433,1.0,1.0,12,0,7.25
t5_star,4096,499,802273,0.08771477099621433,1.0,1.0,12,0,6.166666666666667
