model,n,p,rep,seed,block,band_coverage,degree_coverage,rank_coverage,marginal_degree_coverage,percentile_degree_coverage,mean_degree_width,top1_candidate_size,top1_certified,true_hub_certified,exact_degree_fraction,bootstrap_max
two_hubs,126,12,0,50839019,1,1.0,1.0,1.0,1.0,1.0,6.833333333333333,12,0,,0.0,1.0
two_hubs,126,12,1,50839020,1,1.0,1.0,1.0,1.0,1.0,7.166666666666667,12,0,,0.0,1.0
two_hubs,126,12,2,50839021,1,0.0,1.0,1.0,1.0,1.0,7.083333333333333,12,0,,0.0,1.0
two_hubs,126,12,3,50839022,1,1.0,1.0,1.0,1.0,1.0,5.416666666666667,12,0,,0.0,1.0
two_hubs,126,12,4,50839023,1,1.0,1.0,1.0,1.0,1.0,5.666666666666667,12,0,,0.0,1.0
two_hubs,126,12,5,50839024,1,1.0,1.0,1.0,1.0,1.0,5.166666666666667,12,0,,0.0,1.0
two_hubs,126,12,6,50839025,1,1.0,1.0,1.0,1.0,1.0,5.5,12,0,,0.0,1.0
two_hubs,126,12,7,50839026,1,1.0,1.0,1.0,1.0,1.0,5.666666666666667,12,0,,0.0,1.0
two_hubs,126,12,8,50839027,1,0.0,1.0,1.0,1.0,1.0,6.083333333333333,12,0,,0.0,1.0
two_hubs,126,12,9,50839028,1,1.0,1.0,1.0,1.0,1.0,6.083333333333333,12,0,,0.0,1.0
two_hubs,126,12,10,50839029,1,1.0,1.0,1.0,1.0,1.0,5.416666666666667,12,0,,0.0,1.0
two_hubs,126,12,11,50839030,1,1.0,1.0,1.0,1.0,1.0,7.75,12,0,,0.0,1.0
two_hubs,126,12,12,50839031,1,1.0,1.0,1.0,1.0,1.0,5.833333333333333,12,0,,0.0,1.0
two_hubs,126,12,13,50839032,1,1.0,1.0,1.0,1.0,1.0,6.166666666666667,12,0,,0.0,1.0
two_hubs,126,12,14,50839033,1,1.0,1.0,1.0,1.0,1.0,6.25,12,0,,0.0,1.0
two_hubs,126,12,15,50839034,1,1.0,1.0,1.0,1.0,1.0,6.916666666666667,12,0,,0.0,1.0
two_hubs,126,12,16,50839035,1,1.0,1.0,1.0,1.0,1.0,5.666666666666667,12,0,,0.0,1.0
two_hubs,126,12,17,50839036,1,1.0,1.0,1.0,1.0,1.0,5.666666666666667,12,0,,0.0,1.0
two_hubs,126,12,18,50839037,1,0.0,1.0,1.0,1.0,1.0,5.75,12,0,,0.0,1.0
two_hubs,126,12,19,50839038,1,1.0,1.0,1.0,1.0,1.0,6.583333333333333,12,0,,0.0,1.0
two_hubs,126,12,20,50839039,1,1.0,1.0,1.0,1.0,1.0,6.166666666666667,12,0,,0.0,1.0
two_hubs,126,12,21,50839040,1,1.0,1.0,1.0,1.0,1.0,7.083333333333333,12,0,,0.0,1.0
two_hubs,126,12,22,50839041,1,1.0,1.0,1.0,1.0,1.0,6.916666666666667,12,0,,0.0,1.0
two_hubs,126,12,23,50839042,1,1.0,1.0,1.0,1.0,1.0,6.25,12,0,,0.0,1.0
two_hubs,126,12,24,50839043,1,1.0,1.0,1.0,1.0,1.0,5.916666666666667,12,0,,0.0,1.0
two_hubs,126,12,25,50839044,1,1.0,1.0,1.0,1.0,1.0,5.583333333333333,12,0,,0.0,1.0
two_hubs,126,12,26,50839045,1,1.0,1.0,1.0,1.0,1.0,5.916666666666667,12,0,,0.0,1.0
two_hubs,126,12,27,50839046,1,1.0,1.0,1.0,1.0,1.0,6.333333333333333,12,0,,0.0,1.0
two_hubs,126,12,28,50839047,1,1.0,1.0,1.0,1.0,1.0,6.0,12,0,,0.0,1.0
two_hubs,126,12,29,50839048,1,1.0,1.0,1.0,1.0,1.0,6.75,12,0,,0.0,1.0
two_hubs,126,12,30,50839049,1,1.0,1.0,1.0,1.0,1.0,7.666666666666667,12,0,,0.0,1.0
two_hubs,126,12,31,50839050,1,1.0,1.0,1.0,1.0,1.0,6.916666666666667,12,0,,0.0,1.0
two_hubs,126,12,32,50839051,1,1.0,1.0,1.0,1.0,1.0,5.583333333333333,12,0,,0.0,1.0
two_hubs,126,12,33,50839052,1,0.0,1.0,1.0,1.0,1.0,5.833333333333333,12,0,,0.0,1.0
two_hubs,126,12,34,50839053,1,1.0,1.0,1.0,1.0,1.0,7.166666666666667,12,0,,0.0,1.0
two_hubs,126,12,35,50839054,1,1.0,1.0,1.0,1.0,1.0,5.333333333333333,12,0,,0.0,1.0
two_hubs,126,12,36,50839055,1,1.0,1.0,1.0,1.0,1.0,7.25,12,0,,0.0,1.0
two_hubs,126,12,37,50839056,1,1.0,1.0,1.0,1.0,1.0,5.583333333333333,12,0,,0.0,1.0
two_hubs,126,12,38,50839057,1,1.0,1.0,1.0,1.0,1.0,5.083333333333333,12,0,,0.0,1.0
two_hubs,126,12,39,50839058,1,1.0,1.0,1.0,1.0,1.0,6.333333333333333,12,0,,0.0,1.0
two_hubs,126,12,40,50839059,1,1.0,1.0,1.0,1.0,1.0,6.666666666666667,12,0,,0.0,1.0
two_hubs,126,12,41,50839060,1,1.0,1.0,1.0,1.0,1.0,5.916666666666667,12,0,,0.0,1.0
two_hubs,126,12,42,50839061,1,1.0,1.0,1.0,1.0,1.0,5.666666666666667,12,0,,0.0,1.0
two_hubs,126,12,43,50839062,1,1.0,1.0,1.0,1.0,1.0,6.083333333333333,12,0,,0.0,1.0
two_hubs,126,12,44,50839063,1,1.0,1.0,1.0,1.0,1.0,6.916666666666667,12,0,,0.0,1.0
two_hubs,126,12,45,50839064,1,1.0,1.0,1.0,1.0,1.0,5.333333333333333,12,0,,0.0,1.0
two_hubs,126,12,46,50839065,1,1.0,1.0,1.0,1.0,1.0,6.75,12,0,,0.0,1.0
two_hubs,126,12,47,50839066,1,0.0,1.0,1.0,1.0,1.0,6.5,12,0,,0.0,1.0
two_hubs,126,12,48,50839067,1,0.0,1.0,1.0,1.0,1.0,6.083333333333333,12,0,,0.0,1.0
two_hubs,126,12,49,50839068,1,1.0,1.0,1.0,1.0,1.0,5.833333333333333,12,0,,0.0,1.0
two_hubs,126,12,50,50839069,1,1.0,1.0,1.0,1.0,1.0,5.75,12,0,,0.0,1.0
two_hubs,126,12,51,50839070,1,1.0,1.0,1.0,1.0,1.0,5.75,12,0,,0.0,1.0
two_hubs,126,12,52,50839071,1,1.0,1.0,1.0,1.0,1.0,6.083333333333333,12,0,,0.0,1.0
two_hubs,126,12,53,50839072,1,1.0,1.0,1.0,1.0,1.0,6.916666666666667,12,0,,0.0,1.0
two_hubs,126,12,54,50839073,1,1.0,1.0,1.0,1.0,1.0,5.833333333333333,12,0,,0.0,1.0
two_hubs,126,12,55,50839074,1,1.0,1.0,1.0,1.0,1.0,5.916666666666667,12,0,,0.0,1.0
two_hubs,126,12,56,50839075,1,1.0,1.0,1.0,1.0,1.0,5.333333333333333,12,0,,0.0,1.0
two_hubs,126,12,57,50839076,1,1.0,1.0,1.0,1.0,1.0,5.75,12,0,,0.0,1.0
two_hubs,126,12,58,50839077,1,1.0,1.0,1.0,1.0,1.0,5.5,12,0,,0.0,1.0
two_hubs,126,12,59,50839078,1,0.0,1.0,1.0,1.0,1.0,5.166666666666667,12,0,,0.0,1.0
two_hubs,126,12,60,50839079,1,1.0,1.0,1.0,1.0,1.0,6.416666666666667,12,0,,0.0,1.0
two_hubs,126,12,61,50839080,1,1.0,1.0,1.0,1.0,1.0,6.416666666666667,12,0,,0.0,1.0
two_hubs,126,12,62,50839081,1,1.0,1.0,1.0,1.0,1.0,5.833333333333333,12,0,,0.0,1.0
two_hubs,126,12,63,50839082,1,1.0,1.0,1.0,1.0,1.0,5.75,12,0,,0.0,1.0
two_hubs,126,12,64,50839083,1,1.0,1.0,1.0,1.0,1.0,5.75,12,0,,0.0,1.0
two_hubs,126,12,65,50839084,1,1.0,1.0,1.0,1.0,1.0,6.083333333333333,12,0,,0.0,1.0
two_hubs,126,12,66,50839085,1,1.0,1.0,1.0,1.0,1.0,5.583333333333333,12,0,,0.0,1.0
two_hubs,126,12,67,50839086,1,1.0,1.0,1.0,1.0,1.0,7.0,12,0,,0.0,1.0
two_hubs,126,12,68,50839087,1,1.0,1.0,1.0,1.0,1.0,6.666666666666667,12,0,,0.0,1.0
two_hubs,126,12,69,50839088,1,1.0,1.0,1.0,1.0,1.0,6.75,12,0,,0.0,1.0
two_hubs,126,12,70,50839089,1,1.0,1.0,1.0,1.0,1.0,5.916666666666667,12,0,,0.0,1.0
two_hubs,126,12,71,50839090,1,1.0,1.0,1.0,1.0,1.0,5.5,12,0,,0.0,1.0
two_hubs,126,12,72,50839091,1,1.0,1.0,1.0,1.0,1.0,6.083333333333333,12,0,,0.0,1.0
two_hubs,126,12,73,50839092,1,1.0,1.0,1.0,1.0,1.0,7.333333333333333,12,0,,0.0,1.0
two_hubs,126,12,74,50839093,1,1.0,1.0,1.0,1.0,1.0,6.916666666666667,12,0,,0.0,1.0
two_hubs,126,12,75,50839094,1,1.0,1.0,1.0,1.0,1.0,5.916666666666667,12,0,,0.0,1.0
two_hubs,126,12,76,50839095,1,1.0,1.0,1.0,1.0,1.0,6.166666666666667,12,0,,0.0,1.0
two_hubs,126,12,77,50839096,1,1.0,1.0,1.0,1.0,1.0,6.333333333333333,12,0,,0.0,1.0
two_hubs,126,12,78,50839097,1,1.0,1.0,1.0,1.0,1.0,6.083333333333333,12,0,,0.0,1.0
two_hubs,126,12,79,50839098,1,1.0,1.0,1.0,1.0,1.0,6.916666666666667,12,0,,0.0,1.0
two_hubs,126,12,80,50839099,1,1.0,1.0,1.0,1.0,1.0,6.416666666666667,12,0,,0.0,1.0
two_hubs,126,12,81,50839100,1,0.0,1.0,1.0,1.0,1.0,5.833333333333333,12,0,,0.0,1.0
two_hubs,126,12,82,50839101,1,1.0,1.0,1.0,1.0,1.0,5.5,12,0,,0.0,1.0
two_hubs,126,12,83,50839102,1,1.0,1.0,1.0,1.0,1.0,5.833333333333333,12,0,,0.0,1.0
two_hubs,126,12,84,50839103,1,1.0,1.0,1.0,1.0,1.0,7.75,12,0,,0.0,1.0
two_hubs,126,12,85,50839104,1,1.0,1.0,1.0,1.0,1.0,7.333333333333333,12,0,,0.0,1.0
two_hubs,126,12,86,50839105,1,0.0,1.0,1.0,1.0,1.0,5.666666666666667,12,0,,0.0,1.0
two_hubs,126,12,87,50839106,1,1.0,1.0,1.0,1.0,1.0,5.5,12,0,,0.0,1.0
two_hubs,126,12,88,50839107,1,1.0,1.0,1.0,1.0,1.0,5.333333333333333,12,0,,0.0,1.0
two_hubs,126,12,89,50839108,1,1.0,1.0,1.0,1.0,1.0,6.0,12,0,,0.0,1.0
two_hubs,126,12,90,50839109,1,1.0,1.0,1.0,1.0,1.0,6.166666666666667,12,0,,0.0,1.0
two_hubs,126,12,91,50839110,1,1.0,1.0,1.0,1.0,1.0,6.75,12,0,,0.0,1.0
two_hubs,126,12,92,50839111,1,1.0,1.0,1.0,1.0,1.0,6.0,12,0,,0.0,1.0
two_hubs,126,12,93,50839112,1,1.0,1.0,1.0,1.0,1.0,5.333333333333333,12,0,,0.0,1.0
two_hubs,126,12,94,50839113,1,1.0,1.0,1.0,1.0,1.0,6.0,12,0,,0.0,1.0
two_hubs,126,12,95,50839114,1,1.0,1.0,1.0,1.0,1.0,7.083333333333333,12,0,,0.0,1.0
two_hubs,126,12,96,50839115,1,1.0,1.0,1.0,1.0,1.0,6.333333333333333,12,0,,0.0,1.0
two_hubs,126,12,97,50839116,1,1.0,1.0,1.0,1.0,1.0,5.583333333333333,12,0,,0.0,1.0
two_hubs,126,12,98,50839117,1,1.0,1.0,1.0,1.0,1.0,7.75,12,0,,0.0,1.0
two_hubs,126,12,99,50839118,1,1.0,1.0,1.0,1.0,1.0,5.75,12,0,,0.0,1.0
two_hubs,126,12,100,50839119,1,0.0,1.0,1.0,1.0,1.0,6.75,12,0,,0.0,1.0
two_hubs,126,12,101,50839120,1,1.0,1.0,1.0,1.0,1.0,6.333333333333333,12,0,,0.0,1.0
two_hubs,126,12,102,50839121,1,1.0,1.0,1.0,1.0,1.0,6.25,12,0,,0.0,1.0
two_hubs,126,12,103,50839122,1,1.0,1.0,1.0,1.0,1.0,6.333333333333333,12,0,,0.0,1.0
two_hubs,126,12,104,50839123,1,1.0,1.0,1.0,1.0,1.0,5.833333333333333,12,0,,0.0,1.0
two_hubs,126,12,105,50839124,1,1.0,1.0,1.0,1.0,1.0,5.5,12,0,,0.0,1.0
two_hubs,126,12,106,50839125,1,0.0,1.0,1.0,1.0,1.0,5.75,12,0,,0.0,1.0
two_hubs,126,12,107,50839126,1,1.0,1.0,1.0,1.0,1.0,5.25,12,0,,0.0,1.0
two_hubs,126,12,108,50839127,1,0.0,1.0,1.0,1.0,1.0,8.5,12,0,,0.0,1.0
two_hubs,126,12,109,50839128,1,0.0,1.0,1.0,1.0,1.0,6.75,12,0,,0.0,1.0
two_hubs,126,12,110,50839129,1,1.0,1.0,1.0,1.0,1.0,5.0,12,0,,0.0,1.0
two_hubs,126,12,111,50839130,1,1.0,1.0,1.0,1.0,1.0,6.5,12,0,,0.0,1.0
two_hubs,126,12,112,50839131,1,1.0,1.0,1.0,1.0,1.0,5.916666666666667,12,0,,0.0,1.0
two_hubs,126,12,113,50839132,1,1.0,1.0,1.0,1.0,1.0,6.833333333333333,12,0,,0.0,1.0
two_hubs,126,12,114,50839133,1,1.0,1.0,1.0,1.0,1.0,6.0,12,0,,0.0,1.0
two_hubs,126,12,115,50839134,1,0.0,1.0,1.0,1.0,1.0,5.416666666666667,12,0,,0.0,1.0
two_hubs,126,12,116,50839135,1,1.0,1.0,1.0,1.0,1.0,5.166666666666667,12,0,,0.0,1.0
two_hubs,126,12,117,50839136,1,1.0,1.0,1.0,1.0,1.0,5.916666666666667,12,0,,0.0,1.0
two_hubs,126,12,118,50839137,1,1.0,1.0,1.0,1.0,1.0,6.666666666666667,12,0,,0.0,1.0
two_hubs,126,12,119,50839138,1,1.0,1.0,1.0,1.0,1.0,6.75,12,0,,0.0,1.0
two_hubs,126,12,120,50839139,1,1.0,1.0,1.0,1.0,1.0,5.666666666666667,12,0,,0.0,1.0
two_hubs,126,12,121,50839140,1,1.0,1.0,1.0,1.0,1.0,6.666666666666667,12,0,,0.0,1.0
two_hubs,126,12,122,50839141,1,1.0,1.0,1.0,1.0,1.0,6.5,12,0,,0.0,1.0
two_hubs,126,12,123,50839142,1,1.0,1.0,1.0,1.0,1.0,6.333333333333333,12,0,,0.0,1.0
two_hubs,126,12,124,50839143,1,1.0,1.0,1.0,1.0,1.0,6.5,12,0,,0.0,1.0
two_hubs,126,12,125,50839144,1,1.0,1.0,1.0,1.0,1.0,7.0,12,0,,0.0,1.0
two_hubs,126,12,126,50839145,1,1.0,1.0,1.0,1.0,1.0,5.416666666666667,12,0,,0.0,1.0
two_hubs,126,12,127,50839146,1,1.0,1.0,1.0,1.0,1.0,5.833333333333333,12,0,,0.0,1.0
two_hubs,126,12,128,50839147,1,1.0,1.0,1.0,1.0,1.0,5.333333333333333,12,0,,0.0,1.0
two_hubs,126,12,129,50839148,1,1.0,1.0,1.0,1.0,1.0,5.666666666666667,12,0,,0.0,1.0
two_hubs,126,12,130,50839149,1,1.0,1.0,1.0,1.0,1.0,6.583333333333333,12,0,,0.0,1.0
two_hubs,126,12,131,50839150,1,1.0,1.0,1.0,1.0,1.0,6.0,12,0,,0.0,1.0
two_hubs,126,12,132,50839151,1,1.0,1.0,1.0,1.0,1.0,6.833333333333333,12,0,,0.0,1.0
two_hubs,126,12,133,50839152,1,1.0,1.0,1.0,1.0,1.0,6.833333333333333,12,0,,0.0,1.0
two_hubs,126,12,134,50839153,1,1.0,1.0,1.0,1.0,1.0,5.25,12,0,,0.0,1.0
two_hubs,126,12,135,50839154,1,1.0,1.0,1.0,1.0,1.0,8.75,12,0,,0.0,1.0
two_hubs,126,12,136,50839155,1,1.0,1.0,1.0,1.0,1.0,7.166666666666667,12,0,,0.0,1.0
two_hubs,126,12,137,50839156,1,1.0,1.0,1.0,1.0,1.0,5.833333333333333,12,0,,0.0,1.0
two_hubs,126,12,138,50839157,1,1.0,1.0,1.0,1.0,1.0,5.166666666666667,12,0,,0.0,1.0
two_hubs,126,12,139,50839158,1,1.0,1.0,1.0,1.0,1.0,5.666666666666667,12,0,,0.0,1.0
two_hubs,126,12,140,50839159,1,1.0,1.0,1.0,1.0,1.0,6.083333333333333,12,0,,0.0,1.0
two_hubs,126,12,141,50839160,1,1.0,1.0,1.0,1.0,1.0,7.25,12,0,,0.0,1.0
two_hubs,126,12,142,50839161,1,1.0,1.0,1.0,1.0,1.0,8.583333333333334,12,0,,0.0,1.0
two_hubs,126,12,143,50839162,1,1.0,1.0,1.0,1.0,1.0,6.583333333333333,12,0,,0.0,1.0
two_hubs,126,12,144,50839163,1,1.0,1.0,1.0,1.0,1.0,7.166666666666667,12,0,,0.0,1.0
two_hubs,126,12,145,50839164,1,1.0,1.0,1.0,1.0,1.0,5.833333333333333,12,0,,0.0,1.0
two_hubs,126,12,146,50839165,1,1.0,1.0,1.0,1.0,1.0,6.0,12,0,,0.0,1.0
two_hubs,126,12,147,50839166,1,1.0,1.0,1.0,1.0,1.0,6.75,12,0,,0.0,1.0
two_hubs,126,12,148,50839167,1,1.0,1.0,1.0,1.0,1.0,7.166666666666667,12,0,,0.0,1.0
two_hubs,126,12,149,50839168,1,1.0,1.0,1.0,1.0,1.0,5.833333333333333,12,0,,0.0,1.0
two_hubs,126,12,150,50839169,1,1.0,1.0,1.0,1.0,1.0,5.25,12,0,,0.0,1.0
two_hubs,126,12,151,50839170,1,1.0,1.0,1.0,1.0,1.0,7.0,12,0,,0.0,1.0
two_hubs,126,12,152,50839171,1,1.0,1.0,1.0,1.0,1.0,6.0,12,0,,0.0,1.0
two_hubs,126,12,153,50839172,1,1.0,1.0,1.0,1.0,1.0,5.25,12,0,,0.0,1.0
two_hubs,126,12,154,50839173,1,1.0,1.0,1.0,1.0,1.0,7.166666666666667,12,0,,0.0,1.0
two_hubs,126,12,155,50839174,1,1.0,1.0,1.0,1.0,1.0,6.333333333333333,12,0,,0.0,1.0
two_hubs,126,12,156,50839175,1,1.0,1.0,1.0,1.0,1.0,7.166666666666667,12,0,,0.0,1.0
two_hubs,126,12,157,50839176,1,1.0,1.0,1.0,1.0,1.0,7.166666666666667,12,0,,0.0,1.0
two_hubs,126,12,158,50839177,1,1.0,1.0,1.0,1.0,1.0,5.833333333333333,12,0,,0.0,1.0
two_hubs,126,12,159,50839178,1,1.0,1.0,1.0,1.0,1.0,6.416666666666667,12,0,,0.0,1.0
two_hubs,126,12,160,50839179,1,1.0,1.0,1.0,1.0,1.0,6.75,12,0,,0.0,1.0
two_hubs,126,12,161,50839180,1,1.0,1.0,1.0,1.0,1.0,5.166666666666667,12,0,,0.0,1.0
two_hubs,126,12,162,50839181,1,1.0,1.0,1.0,1.0,1.0,5.916666666666667,12,0,,0.0,1.0
two_hubs,126,12,163,50839182,1,1.0,1.0,1.0,1.0,1.0,6.583333333333333,12,0,,0.0,1.0
two_hubs,126,12,164,50839183,1,1.0,1.0,1.0,1.0,1.0,5.166666666666667,12,0,,0.0,1.0
two_hubs,126,12,165,50839184,1,1.0,1.0,1.0,1.0,1.0,5.416666666666667,12,0,,0.0,1.0
two_hubs,126,12,166,50839185,1,1.0,1.0,1.0,1.0,1.0,5.916666666666667,12,0,,0.0,1.0
two_hubs,126,12,167,50839186,1,1.0,1.0,1.0,1.0,1.0,5.833333333333333,12,0,,0.0,1.0
two_hubs,126,12,168,50839187,1,1.0,1.0,1.0,1.0,1.0,5.333333333333333,12,0,,0.0,1.0
two_hubs,126,12,169,50839188,1,1.0,1.0,1.0,1.0,1.0,7.166666666666667,12,0,,0.0,1.0
two_hubs,126,12,170,50839189,1,1.0,1.0,1.0,1.0,1.0,6.5,12,0,,0.0,1.0
two_hubs,126,12,171,50839190,1,1.0,1.0,1.0,1.0,1.0,6.833333333333333,12,0,,0.0,1.0
two_hubs,126,12,172,50839191,1,1.0,1.0,1.0,1.0,1.0,5.916666666666667,12,0,,0.0,1.0
two_hubs,126,12,173,50839192,1,1.0,1.0,1.0,1.0,1.0,7.916666666666667,12,0,,0.0,1.0
two_hubs,126,12,174,50839193,1,1.0,1.0,1.0,1.0,1.0,5.5,12,0,,0.0,1.0
two_hubs,126,12,175,50839194,1,1.0,1.0,1.0,1.0,1.0,7.083333333333333,12,0,,0.0,1.0
two_hubs,126,12,176,50839195,1,1.0,1.0,1.0,1.0,1.0,5.583333333333333,12,0,,0.0,1.0
two_hubs,126,12,177,50839196,1,1.0,1.0,1.0,1.0,1.0,5.5,12,0,,0.0,1.0
two_hubs,126,12,178,50839197,1,1.0,1.0,1.0,1.0,1.0,6.666666666666667,12,0,,0.0,1.0
two_hubs,126,12,179,50839198,1,1.0,1.0,1.0,1.0,1.0,5.083333333333333,12,0,,0.0,1.0
two_hubs,126,12,180,50839199,1,1.0,1.0,1.0,1.0,1.0,6.666666666666667,12,0,,0.0,1.0
two_hubs,126,12,181,50839200,1,1.0,1.0,1.0,1.0,1.0,7.583333333333333,12,0,,0.0,1.0
two_hubs,126,12,182,50839201,1,0.0,1.0,1.0,1.0,1.0,7.916666666666667,12,0,,0.0,1.0
two_hubs,126,12,183,50839202,1,0.0,1.0,1.0,1.0,1.0,5.0,12,0,,0.0,1.0
two_hubs,126,12,184,50839203,1,1.0,1.0,1.0,1.0,1.0,7.0,12,0,,0.0,1.0
two_hubs,126,12,185,50839204,1,1.0,1.0,1.0,1.0,1.0,6.583333333333333,12,0,,0.0,1.0
two_hubs,126,12,186,50839205,1,1.0,1.0,1.0,1.0,1.0,6.75,12,0,,0.0,1.0
two_hubs,126,12,187,50839206,1,1.0,1.0,1.0,1.0,1.0,6.5,12,0,,0.0,1.0
two_hubs,126,12,188,50839207,1,0.0,1.0,1.0,1.0,1.0,5.75,12,0,,0.0,1.0
two_hubs,126,12,189,50839208,1,1.0,1.0,1.0,1.0,1.0,7.666666666666667,12,0,,0.0,1.0
two_hubs,126,12,190,50839209,1,1.0,1.0,1.0,1.0,1.0,6.166666666666667,12,0,,0.0,1.0
two_hubs,126,12,191,50839210,1,1.0,1.0,1.0,1.0,1.0,6.25,12,0,,0.0,1.0
two_hubs,126,12,192,50839211,1,1.0,1.0,1.0,1.0,1.0,5.833333333333333,12,0,,0.0,1.0
two_hubs,126,12,193,50839212,1,1.0,1.0,1.0,1.0,1.0,5.5,12,0,,0.0,1.0
two_hubs,126,12,194,50839213,1,1.0,1.0,1.0,1.0,1.0,5.416666666666667,12,0,,0.0,1.0
two_hubs,126,12,195,50839214,1,1.0,1.0,1.0,1.0,1.0,5.5,12,0,,0.0,1.0
two_hubs,126,12,196,50839215,1,1.0,1.0,1.0,1.0,1.0,7.083333333333333,12,0,,0.0,1.0
two_hubs,126,12,197,50839216,1,1.0,1.0,1.0,1.0,1.0,5.333333333333333,12,0,,0.0,1.0
two_hubs,126,12,198,50839217,1,1.0,1.0,1.0,1.0,1.0,6.416666666666667,12,0,,0.0,1.0
two_hubs,126,12,199,50839218,1,1.0,1.0,1.0,1.0,1.0,5.75,12,0,,0.0,1.0
two_hubs,126,12,200,50839219,1,1.0,1.0,1.0,1.0,1.0,6.25,12,0,,0.0,1.0
two_hubs,126,12,201,50839220,1,1.0,1.0,1.0,1.0,1.0,6.666666666666667,12,0,,0.0,1.0
two_hubs,126,12,202,50839221,1,1.0,1.0,1.0,1.0,1.0,5.666666666666667,12,0,,0.0,1.0
two_hubs,126,12,203,50839222,1,1.0,1.0,1.0,1.0,1.0,6.666666666666667,12,0,,0.0,1.0
two_hubs,126,12,204,50839223,1,0.0,1.0,1.0,1.0,1.0,5.666666666666667,12,0,,0.0,1.0
two_hubs,126,12,205,50839224,1,1.0,1.0,1.0,1.0,1.0,6.0,12,0,,0.0,1.0
two_hubs,126,12,206,50839225,1,0.0,1.0,1.0,1.0,1.0,8.416666666666666,12,0,,0.0,1.0
two_hubs,126,12,207,50839226,1,1.0,1.0,1.0,1.0,1.0,6.5,12,0,,0.0,1.0
two_hubs,126,12,208,50839227,1,1.0,1.0,1.0,1.0,1.0,5.333333333333333,12,0,,0.0,1.0
two_hubs,126,12,209,50839228,1,1.0,1.0,1.0,1.0,1.0,6.25,12,0,,0.0,1.0
two_hubs,126,12,210,50839229,1,0.0,1.0,1.0,1.0,1.0,6.833333333333333,12,0,,0.0,1.0
two_hubs,126,12,211,50839230,1,1.0,1.0,1.0,1.0,1.0,6.25,12,0,,0.0,1.0
two_hubs,126,12,212,50839231,1,0.0,1.0,1.0,1.0,1.0,6.083333333333333,12,0,,0.0,1.0
two_hubs,126,12,213,50839232,1,1.0,1.0,1.0,1.0,1.0,5.75,12,0,,0.0,1.0
two_hubs,126,12,214,50839233,1,1.0,1.0,1.0,1.0,1.0,6.833333333333333,12,0,,0.0,1.0
two_hubs,126,12,215,50839234,1,0.0,1.0,1.0,1.0,1.0,5.166666666666667,12,0,,0.0,1.0
two_hubs,126,12,216,50839235,1,1.0,1.0,1.0,1.0,1.0,6.083333333333333,12,0,,0.0,1.0
two_hubs,126,12,217,50839236,1,1.0,1.0,1.0,1.0,1.0,5.166666666666667,12,0,,0.0,1.0
two_hubs,126,12,218,50839237,1,1.0,1.0,1.0,1.0,1.0,7.916666666666667,12,0,,0.0,1.0
two_hubs,126,12,219,50839238,1,1.0,1.0,1.0,1.0,1.0,6.583333333333333,12,0,,0.0,1.0
two_hubs,126,12,220,50839239,1,1.0,1.0,1.0,1.0,1.0,6.916666666666667,12,0,,0.0,1.0
two_hubs,126,12,221,50839240,1,1.0,1.0,1.0,1.0,1.0,6.75,12,0,,0.0,1.0
two_hubs,126,12,222,50839241,1,1.0,1.0,1.0,1.0,1.0,6.416666666666667,12,0,,0.0,1.0
two_hubs,126,12,223,50839242,1,0.0,1.0,1.0,1.0,1.0,6.916666666666667,12,0,,0.0,1.0
two_hubs,126,12,224,50839243,1,1.0,1.0,1.0,1.0,1.0,6.666666666666667,12,0,,0.0,1.0
two_hubs,126,12,225,50839244,1,1.0,1.0,1.0,1.0,1.0,5.416666666666667,12,0,,0.0,1.0
two_hubs,126,12,226,50839245,1,1.0,1.0,1.0,1.0,1.0,5.583333333333333,12,0,,0.0,1.0
two_hubs,126,12,227,50839246,1,1.0,1.0,1.0,1.0,1.0,6.666666666666667,12,0,,0.0,1.0
two_hubs,126,12,228,50839247,1,1.0,1.0,1.0,1.0,1.0,5.666666666666667,12,0,,0.0,1.0
two_hubs,126,12,229,50839248,1,1.0,1.0,1.0,1.0,1.0,7.583333333333333,12,0,,0.0,1.0
two_hubs,126,12,230,50839249,1,1.0,1.0,1.0,1.0,1.0,5.166666666666667,12,0,,0.0,1.0
two_hubs,126,12,231,50839250,1,1.0,1.0,1.0,1.0,1.0,6.166666666666667,12,0,,0.0,1.0
two_hubs,126,12,232,50839251,1,1.0,1.0,1.0,1.0,1.0,5.666666666666667,12,0,,0.0,1.0
two_hubs,126,12,233,50839252,1,1.0,1.0,1.0,1.0,1.0,5.916666666666667,12,0,,0.0,1.0
two_hubs,126,12,234,50839253,1,1.0,1.0,1.0,1.0,1.0,6.0,12,0,,0.0,1.0
two_hubs,126,12,235,50839254,1,1.0,1.0,1.0,1.0,1.0,5.5,12,0,,0.0,1.0
two_hubs,126,12,236,50839255,1,1.0,1.0,1.0,1.0,1.0,5.5,12,0,,0.0,1.0
two_hubs,126,12,237,50839256,1,1.0,1.0,1.0,1.0,1.0,7.583333333333333,12,0,,0.0,1.0
two_hubs,126,12,238,50839257,1,1.0,1.0,1.0,1.0,1.0,6.166666666666667,12,0,,0.0,1.0
two_hubs,126,12,239,50839258,1,1.0,1.0,1.0,1.0,1.0,7.0,12,0,,0.0,1.0
two_hubs,126,12,240,50839259,1,1.0,1.0,1.0,1.0,1.0,6.5,12,0,,0.0,1.0
two_hubs,126,12,241,50839260,1,1.0,1.0,1.0,1.0,1.0,6.833333333333333,12,0,,0.0,1.0
two_hubs,126,12,242,50839261,1,1.0,1.0,1.0,1.0,1.0,6.166666666666667,12,0,,0.0,1.0
two_hubs,126,12,243,50839262,1,0.0,1.0,1.0,1.0,1.0,6.583333333333333,12,0,,0.0,1.0
two_hubs,126,12,244,50839263,1,1.0,1.0,1.0,1.0,1.0,6.833333333333333,12,0,,0.0,1.0
two_hubs,126,12,245,50839264,1,1.0,1.0,1.0,1.0,1.0,5.75,12,0,,0.0,1.0
two_hubs,126,12,246,50839265,1,1.0,1.0,1.0,1.0,1.0,6.25,12,0,,0.0,1.0
two_hubs,126,12,247,50839266,1,1.0,1.0,1.0,1.0,1.0,6.166666666666667,12,0,,0.0,1.0
two_hubs,126,12,248,50839267,1,1.0,1.0,1.0,1.0,1.0,5.833333333333333,12,0,,0.0,1.0
two_hubs,126,12,249,50839268,1,1.0,1.0,1.0,1.0,1.0,6.416666666666667,12,0,,0.0,1.0
two_hubs,126,12,250,50839269,1,1.0,1.0,1.0,1.0,1.0,6.333333333333333,12,0,,0.0,1.0
two_hubs,126,12,251,50839270,1,1.0,1.0,1.0,1.0,1.0,7.833333333333333,12,0,,0.0,1.0
two_hubs,126,12,252,50839271,1,1.0,1.0,1.0,1.0,1.0,6.5,12,0,,0.0,1.0
two_hubs,126,12,253,50839272,1,1.0,1.0,1.0,1.0,1.0,6.583333333333333,12,0,,0.0,1.0
two_hubs,126,12,254,50839273,1,1.0,1.0,1.0,1.0,1.0,6.083333333333333,12,0,,0.0,1.0
two_hubs,126,12,255,50839274,1,1.0,1.0,1.0,1.0,1.0,5.25,12,0,,0.0,1.0
two_hubs,126,12,256,50839275,1,1.0,1.0,1.0,1.0,1.0,6.083333333333333,12,0,,0.0,1.0
two_hubs,126,12,257,50839276,1,1.0,1.0,1.0,1.0,1.0,6.166666666666667,12,0,,0.0,1.0
two_hubs,126,12,258,50839277,1,1.0,1.0,1.0,1.0,1.0,5.75,12,0,,0.0,1.0
two_hubs,126,12,259,50839278,1,0.0,1.0,1.0,1.0,1.0,5.5,12,0,,0.0,1.0
two_hubs,126,12,260,50839279,1,1.0,1.0,1.0,1.0,1.0,7.083333333333333,12,0,,0.0,1.0
two_hubs,126,12,261,50839280,1,1.0,1.0,1.0,1.0,1.0,5.0,12,0,,0.0,1.0
two_hubs,126,12,262,50839281,1,1.0,1.0,1.0,1.0,1.0,6.666666666666667,12,0,,0.0,1.0
two_hubs,126,12,263,50839282,1,1.0,1.0,1.0,1.0,1.0,7.166666666666667,12,0,,0.0,1.0
two_hubs,126,12,264,50839283,1,1.0,1.0,1.0,1.0,1.0,6.75,12,0,,0.0,1.0
two_hubs,126,12,265,50839284,1,1.0,1.0,1.0,1.0,1.0,6.666666666666667,12,0,,0.0,1.0
two_hubs,126,12,266,50839285,1,1.0,1.0,1.0,1.0,1.0,7.333333333333333,12,0,,0.0,1.0
two_hubs,126,12,267,50839286,1,1.0,1.0,1.0,1.0,1.0,5.416666666666667,12,0,,0.0,1.0
two_hubs,126,12,268,50839287,1,0.0,1.0,1.0,1.0,1.0,6.166666666666667,12,0,,0.0,1.0
two_hubs,126,12,269,50839288,1,1.0,1.0,1.0,1.0,1.0,5.416666666666667,12,0,,0.0,1.0
two_hubs,126,12,270,50839289,1,1.0,1.0,1.0,1.0,1.0,6.166666666666667,12,0,,0.0,1.0
two_hubs,126,12,271,50839290,1,1.0,1.0,1.0,1.0,1.0,6.083333333333333,12,0,,0.0,1.0
two_hubs,126,12,272,50839291,1,1.0,1.0,1.0,1.0,1.0,6.166666666666667,12,0,,0.0,1.0
two_hubs,126,12,273,50839292,1,1.0,1.0,1.0,1.0,1.0,6.416666666666667,12,0,,0.0,1.0
two_hubs,126,12,274,50839293,1,0.0,1.0,1.0,1.0,1.0,5.916666666666667,12,0,,0.0,1.0
two_hubs,126,12,275,50839294,1,1.0,1.0,1.0,1.0,1.0,6.5,12,0,,0.0,1.0
two_hubs,126,12,276,50839295,1,1.0,1.0,1.0,1.0,1.0,6.166666666666667,12,0,,0.0,1.0
two_hubs,126,12,277,50839296,1,1.0,1.0,1.0,1.0,1.0,5.5,12,0,,0.0,1.0
two_hubs,126,12,278,50839297,1,1.0,1.0,1.0,1.0,1.0,7.666666666666667,12,0,,0.0,1.0
two_hubs,126,12,279,50839298,1,1.0,1.0,1.0,1.0,1.0,6.083333333333333,12,0,,0.0,1.0
two_hubs,126,12,280,50839299,1,1.0,1.0,1.0,1.0,1.0,7.666666666666667,12,0,,0.0,1.0
two_hubs,126,12,281,50839300,1,1.0,1.0,1.0,1.0,1.0,6.833333333333333,12,0,,0.0,1.0
two_hubs,126,12,282,50839301,1,1.0,1.0,1.0,1.0,1.0,6.666666666666667,12,0,,0.0,1.0
two_hubs,126,12,283,50839302,1,1.0,1.0,1.0,1.0,1.0,5.583333333333333,12,0,,0.0,1.0
two_hubs,126,12,284,50839303,1,1.0,1.0,1.0,1.0,1.0,7.0,12,0,,0.0,1.0
two_hubs,126,12,285,50839304,1,0.0,1.0,1.0,1.0,1.0,6.916666666666667,12,0,,0.0,1.0
two_hubs,126,12,286,50839305,1,1.0,1.0,1.0,1.0,1.0,6.333333333333333,12,0,,0.0,1.0
two_hubs,126,12,287,50839306,1,1.0,1.0,1.0,1.0,1.0,5.916666666666667,12,0,,0.0,1.0
two_hubs,126,12,288,50839307,1,1.0,1.0,1.0,1.0,1.0,5.833333333333333,12,0,,0.0,1.0
two_hubs,126,12,289,50839308,1,1.0,1.0,1.0,1.0,1.0,6.833333333333333,12,0,,0.0,1.0
two_hubs,126,12,290,50839309,1,1.0,1.0,1.0,1.0,1.0,5.916666666666667,12,0,,0.0,1.0
two_hubs,126,12,291,50839310,1,1.0,1.0,1.0,1.0,1.0,5.416666666666667,12,0,,0.0,1.0
two_hubs,126,12,292,50839311,1,1.0,1.0,1.0,1.0,1.0,6.083333333333333,12,0,,0.0,1.0
two_hubs,126,12,293,50839312,1,1.0,1.0,1.0,1.0,1.0,6.333333333333333,12,0,,0.0,1.0
two_hubs,126,12,294,50839313,1,0.0,1.0,1.0,1.0,1.0,5.75,12,0,,0.0,1.0
two_hubs,126,12,295,50839314,1,1.0,1.0,1.0,1.0,1.0,5.666666666666667,12,0,,0.0,1.0
two_hubs,126,12,296,50839315,1,1.0,1.0,1.0,1.0,1.0,6.25,12,0,,0.0,1.0
two_hubs,126,12,297,50839316,1,1.0,1.0,1.0,1.0,1.0,7.416666666666667,12,0,,0.0,1.0
two_hubs,126,12,298,50839317,1,1.0,1.0,1.0,1.0,1.0,6.0,12,0,,0.0,1.0
two_hubs,126,12,299,50839318,1,1.0,1.0,1.0,1.0,1.0,6.916666666666667,12,0,,0.0,1.0
two_hubs,126,12,300,50839319,1,1.0,1.0,1.0,1.0,1.0,6.5,12,0,,0.0,1.0
two_hubs,126,12,301,50839320,1,1.0,1.0,1.0,1.0,1.0,5.666666666666667,12,0,,0.0,1.0
two_hubs,126,12,302,50839321,1,1.0,1.0,1.0,1.0,1.0,6.333333333333333,12,0,,0.0,1.0
two_hubs,126,12,303,50839322,1,1.0,1.0,1.0,1.0,1.0,5.833333333333333,12,0,,0.0,1.0
two_hubs,126,12,304,50839323,1,1.0,1.0,1.0,1.0,1.0,5.833333333333333,12,0,,0.0,1.0
two_hubs,126,12,305,50839324,1,1.0,1.0,1.0,1.0,1.0,6.916666666666667,12,0,,0.0,1.0
two_hubs,126,12,306,50839325,1,1.0,1.0,1.0,1.0,1.0,6.333333333333333,12,0,,0.0,1.0
two_hubs,126,12,307,50839326,1,1.0,1.0,1.0,1.0,1.0,7.25,12,0,,0.0,1.0
two_hubs,126,12,308,50839327,1,1.0,1.0,1.0,1.0,1.0,5.916666666666667,12,0,,0.0,1.0
two_hubs,126,12,309,50839328,1,1.0,1.0,1.0,1.0,1.0,7.166666666666667,12,0,,0.0,1.0
two_hubs,126,12,310,50839329,1,1.0,1.0,1.0,1.0,1.0,7.416666666666667,12,0,,0.0,1.0
two_hubs,126,12,311,50839330,1,1.0,1.0,1.0,1.0,1.0,7.083333333333333,12,0,,0.0,1.0
two_hubs,126,12,312,50839331,1,0.0,1.0,1.0,1.0,1.0,5.416666666666667,12,0,,0.0,1.0
two_hubs,126,12,313,50839332,1,1.0,1.0,1.0,1.0,1.0,6.416666666666667,12,0,,0.0,1.0
two_hubs,126,12,314,50839333,1,0.0,1.0,1.0,1.0,1.0,7.25,12,0,,0.0,1.0
two_hubs,126,12,315,50839334,1,1.0,1.0,1.0,1.0,1.0,6.25,12,0,,0.0,1.0
two_hubs,126,12,316,50839335,1,1.0,1.0,1.0,1.0,1.0,5.5,12,0,,0.0,1.0
two_hubs,126,12,317,50839336,1,1.0,1.0,1.0,1.0,1.0,6.5,12,0,,0.0,1.0
two_hubs,126,12,318,50839337,1,1.0,1.0,1.0,1.0,1.0,5.416666666666667,12,0,,0.0,1.0
two_hubs,126,12,319,50839338,1,1.0,1.0,1.0,1.0,1.0,6.666666666666667,12,0,,0.0,1.0
two_hubs,126,12,320,50839339,1,1.0,1.0,1.0,1.0,1.0,6.916666666666667,12,0,,0.0,1.0
two_hubs,126,12,321,50839340,1,1.0,1.0,1.0,1.0,1.0,6.75,12,0,,0.0,1.0
two_hubs,126,12,322,50839341,1,1.0,1.0,1.0,1.0,1.0,5.25,12,0,,0.0,1.0
two_hubs,126,12,323,50839342,1,1.0,1.0,1.0,1.0,1.0,5.333333333333333,12,0,,0.0,1.0
two_hubs,126,12,324,50839343,1,1.0,1.0,1.0,1.0,1.0,5.75,12,0,,0.0,1.0
two_hubs,126,12,325,50839344,1,0.0,1.0,1.0,1.0,1.0,5.916666666666667,12,0,,0.0,1.0
two_hubs,126,12,326,50839345,1,1.0,1.0,1.0,1.0,1.0,5.25,12,0,,0.0,1.0
two_hubs,126,12,327,50839346,1,0.0,1.0,1.0,1.0,1.0,5.916666666666667,12,0,,0.0,1.0
two_hubs,126,12,328,50839347,1,1.0,1.0,1.0,1.0,1.0,5.416666666666667,12,0,,0.0,1.0
two_hubs,126,12,329,50839348,1,1.0,1.0,1.0,1.0,1.0,7.333333333333333,12,0,,0.0,1.0
two_hubs,126,12,330,50839349,1,0.0,1.0,1.0,1.0,1.0,5.333333333333333,12,0,,0.0,1.0
two_hubs,126,12,331,50839350,1,0.0,1.0,1.0,1.0,1.0,7.583333333333333,12,0,,0.0,1.0
two_hubs,126,12,332,50839351,1,1.0,1.0,1.0,1.0,1.0,5.25,12,0,,0.0,1.0
two_hubs,126,12,333,50839352,1,1.0,1.0,1.0,1.0,1.0,5.666666666666667,12,0,,0.0,1.0
two_hubs,126,12,334,50839353,1,1.0,1.0,1.0,1.0,1.0,5.916666666666667,12,0,,0.0,1.0
two_hubs,126,12,335,50839354,1,1.0,1.0,1.0,1.0,1.0,5.833333333333333,12,0,,0.0,1.0
two_hubs,126,12,336,50839355,1,1.0,1.0,1.0,1.0,1.0,6.916666666666667,12,0,,0.0,1.0
two_hubs,126,12,337,50839356,1,1.0,1.0,1.0,1.0,1.0,6.5,12,0,,0.0,1.0
two_hubs,126,12,338,50839357,1,1.0,1.0,1.0,1.0,1.0,6.0,12,0,,0.0,1.0
two_hubs,126,12,339,50839358,1,1.0,1.0,1.0,1.0,1.0,5.416666666666667,12,0,,0.0,1.0
two_hubs,126,12,340,50839359,1,1.0,1.0,1.0,1.0,1.0,5.333333333333333,12,0,,0.0,1.0
two_hubs,126,12,341,50839360,1,1.0,1.0,1.0,1.0,1.0,5.25,12,0,,0.0,1.0
two_hubs,126,12,342,50839361,1,1.0,1.0,1.0,1.0,1.0,6.333333333333333,12,0,,0.0,1.0
two_hubs,126,12,343,50839362,1,1.0,1.0,1.0,1.0,1.0,7.0,12,0,,0.0,1.0
two_hubs,126,12,344,50839363,1,1.0,1.0,1.0,1.0,1.0,6.083333333333333,12,0,,0.0,1.0
two_hubs,126,12,345,50839364,1,1.0,1.0,1.0,1.0,1.0,6.666666666666667,12,0,,0.0,1.0
two_hubs,126,12,346,50839365,1,1.0,1.0,1.0,1.0,1.0,6.333333333333333,12,0,,0.0,1.0
two_hubs,126,12,347,50839366,1,1.0,1.0,1.0,1.0,1.0,5.833333333333333,12,0,,0.0,1.0
two_hubs,126,12,348,50839367,1,1.0,1.0,1.0,1.0,1.0,5.666666666666667,12,0,,0.0,1.0
two_hubs,126,12,349,50839368,1,1.0,1.0,1.0,1.0,1.0,6.916666666666667,12,0,,0.0,1.0
two_hubs,126,12,350,50839369,1,1.0,1.0,1.0,1.0,1.0,6.833333333333333,12,0,,0.0,1.0
two_hubs,126,12,351,50839370,1,1.0,1.0,1.0,1.0,1.0,8.0,12,0,,0.0,1.0
two_hubs,126,12,352,50839371,1,1.0,1.0,1.0,1.0,1.0,6.75,12,0,,0.0,1.0
two_hubs,126,12,353,50839372,1,0.0,1.0,1.0,1.0,1.0,6.5,12,0,,0.0,1.0
two_hubs,126,12,354,50839373,1,1.0,1.0,1.0,1.0,1.0,5.916666666666667,12,0,,0.0,1.0
two_hubs,126,12,355,50839374,1,1.0,1.0,1.0,1.0,1.0,6.583333333333333,12,0,,0.0,1.0
two_hubs,126,12,356,50839375,1,0.0,1.0,1.0,1.0,1.0,5.916666666666667,12,0,,0.0,1.0
two_hubs,126,12,357,50839376,1,1.0,1.0,1.0,1.0,1.0,6.75,12,0,,0.0,1.0
two_hubs,126,12,358,50839377,1,1.0,1.0,1.0,1.0,1.0,7.083333333333333,12,0,,0.0,1.0
two_hubs,126,12,359,50839378,1,1.0,1.0,1.0,1.0,1.0,6.083333333333333,12,0,,0.0,1.0
two_hubs,126,12,360,50839379,1,0.0,1.0,1.0,1.0,1.0,5.583333333333333,12,0,,0.0,1.0
two_hubs,126,12,361,50839380,1,1.0,1.0,1.0,1.0,1.0,5.916666666666667,12,0,,0.0,1.0
two_hubs,126,12,362,50839381,1,1.0,1.0,1.0,1.0,1.0,6.75,12,0,,0.0,1.0
two_hubs,126,12,363,50839382,1,1.0,1.0,1.0,1.0,1.0,7.416666666666667,12,0,,0.0,1.0
two_hubs,126,12,364,50839383,1,1.0,1.0,1.0,1.0,1.0,5.166666666666667,12,0,,0.0,1.0
two_hubs,126,12,365,50839384,1,1.0,1.0,1.0,1.0,1.0,6.583333333333333,12,0,,0.0,1.0
two_hubs,126,12,366,50839385,1,1.0,1.0,1.0,1.0,1.0,6.166666666666667,12,0,,0.0,1.0
two_hubs,126,12,367,50839386,1,1.0,1.0,1.0,1.0,1.0,5.416666666666667,12,0,,0.0,1.0
two_hubs,126,12,368,50839387,1,1.0,1.0,1.0,1.0,1.0,7.0,12,0,,0.0,1.0
two_hubs,126,12,369,50839388,1,1.0,1.0,1.0,1.0,1.0,6.0,12,0,,0.0,1.0
two_hubs,126,12,370,50839389,1,1.0,1.0,1.0,1.0,1.0,6.25,12,0,,0.0,1.0
two_hubs,126,12,371,50839390,1,1.0,1.0,1.0,1.0,1.0,5.583333333333333,12,0,,0.0,1.0
two_hubs,126,12,372,50839391,1,1.0,1.0,1.0,1.0,1.0,5.75,12,0,,0.0,1.0
two_hubs,126,12,373,50839392,1,1.0,1.0,1.0,1.0,1.0,6.083333333333333,12,0,,0.0,1.0
two_hubs,126,12,374,50839393,1,1.0,1.0,1.0,1.0,1.0,5.583333333333333,12,0,,0.0,1.0
two_hubs,126,12,375,50839394,1,1.0,1.0,1.0,1.0,1.0,7.333333333333333,12,0,,0.0,1.0
two_hubs,126,12,376,50839395,1,1.0,1.0,1.0,1.0,1.0,7.416666666666667,12,0,,0.0,1.0
two_hubs,126,12,377,50839396,1,1.0,1.0,1.0,1.0,1.0,6.0,12,0,,0.0,1.0
two_hubs,126,12,378,50839397,1,1.0,1.0,1.0,1.0,1.0,5.75,12,0,,0.0,1.0
two_hubs,126,12,379,50839398,1,1.0,1.0,1.0,1.0,1.0,5.5,12,0,,0.0,1.0
two_hubs,126,12,380,50839399,1,1.0,1.0,1.0,1.0,1.0,7.0,12,0,,0.0,1.0
two_hubs,126,12,381,50839400,1,1.0,1.0,1.0,1.0,1.0,5.416666666666667,12,0,,0.0,1.0
two_hubs,126,12,382,50839401,1,1.0,1.0,1.0,1.0,1.0,5.916666666666667,12,0,,0.0,1.0
two_hubs,126,12,383,50839402,1,0.0,1.0,1.0,1.0,1.0,6.833333333333333,12,0,,0.0,1.0
two_hubs,126,12,384,50839403,1,1.0,1.0,1.0,1.0,1.0,5.416666666666667,12,0,,0.0,1.0
two_hubs,126,12,385,50839404,1,1.0,1.0,1.0,1.0,1.0,7.75,12,0,,0.0,1.0
two_hubs,126,12,386,50839405,1,1.0,1.0,1.0,1.0,1.0,6.166666666666667,12,0,,0.0,1.0
two_hubs,126,12,387,50839406,1,1.0,1.0,1.0,1.0,1.0,6.666666666666667,12,0,,0.0,1.0
two_hubs,126,12,388,50839407,1,0.0,1.0,1.0,1.0,1.0,8.166666666666666,12,0,,0.0,1.0
two_hubs,126,12,389,50839408,1,0.0,1.0,1.0,1.0,1.0,6.75,12,0,,0.0,1.0
two_hubs,126,12,390,50839409,1,1.0,1.0,1.0,1.0,1.0,6.583333333333333,12,0,,0.0,1.0
two_hubs,126,12,391,50839410,1,1.0,1.0,1.0,1.0,1.0,6.5,12,0,,0.0,1.0
two_hubs,126,12,392,50839411,1,1.0,1.0,1.0,1.0,1.0,5.583333333333333,12,0,,0.0,1.0
two_hubs,126,12,393,50839412,1,1.0,1.0,1.0,1.0,1.0,6.416666666666667,12,0,,0.0,1.0
two_hubs,126,12,394,50839413,1,1.0,1.0,1.0,1.0,1.0,6.5,12,0,,0.0,1.0
two_hubs,126,12,395,50839414,1,1.0,1.0,1.0,1.0,1.0,7.083333333333333,12,0,,0.0,1.0
two_hubs,126,12,396,50839415,1,0.0,1.0,1.0,1.0,1.0,6.25,12,0,,0.0,1.0
two_hubs,126,12,397,50839416,1,1.0,1.0,1.0,1.0,1.0,6.083333333333333,12,0,,0.0,1.0
two_hubs,126,12,398,50839417,1,1.0,1.0,1.0,1.0,1.0,6.333333333333333,12,0,,0.0,1.0
two_hubs,126,12,399,50839418,1,1.0,1.0,1.0,1.0,1.0,6.25,12,0,,0.0,1.0
two_hubs,126,12,400,50839419,1,1.0,1.0,1.0,1.0,1.0,5.583333333333333,12,0,,0.0,1.0
two_hubs,126,12,401,50839420,1,1.0,1.0,1.0,1.0,1.0,5.75,12,0,,0.0,1.0
two_hubs,126,12,402,50839421,1,1.0,1.0,1.0,1.0,1.0,5.75,12,0,,0.0,1.0
two_hubs,126,12,403,50839422,1,0.0,1.0,1.0,1.0,1.0,5.416666666666667,12,0,,0.0,1.0
two_hubs,126,12,404,50839423,1,1.0,1.0,1.0,1.0,1.0,5.75,12,0,,0.0,1.0
two_hubs,126,12,405,50839424,1,1.0,1.0,1.0,1.0,1.0,7.25,12,0,,0.0,1.0
two_hubs,126,12,406,50839425,1,1.0,1.0,1.0,1.0,1.0,5.25,12,0,,0.0,1.0
two_hubs,126,12,407,50839426,1,1.0,1.0,1.0,1.0,1.0,5.416666666666667,12,0,,0.0,1.0
two_hubs,126,12,408,50839427,1,1.0,1.0,1.0,1.0,1.0,6.083333333333333,12,0,,0.0,1.0
two_hubs,126,12,409,50839428,1,0.0,1.0,1.0,1.0,1.0,5.833333333333333,12,0,,0.0,1.0
two_hubs,126,12,410,50839429,1,1.0,1.0,1.0,1.0,1.0,5.416666666666667,12,0,,0.0,1.0
two_hubs,126,12,411,50839430,1,1.0,1.0,1.0,1.0,1.0,6.083333333333333,12,0,,0.0,1.0
two_hubs,126,12,412,50839431,1,1.0,1.0,1.0,1.0,1.0,6.416666666666667,12,0,,0.0,1.0
two_hubs,126,12,413,50839432,1,0.0,1.0,1.0,1.0,1.0,6.083333333333333,12,0,,0.0,1.0
two_hubs,126,12,414,50839433,1,0.0,1.0,1.0,1.0,1.0,6.0,12,0,,0.0,1.0
two_hubs,126,12,415,50839434,1,1.0,1.0,1.0,1.0,1.0,6.0,12,0,,0.0,1.0
two_hubs,126,12,416,50839435,1,1.0,1.0,1.0,1.0,1.0,5.416666666666667,12,0,,0.0,1.0
two_hubs,126,12,417,50839436,1,1.0,1.0,1.0,1.0,1.0,7.0,12,0,,0.0,1.0
two_hubs,126,12,418,50839437,1,0.0,1.0,1.0,1.0,1.0,6.333333333333333,12,0,,0.0,1.0
two_hubs,126,12,419,50839438,1,0.0,1.0,1.0,1.0,1.0,7.0,12,0,,0.0,1.0
two_hubs,126,12,420,50839439,1,1.0,1.0,1.0,1.0,1.0,6.5,12,0,,0.0,1.0
two_hubs,126,12,421,50839440,1,1.0,1.0,1.0,1.0,1.0,6.25,12,0,,0.0,1.0
two_hubs,126,12,422,50839441,1,1.0,1.0,1.0,1.0,1.0,5.166666666666667,12,0,,0.0,1.0
two_hubs,126,12,423,50839442,1,0.0,1.0,1.0,1.0,1.0,5.083333333333333,12,0,,0.0,1.0
two_hubs,126,12,424,50839443,1,1.0,1.0,1.0,1.0,1.0,7.416666666666667,12,0,,0.0,1.0
two_hubs,126,12,425,50839444,1,1.0,1.0,1.0,1.0,1.0,5.583333333333333,12,0,,0.0,1.0
two_hubs,126,12,426,50839445,1,1.0,1.0,1.0,1.0,1.0,6.166666666666667,12,0,,0.0,1.0
two_hubs,126,12,427,50839446,1,1.0,1.0,1.0,1.0,1.0,6.0,12,0,,0.0,1.0
two_hubs,126,12,428,50839447,1,1.0,1.0,1.0,1.0,1.0,7.0,12,0,,0.0,1.0
two_hubs,126,12,429,50839448,1,1.0,1.0,1.0,1.0,1.0,6.75,12,0,,0.0,1.0
two_hubs,126,12,430,50839449,1,1.0,1.0,1.0,1.0,1.0,5.916666666666667,12,0,,0.0,1.0
two_hubs,126,12,431,50839450,1,1.0,1.0,1.0,1.0,1.0,6.25,12,0,,0.0,1.0
two_hubs,126,12,432,50839451,1,0.0,1.0,1.0,1.0,1.0,5.833333333333333,12,0,,0.0,1.0
two_hubs,126,12,433,50839452,1,1.0,1.0,1.0,1.0,1.0,6.833333333333333,12,0,,0.0,1.0
two_hubs,126,12,434,50839453,1,1.0,1.0,1.0,1.0,1.0,7.0,12,0,,0.0,1.0
two_hubs,126,12,435,50839454,1,0.0,1.0,1.0,1.0,1.0,5.25,12,0,,0.0,1.0
two_hubs,126,12,436,50839455,1,1.0,1.0,1.0,1.0,1.0,6.416666666666667,12,0,,0.0,1.0
two_hubs,126,12,437,50839456,1,1.0,1.0,1.0,1.0,1.0,5.416666666666667,12,0,,0.0,1.0
two_hubs,126,12,438,50839457,1,1.0,1.0,1.0,1.0,1.0,6.416666666666667,12,0,,0.0,1.0
two_hubs,126,12,439,50839458,1,1.0,1.0,1.0,1.0,1.0,5.75,12,0,,0.0,1.0
two_hubs,126,12,440,50839459,1,1.0,1.0,1.0,1.0,1.0,5.75,12,0,,0.0,1.0
two_hubs,126,12,441,50839460,1,1.0,1.0,1.0,1.0,1.0,6.666666666666667,12,0,,0.0,1.0
two_hubs,126,12,442,50839461,1,1.0,1.0,1.0,1.0,1.0,5.916666666666667,12,0,,0.0,1.0
two_hubs,126,12,443,50839462,1,0.0,1.0,1.0,1.0,1.0,6.916666666666667,12,0,,0.0,1.0
two_hubs,126,12,444,50839463,1,1.0,1.0,1.0,1.0,1.0,7.5,12,0,,0.0,1.0
two_hubs,126,12,445,50839464,1,1.0,1.0,1.0,1.0,1.0,5.333333333333333,12,0,,0.0,1.0
two_hubs,126,12,446,50839465,1,1.0,1.0,1.0,1.0,1.0,6.916666666666667,12,0,,0.0,1.0
two_hubs,126,12,447,50839466,1,1.0,1.0,1.0,1.0,1.0,6.166666666666667,12,0,,0.0,1.0
two_hubs,126,12,448,50839467,1,1.0,1.0,1.0,1.0,1.0,7.333333333333333,12,0,,0.0,1.0
two_hubs,126,12,449,50839468,1,1.0,1.0,1.0,1.0,1.0,6.166666666666667,12,0,,0.0,1.0
two_hubs,126,12,450,50839469,1,1.0,1.0,1.0,1.0,1.0,5.75,12,0,,0.0,1.0
two_hubs,126,12,451,50839470,1,1.0,1.0,1.0,1.0,1.0,5.416666666666667,12,0,,0.0,1.0
two_hubs,126,12,452,50839471,1,1.0,1.0,1.0,1.0,1.0,5.583333333333333,12,0,,0.0,1.0
two_hubs,126,12,453,50839472,1,1.0,1.0,1.0,1.0,1.0,7.416666666666667,12,0,,0.0,1.0
two_hubs,126,12,454,50839473,1,1.0,1.0,1.0,1.0,1.0,6.083333333333333,12,0,,0.0,1.0
two_hubs,126,12,455,50839474,1,1.0,1.0,1.0,1.0,1.0,5.75,12,0,,0.0,1.0
two_hubs,126,12,456,50839475,1,1.0,1.0,1.0,1.0,1.0,6.0,12,0,,0.0,1.0
two_hubs,126,12,457,50839476,1,1.0,1.0,1.0,1.0,1.0,5.0,12,0,,0.0,1.0
two_hubs,126,12,458,50839477,1,1.0,1.0,1.0,1.0,1.0,7.0,12,0,,0.0,1.0
two_hubs,126,12,459,50839478,1,1.0,1.0,1.0,1.0,1.0,6.583333333333333,12,0,,0.0,1.0
two_hubs,126,12,460,50839479,1,1.0,1.0,1.0,1.0,1.0,8.0,12,0,,0.0,1.0
two_hubs,126,12,461,50839480,1,1.0,1.0,1.0,1.0,1.0,6.5,12,0,,0.0,1.0
two_hubs,126,12,462,50839481,1,1.0,1.0,1.0,1.0,1.0,7.0,12,0,,0.0,1.0
two_hubs,126,12,463,50839482,1,1.0,1.0,1.0,1.0,1.0,5.75,12,0,,0.0,1.0
two_hubs,126,12,464,50839483,1,1.0,1.0,1.0,1.0,1.0,7.833333333333333,12,0,,0.0,1.0
two_hubs,126,12,465,50839484,1,1.0,1.0,1.0,1.0,1.0,6.416666666666667,12,0,,0.0,1.0
two_hubs,126,12,466,50839485,1,1.0,1.0,1.0,1.0,1.0,5.916666666666667,12,0,,0.0,1.0
two_hubs,126,12,467,50839486,1,1.0,1.0,1.0,1.0,1.0,5.583333333333333,12,0,,0.0,1.0
two_hubs,126,12,468,50839487,1,1.0,1.0,1.0,1.0,1.0,6.666666666666667,12,0,,0.0,1.0
two_hubs,126,12,469,50839488,1,1.0,1.0,1.0,1.0,1.0,5.833333333333333,12,0,,0.0,1.0
two_hubs,126,12,470,50839489,1,1.0,1.0,1.0,1.0,1.0,8.333333333333334,12,0,,0.0,1.0
two_hubs,126,12,471,50839490,1,1.0,1.0,1.0,1.0,1.0,6.083333333333333,12,0,,0.0,1.0
two_hubs,126,12,472,50839491,1,1.0,1.0,1.0,1.0,1.0,6.666666666666667,12,0,,0.0,1.0
two_hubs,126,12,473,50839492,1,1.0,1.0,1.0,1.0,1.0,5.5,12,0,,0.0,1.0
two_hubs,126,12,474,50839493,1,1.0,1.0,1.0,1.0,1.0,6.75,12,0,,0.0,1.0
two_hubs,126,12,475,50839494,1,1.0,1.0,1.0,1.0,1.0,6.0,12,0,,0.0,1.0
two_hubs,126,12,476,50839495,1,1.0,1.0,1.0,1.0,1.0,5.5,12,0,,0.0,1.0
two_hubs,126,12,477,50839496,1,1.0,1.0,1.0,1.0,1.0,6.166666666666667,12,0,,0.0,1.0
two_hubs,126,12,478,50839497,1,1.0,1.0,1.0,1.0,1.0,7.5,12,0,,0.0,1.0
two_hubs,126,12,479,50839498,1,1.0,1.0,1.0,1.0,1.0,5.833333333333333,12,0,,0.0,1.0
two_hubs,126,12,480,50839499,1,1.0,1.0,1.0,1.0,1.0,7.25,12,0,,0.0,1.0
two_hubs,126,12,481,50839500,1,1.0,1.0,1.0,1.0,1.0,6.0,12,0,,0.0,1.0
two_hubs,126,12,482,50839501,1,0.0,1.0,1.0,1.0,1.0,5.5,12,0,,0.0,1.0
two_hubs,126,12,483,50839502,1,1.0,1.0,1.0,1.0,1.0,7.083333333333333,12,0,,0.0,1.0
two_hubs,126,12,484,50839503,1,1.0,1.0,1.0,1.0,1.0,5.75,12,0,,0.0,1.0
two_hubs,126,12,485,50839504,1,1.0,1.0,1.0,1.0,1.0,5.666666666666667,12,0,,0.0,1.0
two_hubs,126,12,486,50839505,1,1.0,1.0,1.0,1.0,1.0,5.333333333333333,12,0,,0.0,1.0
two_hubs,126,12,487,50839506,1,1.0,1.0,1.0,1.0,1.0,5.583333333333333,12,0,,0.0,1.0
two_hubs,126,12,488,50839507,1,1.0,1.0,1.0,1.0,1.0,7.25,12,0,,0.0,1.0
two_hubs,126,12,489,50839508,1,1.0,1.0,1.0,1.0,1.0,5.416666666666667,12,0,,0.0,1.0
two_hubs,126,12,490,50839509,1,1.0,1.0,1.0,1.0,1.0,6.5,12,0,,0.0,1.0
two_hubs,126,12,491,50839510,1,1.0,1.0,1.0,1.0,1.0,5.583333333333333,12,0,,0.0,1.0
two_hubs,126,12,492,50839511,1,1.0,1.0,1.0,1.0,1.0,5.25,12,0,,0.0,1.0
two_hubs,126,12,493,50839512,1,1.0,1.0,1.0,1.0,1.0,7.5,12,0,,0.0,1.0
two_hubs,126,12,494,50839513,1,1.0,1.0,1.0,1.0,1.0,6.083333333333333,12,0,,0.0,1.0
two_hubs,126,12,495,50839514,1,1.0,1.0,1.0,1.0,1.0,6.833333333333333,12,0,,0.0,1.0
two_hubs,126,12,496,50839515,1,1.0,1.0,1.0,1.0,1.0,6.916666666666667,12,0,,0.0,1.0
two_hubs,126,12,497,50839516,1,1.0,1.0,1.0,1.0,1.0,5.833333333333333,12,0,,0.0,1.0
two_hubs,126,12,498,50839517,1,1.0,1.0,1.0,1.0,1.0,6.583333333333333,12,0,,0.0,1.0
two_hubs,126,12,499,50839518,1,1.0,1.0,1.0,1.0,1.0,6.666666666666667,12,0,,0.0,1.0
two_hubs,252,12,0,50965019,1,1.0,1.0,1.0,1.0,1.0,4.333333333333333,12,0,,0.0,1.0
two_hubs,252,12,1,50965020,1,1.0,1.0,1.0,1.0,1.0,4.75,12,0,,0.0,1.0
two_hubs,252,12,2,50965021,1,1.0,1.0,1.0,1.0,1.0,4.25,12,0,,0.0,1.0
two_hubs,252,12,3,50965022,1,1.0,1.0,1.0,1.0,1.0,4.166666666666667,12,0,,0.0,1.0
two_hubs,252,12,4,50965023,1,1.0,1.0,1.0,1.0,1.0,4.583333333333333,12,0,,0.0,1.0
two_hubs,252,12,5,50965024,1,1.0,1.0,1.0,1.0,1.0,4.916666666666667,12,0,,0.0,1.0
two_hubs,252,12,6,50965025,1,1.0,1.0,1.0,1.0,1.0,4.25,12,0,,0.0,1.0
two_hubs,252,12,7,50965026,1,1.0,1.0,1.0,1.0,1.0,4.333333333333333,12,0,,0.0,1.0
two_hubs,252,12,8,50965027,1,1.0,1.0,1.0,1.0,1.0,4.666666666666667,12,0,,0.0,1.0
two_hubs,252,12,9,50965028,1,1.0,1.0,1.0,1.0,1.0,4.25,12,0,,0.0,1.0
two_hubs,252,12,10,50965029,1,1.0,1.0,1.0,1.0,1.0,4.583333333333333,12,0,,0.0,1.0
two_hubs,252,12,11,50965030,1,1.0,1.0,1.0,1.0,1.0,4.583333333333333,12,0,,0.0,1.0
two_hubs,252,12,12,50965031,1,1.0,1.0,1.0,1.0,1.0,4.583333333333333,12,0,,0.0,1.0
two_hubs,252,12,13,50965032,1,0.0,1.0,1.0,1.0,1.0,4.25,12,0,,0.0,1.0
two_hubs,252,12,14,50965033,1,1.0,1.0,1.0,1.0,1.0,4.583333333333333,12,0,,0.0,1.0
two_hubs,252,12,15,50965034,1,1.0,1.0,1.0,1.0,1.0,4.333333333333333,12,0,,0.0,1.0
two_hubs,252,12,16,50965035,1,1.0,1.0,1.0,1.0,1.0,4.166666666666667,12,0,,0.0,1.0
two_hubs,252,12,17,50965036,1,1.0,1.0,1.0,1.0,1.0,4.75,12,0,,0.0,1.0
two_hubs,252,12,18,50965037,1,1.0,1.0,1.0,1.0,1.0,4.75,12,0,,0.0,1.0
two_hubs,252,12,19,50965038,1,1.0,1.0,1.0,1.0,1.0,4.833333333333333,12,0,,0.0,1.0
two_hubs,252,12,20,50965039,1,1.0,1.0,1.0,1.0,1.0,4.75,12,0,,0.0,1.0
two_hubs,252,12,21,50965040,1,1.0,1.0,1.0,1.0,1.0,4.916666666666667,12,0,,0.0,1.0
two_hubs,252,12,22,50965041,1,0.0,1.0,1.0,1.0,1.0,4.0,12,0,,0.0,1.0
two_hubs,252,12,23,50965042,1,1.0,1.0,1.0,1.0,1.0,4.083333333333333,12,0,,0.0,1.0
two_hubs,252,12,24,50965043,1,1.0,1.0,1.0,1.0,1.0,4.333333333333333,12,0,,0.0,1.0
two_hubs,252,12,25,50965044,1,1.0,1.0,1.0,1.0,1.0,4.0,12,0,,0.0,1.0
two_hubs,252,12,26,50965045,1,1.0,1.0,1.0,1.0,1.0,4.25,12,0,,0.0,1.0
two_hubs,252,12,27,50965046,1,1.0,1.0,1.0,1.0,1.0,4.083333333333333,12,0,,0.0,1.0
two_hubs,252,12,28,50965047,1,1.0,1.0,1.0,1.0,1.0,4.666666666666667,12,0,,0.0,1.0
two_hubs,252,12,29,50965048,1,1.0,1.0,1.0,1.0,1.0,4.416666666666667,12,0,,0.0,1.0
two_hubs,252,12,30,50965049,1,1.0,1.0,1.0,1.0,1.0,4.083333333333333,12,0,,0.0,1.0
two_hubs,252,12,31,50965050,1,1.0,1.0,1.0,1.0,1.0,4.25,12,0,,0.0,1.0
two_hubs,252,12,32,50965051,1,1.0,1.0,1.0,1.0,1.0,4.25,12,0,,0.0,1.0
two_hubs,252,12,33,50965052,1,1.0,1.0,1.0,1.0,1.0,4.333333333333333,12,0,,0.0,1.0
two_hubs,252,12,34,50965053,1,1.0,1.0,1.0,1.0,1.0,4.333333333333333,12,0,,0.0,1.0
two_hubs,252,12,35,50965054,1,1.0,1.0,1.0,1.0,1.0,4.75,12,0,,0.0,1.0
two_hubs,252,12,36,50965055,1,1.0,1.0,1.0,1.0,1.0,4.583333333333333,12,0,,0.0,1.0
two_hubs,252,12,37,50965056,1,1.0,1.0,1.0,1.0,1.0,4.333333333333333,12,0,,0.0,1.0
two_hubs,252,12,38,50965057,1,1.0,1.0,1.0,1.0,1.0,4.166666666666667,12,0,,0.0,1.0
two_hubs,252,12,39,50965058,1,1.0,1.0,1.0,1.0,1.0,4.75,12,0,,0.0,1.0
two_hubs,252,12,40,50965059,1,1.0,1.0,1.0,1.0,1.0,4.25,12,0,,0.0,1.0
two_hubs,252,12,41,50965060,1,1.0,1.0,1.0,1.0,1.0,4.583333333333333,12,0,,0.0,1.0
two_hubs,252,12,42,50965061,1,1.0,1.0,1.0,1.0,1.0,4.333333333333333,12,0,,0.0,1.0
two_hubs,252,12,43,50965062,1,0.0,1.0,1.0,1.0,1.0,4.666666666666667,12,0,,0.0,1.0
two_hubs,252,12,44,50965063,1,1.0,1.0,1.0,1.0,1.0,4.416666666666667,12,0,,0.0,1.0
two_hubs,252,12,45,50965064,1,1.0,1.0,1.0,1.0,1.0,4.666666666666667,12,0,,0.0,1.0
two_hubs,252,12,46,50965065,1,1.0,1.0,1.0,1.0,1.0,4.166666666666667,12,0,,0.0,1.0
two_hubs,252,12,47,50965066,1,1.0,1.0,1.0,1.0,1.0,4.833333333333333,12,0,,0.0,1.0
two_hubs,252,12,48,50965067,1,1.0,1.0,1.0,1.0,1.0,3.75,12,0,,0.0,1.0
two_hubs,252,12,49,50965068,1,1.0,1.0,1.0,1.0,1.0,4.333333333333333,12,0,,0.0,1.0
two_hubs,252,12,50,50965069,1,1.0,1.0,1.0,1.0,1.0,4.583333333333333,12,0,,0.0,1.0
two_hubs,252,12,51,50965070,1,1.0,1.0,1.0,1.0,1.0,4.416666666666667,12,0,,0.0,1.0
two_hubs,252,12,52,50965071,1,1.0,1.0,1.0,1.0,1.0,4.5,12,0,,0.0,1.0
two_hubs,252,12,53,50965072,1,1.0,1.0,1.0,1.0,1.0,3.8333333333333335,12,0,,0.0,1.0
two_hubs,252,12,54,50965073,1,1.0,1.0,1.0,1.0,1.0,4.5,12,0,,0.0,1.0
two_hubs,252,12,55,50965074,1,1.0,1.0,1.0,1.0,1.0,3.75,12,0,,0.0,1.0
two_hubs,252,12,56,50965075,1,1.0,1.0,1.0,1.0,1.0,4.666666666666667,12,0,,0.0,1.0
two_hubs,252,12,57,50965076,1,1.0,1.0,1.0,1.0,1.0,4.416666666666667,12,0,,0.0,1.0
two_hubs,252,12,58,50965077,1,1.0,1.0,1.0,1.0,1.0,4.416666666666667,12,0,,0.0,1.0
two_hubs,252,12,59,50965078,1,1.0,1.0,1.0,1.0,1.0,4.5,12,0,,0.0,1.0
two_hubs,252,12,60,50965079,1,1.0,1.0,1.0,1.0,1.0,4.5,12,0,,0.0,1.0
two_hubs,252,12,61,50965080,1,1.0,1.0,1.0,1.0,1.0,4.583333333333333,12,0,,0.0,1.0
two_hubs,252,12,62,50965081,1,1.0,1.0,1.0,1.0,1.0,4.416666666666667,12,0,,0.0,1.0
two_hubs,252,12,63,50965082,1,0.0,1.0,1.0,1.0,1.0,3.8333333333333335,12,0,,0.0,1.0
two_hubs,252,12,64,50965083,1,1.0,1.0,1.0,1.0,1.0,4.25,12,0,,0.0,1.0
two_hubs,252,12,65,50965084,1,1.0,1.0,1.0,1.0,1.0,4.666666666666667,12,0,,0.0,1.0
two_hubs,252,12,66,50965085,1,1.0,1.0,1.0,1.0,1.0,4.416666666666667,12,0,,0.0,1.0
two_hubs,252,12,67,50965086,1,1.0,1.0,1.0,1.0,1.0,4.833333333333333,12,0,,0.0,1.0
two_hubs,252,12,68,50965087,1,1.0,1.0,1.0,1.0,1.0,4.583333333333333,12,0,,0.0,1.0
two_hubs,252,12,69,50965088,1,1.0,1.0,1.0,1.0,1.0,4.416666666666667,12,0,,0.0,1.0
two_hubs,252,12,70,50965089,1,1.0,1.0,1.0,1.0,1.0,4.0,12,0,,0.0,1.0
two_hubs,252,12,71,50965090,1,1.0,1.0,1.0,1.0,1.0,4.166666666666667,12,0,,0.0,1.0
two_hubs,252,12,72,50965091,1,1.0,1.0,1.0,1.0,1.0,3.8333333333333335,12,0,,0.0,1.0
two_hubs,252,12,73,50965092,1,1.0,1.0,1.0,1.0,1.0,4.666666666666667,12,0,,0.0,1.0
two_hubs,252,12,74,50965093,1,1.0,1.0,1.0,1.0,1.0,4.583333333333333,12,0,,0.0,1.0
two_hubs,252,12,75,50965094,1,0.0,1.0,1.0,1.0,1.0,4.333333333333333,12,0,,0.0,1.0
two_hubs,252,12,76,50965095,1,1.0,1.0,1.0,1.0,1.0,4.666666666666667,12,0,,0.0,1.0
two_hubs,252,12,77,50965096,1,1.0,1.0,1.0,1.0,1.0,4.25,12,0,,0.0,1.0
two_hubs,252,12,78,50965097,1,1.0,1.0,1.0,1.0,1.0,4.333333333333333,12,0,,0.0,1.0
two_hubs,252,12,79,50965098,1,1.0,1.0,1.0,1.0,1.0,4.75,12,0,,0.0,1.0
two_hubs,252,12,80,50965099,1,1.0,1.0,1.0,1.0,1.0,4.416666666666667,12,0,,0.0,1.0
two_hubs,252,12,81,50965100,1,0.0,1.0,1.0,1.0,1.0,4.583333333333333,12,0,,0.0,1.0
two_hubs,252,12,82,50965101,1,1.0,1.0,1.0,1.0,1.0,4.416666666666667,12,0,,0.0,1.0
two_hubs,252,12,83,50965102,1,1.0,1.0,1.0,1.0,1.0,4.25,12,0,,0.0,1.0
two_hubs,252,12,84,50965103,1,1.0,1.0,1.0,1.0,1.0,4.5,12,0,,0.0,1.0
two_hubs,252,12,85,50965104,1,1.0,1.0,1.0,1.0,1.0,4.0,12,0,,0.0,1.0
two_hubs,252,12,86,50965105,1,1.0,1.0,1.0,1.0,1.0,4.25,12,0,,0.0,1.0
two_hubs,252,12,87,50965106,1,1.0,1.0,1.0,1.0,1.0,4.583333333333333,12,0,,0.0,1.0
two_hubs,252,12,88,50965107,1,1.0,1.0,1.0,1.0,1.0,4.75,12,0,,0.0,1.0
two_hubs,252,12,89,50965108,1,1.0,1.0,1.0,1.0,1.0,4.333333333333333,12,0,,0.0,1.0
two_hubs,252,12,90,50965109,1,1.0,1.0,1.0,1.0,1.0,4.583333333333333,12,0,,0.0,1.0
two_hubs,252,12,91,50965110,1,1.0,1.0,1.0,1.0,1.0,4.666666666666667,12,0,,0.0,1.0
two_hubs,252,12,92,50965111,1,1.0,1.0,1.0,1.0,1.0,4.833333333333333,12,0,,0.0,1.0
two_hubs,252,12,93,50965112,1,1.0,1.0,1.0,1.0,1.0,4.583333333333333,12,0,,0.0,1.0
two_hubs,252,12,94,50965113,1,1.0,1.0,1.0,1.0,1.0,4.833333333333333,12,0,,0.0,1.0
two_hubs,252,12,95,50965114,1,0.0,1.0,1.0,1.0,1.0,4.333333333333333,12,0,,0.0,1.0
two_hubs,252,12,96,50965115,1,1.0,1.0,1.0,1.0,1.0,4.416666666666667,12,0,,0.0,1.0
two_hubs,252,12,97,50965116,1,1.0,1.0,1.0,1.0,1.0,4.416666666666667,12,0,,0.0,1.0
two_hubs,252,12,98,50965117,1,1.0,1.0,1.0,1.0,1.0,4.5,12,0,,0.0,1.0
two_hubs,252,12,99,50965118,1,1.0,1.0,1.0,1.0,1.0,4.25,12,0,,0.0,1.0
two_hubs,252,12,100,50965119,1,0.0,1.0,1.0,1.0,1.0,4.583333333333333,12,0,,0.0,1.0
two_hubs,252,12,101,50965120,1,1.0,1.0,1.0,1.0,1.0,4.75,12,0,,0.0,1.0
two_hubs,252,12,102,50965121,1,1.0,1.0,1.0,1.0,1.0,4.0,12,0,,0.0,1.0
two_hubs,252,12,103,50965122,1,1.0,1.0,1.0,1.0,1.0,4.5,12,0,,0.0,1.0
two_hubs,252,12,104,50965123,1,1.0,1.0,1.0,1.0,1.0,4.25,12,0,,0.0,1.0
two_hubs,252,12,105,50965124,1,1.0,1.0,1.0,1.0,1.0,4.0,12,0,,0.0,1.0
two_hubs,252,12,106,50965125,1,1.0,1.0,1.0,1.0,1.0,4.416666666666667,12,0,,0.0,1.0
two_hubs,252,12,107,50965126,1,1.0,1.0,1.0,1.0,1.0,4.666666666666667,12,0,,0.0,1.0
two_hubs,252,12,108,50965127,1,1.0,1.0,1.0,1.0,1.0,4.916666666666667,12,0,,0.0,1.0
two_hubs,252,12,109,50965128,1,1.0,1.0,1.0,1.0,1.0,4.583333333333333,12,0,,0.0,1.0
two_hubs,252,12,110,50965129,1,1.0,1.0,1.0,1.0,1.0,4.583333333333333,12,0,,0.0,1.0
two_hubs,252,12,111,50965130,1,1.0,1.0,1.0,1.0,1.0,4.5,12,0,,0.0,1.0
two_hubs,252,12,112,50965131,1,1.0,1.0,1.0,1.0,1.0,4.5,12,0,,0.0,1.0
two_hubs,252,12,113,50965132,1,1.0,1.0,1.0,1.0,1.0,4.166666666666667,12,0,,0.0,1.0
two_hubs,252,12,114,50965133,1,1.0,1.0,1.0,1.0,1.0,4.416666666666667,12,0,,0.0,1.0
two_hubs,252,12,115,50965134,1,1.0,1.0,1.0,1.0,1.0,4.75,12,0,,0.0,1.0
two_hubs,252,12,116,50965135,1,1.0,1.0,1.0,1.0,1.0,4.083333333333333,12,0,,0.0,1.0
two_hubs,252,12,117,50965136,1,1.0,1.0,1.0,1.0,1.0,4.166666666666667,12,0,,0.0,1.0
two_hubs,252,12,118,50965137,1,1.0,1.0,1.0,1.0,1.0,4.416666666666667,12,0,,0.0,1.0
two_hubs,252,12,119,50965138,1,1.0,1.0,1.0,1.0,1.0,4.583333333333333,12,0,,0.0,1.0
two_hubs,252,12,120,50965139,1,1.0,1.0,1.0,1.0,1.0,4.333333333333333,12,0,,0.0,1.0
two_hubs,252,12,121,50965140,1,1.0,1.0,1.0,1.0,1.0,4.583333333333333,12,0,,0.0,1.0
two_hubs,252,12,122,50965141,1,1.0,1.0,1.0,1.0,1.0,4.416666666666667,12,0,,0.0,1.0
two_hubs,252,12,123,50965142,1,1.0,1.0,1.0,1.0,1.0,4.833333333333333,12,0,,0.0,1.0
two_hubs,252,12,124,50965143,1,1.0,1.0,1.0,1.0,1.0,4.5,12,0,,0.0,1.0
two_hubs,252,12,125,50965144,1,0.0,1.0,1.0,1.0,1.0,4.833333333333333,12,0,,0.0,1.0
two_hubs,252,12,126,50965145,1,1.0,1.0,1.0,1.0,1.0,4.833333333333333,12,0,,0.0,1.0
two_hubs,252,12,127,50965146,1,1.0,1.0,1.0,1.0,1.0,4.416666666666667,12,0,,0.0,1.0
two_hubs,252,12,128,50965147,1,0.0,1.0,1.0,1.0,1.0,4.5,12,0,,0.0,1.0
two_hubs,252,12,129,50965148,1,1.0,1.0,1.0,1.0,1.0,4.916666666666667,12,0,,0.0,1.0
two_hubs,252,12,130,50965149,1,1.0,1.0,1.0,1.0,1.0,4.083333333333333,12,0,,0.0,1.0
two_hubs,252,12,131,50965150,1,1.0,1.0,1.0,1.0,1.0,4.416666666666667,12,0,,0.0,1.0
two_hubs,252,12,132,50965151,1,1.0,1.0,1.0,1.0,1.0,3.9166666666666665,12,0,,0.0,1.0
two_hubs,252,12,133,50965152,1,1.0,1.0,1.0,1.0,1.0,4.666666666666667,12,0,,0.0,1.0
two_hubs,252,12,134,50965153,1,1.0,1.0,1.0,1.0,1.0,4.5,12,0,,0.0,1.0
two_hubs,252,12,135,50965154,1,1.0,1.0,1.0,1.0,1.0,4.5,12,0,,0.0,1.0
two_hubs,252,12,136,50965155,1,1.0,1.0,1.0,1.0,1.0,4.333333333333333,12,0,,0.0,1.0
two_hubs,252,12,137,50965156,1,1.0,1.0,1.0,1.0,1.0,4.0,12,0,,0.0,1.0
two_hubs,252,12,138,50965157,1,1.0,1.0,1.0,1.0,1.0,4.5,12,0,,0.0,1.0
two_hubs,252,12,139,50965158,1,1.0,1.0,1.0,1.0,1.0,4.166666666666667,12,0,,0.0,1.0
two_hubs,252,12,140,50965159,1,1.0,1.0,1.0,1.0,1.0,4.333333333333333,12,0,,0.0,1.0
two_hubs,252,12,141,50965160,1,1.0,1.0,1.0,1.0,1.0,4.5,12,0,,0.0,1.0
two_hubs,252,12,142,50965161,1,1.0,1.0,1.0,1.0,1.0,3.9166666666666665,12,0,,0.0,1.0
two_hubs,252,12,143,50965162,1,1.0,1.0,1.0,1.0,1.0,4.25,12,0,,0.0,1.0
two_hubs,252,12,144,50965163,1,1.0,1.0,1.0,1.0,1.0,3.6666666666666665,12,0,,0.0,1.0
two_hubs,252,12,145,50965164,1,1.0,1.0,1.0,1.0,1.0,4.666666666666667,12,0,,0.0,1.0
two_hubs,252,12,146,50965165,1,1.0,1.0,1.0,1.0,1.0,4.666666666666667,12,0,,0.0,1.0
two_hubs,252,12,147,50965166,1,1.0,1.0,1.0,1.0,1.0,4.5,12,0,,0.0,1.0
two_hubs,252,12,148,50965167,1,1.0,1.0,1.0,1.0,1.0,4.75,12,0,,0.0,1.0
two_hubs,252,12,149,50965168,1,1.0,1.0,1.0,1.0,1.0,4.333333333333333,12,0,,0.0,1.0
two_hubs,252,12,150,50965169,1,1.0,1.0,1.0,1.0,1.0,4.5,12,0,,0.0,1.0
two_hubs,252,12,151,50965170,1,1.0,1.0,1.0,1.0,1.0,4.5,12,0,,0.0,1.0
two_hubs,252,12,152,50965171,1,1.0,1.0,1.0,1.0,1.0,4.166666666666667,12,0,,0.0,1.0
two_hubs,252,12,153,50965172,1,1.0,1.0,1.0,1.0,1.0,4.5,12,0,,0.0,1.0
two_hubs,252,12,154,50965173,1,1.0,1.0,1.0,1.0,1.0,4.666666666666667,12,0,,0.0,1.0
two_hubs,252,12,155,50965174,1,1.0,1.0,1.0,1.0,1.0,4.666666666666667,12,0,,0.0,1.0
two_hubs,252,12,156,50965175,1,1.0,1.0,1.0,1.0,1.0,4.416666666666667,12,0,,0.0,1.0
two_hubs,252,12,157,50965176,1,1.0,1.0,1.0,1.0,1.0,4.333333333333333,12,0,,0.0,1.0
two_hubs,252,12,158,50965177,1,1.0,1.0,1.0,1.0,1.0,4.5,12,0,,0.0,1.0
two_hubs,252,12,159,50965178,1,1.0,1.0,1.0,1.0,1.0,4.083333333333333,12,0,,0.0,1.0
two_hubs,252,12,160,50965179,1,1.0,1.0,1.0,1.0,1.0,4.666666666666667,12,0,,0.0,1.0
two_hubs,252,12,161,50965180,1,0.0,1.0,1.0,1.0,1.0,4.166666666666667,12,0,,0.0,1.0
two_hubs,252,12,162,50965181,1,1.0,1.0,1.0,1.0,1.0,4.25,12,0,,0.0,1.0
two_hubs,252,12,163,50965182,1,1.0,1.0,1.0,1.0,1.0,4.333333333333333,12,0,,0.0,1.0
two_hubs,252,12,164,50965183,1,1.0,1.0,1.0,1.0,1.0,4.916666666666667,12,0,,0.0,1.0
two_hubs,252,12,165,50965184,1,0.0,1.0,1.0,1.0,1.0,4.333333333333333,12,0,,0.0,1.0
two_hubs,252,12,166,50965185,1,1.0,1.0,1.0,1.0,1.0,4.416666666666667,12,0,,0.0,1.0
two_hubs,252,12,167,50965186,1,1.0,1.0,1.0,1.0,1.0,4.25,12,0,,0.0,1.0
two_hubs,252,12,168,50965187,1,1.0,1.0,1.0,1.0,1.0,4.666666666666667,12,0,,0.0,1.0
two_hubs,252,12,169,50965188,1,1.0,1.0,1.0,1.0,1.0,4.25,12,0,,0.0,1.0
two_hubs,252,12,170,50965189,1,1.0,1.0,1.0,1.0,1.0,4.333333333333333,12,0,,0.0,1.0
two_hubs,252,12,171,50965190,1,1.0,1.0,1.0,1.0,1.0,4.5,12,0,,0.0,1.0
two_hubs,252,12,172,50965191,1,1.0,1.0,1.0,1.0,1.0,4.0,12,0,,0.0,1.0
two_hubs,252,12,173,50965192,1,1.0,1.0,1.0,1.0,1.0,4.25,12,0,,0.0,1.0
two_hubs,252,12,174,50965193,1,1.0,1.0,1.0,1.0,1.0,4.333333333333333,12,0,,0.0,1.0
two_hubs,252,12,175,50965194,1,1.0,1.0,1.0,1.0,1.0,4.5,12,0,,0.0,1.0
two_hubs,252,12,176,50965195,1,1.0,1.0,1.0,1.0,1.0,3.6666666666666665,12,0,,0.0,1.0
two_hubs,252,12,177,50965196,1,1.0,1.0,1.0,1.0,1.0,4.5,12,0,,0.0,1.0
two_hubs,252,12,178,50965197,1,1.0,1.0,1.0,1.0,1.0,4.916666666666667,12,0,,0.0,1.0
two_hubs,252,12,179,50965198,1,1.0,1.0,1.0,1.0,1.0,4.583333333333333,12,0,,0.0,1.0
two_hubs,252,12,180,50965199,1,1.0,1.0,1.0,1.0,1.0,4.083333333333333,12,0,,0.0,1.0
two_hubs,252,12,181,50965200,1,1.0,1.0,1.0,1.0,1.0,4.583333333333333,12,0,,0.0,1.0
two_hubs,252,12,182,50965201,1,1.0,1.0,1.0,1.0,1.0,4.5,12,0,,0.0,1.0
two_hubs,252,12,183,50965202,1,0.0,1.0,1.0,1.0,1.0,4.416666666666667,12,0,,0.0,1.0
two_hubs,252,12,184,50965203,1,0.0,1.0,1.0,1.0,1.0,4.25,12,0,,0.0,1.0
two_hubs,252,12,185,50965204,1,1.0,1.0,1.0,1.0,1.0,4.666666666666667,12,0,,0.0,1.0
two_hubs,252,12,186,50965205,1,1.0,1.0,1.0,1.0,1.0,4.333333333333333,12,0,,0.0,1.0
two_hubs,252,12,187,50965206,1,1.0,1.0,1.0,1.0,1.0,4.166666666666667,12,0,,0.0,1.0
two_hubs,252,12,188,50965207,1,1.0,1.0,1.0,1.0,1.0,4.416666666666667,12,0,,0.0,1.0
two_hubs,252,12,189,50965208,1,1.0,1.0,1.0,1.0,1.0,4.5,12,0,,0.0,1.0
two_hubs,252,12,190,50965209,1,1.0,1.0,1.0,1.0,1.0,4.5,12,0,,0.0,1.0
two_hubs,252,12,191,50965210,1,1.0,1.0,1.0,1.0,1.0,4.5,12,0,,0.0,1.0
two_hubs,252,12,192,50965211,1,1.0,1.0,1.0,1.0,1.0,4.333333333333333,12,0,,0.0,1.0
two_hubs,252,12,193,50965212,1,1.0,1.0,1.0,1.0,1.0,4.666666666666667,12,0,,0.0,1.0
two_hubs,252,12,194,50965213,1,1.0,1.0,1.0,1.0,1.0,4.5,12,0,,0.0,1.0
two_hubs,252,12,195,50965214,1,1.0,1.0,1.0,1.0,1.0,4.416666666666667,12,0,,0.0,1.0
two_hubs,252,12,196,50965215,1,0.0,1.0,1.0,1.0,1.0,4.25,12,0,,0.0,1.0
two_hubs,252,12,197,50965216,1,1.0,1.0,1.0,1.0,1.0,4.25,12,0,,0.0,1.0
two_hubs,252,12,198,50965217,1,1.0,1.0,1.0,1.0,1.0,4.583333333333333,12,0,,0.0,1.0
two_hubs,252,12,199,50965218,1,1.0,1.0,1.0,1.0,1.0,4.416666666666667,12,0,,0.0,1.0
two_hubs,252,12,200,50965219,1,1.0,1.0,1.0,1.0,1.0,4.166666666666667,12,0,,0.0,1.0
two_hubs,252,12,201,50965220,1,1.0,1.0,1.0,1.0,1.0,4.333333333333333,12,0,,0.0,1.0
two_hubs,252,12,202,50965221,1,1.0,1.0,1.0,1.0,1.0,4.666666666666667,12,0,,0.0,1.0
two_hubs,252,12,203,50965222,1,0.0,1.0,1.0,1.0,1.0,4.333333333333333,12,0,,0.0,1.0
two_hubs,252,12,204,50965223,1,1.0,1.0,1.0,1.0,1.0,4.5,12,0,,0.0,1.0
two_hubs,252,12,205,50965224,1,1.0,1.0,1.0,1.0,1.0,4.583333333333333,12,0,,0.0,1.0
two_hubs,252,12,206,50965225,1,1.0,1.0,1.0,1.0,1.0,4.166666666666667,12,0,,0.0,1.0
two_hubs,252,12,207,50965226,1,1.0,1.0,1.0,1.0,1.0,4.5,12,0,,0.0,1.0
two_hubs,252,12,208,50965227,1,1.0,1.0,1.0,1.0,1.0,3.9166666666666665,12,0,,0.0,1.0
two_hubs,252,12,209,50965228,1,1.0,1.0,1.0,1.0,1.0,4.25,12,0,,0.0,1.0
two_hubs,252,12,210,50965229,1,1.0,1.0,1.0,1.0,1.0,4.833333333333333,12,0,,0.0,1.0
two_hubs,252,12,211,50965230,1,1.0,1.0,1.0,1.0,1.0,4.416666666666667,12,0,,0.0,1.0
two_hubs,252,12,212,50965231,1,1.0,1.0,1.0,1.0,1.0,4.5,12,0,,0.0,1.0
two_hubs,252,12,213,50965232,1,0.0,1.0,1.0,1.0,1.0,4.5,12,0,,0.0,1.0
two_hubs,252,12,214,50965233,1,1.0,1.0,1.0,1.0,1.0,4.416666666666667,12,0,,0.0,1.0
two_hubs,252,12,215,50965234,1,1.0,1.0,1.0,1.0,1.0,4.416666666666667,12,0,,0.0,1.0
two_hubs,252,12,216,50965235,1,1.0,1.0,1.0,1.0,1.0,4.666666666666667,12,0,,0.0,1.0
two_hubs,252,12,217,50965236,1,1.0,1.0,1.0,1.0,1.0,4.416666666666667,12,0,,0.0,1.0
two_hubs,252,12,218,50965237,1,0.0,1.0,1.0,1.0,1.0,4.25,12,0,,0.0,1.0
two_hubs,252,12,219,50965238,1,1.0,1.0,1.0,1.0,1.0,4.916666666666667,12,0,,0.0,1.0
two_hubs,252,12,220,50965239,1,1.0,1.0,1.0,1.0,1.0,4.833333333333333,12,0,,0.0,1.0
two_hubs,252,12,221,50965240,1,0.0,1.0,1.0,1.0,1.0,4.666666666666667,12,0,,0.0,1.0
two_hubs,252,12,222,50965241,1,1.0,1.0,1.0,1.0,1.0,4.083333333333333,12,0,,0.0,1.0
two_hubs,252,12,223,50965242,1,1.0,1.0,1.0,1.0,1.0,4.333333333333333,12,0,,0.0,1.0
two_hubs,252,12,224,50965243,1,1.0,1.0,1.0,1.0,1.0,4.166666666666667,12,0,,0.0,1.0
two_hubs,252,12,225,50965244,1,1.0,1.0,1.0,1.0,1.0,5.0,12,0,,0.0,1.0
two_hubs,252,12,226,50965245,1,1.0,1.0,1.0,1.0,1.0,4.416666666666667,12,0,,0.0,1.0
two_hubs,252,12,227,50965246,1,1.0,1.0,1.0,1.0,1.0,4.416666666666667,12,0,,0.0,1.0
two_hubs,252,12,228,50965247,1,1.0,1.0,1.0,1.0,1.0,4.5,12,0,,0.0,1.0
two_hubs,252,12,229,50965248,1,1.0,1.0,1.0,1.0,1.0,4.5,12,0,,0.0,1.0
two_hubs,252,12,230,50965249,1,1.0,1.0,1.0,1.0,1.0,4.583333333333333,12,0,,0.0,1.0
two_hubs,252,12,231,50965250,1,1.0,1.0,1.0,1.0,1.0,4.583333333333333,12,0,,0.0,1.0
two_hubs,252,12,232,50965251,1,1.0,1.0,1.0,1.0,1.0,4.416666666666667,12,0,,0.0,1.0
two_hubs,252,12,233,50965252,1,1.0,1.0,1.0,1.0,1.0,4.75,12,0,,0.0,1.0
two_hubs,252,12,234,50965253,1,1.0,1.0,1.0,1.0,1.0,4.833333333333333,12,0,,0.0,1.0
two_hubs,252,12,235,50965254,1,1.0,1.0,1.0,1.0,1.0,4.583333333333333,12,0,,0.0,1.0
two_hubs,252,12,236,50965255,1,0.0,1.0,1.0,1.0,1.0,4.25,12,0,,0.0,1.0
two_hubs,252,12,237,50965256,1,1.0,1.0,1.0,1.0,1.0,4.583333333333333,12,0,,0.0,1.0
two_hubs,252,12,238,50965257,1,1.0,1.0,1.0,1.0,1.0,4.833333333333333,12,0,,0.0,1.0
two_hubs,252,12,239,50965258,1,1.0,1.0,1.0,1.0,1.0,4.333333333333333,12,0,,0.0,1.0
two_hubs,252,12,240,50965259,1,1.0,1.0,1.0,1.0,1.0,4.166666666666667,12,0,,0.0,1.0
two_hubs,252,12,241,50965260,1,1.0,1.0,1.0,1.0,1.0,4.75,12,0,,0.0,1.0
two_hubs,252,12,242,50965261,1,1.0,1.0,1.0,1.0,1.0,4.5,12,0,,0.0,1.0
two_hubs,252,12,243,50965262,1,1.0,1.0,1.0,1.0,1.0,4.5,12,0,,0.0,1.0
two_hubs,252,12,244,50965263,1,1.0,1.0,1.0,1.0,1.0,4.75,12,0,,0.0,1.0
two_hubs,252,12,245,50965264,1,1.0,1.0,1.0,1.0,1.0,4.333333333333333,12,0,,0.0,1.0
two_hubs,252,12,246,50965265,1,1.0,1.0,1.0,1.0,1.0,4.25,12,0,,0.0,1.0
two_hubs,252,12,247,50965266,1,1.0,1.0,1.0,1.0,1.0,3.9166666666666665,12,0,,0.0,1.0
two_hubs,252,12,248,50965267,1,1.0,1.0,1.0,1.0,1.0,4.166666666666667,12,0,,0.0,1.0
two_hubs,252,12,249,50965268,1,1.0,1.0,1.0,1.0,1.0,4.583333333333333,12,0,,0.0,1.0
two_hubs,252,12,250,50965269,1,1.0,1.0,1.0,1.0,1.0,4.583333333333333,12,0,,0.0,1.0
two_hubs,252,12,251,50965270,1,1.0,1.0,1.0,1.0,1.0,4.833333333333333,12,0,,0.0,1.0
two_hubs,252,12,252,50965271,1,0.0,1.0,1.0,1.0,1.0,4.583333333333333,12,0,,0.0,1.0
two_hubs,252,12,253,50965272,1,1.0,1.0,1.0,1.0,1.0,4.5,12,0,,0.0,1.0
two_hubs,252,12,254,50965273,1,0.0,1.0,1.0,1.0,1.0,4.166666666666667,12,0,,0.0,1.0
two_hubs,252,12,255,50965274,1,1.0,1.0,1.0,1.0,1.0,4.416666666666667,12,0,,0.0,1.0
two_hubs,252,12,256,50965275,1,1.0,1.0,1.0,1.0,1.0,4.333333333333333,12,0,,0.0,1.0
two_hubs,252,12,257,50965276,1,1.0,1.0,1.0,1.0,1.0,4.416666666666667,12,0,,0.0,1.0
two_hubs,252,12,258,50965277,1,1.0,1.0,1.0,1.0,1.0,4.666666666666667,12,0,,0.0,1.0
two_hubs,252,12,259,50965278,1,1.0,1.0,1.0,1.0,1.0,4.333333333333333,12,0,,0.0,1.0
two_hubs,252,12,260,50965279,1,1.0,1.0,1.0,1.0,1.0,3.9166666666666665,12,0,,0.0,1.0
two_hubs,252,12,261,50965280,1,1.0,1.0,1.0,1.0,1.0,4.333333333333333,12,0,,0.0,1.0
two_hubs,252,12,262,50965281,1,1.0,1.0,1.0,1.0,1.0,4.5,12,0,,0.0,1.0
two_hubs,252,12,263,50965282,1,1.0,1.0,1.0,1.0,1.0,4.5,12,0,,0.0,1.0
two_hubs,252,12,264,50965283,1,0.0,1.0,1.0,1.0,1.0,4.666666666666667,12,0,,0.0,1.0
two_hubs,252,12,265,50965284,1,1.0,1.0,1.0,1.0,1.0,4.416666666666667,12,0,,0.0,1.0
two_hubs,252,12,266,50965285,1,1.0,1.0,1.0,1.0,1.0,4.333333333333333,12,0,,0.0,1.0
two_hubs,252,12,267,50965286,1,0.0,1.0,1.0,1.0,1.0,4.416666666666667,12,0,,0.0,1.0
two_hubs,252,12,268,50965287,1,1.0,1.0,1.0,1.0,1.0,4.583333333333333,12,0,,0.0,1.0
two_hubs,252,12,269,50965288,1,1.0,1.0,1.0,1.0,1.0,4.583333333333333,12,0,,0.0,1.0
two_hubs,252,12,270,50965289,1,1.0,1.0,1.0,1.0,1.0,4.833333333333333,12,0,,0.0,1.0
two_hubs,252,12,271,50965290,1,1.0,1.0,1.0,1.0,1.0,4.25,12,0,,0.0,1.0
two_hubs,252,12,272,50965291,1,1.0,1.0,1.0,1.0,1.0,4.833333333333333,12,0,,0.0,1.0
two_hubs,252,12,273,50965292,1,0.0,1.0,1.0,1.0,1.0,4.416666666666667,12,0,,0.0,1.0
two_hubs,252,12,274,50965293,1,1.0,1.0,1.0,1.0,1.0,4.5,12,0,,0.0,1.0
two_hubs,252,12,275,50965294,1,1.0,1.0,1.0,1.0,1.0,4.25,12,0,,0.0,1.0
two_hubs,252,12,276,50965295,1,1.0,1.0,1.0,1.0,1.0,4.416666666666667,12,0,,0.0,1.0
two_hubs,252,12,277,50965296,1,1.0,1.0,1.0,1.0,1.0,4.166666666666667,12,0,,0.0,1.0
two_hubs,252,12,278,50965297,1,0.0,1.0,1.0,1.0,1.0,4.333333333333333,12,0,,0.0,1.0
two_hubs,252,12,279,50965298,1,1.0,1.0,1.0,1.0,1.0,4.75,12,0,,0.0,1.0
two_hubs,252,12,280,50965299,1,1.0,1.0,1.0,1.0,1.0,4.5,12,0,,0.0,1.0
two_hubs,252,12,281,50965300,1,1.0,1.0,1.0,1.0,1.0,4.833333333333333,12,0,,0.0,1.0
two_hubs,252,12,282,50965301,1,1.0,1.0,1.0,1.0,1.0,4.416666666666667,12,0,,0.0,1.0
two_hubs,252,12,283,50965302,1,1.0,1.0,1.0,1.0,1.0,4.75,12,0,,0.0,1.0
two_hubs,252,12,284,50965303,1,1.0,1.0,1.0,1.0,1.0,4.166666666666667,12,0,,0.0,1.0
two_hubs,252,12,285,50965304,1,1.0,1.0,1.0,1.0,1.0,4.5,12,0,,0.0,1.0
two_hubs,252,12,286,50965305,1,1.0,1.0,1.0,1.0,1.0,4.166666666666667,12,0,,0.0,1.0
two_hubs,252,12,287,50965306,1,1.0,1.0,1.0,1.0,1.0,4.5,12,0,,0.0,1.0
two_hubs,252,12,288,50965307,1,1.0,1.0,1.0,1.0,1.0,4.5,12,0,,0.0,1.0
two_hubs,252,12,289,50965308,1,1.0,1.0,1.0,1.0,1.0,4.166666666666667,12,0,,0.0,1.0
two_hubs,252,12,290,50965309,1,1.0,1.0,1.0,1.0,1.0,4.666666666666667,12,0,,0.0,1.0
two_hubs,252,12,291,50965310,1,1.0,1.0,1.0,1.0,1.0,4.333333333333333,12,0,,0.0,1.0
two_hubs,252,12,292,50965311,1,1.0,1.0,1.0,1.0,1.0,4.583333333333333,12,0,,0.0,1.0
two_hubs,252,12,293,50965312,1,1.0,1.0,1.0,1.0,1.0,4.5,12,0,,0.0,1.0
two_hubs,252,12,294,50965313,1,1.0,1.0,1.0,1.0,1.0,4.583333333333333,12,0,,0.0,1.0
two_hubs,252,12,295,50965314,1,1.0,1.0,1.0,1.0,1.0,4.833333333333333,12,0,,0.0,1.0
two_hubs,252,12,296,50965315,1,1.0,1.0,1.0,1.0,1.0,4.583333333333333,12,0,,0.0,1.0
two_hubs,252,12,297,50965316,1,1.0,1.0,1.0,1.0,1.0,4.333333333333333,12,0,,0.0,1.0
two_hubs,252,12,298,50965317,1,1.0,1.0,1.0,1.0,1.0,4.583333333333333,12,0,,0.0,1.0
two_hubs,252,12,299,50965318,1,1.0,1.0,1.0,1.0,1.0,4.5,12,0,,0.0,1.0
two_hubs,252,12,300,50965319,1,0.0,1.0,1.0,1.0,1.0,3.9166666666666665,12,0,,0.0,1.0
two_hubs,252,12,301,50965320,1,1.0,1.0,1.0,1.0,1.0,4.333333333333333,12,0,,0.0,1.0
two_hubs,252,12,302,50965321,1,1.0,1.0,1.0,1.0,1.0,4.583333333333333,12,0,,0.0,1.0
two_hubs,252,12,303,50965322,1,0.0,1.0,1.0,1.0,1.0,4.916666666666667,12,0,,0.0,1.0
two_hubs,252,12,304,50965323,1,1.0,1.0,1.0,1.0,1.0,5.0,12,0,,0.0,1.0
two_hubs,252,12,305,50965324,1,1.0,1.0,1.0,1.0,1.0,4.416666666666667,12,0,,0.0,1.0
two_hubs,252,12,306,50965325,1,1.0,1.0,1.0,1.0,1.0,4.5,12,0,,0.0,1.0
two_hubs,252,12,307,50965326,1,1.0,1.0,1.0,1.0,1.0,4.75,12,0,,0.0,1.0
two_hubs,252,12,308,50965327,1,1.0,1.0,1.0,1.0,1.0,4.75,12,0,,0.0,1.0
two_hubs,252,12,309,50965328,1,1.0,1.0,1.0,1.0,1.0,4.25,12,0,,0.0,1.0
two_hubs,252,12,310,50965329,1,1.0,1.0,1.0,1.0,1.0,3.8333333333333335,12,0,,0.0,1.0
two_hubs,252,12,311,50965330,1,1.0,1.0,1.0,1.0,1.0,4.583333333333333,12,0,,0.0,1.0
two_hubs,252,12,312,50965331,1,1.0,1.0,1.0,1.0,1.0,4.5,12,0,,0.0,1.0
two_hubs,252,12,313,50965332,1,1.0,1.0,1.0,1.0,1.0,4.25,12,0,,0.0,1.0
two_hubs,252,12,314,50965333,1,1.0,1.0,1.0,1.0,1.0,4.416666666666667,12,0,,0.0,1.0
two_hubs,252,12,315,50965334,1,1.0,1.0,1.0,1.0,1.0,4.0,12,0,,0.0,1.0
two_hubs,252,12,316,50965335,1,1.0,1.0,1.0,1.0,1.0,4.166666666666667,12,0,,0.0,1.0
two_hubs,252,12,317,50965336,1,1.0,1.0,1.0,1.0,1.0,4.5,12,0,,0.0,1.0
two_hubs,252,12,318,50965337,1,1.0,1.0,1.0,1.0,1.0,4.666666666666667,12,0,,0.0,1.0
two_hubs,252,12,319,50965338,1,1.0,1.0,1.0,1.0,1.0,4.333333333333333,12,0,,0.0,1.0
two_hubs,252,12,320,50965339,1,1.0,1.0,1.0,1.0,1.0,4.916666666666667,12,0,,0.0,1.0
two_hubs,252,12,321,50965340,1,1.0,1.0,1.0,1.0,1.0,4.5,12,0,,0.0,1.0
two_hubs,252,12,322,50965341,1,1.0,1.0,1.0,1.0,1.0,4.583333333333333,12,0,,0.0,1.0
two_hubs,252,12,323,50965342,1,1.0,1.0,1.0,1.0,1.0,4.416666666666667,12,0,,0.0,1.0
two_hubs,252,12,324,50965343,1,1.0,1.0,1.0,1.0,1.0,4.666666666666667,12,0,,0.0,1.0
two_hubs,252,12,325,50965344,1,1.0,1.0,1.0,1.0,1.0,4.5,12,0,,0.0,1.0
two_hubs,252,12,326,50965345,1,1.0,1.0,1.0,1.0,1.0,4.833333333333333,12,0,,0.0,1.0
two_hubs,252,12,327,50965346,1,1.0,1.0,1.0,1.0,1.0,4.583333333333333,12,0,,0.0,1.0
two_hubs,252,12,328,50965347,1,1.0,1.0,1.0,1.0,1.0,4.416666666666667,12,0,,0.0,1.0
two_hubs,252,12,329,50965348,1,1.0,1.0,1.0,1.0,1.0,4.666666666666667,12,0,,0.0,1.0
two_hubs,252,12,330,50965349,1,1.0,1.0,1.0,1.0,1.0,4.333333333333333,12,0,,0.0,1.0
two_hubs,252,12,331,50965350,1,1.0,1.0,1.0,1.0,1.0,4.666666666666667,12,0,,0.0,1.0
two_hubs,252,12,332,50965351,1,1.0,1.0,1.0,1.0,1.0,4.583333333333333,12,0,,0.0,1.0
two_hubs,252,12,333,50965352,1,0.0,1.0,1.0,1.0,1.0,4.166666666666667,12,0,,0.0,1.0
two_hubs,252,12,334,50965353,1,1.0,1.0,1.0,1.0,1.0,4.833333333333333,12,0,,0.0,1.0
two_hubs,252,12,335,50965354,1,1.0,1.0,1.0,1.0,1.0,4.5,12,0,,0.0,1.0
two_hubs,252,12,336,50965355,1,1.0,1.0,1.0,1.0,1.0,4.166666666666667,12,0,,0.0,1.0
two_hubs,252,12,337,50965356,1,1.0,1.0,1.0,1.0,1.0,4.75,12,0,,0.0,1.0
two_hubs,252,12,338,50965357,1,1.0,1.0,1.0,1.0,1.0,4.333333333333333,12,0,,0.0,1.0
two_hubs,252,12,339,50965358,1,1.0,1.0,1.0,1.0,1.0,4.666666666666667,12,0,,0.0,1.0
two_hubs,252,12,340,50965359,1,1.0,1.0,1.0,1.0,1.0,4.583333333333333,12,0,,0.0,1.0
two_hubs,252,12,341,50965360,1,1.0,1.0,1.0,1.0,1.0,4.75,12,0,,0.0,1.0
two_hubs,252,12,342,50965361,1,1.0,1.0,1.0,1.0,1.0,4.083333333333333,12,0,,0.0,1.0
two_hubs,252,12,343,50965362,1,1.0,1.0,1.0,1.0,1.0,4.5,12,0,,0.0,1.0
two_hubs,252,12,344,50965363,1,1.0,1.0,1.0,1.0,1.0,4.666666666666667,12,0,,0.0,1.0
two_hubs,252,12,345,50965364,1,1.0,1.0,1.0,1.0,1.0,4.25,12,0,,0.0,1.0
two_hubs,252,12,346,50965365,1,1.0,1.0,1.0,1.0,1.0,4.833333333333333,12,0,,0.0,1.0
two_hubs,252,12,347,50965366,1,1.0,1.0,1.0,1.0,1.0,4.583333333333333,12,0,,0.0,1.0
two_hubs,252,12,348,50965367,1,1.0,1.0,1.0,1.0,1.0,4.583333333333333,12,0,,0.0,1.0
two_hubs,252,12,349,50965368,1,1.0,1.0,1.0,1.0,1.0,4.666666666666667,12,0,,0.0,1.0
two_hubs,252,12,350,50965369,1,1.0,1.0,1.0,1.0,1.0,4.333333333333333,12,0,,0.0,1.0
two_hubs,252,12,351,50965370,1,1.0,1.0,1.0,1.0,1.0,4.75,12,0,,0.0,1.0
two_hubs,252,12,352,50965371,1,1.0,1.0,1.0,1.0,1.0,4.416666666666667,12,0,,0.0,1.0
two_hubs,252,12,353,50965372,1,1.0,1.0,1.0,1.0,1.0,4.666666666666667,12,0,,0.0,1.0
two_hubs,252,12,354,50965373,1,1.0,1.0,1.0,1.0,1.0,4.5,12,0,,0.0,1.0
two_hubs,252,12,355,50965374,1,1.0,1.0,1.0,1.0,1.0,4.583333333333333,12,0,,0.0,1.0
two_hubs,252,12,356,50965375,1,1.0,1.0,1.0,1.0,1.0,4.416666666666667,12,0,,0.0,1.0
two_hubs,252,12,357,50965376,1,1.0,1.0,1.0,1.0,1.0,4.75,12,0,,0.0,1.0
two_hubs,252,12,358,50965377,1,1.0,1.0,1.0,1.0,1.0,3.9166666666666665,12,0,,0.0,1.0
two_hubs,252,12,359,50965378,1,1.0,1.0,1.0,1.0,1.0,4.583333333333333,12,0,,0.0,1.0
two_hubs,252,12,360,50965379,1,1.0,1.0,1.0,1.0,1.0,4.333333333333333,12,0,,0.0,1.0
two_hubs,252,12,361,50965380,1,1.0,1.0,1.0,1.0,1.0,4.666666666666667,12,0,,0.0,1.0
two_hubs,252,12,362,50965381,1,1.0,1.0,1.0,1.0,1.0,4.416666666666667,12,0,,0.0,1.0
two_hubs,252,12,363,50965382,1,1.0,1.0,1.0,1.0,1.0,4.583333333333333,12,0,,0.0,1.0
two_hubs,252,12,364,50965383,1,1.0,1.0,1.0,1.0,1.0,4.5,12,0,,0.0,1.0
two_hubs,252,12,365,50965384,1,1.0,1.0,1.0,1.0,1.0,4.833333333333333,12,0,,0.0,1.0
two_hubs,252,12,366,50965385,1,1.0,1.0,1.0,1.0,1.0,4.666666666666667,12,0,,0.0,1.0
two_hubs,252,12,367,50965386,1,1.0,1.0,1.0,1.0,1.0,4.166666666666667,12,0,,0.0,1.0
two_hubs,252,12,368,50965387,1,1.0,1.0,1.0,1.0,1.0,4.333333333333333,12,0,,0.0,1.0
two_hubs,252,12,369,50965388,1,1.0,1.0,1.0,1.0,1.0,4.75,12,0,,0.0,1.0
two_hubs,252,12,370,50965389,1,1.0,1.0,1.0,1.0,1.0,4.916666666666667,12,0,,0.0,1.0
two_hubs,252,12,371,50965390,1,1.0,1.0,1.0,1.0,1.0,4.333333333333333,12,0,,0.0,1.0
two_hubs,252,12,372,50965391,1,1.0,1.0,1.0,1.0,1.0,4.583333333333333,12,0,,0.0,1.0
two_hubs,252,12,373,50965392,1,1.0,1.0,1.0,1.0,1.0,4.166666666666667,12,0,,0.0,1.0
two_hubs,252,12,374,50965393,1,1.0,1.0,1.0,1.0,1.0,4.166666666666667,12,0,,0.0,1.0
two_hubs,252,12,375,50965394,1,1.0,1.0,1.0,1.0,1.0,4.166666666666667,12,0,,0.0,1.0
two_hubs,252,12,376,50965395,1,1.0,1.0,1.0,1.0,1.0,4.333333333333333,12,0,,0.0,1.0
two_hubs,252,12,377,50965396,1,1.0,1.0,1.0,1.0,1.0,4.666666666666667,12,0,,0.0,1.0
two_hubs,252,12,378,50965397,1,1.0,1.0,1.0,1.0,1.0,4.25,12,0,,0.0,1.0
two_hubs,252,12,379,50965398,1,1.0,1.0,1.0,1.0,1.0,3.6666666666666665,12,0,,0.0,1.0
two_hubs,252,12,380,50965399,1,1.0,1.0,1.0,1.0,1.0,5.083333333333333,12,0,,0.0,1.0
two_hubs,252,12,381,50965400,1,1.0,1.0,1.0,1.0,1.0,4.666666666666667,12,0,,0.0,1.0
two_hubs,252,12,382,50965401,1,1.0,1.0,1.0,1.0,1.0,4.5,12,0,,0.0,1.0
two_hubs,252,12,383,50965402,1,1.0,1.0,1.0,1.0,1.0,4.666666666666667,12,0,,0.0,1.0
two_hubs,252,12,384,50965403,1,1.0,1.0,1.0,1.0,1.0,4.666666666666667,12,0,,0.0,1.0
two_hubs,252,12,385,50965404,1,1.0,1.0,1.0,1.0,1.0,4.25,12,0,,0.0,1.0
two_hubs,252,12,386,50965405,1,0.0,1.0,1.0,1.0,1.0,4.25,12,0,,0.0,1.0
two_hubs,252,12,387,50965406,1,1.0,1.0,1.0,1.0,1.0,4.666666666666667,12,0,,0.0,1.0
two_hubs,252,12,388,50965407,1,1.0,1.0,1.0,1.0,1.0,4.166666666666667,12,0,,0.0,1.0
two_hubs,252,12,389,50965408,1,1.0,1.0,1.0,1.0,1.0,4.5,12,0,,0.0,1.0
two_hubs,252,12,390,50965409,1,1.0,1.0,1.0,1.0,1.0,4.583333333333333,12,0,,0.0,1.0
two_hubs,252,12,391,50965410,1,1.0,1.0,1.0,1.0,1.0,4.583333333333333,12,0,,0.0,1.0
two_hubs,252,12,392,50965411,1,1.0,1.0,1.0,1.0,1.0,4.0,12,0,,0.0,1.0
two_hubs,252,12,393,50965412,1,1.0,1.0,1.0,1.0,1.0,4.75,12,0,,0.0,1.0
two_hubs,252,12,394,50965413,1,1.0,1.0,1.0,1.0,1.0,4.916666666666667,12,0,,0.0,1.0
two_hubs,252,12,395,50965414,1,1.0,1.0,1.0,1.0,1.0,4.333333333333333,12,0,,0.0,1.0
two_hubs,252,12,396,50965415,1,1.0,1.0,1.0,1.0,1.0,4.25,12,0,,0.0,1.0
two_hubs,252,12,397,50965416,1,1.0,1.0,1.0,1.0,1.0,4.25,12,0,,0.0,1.0
two_hubs,252,12,398,50965417,1,1.0,1.0,1.0,1.0,1.0,4.666666666666667,12,0,,0.0,1.0
two_hubs,252,12,399,50965418,1,1.0,1.0,1.0,1.0,1.0,4.583333333333333,12,0,,0.0,1.0
two_hubs,252,12,400,50965419,1,1.0,1.0,1.0,1.0,1.0,4.416666666666667,12,0,,0.0,1.0
two_hubs,252,12,401,50965420,1,1.0,1.0,1.0,1.0,1.0,4.583333333333333,12,0,,0.0,1.0
two_hubs,252,12,402,50965421,1,1.0,1.0,1.0,1.0,1.0,4.083333333333333,12,0,,0.0,1.0
two_hubs,252,12,403,50965422,1,1.0,1.0,1.0,1.0,1.0,4.25,12,0,,0.0,1.0
two_hubs,252,12,404,50965423,1,1.0,1.0,1.0,1.0,1.0,4.583333333333333,12,0,,0.0,1.0
two_hubs,252,12,405,50965424,1,1.0,1.0,1.0,1.0,1.0,4.916666666666667,12,0,,0.0,1.0
two_hubs,252,12,406,50965425,1,1.0,1.0,1.0,1.0,1.0,4.083333333333333,12,0,,0.0,1.0
two_hubs,252,12,407,50965426,1,1.0,1.0,1.0,1.0,1.0,4.25,12,0,,0.0,1.0
two_hubs,252,12,408,50965427,1,1.0,1.0,1.0,1.0,1.0,4.333333333333333,12,0,,0.0,1.0
two_hubs,252,12,409,50965428,1,0.0,1.0,1.0,1.0,1.0,3.8333333333333335,12,0,,0.0,1.0
two_hubs,252,12,410,50965429,1,1.0,1.0,1.0,1.0,1.0,4.5,12,0,,0.0,1.0
two_hubs,252,12,411,50965430,1,1.0,1.0,1.0,1.0,1.0,4.5,12,0,,0.0,1.0
two_hubs,252,12,412,50965431,1,1.0,1.0,1.0,1.0,1.0,5.0,12,0,,0.0,1.0
two_hubs,252,12,413,50965432,1,1.0,1.0,1.0,1.0,1.0,4.583333333333333,12,0,,0.0,1.0
two_hubs,252,12,414,50965433,1,1.0,1.0,1.0,1.0,1.0,4.0,12,0,,0.0,1.0
two_hubs,252,12,415,50965434,1,1.0,1.0,1.0,1.0,1.0,4.333333333333333,12,0,,0.0,1.0
two_hubs,252,12,416,50965435,1,1.0,1.0,1.0,1.0,1.0,4.75,12,0,,0.0,1.0
two_hubs,252,12,417,50965436,1,1.0,1.0,1.0,1.0,1.0,4.25,12,0,,0.0,1.0
two_hubs,252,12,418,50965437,1,1.0,1.0,1.0,1.0,1.0,4.583333333333333,12,0,,0.0,1.0
two_hubs,252,12,419,50965438,1,1.0,1.0,1.0,1.0,1.0,4.166666666666667,12,0,,0.0,1.0
two_hubs,252,12,420,50965439,1,1.0,1.0,1.0,1.0,1.0,4.5,12,0,,0.0,1.0
two_hubs,252,12,421,50965440,1,1.0,1.0,1.0,1.0,1.0,4.666666666666667,12,0,,0.0,1.0
two_hubs,252,12,422,50965441,1,1.0,1.0,1.0,1.0,1.0,4.25,12,0,,0.0,1.0
two_hubs,252,12,423,50965442,1,1.0,1.0,1.0,1.0,1.0,4.5,12,0,,0.0,1.0
two_hubs,252,12,424,50965443,1,1.0,1.0,1.0,1.0,1.0,4.0,12,0,,0.0,1.0
two_hubs,252,12,425,50965444,1,1.0,1.0,1.0,1.0,1.0,4.416666666666667,12,0,,0.0,1.0
two_hubs,252,12,426,50965445,1,1.0,1.0,1.0,1.0,1.0,4.5,12,0,,0.0,1.0
two_hubs,252,12,427,50965446,1,1.0,1.0,1.0,1.0,1.0,4.583333333333333,12,0,,0.0,1.0
two_hubs,252,12,428,50965447,1,1.0,1.0,1.0,1.0,1.0,4.666666666666667,12,0,,0.0,1.0
two_hubs,252,12,429,50965448,1,1.0,1.0,1.0,1.0,1.0,4.583333333333333,12,0,,0.0,1.0
two_hubs,252,12,430,50965449,1,1.0,1.0,1.0,1.0,1.0,4.333333333333333,12,0,,0.0,1.0
two_hubs,252,12,431,50965450,1,1.0,1.0,1.0,1.0,1.0,4.5,12,0,,0.0,1.0
two_hubs,252,12,432,50965451,1,1.0,1.0,1.0,1.0,1.0,4.666666666666667,12,0,,0.0,1.0
two_hubs,252,12,433,50965452,1,1.0,1.0,1.0,1.0,1.0,4.666666666666667,12,0,,0.0,1.0
two_hubs,252,12,434,50965453,1,1.0,1.0,1.0,1.0,1.0,4.75,12,0,,0.0,1.0
two_hubs,252,12,435,50965454,1,1.0,1.0,1.0,1.0,1.0,4.333333333333333,12,0,,0.0,1.0
two_hubs,252,12,436,50965455,1,1.0,1.0,1.0,1.0,1.0,4.666666666666667,12,0,,0.0,1.0
two_hubs,252,12,437,50965456,1,1.0,1.0,1.0,1.0,1.0,4.25,12,0,,0.0,1.0
two_hubs,252,12,438,50965457,1,1.0,1.0,1.0,1.0,1.0,4.166666666666667,12,0,,0.0,1.0
two_hubs,252,12,439,50965458,1,1.0,1.0,1.0,1.0,1.0,4.333333333333333,12,0,,0.0,1.0
two_hubs,252,12,440,50965459,1,1.0,1.0,1.0,1.0,1.0,4.416666666666667,12,0,,0.0,1.0
two_hubs,252,12,441,50965460,1,1.0,1.0,1.0,1.0,1.0,4.416666666666667,12,0,,0.0,1.0
two_hubs,252,12,442,50965461,1,1.0,1.0,1.0,1.0,1.0,4.833333333333333,12,0,,0.0,1.0
two_hubs,252,12,443,50965462,1,1.0,1.0,1.0,1.0,1.0,4.0,12,0,,0.0,1.0
two_hubs,252,12,444,50965463,1,1.0,1.0,1.0,1.0,1.0,4.5,12,0,,0.0,1.0
two_hubs,252,12,445,50965464,1,1.0,1.0,1.0,1.0,1.0,4.583333333333333,12,0,,0.0,1.0
two_hubs,252,12,446,50965465,1,1.0,1.0,1.0,1.0,1.0,4.666666666666667,12,0,,0.0,1.0
two_hubs,252,12,447,50965466,1,0.0,1.0,1.0,1.0,1.0,4.666666666666667,12,0,,0.0,1.0
two_hubs,252,12,448,50965467,1,1.0,1.0,1.0,1.0,1.0,4.583333333333333,12,0,,0.0,1.0
two_hubs,252,12,449,50965468,1,1.0,1.0,1.0,1.0,1.0,4.25,12,0,,0.0,1.0
two_hubs,252,12,450,50965469,1,1.0,1.0,1.0,1.0,1.0,4.5,12,0,,0.0,1.0
two_hubs,252,12,451,50965470,1,1.0,1.0,1.0,1.0,1.0,4.166666666666667,12,0,,0.0,1.0
two_hubs,252,12,452,50965471,1,1.0,1.0,1.0,1.0,1.0,4.5,12,0,,0.0,1.0
two_hubs,252,12,453,50965472,1,1.0,1.0,1.0,1.0,1.0,4.75,12,0,,0.0,1.0
two_hubs,252,12,454,50965473,1,1.0,1.0,1.0,1.0,1.0,4.5,12,0,,0.0,1.0
two_hubs,252,12,455,50965474,1,1.0,1.0,1.0,1.0,1.0,4.5,12,0,,0.0,1.0
two_hubs,252,12,456,50965475,1,1.0,1.0,1.0,1.0,1.0,4.416666666666667,12,0,,0.0,1.0
two_hubs,252,12,457,50965476,1,1.0,1.0,1.0,1.0,1.0,4.416666666666667,12,0,,0.0,1.0
two_hubs,252,12,458,50965477,1,1.0,1.0,1.0,1.0,1.0,4.75,12,0,,0.0,1.0
two_hubs,252,12,459,50965478,1,0.0,1.0,1.0,1.0,1.0,4.666666666666667,12,0,,0.0,1.0
two_hubs,252,12,460,50965479,1,1.0,1.0,1.0,1.0,1.0,4.666666666666667,12,0,,0.0,1.0
two_hubs,252,12,461,50965480,1,0.0,1.0,1.0,1.0,1.0,4.666666666666667,12,0,,0.0,1.0
two_hubs,252,12,462,50965481,1,0.0,1.0,1.0,1.0,1.0,3.75,12,0,,0.0,1.0
two_hubs,252,12,463,50965482,1,1.0,1.0,1.0,1.0,1.0,4.25,12,0,,0.0,1.0
two_hubs,252,12,464,50965483,1,1.0,1.0,1.0,1.0,1.0,4.833333333333333,12,0,,0.0,1.0
two_hubs,252,12,465,50965484,1,1.0,1.0,1.0,1.0,1.0,4.583333333333333,12,0,,0.0,1.0
two_hubs,252,12,466,50965485,1,1.0,1.0,1.0,1.0,1.0,4.0,12,0,,0.0,1.0
two_hubs,252,12,467,50965486,1,1.0,1.0,1.0,1.0,1.0,4.833333333333333,12,0,,0.0,1.0
two_hubs,252,12,468,50965487,1,1.0,1.0,1.0,1.0,1.0,4.666666666666667,12,0,,0.0,1.0
two_hubs,252,12,469,50965488,1,1.0,1.0,1.0,1.0,1.0,3.5833333333333335,12,0,,0.08333333333333333,1.0
two_hubs,252,12,470,50965489,1,1.0,1.0,1.0,1.0,1.0,4.083333333333333,12,0,,0.0,1.0
two_hubs,252,12,471,50965490,1,1.0,1.0,1.0,1.0,1.0,4.333333333333333,12,0,,0.0,1.0
two_hubs,252,12,472,50965491,1,1.0,1.0,1.0,1.0,1.0,4.416666666666667,12,0,,0.0,1.0
two_hubs,252,12,473,50965492,1,1.0,1.0,1.0,1.0,1.0,4.916666666666667,12,0,,0.0,1.0
two_hubs,252,12,474,50965493,1,1.0,1.0,1.0,1.0,1.0,4.416666666666667,12,0,,0.0,1.0
two_hubs,252,12,475,50965494,1,1.0,1.0,1.0,1.0,1.0,4.75,12,0,,0.0,1.0
two_hubs,252,12,476,50965495,1,0.0,1.0,1.0,1.0,1.0,4.166666666666667,12,0,,0.0,1.0
two_hubs,252,12,477,50965496,1,1.0,1.0,1.0,1.0,1.0,4.416666666666667,12,0,,0.0,1.0
two_hubs,252,12,478,50965497,1,0.0,1.0,1.0,1.0,1.0,4.583333333333333,12,0,,0.0,1.0
two_hubs,252,12,479,50965498,1,1.0,1.0,1.0,1.0,1.0,4.666666666666667,12,0,,0.0,1.0
two_hubs,252,12,480,50965499,1,1.0,1.0,1.0,1.0,1.0,4.583333333333333,12,0,,0.0,1.0
two_hubs,252,12,481,50965500,1,1.0,1.0,1.0,1.0,1.0,4.333333333333333,12,0,,0.0,1.0
two_hubs,252,12,482,50965501,1,0.0,1.0,1.0,1.0,1.0,4.75,12,0,,0.0,1.0
two_hubs,252,12,483,50965502,1,1.0,1.0,1.0,1.0,1.0,4.916666666666667,12,0,,0.0,1.0
two_hubs,252,12,484,50965503,1,1.0,1.0,1.0,1.0,1.0,4.416666666666667,12,0,,0.0,1.0
two_hubs,252,12,485,50965504,1,1.0,1.0,1.0,1.0,1.0,4.166666666666667,12,0,,0.0,1.0
two_hubs,252,12,486,50965505,1,1.0,1.0,1.0,1.0,1.0,4.75,12,0,,0.0,1.0
two_hubs,252,12,487,50965506,1,1.0,1.0,1.0,1.0,1.0,4.416666666666667,12,0,,0.0,1.0
two_hubs,252,12,488,50965507,1,1.0,1.0,1.0,1.0,1.0,4.5,12,0,,0.0,1.0
two_hubs,252,12,489,50965508,1,1.0,1.0,1.0,1.0,1.0,4.916666666666667,12,0,,0.0,1.0
two_hubs,252,12,490,50965509,1,1.0,1.0,1.0,1.0,1.0,4.416666666666667,12,0,,0.0,1.0
two_hubs,252,12,491,50965510,1,1.0,1.0,1.0,1.0,1.0,4.583333333333333,12,0,,0.0,1.0
two_hubs,252,12,492,50965511,1,0.0,1.0,1.0,1.0,1.0,4.333333333333333,12,0,,0.0,1.0
two_hubs,252,12,493,50965512,1,1.0,1.0,1.0,1.0,1.0,4.333333333333333,12,0,,0.0,1.0
two_hubs,252,12,494,50965513,1,1.0,1.0,1.0,1.0,1.0,4.166666666666667,12,0,,0.0,1.0
two_hubs,252,12,495,50965514,1,1.0,1.0,1.0,1.0,1.0,4.166666666666667,12,0,,0.0,1.0
two_hubs,252,12,496,50965515,1,1.0,1.0,1.0,1.0,1.0,4.666666666666667,12,0,,0.0,1.0
two_hubs,252,12,497,50965516,1,1.0,1.0,1.0,1.0,1.0,4.75,12,0,,0.0,1.0
two_hubs,252,12,498,50965517,1,1.0,1.0,1.0,1.0,1.0,4.333333333333333,12,0,,0.0,1.0
two_hubs,252,12,499,50965518,1,1.0,1.0,1.0,1.0,1.0,3.9166666666666665,12,0,,0.0,1.0
two_hubs,1008,12,0,51721019,1,1.0,1.0,1.0,1.0,1.0,0.0,2,0,,1.0,1.0
two_hubs,1008,12,1,51721020,1,1.0,1.0,1.0,1.0,1.0,0.0,2,0,,1.0,1.0
two_hubs,1008,12,2,51721021,1,1.0,1.0,1.0,1.0,1.0,0.4166666666666667,2,0,,0.5833333333333334,1.0
two_hubs,1008,12,3,51721022,1,1.0,1.0,1.0,1.0,1.0,0.25,2,0,,0.75,1.0
two_hubs,1008,12,4,51721023,1,1.0,1.0,1.0,1.0,1.0,0.4166666666666667,2,0,,0.5833333333333334,1.0
two_hubs,1008,12,5,51721024,1,1.0,1.0,1.0,1.0,1.0,0.25,2,0,,0.75,1.0
two_hubs,1008,12,6,51721025,1,1.0,1.0,1.0,1.0,1.0,0.0,2,0,,1.0,1.0
two_hubs,1008,12,7,51721026,1,1.0,1.0,1.0,1.0,1.0,0.16666666666666666,2,0,,0.8333333333333334,1.0
two_hubs,1008,12,8,51721027,1,1.0,1.0,1.0,1.0,1.0,0.3333333333333333,2,0,,0.6666666666666666,1.0
two_hubs,1008,12,9,51721028,1,1.0,1.0,1.0,1.0,1.0,0.0,2,0,,1.0,1.0
two_hubs,1008,12,10,51721029,1,1.0,1.0,1.0,1.0,1.0,0.75,2,0,,0.25,1.0
two_hubs,1008,12,11,51721030,1,1.0,1.0,1.0,1.0,1.0,0.4166666666666667,2,0,,0.5833333333333334,1.0
two_hubs,1008,12,12,51721031,1,1.0,1.0,1.0,1.0,1.0,0.0,2,0,,1.0,1.0
two_hubs,1008,12,13,51721032,1,1.0,1.0,1.0,1.0,1.0,0.16666666666666666,2,0,,0.8333333333333334,1.0
two_hubs,1008,12,14,51721033,1,1.0,1.0,1.0,1.0,1.0,0.0,2,0,,1.0,1.0
two_hubs,1008,12,15,51721034,1,1.0,1.0,1.0,1.0,1.0,0.5,2,0,,0.5,1.0
two_hubs,1008,12,16,51721035,1,1.0,1.0,1.0,1.0,1.0,0.16666666666666666,2,0,,0.8333333333333334,1.0
two_hubs,1008,12,17,51721036,1,1.0,1.0,1.0,1.0,1.0,0.25,2,0,,0.75,1.0
two_hubs,1008,12,18,51721037,1,1.0,1.0,1.0,1.0,1.0,0.6666666666666666,2,0,,0.3333333333333333,1.0
two_hubs,1008,12,19,51721038,1,1.0,1.0,1.0,1.0,1.0,0.0,2,0,,1.0,1.0
two_hubs,1008,12,20,51721039,1,1.0,1.0,1.0,1.0,1.0,0.4166666666666667,2,0,,0.5833333333333334,1.0
two_hubs,1008,12,21,51721040,1,1.0,1.0,1.0,1.0,1.0,0.16666666666666666,2,0,,0.8333333333333334,1.0
two_hubs,1008,12,22,51721041,1,1.0,1.0,1.0,1.0,1.0,0.3333333333333333,2,0,,0.6666666666666666,1.0
two_hubs,1008,12,23,51721042,1,1.0,1.0,1.0,1.0,1.0,0.16666666666666666,2,0,,0.8333333333333334,1.0
two_hubs,1008,12,24,51721043,1,1.0,1.0,1.0,1.0,1.0,0.0,2,0,,1.0,1.0
two_hubs,1008,12,25,51721044,1,1.0,1.0,1.0,1.0,1.0,0.4166666666666667,2,0,,0.5833333333333334,1.0
two_hubs,1008,12,26,51721045,1,1.0,1.0,1.0,1.0,1.0,0.16666666666666666,2,0,,0.8333333333333334,1.0
two_hubs,1008,12,27,51721046,1,1.0,1.0,1.0,1.0,1.0,0.25,2,0,,0.75,1.0
two_hubs,1008,12,28,51721047,1,1.0,1.0,1.0,1.0,1.0,0.0,2,0,,1.0,1.0
two_hubs,1008,12,29,51721048,1,1.0,1.0,1.0,1.0,1.0,0.16666666666666666,2,0,,0.8333333333333334,1.0
two_hubs,1008,12,30,51721049,1,1.0,1.0,1.0,1.0,1.0,0.16666666666666666,2,0,,0.8333333333333334,1.0
two_hubs,1008,12,31,51721050,1,1.0,1.0,1.0,1.0,1.0,0.0,2,0,,1.0,1.0
two_hubs,1008,12,32,51721051,1,1.0,1.0,1.0,1.0,1.0,0.4166666666666667,2,0,,0.5833333333333334,1.0
two_hubs,1008,12,33,51721052,1,1.0,1.0,1.0,1.0,1.0,0.16666666666666666,2,0,,0.8333333333333334,1.0
two_hubs,1008,12,34,51721053,1,1.0,1.0,1.0,1.0,1.0,0.5,2,0,,0.5,1.0
two_hubs,1008,12,35,51721054,1,1.0,1.0,1.0,1.0,1.0,0.0,2,0,,1.0,1.0
two_hubs,1008,12,36,51721055,1,1.0,1.0,1.0,1.0,1.0,0.25,2,0,,0.75,1.0
two_hubs,1008,12,37,51721056,1,1.0,1.0,1.0,1.0,1.0,0.3333333333333333,2,0,,0.6666666666666666,1.0
two_hubs,1008,12,38,51721057,1,0.0,1.0,1.0,1.0,1.0,0.16666666666666666,2,0,,0.8333333333333334,1.0
two_hubs,1008,12,39,51721058,1,1.0,1.0,1.0,1.0,1.0,0.0,2,0,,1.0,1.0
two_hubs,1008,12,40,51721059,1,1.0,1.0,1.0,1.0,1.0,0.4166666666666667,2,0,,0.5833333333333334,1.0
two_hubs,1008,12,41,51721060,1,1.0,1.0,1.0,1.0,1.0,0.4166666666666667,2,0,,0.5833333333333334,1.0
two_hubs,1008,12,42,51721061,1,1.0,1.0,1.0,1.0,1.0,0.3333333333333333,2,0,,0.6666666666666666,1.0
two_hubs,1008,12,43,51721062,1,1.0,1.0,1.0,1.0,1.0,0.0,2,0,,1.0,1.0
two_hubs,1008,12,44,51721063,1,1.0,1.0,1.0,1.0,1.0,0.0,2,0,,1.0,1.0
two_hubs,1008,12,45,51721064,1,1.0,1.0,1.0,1.0,1.0,0.0,2,0,,1.0,1.0
two_hubs,1008,12,46,51721065,1,1.0,1.0,1.0,1.0,1.0,0.25,2,0,,0.75,1.0
two_hubs,1008,12,47,51721066,1,1.0,1.0,1.0,1.0,1.0,0.5833333333333334,2,0,,0.4166666666666667,1.0
two_hubs,1008,12,48,51721067,1,1.0,1.0,1.0,1.0,1.0,0.25,2,0,,0.75,1.0
two_hubs,1008,12,49,51721068,1,1.0,1.0,1.0,1.0,1.0,0.4166666666666667,2,0,,0.5833333333333334,1.0
two_hubs,1008,12,50,51721069,1,1.0,1.0,1.0,1.0,1.0,0.6666666666666666,2,0,,0.3333333333333333,1.0
two_hubs,1008,12,51,51721070,1,1.0,1.0,1.0,1.0,1.0,0.5,2,0,,0.5,1.0
two_hubs,1008,12,52,51721071,1,1.0,1.0,1.0,1.0,1.0,0.5,2,0,,0.5,1.0
two_hubs,1008,12,53,51721072,1,1.0,1.0,1.0,1.0,1.0,0.16666666666666666,2,0,,0.8333333333333334,1.0
two_hubs,1008,12,54,51721073,1,1.0,1.0,1.0,1.0,1.0,0.16666666666666666,2,0,,0.8333333333333334,1.0
two_hubs,1008,12,55,51721074,1,1.0,1.0,1.0,1.0,1.0,0.3333333333333333,2,0,,0.6666666666666666,1.0
two_hubs,1008,12,56,51721075,1,1.0,1.0,1.0,1.0,1.0,0.0,2,0,,1.0,1.0
two_hubs,1008,12,57,51721076,1,1.0,1.0,1.0,1.0,1.0,0.4166666666666667,2,0,,0.5833333333333334,1.0
two_hubs,1008,12,58,51721077,1,1.0,1.0,1.0,1.0,1.0,0.3333333333333333,2,0,,0.6666666666666666,1.0
two_hubs,1008,12,59,51721078,1,1.0,1.0,1.0,1.0,1.0,0.0,2,0,,1.0,1.0
two_hubs,1008,12,60,51721079,1,1.0,1.0,1.0,1.0,1.0,0.5,2,0,,0.5,1.0
two_hubs,1008,12,61,51721080,1,1.0,1.0,1.0,1.0,1.0,0.3333333333333333,2,0,,0.6666666666666666,1.0
two_hubs,1008,12,62,51721081,1,1.0,1.0,1.0,1.0,1.0,0.16666666666666666,2,0,,0.8333333333333334,1.0
two_hubs,1008,12,63,51721082,1,1.0,1.0,1.0,1.0,1.0,0.0,2,0,,1.0,1.0
two_hubs,1008,12,64,51721083,1,1.0,1.0,1.0,1.0,1.0,0.4166666666666667,2,0,,0.5833333333333334,1.0
two_hubs,1008,12,65,51721084,1,1.0,1.0,1.0,1.0,1.0,0.4166666666666667,2,0,,0.5833333333333334,1.0
two_hubs,1008,12,66,51721085,1,1.0,1.0,1.0,1.0,1.0,0.0,2,0,,1.0,1.0
two_hubs,1008,12,67,51721086,1,0.0,1.0,1.0,1.0,1.0,0.5,2,0,,0.5,1.0
two_hubs,1008,12,68,51721087,1,0.0,1.0,1.0,1.0,1.0,0.3333333333333333,2,0,,0.6666666666666666,1.0
two_hubs,1008,12,69,51721088,1,1.0,1.0,1.0,1.0,1.0,0.4166666666666667,2,0,,0.5833333333333334,1.0
two_hubs,1008,12,70,51721089,1,1.0,1.0,1.0,1.0,1.0,0.16666666666666666,2,0,,0.8333333333333334,1.0
two_hubs,1008,12,71,51721090,1,1.0,1.0,1.0,1.0,1.0,0.0,2,0,,1.0,1.0
two_hubs,1008,12,72,51721091,1,0.0,1.0,1.0,1.0,1.0,0.3333333333333333,2,0,,0.6666666666666666,1.0
two_hubs,1008,12,73,51721092,1,1.0,1.0,1.0,1.0,1.0,0.3333333333333333,2,0,,0.6666666666666666,1.0
two_hubs,1008,12,74,51721093,1,1.0,1.0,1.0,1.0,1.0,0.6666666666666666,2,0,,0.3333333333333333,1.0
two_hubs,1008,12,75,51721094,1,1.0,1.0,1.0,1.0,1.0,0.0,2,0,,1.0,1.0
two_hubs,1008,12,76,51721095,1,1.0,1.0,1.0,1.0,1.0,0.3333333333333333,2,0,,0.6666666666666666,1.0
two_hubs,1008,12,77,51721096,1,1.0,1.0,1.0,1.0,1.0,0.4166666666666667,2,0,,0.5833333333333334,1.0
two_hubs,1008,12,78,51721097,1,0.0,1.0,1.0,1.0,1.0,0.16666666666666666,2,0,,0.8333333333333334,1.0
two_hubs,1008,12,79,51721098,1,0.0,1.0,1.0,1.0,1.0,0.4166666666666667,2,0,,0.5833333333333334,1.0
two_hubs,1008,12,80,51721099,1,0.0,1.0,1.0,1.0,1.0,0.16666666666666666,2,0,,0.8333333333333334,1.0
two_hubs,1008,12,81,51721100,1,1.0,1.0,1.0,1.0,1.0,0.0,2,0,,1.0,1.0
two_hubs,1008,12,82,51721101,1,1.0,1.0,1.0,1.0,1.0,0.16666666666666666,2,0,,0.8333333333333334,1.0
two_hubs,1008,12,83,51721102,1,1.0,1.0,1.0,1.0,1.0,0.16666666666666666,2,0,,0.8333333333333334,1.0
two_hubs,1008,12,84,51721103,1,1.0,1.0,1.0,1.0,1.0,0.0,2,0,,1.0,1.0
two_hubs,1008,12,85,51721104,1,1.0,1.0,1.0,1.0,1.0,0.25,2,0,,0.75,1.0
two_hubs,1008,12,86,51721105,1,1.0,1.0,1.0,1.0,1.0,0.16666666666666666,2,0,,0.8333333333333334,1.0
two_hubs,1008,12,87,51721106,1,1.0,1.0,1.0,1.0,1.0,0.4166666666666667,2,0,,0.5833333333333334,1.0
two_hubs,1008,12,88,51721107,1,1.0,1.0,1.0,1.0,1.0,0.3333333333333333,2,0,,0.6666666666666666,1.0
two_hubs,1008,12,89,51721108,1,1.0,1.0,1.0,1.0,1.0,0.16666666666666666,2,0,,0.8333333333333334,1.0
two_hubs,1008,12,90,51721109,1,1.0,1.0,1.0,1.0,1.0,0.0,2,0,,1.0,1.0
two_hubs,1008,12,91,51721110,1,1.0,1.0,1.0,1.0,1.0,0.6666666666666666,2,0,,0.3333333333333333,1.0
two_hubs,1008,12,92,51721111,1,1.0,1.0,1.0,1.0,1.0,0.25,2,0,,0.75,1.0
two_hubs,1008,12,93,51721112,1,1.0,1.0,1.0,1.0,1.0,0.16666666666666666,2,0,,0.8333333333333334,1.0
two_hubs,1008,12,94,51721113,1,1.0,1.0,1.0,1.0,1.0,0.16666666666666666,2,0,,0.8333333333333334,1.0
two_hubs,1008,12,95,51721114,1,1.0,1.0,1.0,1.0,1.0,0.4166666666666667,2,0,,0.5833333333333334,1.0
two_hubs,1008,12,96,51721115,1,1.0,1.0,1.0,1.0,1.0,0.4166666666666667,2,0,,0.5833333333333334,1.0
two_hubs,1008,12,97,51721116,1,1.0,1.0,1.0,1.0,1.0,0.16666666666666666,2,0,,0.8333333333333334,1.0
two_hubs,1008,12,98,51721117,1,1.0,1.0,1.0,1.0,1.0,0.3333333333333333,2,0,,0.6666666666666666,1.0
two_hubs,1008,12,99,51721118,1,1.0,1.0,1.0,1.0,1.0,0.3333333333333333,2,0,,0.6666666666666666,1.0
two_hubs,1008,12,100,51721119,1,1.0,1.0,1.0,1.0,1.0,0.3333333333333333,2,0,,0.6666666666666666,1.0
two_hubs,1008,12,101,51721120,1,0.0,1.0,1.0,1.0,1.0,0.5,2,0,,0.5,1.0
two_hubs,1008,12,102,51721121,1,0.0,1.0,1.0,1.0,1.0,0.3333333333333333,2,0,,0.6666666666666666,1.0
two_hubs,1008,12,103,51721122,1,1.0,1.0,1.0,1.0,1.0,0.16666666666666666,2,0,,0.8333333333333334,1.0
two_hubs,1008,12,104,51721123,1,1.0,1.0,1.0,1.0,1.0,0.4166666666666667,2,0,,0.5833333333333334,1.0
two_hubs,1008,12,105,51721124,1,1.0,1.0,1.0,1.0,1.0,0.3333333333333333,2,0,,0.6666666666666666,1.0
two_hubs,1008,12,106,51721125,1,1.0,1.0,1.0,1.0,1.0,0.25,2,0,,0.75,1.0
two_hubs,1008,12,107,51721126,1,1.0,1.0,1.0,1.0,1.0,0.16666666666666666,2,0,,0.8333333333333334,1.0
two_hubs,1008,12,108,51721127,1,1.0,1.0,1.0,1.0,1.0,0.5833333333333334,2,0,,0.4166666666666667,1.0
two_hubs,1008,12,109,51721128,1,1.0,1.0,1.0,1.0,1.0,0.16666666666666666,2,0,,0.8333333333333334,1.0
two_hubs,1008,12,110,51721129,1,1.0,1.0,1.0,1.0,1.0,0.5,2,0,,0.5,1.0
two_hubs,1008,12,111,51721130,1,1.0,1.0,1.0,1.0,1.0,0.0,2,0,,1.0,1.0
two_hubs,1008,12,112,51721131,1,1.0,1.0,1.0,1.0,1.0,0.16666666666666666,2,0,,0.8333333333333334,1.0
two_hubs,1008,12,113,51721132,1,1.0,1.0,1.0,1.0,1.0,0.0,2,0,,1.0,1.0
two_hubs,1008,12,114,51721133,1,1.0,1.0,1.0,1.0,1.0,0.0,2,0,,1.0,1.0
two_hubs,1008,12,115,51721134,1,1.0,1.0,1.0,1.0,1.0,0.3333333333333333,2,0,,0.6666666666666666,1.0
two_hubs,1008,12,116,51721135,1,1.0,1.0,1.0,1.0,1.0,0.16666666666666666,2,0,,0.8333333333333334,1.0
two_hubs,1008,12,117,51721136,1,1.0,1.0,1.0,1.0,1.0,0.25,2,0,,0.75,1.0
two_hubs,1008,12,118,51721137,1,1.0,1.0,1.0,1.0,1.0,0.0,2,0,,1.0,1.0
two_hubs,1008,12,119,51721138,1,1.0,1.0,1.0,1.0,1.0,0.3333333333333333,2,0,,0.6666666666666666,1.0
two_hubs,1008,12,120,51721139,1,1.0,1.0,1.0,1.0,1.0,0.16666666666666666,2,0,,0.8333333333333334,1.0
two_hubs,1008,12,121,51721140,1,1.0,1.0,1.0,1.0,1.0,0.5833333333333334,2,0,,0.4166666666666667,1.0
two_hubs,1008,12,122,51721141,1,1.0,1.0,1.0,1.0,1.0,0.3333333333333333,2,0,,0.6666666666666666,1.0
two_hubs,1008,12,123,51721142,1,1.0,1.0,1.0,1.0,1.0,0.75,2,0,,0.25,1.0
two_hubs,1008,12,124,51721143,1,1.0,1.0,1.0,1.0,1.0,0.4166666666666667,2,0,,0.5833333333333334,1.0
two_hubs,1008,12,125,51721144,1,1.0,1.0,1.0,1.0,1.0,0.0,2,0,,1.0,1.0
two_hubs,1008,12,126,51721145,1,1.0,1.0,1.0,1.0,1.0,0.0,2,0,,1.0,1.0
two_hubs,1008,12,127,51721146,1,1.0,1.0,1.0,1.0,1.0,0.0,2,0,,1.0,1.0
two_hubs,1008,12,128,51721147,1,1.0,1.0,1.0,1.0,1.0,0.3333333333333333,2,0,,0.6666666666666666,1.0
two_hubs,1008,12,129,51721148,1,1.0,1.0,1.0,1.0,1.0,0.16666666666666666,2,0,,0.8333333333333334,1.0
two_hubs,1008,12,130,51721149,1,1.0,1.0,1.0,1.0,1.0,0.4166666666666667,2,0,,0.5833333333333334,1.0
two_hubs,1008,12,131,51721150,1,1.0,1.0,1.0,1.0,1.0,0.4166666666666667,2,0,,0.5833333333333334,1.0
two_hubs,1008,12,132,51721151,1,1.0,1.0,1.0,1.0,1.0,0.5833333333333334,2,0,,0.4166666666666667,1.0
two_hubs,1008,12,133,51721152,1,1.0,1.0,1.0,1.0,1.0,0.16666666666666666,2,0,,0.8333333333333334,1.0
two_hubs,1008,12,134,51721153,1,1.0,1.0,1.0,1.0,1.0,0.4166666666666667,2,0,,0.5833333333333334,1.0
two_hubs,1008,12,135,51721154,1,1.0,1.0,1.0,1.0,1.0,0.5,2,0,,0.5,1.0
two_hubs,1008,12,136,51721155,1,1.0,1.0,1.0,1.0,1.0,0.5833333333333334,2,0,,0.4166666666666667,1.0
two_hubs,1008,12,137,51721156,1,1.0,1.0,1.0,1.0,1.0,0.4166666666666667,2,0,,0.5833333333333334,1.0
two_hubs,1008,12,138,51721157,1,1.0,1.0,1.0,1.0,1.0,0.0,2,0,,1.0,1.0
two_hubs,1008,12,139,51721158,1,1.0,1.0,1.0,1.0,1.0,0.3333333333333333,2,0,,0.6666666666666666,1.0
two_hubs,1008,12,140,51721159,1,1.0,1.0,1.0,1.0,1.0,0.16666666666666666,2,0,,0.8333333333333334,1.0
two_hubs,1008,12,141,51721160,1,1.0,1.0,1.0,1.0,1.0,0.25,2,0,,0.75,1.0
two_hubs,1008,12,142,51721161,1,1.0,1.0,1.0,1.0,1.0,0.0,2,0,,1.0,1.0
two_hubs,1008,12,143,51721162,1,1.0,1.0,1.0,1.0,1.0,0.0,2,0,,1.0,1.0
two_hubs,1008,12,144,51721163,1,1.0,1.0,1.0,1.0,1.0,0.5,2,0,,0.5,1.0
two_hubs,1008,12,145,51721164,1,1.0,1.0,1.0,1.0,1.0,0.0,2,0,,1.0,1.0
two_hubs,1008,12,146,51721165,1,1.0,1.0,1.0,1.0,1.0,0.0,2,0,,1.0,1.0
two_hubs,1008,12,147,51721166,1,1.0,1.0,1.0,1.0,1.0,0.3333333333333333,2,0,,0.6666666666666666,1.0
two_hubs,1008,12,148,51721167,1,1.0,1.0,1.0,1.0,1.0,0.16666666666666666,2,0,,0.8333333333333334,1.0
two_hubs,1008,12,149,51721168,1,1.0,1.0,1.0,1.0,1.0,0.3333333333333333,2,0,,0.6666666666666666,1.0
two_hubs,1008,12,150,51721169,1,1.0,1.0,1.0,1.0,1.0,0.3333333333333333,2,0,,0.6666666666666666,1.0
two_hubs,1008,12,151,51721170,1,1.0,1.0,1.0,1.0,1.0,0.6666666666666666,2,0,,0.3333333333333333,1.0
two_hubs,1008,12,152,51721171,1,1.0,1.0,1.0,1.0,1.0,0.16666666666666666,2,0,,0.8333333333333334,1.0
two_hubs,1008,12,153,51721172,1,1.0,1.0,1.0,1.0,1.0,0.0,2,0,,1.0,1.0
two_hubs,1008,12,154,51721173,1,1.0,1.0,1.0,1.0,1.0,0.3333333333333333,2,0,,0.6666666666666666,1.0
two_hubs,1008,12,155,51721174,1,1.0,1.0,1.0,1.0,1.0,0.16666666666666666,2,0,,0.8333333333333334,1.0
two_hubs,1008,12,156,51721175,1,1.0,1.0,1.0,1.0,1.0,0.4166666666666667,2,0,,0.5833333333333334,1.0
two_hubs,1008,12,157,51721176,1,1.0,1.0,1.0,1.0,1.0,0.0,2,0,,1.0,1.0
two_hubs,1008,12,158,51721177,1,1.0,1.0,1.0,1.0,1.0,0.16666666666666666,2,0,,0.8333333333333334,1.0
two_hubs,1008,12,159,51721178,1,1.0,1.0,1.0,1.0,1.0,0.0,2,0,,1.0,1.0
two_hubs,1008,12,160,51721179,1,1.0,1.0,1.0,1.0,1.0,0.16666666666666666,2,0,,0.8333333333333334,1.0
two_hubs,1008,12,161,51721180,1,1.0,1.0,1.0,1.0,1.0,0.16666666666666666,2,0,,0.8333333333333334,1.0
two_hubs,1008,12,162,51721181,1,1.0,1.0,1.0,1.0,1.0,0.0,2,0,,1.0,1.0
two_hubs,1008,12,163,51721182,1,1.0,1.0,1.0,1.0,1.0,0.16666666666666666,2,0,,0.8333333333333334,1.0
two_hubs,1008,12,164,51721183,1,1.0,1.0,1.0,1.0,1.0,0.0,2,0,,1.0,1.0
two_hubs,1008,12,165,51721184,1,1.0,1.0,1.0,1.0,1.0,0.0,2,0,,1.0,1.0
two_hubs,1008,12,166,51721185,1,0.0,1.0,1.0,1.0,1.0,0.3333333333333333,2,0,,0.6666666666666666,1.0
two_hubs,1008,12,167,51721186,1,1.0,1.0,1.0,1.0,1.0,0.16666666666666666,2,0,,0.8333333333333334,1.0
two_hubs,1008,12,168,51721187,1,1.0,1.0,1.0,1.0,1.0,0.16666666666666666,2,0,,0.8333333333333334,1.0
two_hubs,1008,12,169,51721188,1,1.0,1.0,1.0,1.0,1.0,0.5833333333333334,2,0,,0.4166666666666667,1.0
two_hubs,1008,12,170,51721189,1,1.0,1.0,1.0,1.0,1.0,0.5,2,0,,0.5,1.0
two_hubs,1008,12,171,51721190,1,1.0,1.0,1.0,1.0,1.0,0.3333333333333333,2,0,,0.6666666666666666,1.0
two_hubs,1008,12,172,51721191,1,1.0,1.0,1.0,1.0,1.0,0.5833333333333334,2,0,,0.4166666666666667,1.0
two_hubs,1008,12,173,51721192,1,1.0,1.0,1.0,1.0,1.0,0.25,2,0,,0.75,1.0
two_hubs,1008,12,174,51721193,1,1.0,1.0,1.0,1.0,1.0,0.75,2,0,,0.25,1.0
two_hubs,1008,12,175,51721194,1,1.0,1.0,1.0,1.0,1.0,0.16666666666666666,2,0,,0.8333333333333334,1.0
two_hubs,1008,12,176,51721195,1,1.0,1.0,1.0,1.0,1.0,0.4166666666666667,2,0,,0.5833333333333334,1.0
two_hubs,1008,12,177,51721196,1,1.0,1.0,1.0,1.0,1.0,0.25,2,0,,0.75,1.0
two_hubs,1008,12,178,51721197,1,0.0,1.0,1.0,1.0,1.0,0.3333333333333333,2,0,,0.6666666666666666,1.0
two_hubs,1008,12,179,51721198,1,1.0,1.0,1.0,1.0,1.0,0.16666666666666666,2,0,,0.8333333333333334,1.0
two_hubs,1008,12,180,51721199,1,1.0,1.0,1.0,1.0,1.0,0.16666666666666666,2,0,,0.8333333333333334,1.0
two_hubs,1008,12,181,51721200,1,1.0,1.0,1.0,1.0,1.0,0.4166666666666667,2,0,,0.5833333333333334,1.0
two_hubs,1008,12,182,51721201,1,1.0,1.0,1.0,1.0,1.0,0.3333333333333333,2,0,,0.6666666666666666,1.0
two_hubs,1008,12,183,51721202,1,1.0,1.0,1.0,1.0,1.0,0.5,2,0,,0.5,1.0
two_hubs,1008,12,184,51721203,1,1.0,1.0,1.0,1.0,1.0,0.0,2,0,,1.0,1.0
two_hubs,1008,12,185,51721204,1,1.0,1.0,1.0,1.0,1.0,0.3333333333333333,2,0,,0.6666666666666666,1.0
two_hubs,1008,12,186,51721205,1,1.0,1.0,1.0,1.0,1.0,0.16666666666666666,2,0,,0.8333333333333334,1.0
two_hubs,1008,12,187,51721206,1,1.0,1.0,1.0,1.0,1.0,0.3333333333333333,2,0,,0.6666666666666666,1.0
two_hubs,1008,12,188,51721207,1,1.0,1.0,1.0,1.0,1.0,0.16666666666666666,2,0,,0.8333333333333334,1.0
two_hubs,1008,12,189,51721208,1,1.0,1.0,1.0,1.0,1.0,0.5,2,0,,0.5,1.0
two_hubs,1008,12,190,51721209,1,1.0,1.0,1.0,1.0,1.0,0.16666666666666666,2,0,,0.8333333333333334,1.0
two_hubs,1008,12,191,51721210,1,1.0,1.0,1.0,1.0,1.0,0.0,2,0,,1.0,1.0
two_hubs,1008,12,192,51721211,1,1.0,1.0,1.0,1.0,1.0,0.6666666666666666,2,0,,0.3333333333333333,1.0
two_hubs,1008,12,193,51721212,1,1.0,1.0,1.0,1.0,1.0,0.0,2,0,,1.0,1.0
two_hubs,1008,12,194,51721213,1,1.0,1.0,1.0,1.0,1.0,0.25,2,0,,0.75,1.0
two_hubs,1008,12,195,51721214,1,1.0,1.0,1.0,1.0,1.0,0.4166666666666667,2,0,,0.5833333333333334,1.0
two_hubs,1008,12,196,51721215,1,1.0,1.0,1.0,1.0,1.0,0.0,2,0,,1.0,1.0
two_hubs,1008,12,197,51721216,1,1.0,1.0,1.0,1.0,1.0,0.16666666666666666,2,0,,0.8333333333333334,1.0
two_hubs,1008,12,198,51721217,1,1.0,1.0,1.0,1.0,1.0,0.4166666666666667,2,0,,0.5833333333333334,1.0
two_hubs,1008,12,199,51721218,1,1.0,1.0,1.0,1.0,1.0,0.16666666666666666,2,0,,0.8333333333333334,1.0
two_hubs,1008,12,200,51721219,1,1.0,1.0,1.0,1.0,1.0,0.0,2,0,,1.0,1.0
two_hubs,1008,12,201,51721220,1,1.0,1.0,1.0,1.0,1.0,0.0,2,0,,1.0,1.0
two_hubs,1008,12,202,51721221,1,1.0,1.0,1.0,1.0,1.0,0.16666666666666666,2,0,,0.8333333333333334,1.0
two_hubs,1008,12,203,51721222,1,1.0,1.0,1.0,1.0,1.0,0.3333333333333333,2,0,,0.6666666666666666,1.0
two_hubs,1008,12,204,51721223,1,1.0,1.0,1.0,1.0,1.0,0.3333333333333333,2,0,,0.6666666666666666,1.0
two_hubs,1008,12,205,51721224,1,1.0,1.0,1.0,1.0,1.0,0.16666666666666666,2,0,,0.8333333333333334,1.0
two_hubs,1008,12,206,51721225,1,1.0,1.0,1.0,1.0,1.0,0.3333333333333333,2,0,,0.6666666666666666,1.0
two_hubs,1008,12,207,51721226,1,1.0,1.0,1.0,1.0,1.0,0.0,2,0,,1.0,1.0
two_hubs,1008,12,208,51721227,1,1.0,1.0,1.0,1.0,1.0,0.16666666666666666,2,0,,0.8333333333333334,1.0
two_hubs,1008,12,209,51721228,1,1.0,1.0,1.0,1.0,1.0,0.3333333333333333,2,0,,0.6666666666666666,1.0
two_hubs,1008,12,210,51721229,1,1.0,1.0,1.0,1.0,1.0,0.16666666666666666,2,0,,0.8333333333333334,1.0
two_hubs,1008,12,211,51721230,1,1.0,1.0,1.0,1.0,1.0,0.5,2,0,,0.5,1.0
two_hubs,1008,12,212,51721231,1,1.0,1.0,1.0,1.0,1.0,0.0,2,0,,1.0,1.0
two_hubs,1008,12,213,51721232,1,1.0,1.0,1.0,1.0,1.0,0.0,2,0,,1.0,1.0
two_hubs,1008,12,214,51721233,1,1.0,1.0,1.0,1.0,1.0,0.4166666666666667,2,0,,0.5833333333333334,1.0
two_hubs,1008,12,215,51721234,1,1.0,1.0,1.0,1.0,1.0,0.3333333333333333,2,0,,0.6666666666666666,1.0
two_hubs,1008,12,216,51721235,1,1.0,1.0,1.0,1.0,1.0,0.16666666666666666,2,0,,0.8333333333333334,1.0
two_hubs,1008,12,217,51721236,1,1.0,1.0,1.0,1.0,1.0,0.0,2,0,,1.0,1.0
two_hubs,1008,12,218,51721237,1,1.0,1.0,1.0,1.0,1.0,0.0,2,0,,1.0,1.0
two_hubs,1008,12,219,51721238,1,1.0,1.0,1.0,1.0,1.0,0.16666666666666666,2,0,,0.8333333333333334,1.0
two_hubs,1008,12,220,51721239,1,1.0,1.0,1.0,1.0,1.0,0.0,2,0,,1.0,1.0
two_hubs,1008,12,221,51721240,1,1.0,1.0,1.0,1.0,1.0,0.5833333333333334,2,0,,0.4166666666666667,1.0
two_hubs,1008,12,222,51721241,1,1.0,1.0,1.0,1.0,1.0,0.25,2,0,,0.75,1.0
two_hubs,1008,12,223,51721242,1,1.0,1.0,1.0,1.0,1.0,0.16666666666666666,2,0,,0.8333333333333334,1.0
two_hubs,1008,12,224,51721243,1,1.0,1.0,1.0,1.0,1.0,0.25,2,0,,0.75,1.0
two_hubs,1008,12,225,51721244,1,1.0,1.0,1.0,1.0,1.0,0.0,2,0,,1.0,1.0
two_hubs,1008,12,226,51721245,1,1.0,1.0,1.0,1.0,1.0,0.0,2,0,,1.0,1.0
two_hubs,1008,12,227,51721246,1,1.0,1.0,1.0,1.0,1.0,0.4166666666666667,2,0,,0.5833333333333334,1.0
two_hubs,1008,12,228,51721247,1,1.0,1.0,1.0,1.0,1.0,0.0,2,0,,1.0,1.0
two_hubs,1008,12,229,51721248,1,1.0,1.0,1.0,1.0,1.0,0.5833333333333334,2,0,,0.4166666666666667,1.0
two_hubs,1008,12,230,51721249,1,1.0,1.0,1.0,1.0,1.0,0.5833333333333334,2,0,,0.4166666666666667,1.0
two_hubs,1008,12,231,51721250,1,1.0,1.0,1.0,1.0,1.0,0.0,2,0,,1.0,1.0
two_hubs,1008,12,232,51721251,1,1.0,1.0,1.0,1.0,1.0,0.16666666666666666,2,0,,0.8333333333333334,1.0
two_hubs,1008,12,233,51721252,1,1.0,1.0,1.0,1.0,1.0,0.3333333333333333,2,0,,0.6666666666666666,1.0
two_hubs,1008,12,234,51721253,1,1.0,1.0,1.0,1.0,1.0,0.16666666666666666,2,0,,0.8333333333333334,1.0
two_hubs,1008,12,235,51721254,1,1.0,1.0,1.0,1.0,1.0,0.25,2,0,,0.75,1.0
two_hubs,1008,12,236,51721255,1,1.0,1.0,1.0,1.0,1.0,0.16666666666666666,2,0,,0.8333333333333334,1.0
two_hubs,1008,12,237,51721256,1,1.0,1.0,1.0,1.0,1.0,0.0,2,0,,1.0,1.0
two_hubs,1008,12,238,51721257,1,1.0,1.0,1.0,1.0,1.0,0.0,2,0,,1.0,1.0
two_hubs,1008,12,239,51721258,1,1.0,1.0,1.0,1.0,1.0,0.4166666666666667,2,0,,0.5833333333333334,1.0
two_hubs,1008,12,240,51721259,1,1.0,1.0,1.0,1.0,1.0,0.3333333333333333,2,0,,0.6666666666666666,1.0
two_hubs,1008,12,241,51721260,1,1.0,1.0,1.0,1.0,1.0,0.0,2,0,,1.0,1.0
two_hubs,1008,12,242,51721261,1,1.0,1.0,1.0,1.0,1.0,0.0,2,0,,1.0,1.0
two_hubs,1008,12,243,51721262,1,1.0,1.0,1.0,1.0,1.0,0.3333333333333333,2,0,,0.6666666666666666,1.0
two_hubs,1008,12,244,51721263,1,1.0,1.0,1.0,1.0,1.0,0.0,2,0,,1.0,1.0
two_hubs,1008,12,245,51721264,1,1.0,1.0,1.0,1.0,1.0,0.4166666666666667,2,0,,0.5833333333333334,1.0
two_hubs,1008,12,246,51721265,1,1.0,1.0,1.0,1.0,1.0,0.16666666666666666,2,0,,0.8333333333333334,1.0
two_hubs,1008,12,247,51721266,1,1.0,1.0,1.0,1.0,1.0,0.6666666666666666,2,0,,0.3333333333333333,1.0
two_hubs,1008,12,248,51721267,1,1.0,1.0,1.0,1.0,1.0,0.25,2,0,,0.75,1.0
two_hubs,1008,12,249,51721268,1,1.0,1.0,1.0,1.0,1.0,0.4166666666666667,2,0,,0.5833333333333334,1.0
two_hubs,1008,12,250,51721269,1,1.0,1.0,1.0,1.0,1.0,0.4166666666666667,2,0,,0.5833333333333334,1.0
two_hubs,1008,12,251,51721270,1,1.0,1.0,1.0,1.0,1.0,0.16666666666666666,2,0,,0.8333333333333334,1.0
two_hubs,1008,12,252,51721271,1,1.0,1.0,1.0,1.0,1.0,0.4166666666666667,2,0,,0.5833333333333334,1.0
two_hubs,1008,12,253,51721272,1,1.0,1.0,1.0,1.0,1.0,0.3333333333333333,2,0,,0.6666666666666666,1.0
two_hubs,1008,12,254,51721273,1,1.0,1.0,1.0,1.0,1.0,0.4166666666666667,2,0,,0.5833333333333334,1.0
two_hubs,1008,12,255,51721274,1,0.0,1.0,1.0,1.0,1.0,0.16666666666666666,2,0,,0.8333333333333334,1.0
two_hubs,1008,12,256,51721275,1,1.0,1.0,1.0,1.0,1.0,0.3333333333333333,2,0,,0.6666666666666666,1.0
two_hubs,1008,12,257,51721276,1,1.0,1.0,1.0,1.0,1.0,0.0,2,0,,1.0,1.0
two_hubs,1008,12,258,51721277,1,1.0,1.0,1.0,1.0,1.0,0.0,2,0,,1.0,1.0
two_hubs,1008,12,259,51721278,1,1.0,1.0,1.0,1.0,1.0,0.25,2,0,,0.75,1.0
two_hubs,1008,12,260,51721279,1,1.0,1.0,1.0,1.0,1.0,0.25,2,0,,0.75,1.0
two_hubs,1008,12,261,51721280,1,1.0,1.0,1.0,1.0,1.0,0.16666666666666666,2,0,,0.8333333333333334,1.0
two_hubs,1008,12,262,51721281,1,1.0,1.0,1.0,1.0,1.0,0.0,2,0,,1.0,1.0
two_hubs,1008,12,263,51721282,1,1.0,1.0,1.0,1.0,1.0,0.5,2,0,,0.5,1.0
two_hubs,1008,12,264,51721283,1,1.0,1.0,1.0,1.0,1.0,0.4166666666666667,2,0,,0.5833333333333334,1.0
two_hubs,1008,12,265,51721284,1,0.0,1.0,1.0,1.0,1.0,0.4166666666666667,2,0,,0.5833333333333334,1.0
two_hubs,1008,12,266,51721285,1,1.0,1.0,1.0,1.0,1.0,0.0,2,0,,1.0,1.0
two_hubs,1008,12,267,51721286,1,1.0,1.0,1.0,1.0,1.0,0.16666666666666666,2,0,,0.8333333333333334,1.0
two_hubs,1008,12,268,51721287,1,1.0,1.0,1.0,1.0,1.0,0.16666666666666666,2,0,,0.8333333333333334,1.0
two_hubs,1008,12,269,51721288,1,1.0,1.0,1.0,1.0,1.0,0.0,2,0,,1.0,1.0
two_hubs,1008,12,270,51721289,1,1.0,1.0,1.0,1.0,1.0,0.3333333333333333,2,0,,0.6666666666666666,1.0
two_hubs,1008,12,271,51721290,1,1.0,1.0,1.0,1.0,1.0,0.0,2,0,,1.0,1.0
two_hubs,1008,12,272,51721291,1,1.0,1.0,1.0,1.0,1.0,0.16666666666666666,2,0,,0.8333333333333334,1.0
two_hubs,1008,12,273,51721292,1,1.0,1.0,1.0,1.0,1.0,0.0,2,0,,1.0,1.0
two_hubs,1008,12,274,51721293,1,1.0,1.0,1.0,1.0,1.0,0.0,2,0,,1.0,1.0
two_hubs,1008,12,275,51721294,1,1.0,1.0,1.0,1.0,1.0,0.5833333333333334,2,0,,0.4166666666666667,1.0
two_hubs,1008,12,276,51721295,1,1.0,1.0,1.0,1.0,1.0,0.5,2,0,,0.5,1.0
two_hubs,1008,12,277,51721296,1,1.0,1.0,1.0,1.0,1.0,0.0,2,0,,1.0,1.0
two_hubs,1008,12,278,51721297,1,1.0,1.0,1.0,1.0,1.0,0.0,2,0,,1.0,1.0
two_hubs,1008,12,279,51721298,1,1.0,1.0,1.0,1.0,1.0,0.3333333333333333,2,0,,0.6666666666666666,1.0
two_hubs,1008,12,280,51721299,1,1.0,1.0,1.0,1.0,1.0,0.0,2,0,,1.0,1.0
two_hubs,1008,12,281,51721300,1,1.0,1.0,1.0,1.0,1.0,0.0,2,0,,1.0,1.0
two_hubs,1008,12,282,51721301,1,1.0,1.0,1.0,1.0,1.0,0.3333333333333333,2,0,,0.6666666666666666,1.0
two_hubs,1008,12,283,51721302,1,1.0,1.0,1.0,1.0,1.0,0.0,2,0,,1.0,1.0
two_hubs,1008,12,284,51721303,1,1.0,1.0,1.0,1.0,1.0,0.5,2,0,,0.5,1.0
two_hubs,1008,12,285,51721304,1,1.0,1.0,1.0,1.0,1.0,0.0,2,0,,1.0,1.0
two_hubs,1008,12,286,51721305,1,1.0,1.0,1.0,1.0,1.0,0.16666666666666666,2,0,,0.8333333333333334,1.0
two_hubs,1008,12,287,51721306,1,1.0,1.0,1.0,1.0,1.0,0.3333333333333333,2,0,,0.6666666666666666,1.0
two_hubs,1008,12,288,51721307,1,1.0,1.0,1.0,1.0,1.0,0.16666666666666666,2,0,,0.8333333333333334,1.0
two_hubs,1008,12,289,51721308,1,1.0,1.0,1.0,1.0,1.0,0.3333333333333333,2,0,,0.6666666666666666,1.0
two_hubs,1008,12,290,51721309,1,1.0,1.0,1.0,1.0,1.0,0.5833333333333334,2,0,,0.4166666666666667,1.0
two_hubs,1008,12,291,51721310,1,1.0,1.0,1.0,1.0,1.0,0.4166666666666667,2,0,,0.5833333333333334,1.0
two_hubs,1008,12,292,51721311,1,1.0,1.0,1.0,1.0,1.0,0.5833333333333334,2,0,,0.4166666666666667,1.0
two_hubs,1008,12,293,51721312,1,1.0,1.0,1.0,1.0,1.0,0.3333333333333333,2,0,,0.6666666666666666,1.0
two_hubs,1008,12,294,51721313,1,1.0,1.0,1.0,1.0,1.0,0.0,2,0,,1.0,1.0
two_hubs,1008,12,295,51721314,1,1.0,1.0,1.0,1.0,1.0,0.16666666666666666,2,0,,0.8333333333333334,1.0
two_hubs,1008,12,296,51721315,1,1.0,1.0,1.0,1.0,1.0,0.0,2,0,,1.0,1.0
two_hubs,1008,12,297,51721316,1,1.0,1.0,1.0,1.0,1.0,0.5833333333333334,2,0,,0.4166666666666667,1.0
two_hubs,1008,12,298,51721317,1,0.0,1.0,1.0,1.0,1.0,0.16666666666666666,2,0,,0.8333333333333334,1.0
two_hubs,1008,12,299,51721318,1,1.0,1.0,1.0,1.0,1.0,0.16666666666666666,2,0,,0.8333333333333334,1.0
two_hubs,1008,12,300,51721319,1,1.0,1.0,1.0,1.0,1.0,0.0,2,0,,1.0,1.0
two_hubs,1008,12,301,51721320,1,1.0,1.0,1.0,1.0,1.0,0.16666666666666666,2,0,,0.8333333333333334,1.0
two_hubs,1008,12,302,51721321,1,1.0,1.0,1.0,1.0,1.0,0.0,2,0,,1.0,1.0
two_hubs,1008,12,303,51721322,1,1.0,1.0,1.0,1.0,1.0,0.0,2,0,,1.0,1.0
two_hubs,1008,12,304,51721323,1,1.0,1.0,1.0,1.0,1.0,0.16666666666666666,2,0,,0.8333333333333334,1.0
two_hubs,1008,12,305,51721324,1,1.0,1.0,1.0,1.0,1.0,0.16666666666666666,2,0,,0.8333333333333334,1.0
two_hubs,1008,12,306,51721325,1,1.0,1.0,1.0,1.0,1.0,0.16666666666666666,2,0,,0.8333333333333334,1.0
two_hubs,1008,12,307,51721326,1,1.0,1.0,1.0,1.0,1.0,0.5,2,0,,0.5,1.0
two_hubs,1008,12,308,51721327,1,0.0,1.0,1.0,1.0,1.0,0.16666666666666666,2,0,,0.8333333333333334,1.0
two_hubs,1008,12,309,51721328,1,1.0,1.0,1.0,1.0,1.0,0.16666666666666666,2,0,,0.8333333333333334,1.0
two_hubs,1008,12,310,51721329,1,1.0,1.0,1.0,1.0,1.0,0.16666666666666666,2,0,,0.8333333333333334,1.0
two_hubs,1008,12,311,51721330,1,0.0,1.0,1.0,1.0,1.0,0.4166666666666667,2,0,,0.5833333333333334,1.0
two_hubs,1008,12,312,51721331,1,0.0,1.0,1.0,1.0,1.0,0.16666666666666666,2,0,,0.8333333333333334,1.0
two_hubs,1008,12,313,51721332,1,1.0,1.0,1.0,1.0,1.0,0.16666666666666666,2,0,,0.8333333333333334,1.0
two_hubs,1008,12,314,51721333,1,1.0,1.0,1.0,1.0,1.0,0.25,2,0,,0.75,1.0
two_hubs,1008,12,315,51721334,1,1.0,1.0,1.0,1.0,1.0,0.16666666666666666,2,0,,0.8333333333333334,1.0
two_hubs,1008,12,316,51721335,1,1.0,1.0,1.0,1.0,1.0,0.25,2,0,,0.75,1.0
two_hubs,1008,12,317,51721336,1,1.0,1.0,1.0,1.0,1.0,0.0,2,0,,1.0,1.0
two_hubs,1008,12,318,51721337,1,1.0,1.0,1.0,1.0,1.0,0.0,2,0,,1.0,1.0
two_hubs,1008,12,319,51721338,1,0.0,1.0,1.0,1.0,1.0,0.0,2,0,,1.0,1.0
two_hubs,1008,12,320,51721339,1,1.0,1.0,1.0,1.0,1.0,0.3333333333333333,2,0,,0.6666666666666666,1.0
two_hubs,1008,12,321,51721340,1,1.0,1.0,1.0,1.0,1.0,0.25,2,0,,0.75,1.0
two_hubs,1008,12,322,51721341,1,1.0,1.0,1.0,1.0,1.0,0.0,2,0,,1.0,1.0
two_hubs,1008,12,323,51721342,1,1.0,1.0,1.0,1.0,1.0,0.3333333333333333,2,0,,0.6666666666666666,1.0
two_hubs,1008,12,324,51721343,1,1.0,1.0,1.0,1.0,1.0,0.3333333333333333,2,0,,0.6666666666666666,1.0
two_hubs,1008,12,325,51721344,1,1.0,1.0,1.0,1.0,1.0,0.16666666666666666,2,0,,0.8333333333333334,1.0
two_hubs,1008,12,326,51721345,1,1.0,1.0,1.0,1.0,1.0,0.0,2,0,,1.0,1.0
two_hubs,1008,12,327,51721346,1,1.0,1.0,1.0,1.0,1.0,0.0,2,0,,1.0,1.0
two_hubs,1008,12,328,51721347,1,1.0,1.0,1.0,1.0,1.0,0.4166666666666667,2,0,,0.5833333333333334,1.0
two_hubs,1008,12,329,51721348,1,1.0,1.0,1.0,1.0,1.0,0.16666666666666666,2,0,,0.8333333333333334,1.0
two_hubs,1008,12,330,51721349,1,1.0,1.0,1.0,1.0,1.0,0.3333333333333333,2,0,,0.6666666666666666,1.0
two_hubs,1008,12,331,51721350,1,1.0,1.0,1.0,1.0,1.0,0.0,2,0,,1.0,1.0
two_hubs,1008,12,332,51721351,1,1.0,1.0,1.0,1.0,1.0,0.3333333333333333,2,0,,0.6666666666666666,1.0
two_hubs,1008,12,333,51721352,1,1.0,1.0,1.0,1.0,1.0,0.0,2,0,,1.0,1.0
two_hubs,1008,12,334,51721353,1,1.0,1.0,1.0,1.0,1.0,0.4166666666666667,2,0,,0.5833333333333334,1.0
two_hubs,1008,12,335,51721354,1,1.0,1.0,1.0,1.0,1.0,0.0,2,0,,1.0,1.0
two_hubs,1008,12,336,51721355,1,1.0,1.0,1.0,1.0,1.0,0.0,2,0,,1.0,1.0
two_hubs,1008,12,337,51721356,1,0.0,1.0,1.0,1.0,1.0,0.3333333333333333,2,0,,0.6666666666666666,1.0
two_hubs,1008,12,338,51721357,1,1.0,1.0,1.0,1.0,1.0,0.3333333333333333,2,0,,0.6666666666666666,1.0
two_hubs,1008,12,339,51721358,1,1.0,1.0,1.0,1.0,1.0,0.16666666666666666,2,0,,0.8333333333333334,1.0
two_hubs,1008,12,340,51721359,1,1.0,1.0,1.0,1.0,1.0,0.16666666666666666,2,0,,0.8333333333333334,1.0
two_hubs,1008,12,341,51721360,1,1.0,1.0,1.0,1.0,1.0,0.16666666666666666,2,0,,0.8333333333333334,1.0
two_hubs,1008,12,342,51721361,1,1.0,1.0,1.0,1.0,1.0,0.5833333333333334,2,0,,0.4166666666666667,1.0
two_hubs,1008,12,343,51721362,1,1.0,1.0,1.0,1.0,1.0,0.16666666666666666,2,0,,0.8333333333333334,1.0
two_hubs,1008,12,344,51721363,1,1.0,1.0,1.0,1.0,1.0,0.5833333333333334,2,0,,0.4166666666666667,1.0
two_hubs,1008,12,345,51721364,1,1.0,1.0,1.0,1.0,1.0,0.4166666666666667,2,0,,0.5833333333333334,1.0
two_hubs,1008,12,346,51721365,1,1.0,1.0,1.0,1.0,1.0,0.75,2,0,,0.25,1.0
two_hubs,1008,12,347,51721366,1,1.0,1.0,1.0,1.0,1.0,0.0,2,0,,1.0,1.0
two_hubs,1008,12,348,51721367,1,1.0,1.0,1.0,1.0,1.0,0.16666666666666666,2,0,,0.8333333333333334,1.0
two_hubs,1008,12,349,51721368,1,1.0,1.0,1.0,1.0,1.0,0.0,2,0,,1.0,1.0
two_hubs,1008,12,350,51721369,1,1.0,1.0,1.0,1.0,1.0,0.4166666666666667,2,0,,0.5833333333333334,1.0
two_hubs,1008,12,351,51721370,1,1.0,1.0,1.0,1.0,1.0,0.0,2,0,,1.0,1.0
two_hubs,1008,12,352,51721371,1,1.0,1.0,1.0,1.0,1.0,0.16666666666666666,2,0,,0.8333333333333334,1.0
two_hubs,1008,12,353,51721372,1,1.0,1.0,1.0,1.0,1.0,0.0,2,0,,1.0,1.0
two_hubs,1008,12,354,51721373,1,1.0,1.0,1.0,1.0,1.0,0.0,2,0,,1.0,1.0
two_hubs,1008,12,355,51721374,1,1.0,1.0,1.0,1.0,1.0,0.4166666666666667,2,0,,0.5833333333333334,1.0
two_hubs,1008,12,356,51721375,1,1.0,1.0,1.0,1.0,1.0,0.0,2,0,,1.0,1.0
two_hubs,1008,12,357,51721376,1,1.0,1.0,1.0,1.0,1.0,0.0,2,0,,1.0,1.0
two_hubs,1008,12,358,51721377,1,1.0,1.0,1.0,1.0,1.0,0.16666666666666666,2,0,,0.8333333333333334,1.0
two_hubs,1008,12,359,51721378,1,1.0,1.0,1.0,1.0,1.0,0.16666666666666666,2,0,,0.8333333333333334,1.0
two_hubs,1008,12,360,51721379,1,1.0,1.0,1.0,1.0,1.0,0.25,2,0,,0.75,1.0
two_hubs,1008,12,361,51721380,1,1.0,1.0,1.0,1.0,1.0,0.16666666666666666,2,0,,0.8333333333333334,1.0
two_hubs,1008,12,362,51721381,1,1.0,1.0,1.0,1.0,1.0,0.16666666666666666,2,0,,0.8333333333333334,1.0
two_hubs,1008,12,363,51721382,1,1.0,1.0,1.0,1.0,1.0,0.25,2,0,,0.75,1.0
two_hubs,1008,12,364,51721383,1,1.0,1.0,1.0,1.0,1.0,0.0,2,0,,1.0,1.0
two_hubs,1008,12,365,51721384,1,1.0,1.0,1.0,1.0,1.0,0.4166666666666667,2,0,,0.5833333333333334,1.0
two_hubs,1008,12,366,51721385,1,1.0,1.0,1.0,1.0,1.0,0.0,2,0,,1.0,1.0
two_hubs,1008,12,367,51721386,1,1.0,1.0,1.0,1.0,1.0,0.3333333333333333,2,0,,0.6666666666666666,1.0
two_hubs,1008,12,368,51721387,1,1.0,1.0,1.0,1.0,1.0,0.0,2,0,,1.0,1.0
two_hubs,1008,12,369,51721388,1,1.0,1.0,1.0,1.0,1.0,0.3333333333333333,2,0,,0.6666666666666666,1.0
two_hubs,1008,12,370,51721389,1,1.0,1.0,1.0,1.0,1.0,0.16666666666666666,2,0,,0.8333333333333334,1.0
two_hubs,1008,12,371,51721390,1,1.0,1.0,1.0,1.0,1.0,0.0,2,0,,1.0,1.0
two_hubs,1008,12,372,51721391,1,1.0,1.0,1.0,1.0,1.0,0.16666666666666666,2,0,,0.8333333333333334,1.0
two_hubs,1008,12,373,51721392,1,1.0,1.0,1.0,1.0,1.0,0.0,2,0,,1.0,1.0
two_hubs,1008,12,374,51721393,1,1.0,1.0,1.0,1.0,1.0,0.3333333333333333,2,0,,0.6666666666666666,1.0
two_hubs,1008,12,375,51721394,1,1.0,1.0,1.0,1.0,1.0,0.0,2,0,,1.0,1.0
two_hubs,1008,12,376,51721395,1,1.0,1.0,1.0,1.0,1.0,0.0,2,0,,1.0,1.0
two_hubs,1008,12,377,51721396,1,1.0,1.0,1.0,1.0,1.0,0.16666666666666666,2,0,,0.8333333333333334,1.0
two_hubs,1008,12,378,51721397,1,1.0,1.0,1.0,1.0,1.0,0.5,2,0,,0.5,1.0
two_hubs,1008,12,379,51721398,1,1.0,1.0,1.0,1.0,1.0,0.0,2,0,,1.0,1.0
two_hubs,1008,12,380,51721399,1,1.0,1.0,1.0,1.0,1.0,0.3333333333333333,2,0,,0.6666666666666666,1.0
two_hubs,1008,12,381,51721400,1,1.0,1.0,1.0,1.0,1.0,0.3333333333333333,2,0,,0.6666666666666666,1.0
two_hubs,1008,12,382,51721401,1,0.0,1.0,1.0,1.0,1.0,0.0,2,0,,1.0,1.0
two_hubs,1008,12,383,51721402,1,0.0,1.0,1.0,1.0,1.0,0.16666666666666666,2,0,,0.8333333333333334,1.0
two_hubs,1008,12,384,51721403,1,1.0,1.0,1.0,1.0,1.0,0.3333333333333333,2,0,,0.6666666666666666,1.0
two_hubs,1008,12,385,51721404,1,1.0,1.0,1.0,1.0,1.0,0.3333333333333333,2,0,,0.6666666666666666,1.0
two_hubs,1008,12,386,51721405,1,1.0,1.0,1.0,1.0,1.0,0.0,2,0,,1.0,1.0
two_hubs,1008,12,387,51721406,1,1.0,1.0,1.0,1.0,1.0,0.0,2,0,,1.0,1.0
two_hubs,1008,12,388,51721407,1,1.0,1.0,1.0,1.0,1.0,0.25,2,0,,0.75,1.0
two_hubs,1008,12,389,51721408,1,1.0,1.0,1.0,1.0,1.0,0.4166666666666667,2,0,,0.5833333333333334,1.0
two_hubs,1008,12,390,51721409,1,1.0,1.0,1.0,1.0,1.0,0.16666666666666666,2,0,,0.8333333333333334,1.0
two_hubs,1008,12,391,51721410,1,1.0,1.0,1.0,1.0,1.0,0.25,2,0,,0.75,1.0
two_hubs,1008,12,392,51721411,1,1.0,1.0,1.0,1.0,1.0,0.25,2,0,,0.75,1.0
two_hubs,1008,12,393,51721412,1,1.0,1.0,1.0,1.0,1.0,0.16666666666666666,2,0,,0.8333333333333334,1.0
two_hubs,1008,12,394,51721413,1,1.0,1.0,1.0,1.0,1.0,0.16666666666666666,2,0,,0.8333333333333334,1.0
two_hubs,1008,12,395,51721414,1,1.0,1.0,1.0,1.0,1.0,0.0,2,0,,1.0,1.0
two_hubs,1008,12,396,51721415,1,0.0,1.0,1.0,1.0,1.0,0.25,2,0,,0.75,1.0
two_hubs,1008,12,397,51721416,1,1.0,1.0,1.0,1.0,1.0,0.5,2,0,,0.5,1.0
two_hubs,1008,12,398,51721417,1,1.0,1.0,1.0,1.0,1.0,0.16666666666666666,2,0,,0.8333333333333334,1.0
two_hubs,1008,12,399,51721418,1,1.0,1.0,1.0,1.0,1.0,0.6666666666666666,2,0,,0.3333333333333333,1.0
two_hubs,1008,12,400,51721419,1,1.0,1.0,1.0,1.0,1.0,0.25,2,0,,0.75,1.0
two_hubs,1008,12,401,51721420,1,1.0,1.0,1.0,1.0,1.0,0.0,2,0,,1.0,1.0
two_hubs,1008,12,402,51721421,1,1.0,1.0,1.0,1.0,1.0,0.0,2,0,,1.0,1.0
two_hubs,1008,12,403,51721422,1,1.0,1.0,1.0,1.0,1.0,0.16666666666666666,2,0,,0.8333333333333334,1.0
two_hubs,1008,12,404,51721423,1,1.0,1.0,1.0,1.0,1.0,0.0,2,0,,1.0,1.0
two_hubs,1008,12,405,51721424,1,1.0,1.0,1.0,1.0,1.0,0.5,2,0,,0.5,1.0
two_hubs,1008,12,406,51721425,1,1.0,1.0,1.0,1.0,1.0,0.3333333333333333,2,0,,0.6666666666666666,1.0
two_hubs,1008,12,407,51721426,1,1.0,1.0,1.0,1.0,1.0,0.16666666666666666,2,0,,0.8333333333333334,1.0
two_hubs,1008,12,408,51721427,1,1.0,1.0,1.0,1.0,1.0,0.16666666666666666,2,0,,0.8333333333333334,1.0
two_hubs,1008,12,409,51721428,1,1.0,1.0,1.0,1.0,1.0,0.5833333333333334,2,0,,0.4166666666666667,1.0
two_hubs,1008,12,410,51721429,1,1.0,1.0,1.0,1.0,1.0,0.0,2,0,,1.0,1.0
two_hubs,1008,12,411,51721430,1,1.0,1.0,1.0,1.0,1.0,0.25,2,0,,0.75,1.0
two_hubs,1008,12,412,51721431,1,1.0,1.0,1.0,1.0,1.0,0.16666666666666666,2,0,,0.8333333333333334,1.0
two_hubs,1008,12,413,51721432,1,1.0,1.0,1.0,1.0,1.0,0.4166666666666667,2,0,,0.5833333333333334,1.0
two_hubs,1008,12,414,51721433,1,1.0,1.0,1.0,1.0,1.0,0.16666666666666666,2,0,,0.8333333333333334,1.0
two_hubs,1008,12,415,51721434,1,1.0,1.0,1.0,1.0,1.0,0.25,2,0,,0.75,1.0
two_hubs,1008,12,416,51721435,1,1.0,1.0,1.0,1.0,1.0,0.0,2,0,,1.0,1.0
two_hubs,1008,12,417,51721436,1,1.0,1.0,1.0,1.0,1.0,0.4166666666666667,2,0,,0.5833333333333334,1.0
two_hubs,1008,12,418,51721437,1,1.0,1.0,1.0,1.0,1.0,0.4166666666666667,2,0,,0.5833333333333334,1.0
two_hubs,1008,12,419,51721438,1,0.0,1.0,1.0,1.0,1.0,0.0,2,0,,1.0,1.0
two_hubs,1008,12,420,51721439,1,1.0,1.0,1.0,1.0,1.0,0.0,2,0,,1.0,1.0
two_hubs,1008,12,421,51721440,1,1.0,1.0,1.0,1.0,1.0,0.4166666666666667,2,0,,0.5833333333333334,1.0
two_hubs,1008,12,422,51721441,1,1.0,1.0,1.0,1.0,1.0,0.0,2,0,,1.0,1.0
two_hubs,1008,12,423,51721442,1,1.0,1.0,1.0,1.0,1.0,0.25,2,0,,0.75,1.0
two_hubs,1008,12,424,51721443,1,1.0,1.0,1.0,1.0,1.0,0.25,2,0,,0.75,1.0
two_hubs,1008,12,425,51721444,1,1.0,1.0,1.0,1.0,1.0,0.25,2,0,,0.75,1.0
two_hubs,1008,12,426,51721445,1,1.0,1.0,1.0,1.0,1.0,0.16666666666666666,2,0,,0.8333333333333334,1.0
two_hubs,1008,12,427,51721446,1,1.0,1.0,1.0,1.0,1.0,0.0,2,0,,1.0,1.0
two_hubs,1008,12,428,51721447,1,0.0,1.0,1.0,1.0,1.0,0.5833333333333334,2,0,,0.4166666666666667,1.0
two_hubs,1008,12,429,51721448,1,1.0,1.0,1.0,1.0,1.0,0.5,2,0,,0.5,1.0
two_hubs,1008,12,430,51721449,1,1.0,1.0,1.0,1.0,1.0,0.0,2,0,,1.0,1.0
two_hubs,1008,12,431,51721450,1,1.0,1.0,1.0,1.0,1.0,0.16666666666666666,2,0,,0.8333333333333334,1.0
two_hubs,1008,12,432,51721451,1,1.0,1.0,1.0,1.0,1.0,0.25,2,0,,0.75,1.0
two_hubs,1008,12,433,51721452,1,1.0,1.0,1.0,1.0,1.0,0.0,2,0,,1.0,1.0
two_hubs,1008,12,434,51721453,1,1.0,1.0,1.0,1.0,1.0,0.16666666666666666,2,0,,0.8333333333333334,1.0
two_hubs,1008,12,435,51721454,1,1.0,1.0,1.0,1.0,1.0,0.8333333333333334,2,0,,0.16666666666666666,1.0
two_hubs,1008,12,436,51721455,1,1.0,1.0,1.0,1.0,1.0,0.4166666666666667,2,0,,0.5833333333333334,1.0
two_hubs,1008,12,437,51721456,1,1.0,1.0,1.0,1.0,1.0,0.5,2,0,,0.5,1.0
two_hubs,1008,12,438,51721457,1,1.0,1.0,1.0,1.0,1.0,0.0,2,0,,1.0,1.0
two_hubs,1008,12,439,51721458,1,1.0,1.0,1.0,1.0,1.0,0.16666666666666666,2,0,,0.8333333333333334,1.0
two_hubs,1008,12,440,51721459,1,1.0,1.0,1.0,1.0,1.0,0.25,2,0,,0.75,1.0
two_hubs,1008,12,441,51721460,1,1.0,1.0,1.0,1.0,1.0,0.16666666666666666,2,0,,0.8333333333333334,1.0
two_hubs,1008,12,442,51721461,1,1.0,1.0,1.0,1.0,1.0,0.0,2,0,,1.0,1.0
two_hubs,1008,12,443,51721462,1,1.0,1.0,1.0,1.0,1.0,0.16666666666666666,2,0,,0.8333333333333334,1.0
two_hubs,1008,12,444,51721463,1,1.0,1.0,1.0,1.0,1.0,0.0,2,0,,1.0,1.0
two_hubs,1008,12,445,51721464,1,1.0,1.0,1.0,1.0,1.0,0.25,2,0,,0.75,1.0
two_hubs,1008,12,446,51721465,1,1.0,1.0,1.0,1.0,1.0,0.5,2,0,,0.5,1.0
two_hubs,1008,12,447,51721466,1,0.0,1.0,1.0,1.0,1.0,0.3333333333333333,2,0,,0.6666666666666666,1.0
two_hubs,1008,12,448,51721467,1,1.0,1.0,1.0,1.0,1.0,0.0,2,0,,1.0,1.0
two_hubs,1008,12,449,51721468,1,1.0,1.0,1.0,1.0,1.0,0.25,2,0,,0.75,1.0
two_hubs,1008,12,450,51721469,1,1.0,1.0,1.0,1.0,1.0,0.5,2,0,,0.5,1.0
two_hubs,1008,12,451,51721470,1,1.0,1.0,1.0,1.0,1.0,0.16666666666666666,2,0,,0.8333333333333334,1.0
two_hubs,1008,12,452,51721471,1,1.0,1.0,1.0,1.0,1.0,0.25,2,0,,0.75,1.0
two_hubs,1008,12,453,51721472,1,1.0,1.0,1.0,1.0,1.0,0.0,2,0,,1.0,1.0
two_hubs,1008,12,454,51721473,1,1.0,1.0,1.0,1.0,1.0,0.0,2,0,,1.0,1.0
two_hubs,1008,12,455,51721474,1,1.0,1.0,1.0,1.0,1.0,0.0,2,0,,1.0,1.0
two_hubs,1008,12,456,51721475,1,1.0,1.0,1.0,1.0,1.0,0.0,2,0,,1.0,1.0
two_hubs,1008,12,457,51721476,1,1.0,1.0,1.0,1.0,1.0,0.0,2,0,,1.0,1.0
two_hubs,1008,12,458,51721477,1,1.0,1.0,1.0,1.0,1.0,0.3333333333333333,2,0,,0.6666666666666666,1.0
two_hubs,1008,12,459,51721478,1,1.0,1.0,1.0,1.0,1.0,0.5833333333333334,2,0,,0.4166666666666667,1.0
two_hubs,1008,12,460,51721479,1,1.0,1.0,1.0,1.0,1.0,0.5,2,0,,0.5,1.0
two_hubs,1008,12,461,51721480,1,1.0,1.0,1.0,1.0,1.0,0.4166666666666667,2,0,,0.5833333333333334,1.0
two_hubs,1008,12,462,51721481,1,1.0,1.0,1.0,1.0,1.0,0.16666666666666666,2,0,,0.8333333333333334,1.0
two_hubs,1008,12,463,51721482,1,1.0,1.0,1.0,1.0,1.0,0.5833333333333334,2,0,,0.4166666666666667,1.0
two_hubs,1008,12,464,51721483,1,1.0,1.0,1.0,1.0,1.0,0.25,2,0,,0.75,1.0
two_hubs,1008,12,465,51721484,1,1.0,1.0,1.0,1.0,1.0,0.6666666666666666,2,0,,0.3333333333333333,1.0
two_hubs,1008,12,466,51721485,1,1.0,1.0,1.0,1.0,1.0,0.0,2,0,,1.0,1.0
two_hubs,1008,12,467,51721486,1,1.0,1.0,1.0,1.0,1.0,0.0,2,0,,1.0,1.0
two_hubs,1008,12,468,51721487,1,1.0,1.0,1.0,1.0,1.0,0.0,2,0,,1.0,1.0
two_hubs,1008,12,469,51721488,1,1.0,1.0,1.0,1.0,1.0,0.16666666666666666,2,0,,0.8333333333333334,1.0
two_hubs,1008,12,470,51721489,1,1.0,1.0,1.0,1.0,1.0,0.0,2,0,,1.0,1.0
two_hubs,1008,12,471,51721490,1,1.0,1.0,1.0,1.0,1.0,0.5,2,0,,0.5,1.0
two_hubs,1008,12,472,51721491,1,1.0,1.0,1.0,1.0,1.0,0.4166666666666667,2,0,,0.5833333333333334,1.0
two_hubs,1008,12,473,51721492,1,1.0,1.0,1.0,1.0,1.0,0.4166666666666667,2,0,,0.5833333333333334,1.0
two_hubs,1008,12,474,51721493,1,1.0,1.0,1.0,1.0,1.0,0.5,2,0,,0.5,1.0
two_hubs,1008,12,475,51721494,1,1.0,1.0,1.0,1.0,1.0,0.0,2,0,,1.0,1.0
two_hubs,1008,12,476,51721495,1,1.0,1.0,1.0,1.0,1.0,0.0,2,0,,1.0,1.0
two_hubs,1008,12,477,51721496,1,1.0,1.0,1.0,1.0,1.0,0.5833333333333334,2,0,,0.4166666666666667,1.0
two_hubs,1008,12,478,51721497,1,1.0,1.0,1.0,1.0,1.0,0.16666666666666666,2,0,,0.8333333333333334,1.0
two_hubs,1008,12,479,51721498,1,1.0,1.0,1.0,1.0,1.0,0.16666666666666666,2,0,,0.8333333333333334,1.0
two_hubs,1008,12,480,51721499,1,1.0,1.0,1.0,1.0,1.0,0.5833333333333334,2,0,,0.4166666666666667,1.0
two_hubs,1008,12,481,51721500,1,1.0,1.0,1.0,1.0,1.0,0.4166666666666667,2,0,,0.5833333333333334,1.0
two_hubs,1008,12,482,51721501,1,1.0,1.0,1.0,1.0,1.0,0.16666666666666666,2,0,,0.8333333333333334,1.0
two_hubs,1008,12,483,51721502,1,1.0,1.0,1.0,1.0,1.0,0.4166666666666667,2,0,,0.5833333333333334,1.0
two_hubs,1008,12,484,51721503,1,1.0,1.0,1.0,1.0,1.0,0.3333333333333333,2,0,,0.6666666666666666,1.0
two_hubs,1008,12,485,51721504,1,1.0,1.0,1.0,1.0,1.0,0.16666666666666666,2,0,,0.8333333333333334,1.0
two_hubs,1008,12,486,51721505,1,1.0,1.0,1.0,1.0,1.0,0.0,2,0,,1.0,1.0
two_hubs,1008,12,487,51721506,1,1.0,1.0,1.0,1.0,1.0,0.0,2,0,,1.0,1.0
two_hubs,1008,12,488,51721507,1,1.0,1.0,1.0,1.0,1.0,0.16666666666666666,2,0,,0.8333333333333334,1.0
two_hubs,1008,12,489,51721508,1,1.0,1.0,1.0,1.0,1.0,0.25,2,0,,0.75,1.0
two_hubs,1008,12,490,51721509,1,1.0,1.0,1.0,1.0,1.0,0.0,2,0,,1.0,1.0
two_hubs,1008,12,491,51721510,1,1.0,1.0,1.0,1.0,1.0,0.4166666666666667,2,0,,0.5833333333333334,1.0
two_hubs,1008,12,492,51721511,1,1.0,1.0,1.0,1.0,1.0,0.0,2,0,,1.0,1.0
two_hubs,1008,12,493,51721512,1,1.0,1.0,1.0,1.0,1.0,0.0,2,0,,1.0,1.0
two_hubs,1008,12,494,51721513,1,1.0,1.0,1.0,1.0,1.0,0.4166666666666667,2,0,,0.5833333333333334,1.0
two_hubs,1008,12,495,51721514,1,0.0,1.0,1.0,1.0,1.0,0.0,2,0,,1.0,1.0
two_hubs,1008,12,496,51721515,1,1.0,1.0,1.0,1.0,1.0,0.0,2,0,,1.0,1.0
two_hubs,1008,12,497,51721516,1,1.0,1.0,1.0,1.0,1.0,0.16666666666666666,2,0,,0.8333333333333334,1.0
two_hubs,1008,12,498,51721517,1,1.0,1.0,1.0,1.0,1.0,0.16666666666666666,2,0,,0.8333333333333334,1.0
two_hubs,1008,12,499,51721518,1,0.0,1.0,1.0,1.0,1.0,0.0,2,0,,1.0,1.0
chain,126,12,0,60839019,1,1.0,1.0,1.0,1.0,1.0,3.6666666666666665,12,0,,0.0,0.20392892892892606
chain,126,12,1,60839020,1,1.0,1.0,1.0,1.0,1.0,3.25,12,0,,0.0,0.20472972972972672
chain,126,12,2,60839021,1,1.0,1.0,1.0,1.0,1.0,3.4166666666666665,12,0,,0.0,0.26781781781781355
chain,126,12,3,60839022,1,1.0,1.0,1.0,1.0,1.0,3.8333333333333335,12,0,,0.0,0.2123623623623591
chain,126,12,4,60839023,1,1.0,1.0,1.0,1.0,1.0,3.9166666666666665,12,0,,0.0,0.21358858858858545
chain,126,12,5,60839024,1,1.0,1.0,1.0,1.0,1.0,3.4166666666666665,12,0,,0.0,0.20370370370370083
chain,126,12,6,60839025,1,1.0,1.0,1.0,1.0,1.0,4.083333333333333,12,0,,0.0,0.2077077077077047
chain,126,12,7,60839026,1,1.0,1.0,1.0,1.0,1.0,3.25,12,0,,0.0,0.1999999999999972
chain,126,12,8,60839027,1,1.0,1.0,1.0,1.0,1.0,4.75,12,0,,0.0,0.23583583583583187
chain,126,12,9,60839028,1,1.0,1.0,1.0,1.0,1.0,3.75,12,0,,0.0,0.20840840840840538
chain,126,12,10,60839029,1,1.0,1.0,1.0,1.0,1.0,3.9166666666666665,12,0,,0.0,0.23423423423423065
chain,126,12,11,60839030,1,1.0,1.0,1.0,1.0,1.0,3.4166666666666665,12,0,,0.0,0.20820820820820501
chain,126,12,12,60839031,1,1.0,1.0,1.0,1.0,1.0,3.5,12,0,,0.0,0.20217717717717423
chain,126,12,13,60839032,1,1.0,1.0,1.0,1.0,1.0,3.0,12,0,,0.0,0.20545545545545243
chain,126,12,14,60839033,1,1.0,1.0,1.0,1.0,1.0,3.3333333333333335,12,0,,0.0,0.2614614614614571
chain,126,12,15,60839034,1,1.0,1.0,1.0,1.0,1.0,3.5,12,0,,0.0,0.21341341341341027
chain,126,12,16,60839035,1,1.0,1.0,1.0,1.0,1.0,4.25,12,0,,0.0,0.20072572572572295
chain,126,12,17,60839036,1,1.0,1.0,1.0,1.0,1.0,3.5833333333333335,12,0,,0.0,0.20560560560560268
chain,126,12,18,60839037,1,1.0,1.0,1.0,1.0,1.0,4.0,12,0,,0.0,0.23398398398398013
chain,126,12,19,60839038,1,0.0,1.0,1.0,1.0,1.0,3.5,12,0,,0.0,0.2101101101101071
chain,126,12,20,60839039,1,1.0,1.0,1.0,1.0,1.0,4.166666666666667,12,0,,0.0,0.2160660660660628
chain,126,12,21,60839040,1,1.0,1.0,1.0,1.0,1.0,4.083333333333333,12,0,,0.0,0.21731731731731402
chain,126,12,22,60839041,1,1.0,1.0,1.0,1.0,1.0,3.4166666666666665,12,0,,0.0,0.2414914914914871
chain,126,12,23,60839042,1,1.0,1.0,1.0,1.0,1.0,3.75,12,0,,0.0,0.20530530530530247
chain,126,12,24,60839043,1,0.0,1.0,1.0,1.0,1.0,3.0833333333333335,12,0,,0.0,0.200800800800798
chain,126,12,25,60839044,1,1.0,1.0,1.0,1.0,1.0,3.8333333333333335,12,0,,0.0,0.20813313313313023
chain,126,12,26,60839045,1,1.0,1.0,1.0,1.0,1.0,3.3333333333333335,12,0,,0.0,0.20072572572572295
chain,126,12,27,60839046,1,0.0,1.0,1.0,1.0,1.0,3.75,12,0,,0.0,0.34704704704704187
chain,126,12,28,60839047,1,1.0,1.0,1.0,1.0,1.0,4.0,12,0,,0.0,0.20232732732732436
chain,126,12,29,60839048,1,1.0,1.0,1.0,1.0,1.0,3.5,12,0,,0.0,0.2038538538538509
chain,126,12,30,60839049,1,1.0,1.0,1.0,1.0,1.0,4.0,12,0,,0.0,0.20312812812812522
chain,126,12,31,60839050,1,1.0,1.0,1.0,1.0,1.0,4.083333333333333,12,0,,0.0,0.20880880880880567
chain,126,12,32,60839051,1,1.0,1.0,1.0,1.0,1.0,3.0833333333333335,12,0,,0.0,0.2013263263263234
chain,126,12,33,60839052,1,1.0,1.0,1.0,1.0,1.0,3.9166666666666665,12,0,,0.0,0.20072572572572286
chain,126,12,34,60839053,1,1.0,1.0,1.0,1.0,1.0,3.8333333333333335,12,0,,0.0,0.20072572572572295
chain,126,12,35,60839054,1,1.0,1.0,1.0,1.0,1.0,4.0,12,0,,0.0,0.220445445445442
chain,126,12,36,60839055,1,1.0,1.0,1.0,1.0,1.0,4.5,12,0,,0.0,0.2067817817817787
chain,126,12,37,60839056,1,1.0,1.0,1.0,1.0,1.0,3.3333333333333335,12,0,,0.0,0.2015265265265236
chain,126,12,38,60839057,1,1.0,1.0,1.0,1.0,1.0,3.9166666666666665,12,0,,0.0,0.20780780780780478
chain,126,12,39,60839058,1,1.0,1.0,1.0,1.0,1.0,3.3333333333333335,12,0,,0.0,0.200800800800798
chain,126,12,40,60839059,1,1.0,1.0,1.0,1.0,1.0,3.5,12,0,,0.0,0.20260260260259963
chain,126,12,41,60839060,1,1.0,1.0,1.0,1.0,1.0,3.3333333333333335,12,0,,0.0,0.200800800800798
chain,126,12,42,60839061,1,1.0,1.0,1.0,1.0,1.0,3.6666666666666665,12,0,,0.0,0.20915915915915598
chain,126,12,43,60839062,1,1.0,1.0,1.0,1.0,1.0,3.5833333333333335,12,0,,0.0,0.1999999999999972
chain,126,12,44,60839063,1,1.0,1.0,1.0,1.0,1.0,4.333333333333333,12,0,,0.0,0.20485485485485194
chain,126,12,45,60839064,1,1.0,1.0,1.0,1.0,1.0,3.6666666666666665,12,0,,0.0,0.20665665665665384
chain,126,12,46,60839065,1,1.0,1.0,1.0,1.0,1.0,3.6666666666666665,12,0,,0.0,0.20420420420420116
chain,126,12,47,60839066,1,1.0,1.0,1.0,1.0,1.0,4.0,12,0,,0.0,0.20065065065064785
chain,126,12,48,60839067,1,1.0,1.0,1.0,1.0,1.0,4.25,12,0,,0.0,0.20549716383049416
chain,126,12,49,60839068,1,1.0,1.0,1.0,1.0,1.0,3.6666666666666665,12,0,,0.0,0.20705705705705402
chain,126,12,50,60839069,1,1.0,1.0,1.0,1.0,1.0,3.6666666666666665,12,0,,0.0,0.20217717717717432
chain,126,12,51,60839070,1,1.0,1.0,1.0,1.0,1.0,3.5833333333333335,12,0,,0.0,0.20290290290289992
chain,126,12,52,60839071,1,1.0,1.0,1.0,1.0,1.0,3.5,12,0,,0.0,0.2007257257257229
chain,126,12,53,60839072,1,1.0,1.0,1.0,1.0,1.0,3.9166666666666665,12,0,,0.0,0.20550550550550267
chain,126,12,54,60839073,1,0.0,1.0,1.0,1.0,1.0,2.9166666666666665,12,0,,0.0,0.20152652652652367
chain,126,12,55,60839074,1,1.0,1.0,1.0,1.0,1.0,4.416666666666667,12,0,,0.0,0.2375625625625585
chain,126,12,56,60839075,1,1.0,1.0,1.0,1.0,1.0,3.75,12,0,,0.0,0.20590590590590277
chain,126,12,57,60839076,1,1.0,1.0,1.0,1.0,1.0,3.3333333333333335,12,0,,0.0,0.20232732732732447
chain,126,12,58,60839077,1,1.0,1.0,1.0,1.0,1.0,3.1666666666666665,12,0,,0.0,0.2007257257257229
chain,126,12,59,60839078,1,1.0,1.0,1.0,1.0,1.0,3.9166666666666665,12,0,,0.0,0.20072572572572295
chain,126,12,60,60839079,1,1.0,1.0,1.0,1.0,1.0,3.3333333333333335,12,0,,0.0,0.20620620620620322
chain,126,12,61,60839080,1,1.0,1.0,1.0,1.0,1.0,3.25,12,0,,0.0,0.20485485485485178
chain,126,12,62,60839081,1,1.0,1.0,1.0,1.0,1.0,4.166666666666667,12,0,,0.0,0.22675175175174797
chain,126,12,63,60839082,1,1.0,1.0,1.0,1.0,1.0,3.9166666666666665,12,0,,0.0,0.25628128128127714
chain,126,12,64,60839083,1,1.0,1.0,1.0,1.0,1.0,3.9166666666666665,12,0,,0.0,0.20072572572572286
chain,126,12,65,60839084,1,1.0,1.0,1.0,1.0,1.0,3.8333333333333335,12,0,,0.0,0.2348848848848812
chain,126,12,66,60839085,1,1.0,1.0,1.0,1.0,1.0,3.4166666666666665,12,0,,0.0,0.20225225225224933
chain,126,12,67,60839086,1,1.0,1.0,1.0,1.0,1.0,3.6666666666666665,12,0,,0.0,0.20312812812812514
chain,126,12,68,60839087,1,1.0,1.0,1.0,1.0,1.0,4.25,12,0,,0.0,0.20210210210209914
chain,126,12,69,60839088,1,1.0,1.0,1.0,1.0,1.0,3.6666666666666665,12,0,,0.0,0.1999999999999972
chain,126,12,70,60839089,1,1.0,1.0,1.0,1.0,1.0,3.3333333333333335,12,0,,0.0,0.2007257257257229
chain,126,12,71,60839090,1,1.0,1.0,1.0,1.0,1.0,4.083333333333333,12,0,,0.0,0.21083583583583257
chain,126,12,72,60839091,1,1.0,1.0,1.0,1.0,1.0,4.416666666666667,12,0,,0.0,0.21303803803803484
chain,126,12,73,60839092,1,1.0,1.0,1.0,1.0,1.0,3.75,12,0,,0.0,0.22882882882882502
chain,126,12,74,60839093,1,0.0,1.0,1.0,1.0,1.0,3.25,12,0,,0.0,0.200800800800798
chain,126,12,75,60839094,1,1.0,1.0,1.0,1.0,1.0,3.5,12,0,,0.0,0.2490740740740698
chain,126,12,76,60839095,1,0.0,1.0,1.0,1.0,1.0,3.4166666666666665,12,0,,0.0,0.20320320320320023
chain,126,12,77,60839096,1,1.0,1.0,1.0,1.0,1.0,3.9166666666666665,12,0,,0.0,0.3197447447447395
chain,126,12,78,60839097,1,1.0,1.0,1.0,1.0,1.0,4.0,12,0,,0.0,0.4010010010009957
chain,126,12,79,60839098,1,1.0,1.0,1.0,1.0,1.0,4.5,12,0,,0.0,0.20508008008007714
chain,126,12,80,60839099,1,1.0,1.0,1.0,1.0,1.0,4.25,12,0,,0.0,0.2801801801801757
chain,126,12,81,60839100,1,1.0,1.0,1.0,1.0,1.0,3.8333333333333335,12,0,,0.0,0.20690690690690378
chain,126,12,82,60839101,1,1.0,1.0,1.0,1.0,1.0,3.75,12,0,,0.0,0.21491491491491155
chain,126,12,83,60839102,1,1.0,1.0,1.0,1.0,1.0,3.6666666666666665,12,0,,0.0,0.21381381381381065
chain,126,12,84,60839103,1,1.0,1.0,1.0,1.0,1.0,3.0833333333333335,12,0,,0.0,0.2048048048048018
chain,126,12,85,60839104,1,1.0,1.0,1.0,1.0,1.0,3.75,12,0,,0.0,0.20312812812812517
chain,126,12,86,60839105,1,1.0,1.0,1.0,1.0,1.0,3.5833333333333335,12,0,,0.0,0.20320320320320023
chain,126,12,87,60839106,1,1.0,1.0,1.0,1.0,1.0,3.6666666666666665,12,0,,0.0,0.2102352352352321
chain,126,12,88,60839107,1,1.0,1.0,1.0,1.0,1.0,3.0833333333333335,12,0,,0.0,0.1999999999999972
chain,126,12,89,60839108,1,1.0,1.0,1.0,1.0,1.0,3.8333333333333335,12,0,,0.0,0.2014514514514486
chain,126,12,90,60839109,1,1.0,1.0,1.0,1.0,1.0,3.5833333333333335,12,0,,0.0,0.20355355355355062
chain,126,12,91,60839110,1,1.0,1.0,1.0,1.0,1.0,3.4166666666666665,12,0,,0.0,0.21541541541541223
chain,126,12,92,60839111,1,1.0,1.0,1.0,1.0,1.0,3.6666666666666665,12,0,,0.0,0.21156156156155817
chain,126,12,93,60839112,1,1.0,1.0,1.0,1.0,1.0,3.6666666666666665,12,0,,0.0,0.20365365365365073
chain,126,12,94,60839113,1,1.0,1.0,1.0,1.0,1.0,4.083333333333333,12,0,,0.0,0.20357857857857567
chain,126,12,95,60839114,1,1.0,1.0,1.0,1.0,1.0,3.9166666666666665,12,0,,0.0,0.25285285285284836
chain,126,12,96,60839115,1,0.0,1.0,1.0,1.0,1.0,4.583333333333333,12,0,,0.0,0.20660660660660357
chain,126,12,97,60839116,1,1.0,1.0,1.0,1.0,1.0,3.6666666666666665,12,0,,0.0,0.1999999999999972
chain,126,12,98,60839117,1,1.0,1.0,1.0,1.0,1.0,3.9166666666666665,12,0,,0.0,0.20385385385385082
chain,126,12,99,60839118,1,1.0,1.0,1.0,1.0,1.0,4.333333333333333,12,0,,0.0,0.24329329329328897
chain,126,12,100,60839119,1,1.0,1.0,1.0,1.0,1.0,3.5,12,0,,0.0,0.2038538538538509
chain,126,12,101,60839120,1,1.0,1.0,1.0,1.0,1.0,3.6666666666666665,12,0,,0.0,0.20282782782782482
chain,126,12,102,60839121,1,1.0,1.0,1.0,1.0,1.0,3.9166666666666665,12,0,,0.0,0.2014514514514486
chain,126,12,103,60839122,1,1.0,1.0,1.0,1.0,1.0,3.8333333333333335,12,0,,0.0,0.200800800800798
chain,126,12,104,60839123,1,1.0,1.0,1.0,1.0,1.0,3.6666666666666665,12,0,,0.0,0.20560560560560245
chain,126,12,105,60839124,1,1.0,1.0,1.0,1.0,1.0,3.5833333333333335,12,0,,0.08333333333333333,0.20072572572572295
chain,126,12,106,60839125,1,1.0,1.0,1.0,1.0,1.0,4.75,12,0,,0.0,0.2068818818818789
chain,126,12,107,60839126,1,1.0,1.0,1.0,1.0,1.0,3.1666666666666665,12,0,,0.0,0.20380380380380078
chain,126,12,108,60839127,1,1.0,1.0,1.0,1.0,1.0,3.0833333333333335,12,0,,0.0,0.1999999999999972
chain,126,12,109,60839128,1,0.0,1.0,1.0,1.0,1.0,3.25,12,0,,0.0,0.20072572572572295
chain,126,12,110,60839129,1,1.0,1.0,1.0,1.0,1.0,3.4166666666666665,12,0,,0.0,0.200800800800798
chain,126,12,111,60839130,1,1.0,1.0,1.0,1.0,1.0,3.3333333333333335,12,0,,0.0,0.2022522522522494
chain,126,12,112,60839131,1,1.0,1.0,1.0,1.0,1.0,3.4166666666666665,12,0,,0.0,0.2043793793793764
chain,126,12,113,60839132,1,1.0,1.0,1.0,1.0,1.0,3.1666666666666665,12,0,,0.0,0.200800800800798
chain,126,12,114,60839133,1,0.0,1.0,1.0,1.0,1.0,3.5,12,0,,0.0,0.20720720720720423
chain,126,12,115,60839134,1,1.0,1.0,1.0,1.0,1.0,3.6666666666666665,12,0,,0.0,0.20282782782782496
chain,126,12,116,60839135,1,1.0,1.0,1.0,1.0,1.0,4.166666666666667,12,0,,0.0,0.2167417417417384
chain,126,12,117,60839136,1,1.0,1.0,1.0,1.0,1.0,4.5,12,0,,0.0,0.22007007007006665
chain,126,12,118,60839137,1,1.0,1.0,1.0,1.0,1.0,4.166666666666667,12,0,,0.0,0.2063313313313281
chain,126,12,119,60839138,1,1.0,1.0,1.0,1.0,1.0,3.4166666666666665,12,0,,0.0,0.21361361361361003
chain,126,12,120,60839139,1,1.0,1.0,1.0,1.0,1.0,3.5833333333333335,12,0,,0.0,0.2006506506506478
chain,126,12,121,60839140,1,0.0,1.0,1.0,1.0,1.0,3.6666666666666665,12,0,,0.0,0.20950950950950673
chain,126,12,122,60839141,1,1.0,1.0,1.0,1.0,1.0,3.5833333333333335,12,0,,0.0,0.21519019019018687
chain,126,12,123,60839142,1,1.0,1.0,1.0,1.0,1.0,3.9166666666666665,12,0,,0.0,0.20240240240239968
chain,126,12,124,60839143,1,1.0,1.0,1.0,1.0,1.0,4.75,12,0,,0.0,0.20500500500500207
chain,126,12,125,60839144,1,1.0,1.0,1.0,1.0,1.0,4.333333333333333,12,0,,0.0,0.20538038038037737
chain,126,12,126,60839145,1,1.0,1.0,1.0,1.0,1.0,3.1666666666666665,12,0,,0.0,0.20380380380380084
chain,126,12,127,60839146,1,1.0,1.0,1.0,1.0,1.0,4.416666666666667,12,0,,0.0,0.225825825825822
chain,126,12,128,60839147,1,1.0,1.0,1.0,1.0,1.0,4.166666666666667,12,0,,0.0,0.265590590590586
chain,126,12,129,60839148,1,0.0,1.0,1.0,1.0,1.0,4.916666666666667,12,0,,0.0,0.2005755755755728
chain,126,12,130,60839149,1,1.0,1.0,1.0,1.0,1.0,3.9166666666666665,12,0,,0.0,0.21053553553553248
chain,126,12,131,60839150,1,1.0,1.0,1.0,1.0,1.0,4.416666666666667,12,0,,0.0,0.2182182182182146
chain,126,12,132,60839151,1,1.0,1.0,1.0,1.0,1.0,4.5,12,0,,0.0,0.30708208208207705
chain,126,12,133,60839152,1,1.0,1.0,1.0,1.0,1.0,4.25,12,0,,0.0,0.2083333333333304
chain,126,12,134,60839153,1,1.0,1.0,1.0,1.0,1.0,3.5,12,0,,0.0,0.20197697697697417
chain,126,12,135,60839154,1,1.0,1.0,1.0,1.0,1.0,3.1666666666666665,12,0,,0.0,0.24942442442442012
chain,126,12,136,60839155,1,1.0,1.0,1.0,1.0,1.0,3.4166666666666665,12,0,,0.0,0.20480480480480184
chain,126,12,137,60839156,1,1.0,1.0,1.0,1.0,1.0,3.4166666666666665,12,0,,0.0,0.20435435435435134
chain,126,12,138,60839157,1,1.0,1.0,1.0,1.0,1.0,3.5833333333333335,12,0,,0.0,0.20390390390390092
chain,126,12,139,60839158,1,1.0,1.0,1.0,1.0,1.0,4.333333333333333,12,0,,0.0,0.21644144144143834
chain,126,12,140,60839159,1,1.0,1.0,1.0,1.0,1.0,3.3333333333333335,12,0,,0.0,0.214239239239236
chain,126,12,141,60839160,1,1.0,1.0,1.0,1.0,1.0,3.75,12,0,,0.0,0.2093093093093063
chain,126,12,142,60839161,1,1.0,1.0,1.0,1.0,1.0,3.75,12,0,,0.0,0.200800800800798
chain,126,12,143,60839162,1,1.0,1.0,1.0,1.0,1.0,3.0833333333333335,12,0,,0.0,0.1999999999999972
chain,126,12,144,60839163,1,1.0,1.0,1.0,1.0,1.0,3.5833333333333335,12,0,,0.0,0.21286286286285958
chain,126,12,145,60839164,1,1.0,1.0,1.0,1.0,1.0,4.0,12,0,,0.0,0.2022522522522494
chain,126,12,146,60839165,1,1.0,1.0,1.0,1.0,1.0,3.3333333333333335,12,0,,0.0,0.1999999999999972
chain,126,12,147,60839166,1,1.0,1.0,1.0,1.0,1.0,3.9166666666666665,12,0,,0.0,0.20217717717717434
chain,126,12,148,60839167,1,1.0,1.0,1.0,1.0,1.0,3.8333333333333335,12,0,,0.0,0.20465465465465166
chain,126,12,149,60839168,1,1.0,1.0,1.0,1.0,1.0,3.5,12,0,,0.0,0.20225225225224935
chain,126,12,150,60839169,1,1.0,1.0,1.0,1.0,1.0,3.9166666666666665,12,0,,0.0,0.20202702702702421
chain,126,12,151,60839170,1,1.0,1.0,1.0,1.0,1.0,3.3333333333333335,12,0,,0.0,0.20770770770770472
chain,126,12,152,60839171,1,1.0,1.0,1.0,1.0,1.0,3.6666666666666665,12,0,,0.0,0.22955455455455082
chain,126,12,153,60839172,1,1.0,1.0,1.0,1.0,1.0,3.6666666666666665,12,0,,0.0,0.1999999999999972
chain,126,12,154,60839173,1,1.0,1.0,1.0,1.0,1.0,2.9166666666666665,12,0,,0.0,0.2023273273273245
chain,126,12,155,60839174,1,1.0,1.0,1.0,1.0,1.0,3.6666666666666665,12,0,,0.0,0.23826326326325908
chain,126,12,156,60839175,1,1.0,1.0,1.0,1.0,1.0,3.6666666666666665,12,0,,0.0,0.4896396396396347
chain,126,12,157,60839176,1,0.0,1.0,1.0,1.0,1.0,3.6666666666666665,12,0,,0.0,0.20172672672672387
chain,126,12,158,60839177,1,1.0,1.0,1.0,1.0,1.0,3.5,12,0,,0.0,0.20953453453453136
chain,126,12,159,60839178,1,1.0,1.0,1.0,1.0,1.0,3.5,12,0,,0.0,0.26216216216215804
chain,126,12,160,60839179,1,1.0,1.0,1.0,1.0,1.0,3.5833333333333335,12,0,,0.0,0.20232732732732442
chain,126,12,161,60839180,1,1.0,1.0,1.0,1.0,1.0,3.3333333333333335,12,0,,0.0,0.20340340340340043
chain,126,12,162,60839181,1,1.0,1.0,1.0,1.0,1.0,3.5833333333333335,12,0,,0.0,0.35192692692692185
chain,126,12,163,60839182,1,1.0,1.0,1.0,1.0,1.0,4.0,12,0,,0.0,0.23035535535535148
chain,126,12,164,60839183,1,1.0,1.0,1.0,1.0,1.0,3.6666666666666665,12,0,,0.0,0.20145145145144855
chain,126,12,165,60839184,1,1.0,1.0,1.0,1.0,1.0,3.3333333333333335,12,0,,0.0,0.20480480480480182
chain,126,12,166,60839185,1,1.0,1.0,1.0,1.0,1.0,3.9166666666666665,12,0,,0.0,0.2109609609609577
chain,126,12,167,60839186,1,0.0,1.0,1.0,1.0,1.0,4.416666666666667,12,0,,0.0,0.2211628294961597
chain,126,12,168,60839187,1,1.0,1.0,1.0,1.0,1.0,3.8333333333333335,12,0,,0.0,0.22494994994994635
chain,126,12,169,60839188,1,1.0,1.0,1.0,1.0,1.0,3.5,12,0,,0.0,0.2013763763763736
chain,126,12,170,60839189,1,1.0,1.0,1.0,1.0,1.0,3.25,12,0,,0.0,0.200800800800798
chain,126,12,171,60839190,1,1.0,1.0,1.0,1.0,1.0,3.5,12,0,,0.0,0.20312812812812509
chain,126,12,172,60839191,1,1.0,1.0,1.0,1.0,1.0,3.0833333333333335,12,0,,0.0,0.27359859859859437
chain,126,12,173,60839192,1,1.0,1.0,1.0,1.0,1.0,3.75,12,0,,0.0,0.24892392392391974
chain,126,12,174,60839193,1,1.0,1.0,1.0,1.0,1.0,3.4166666666666665,12,0,,0.0,0.2027777777777749
chain,126,12,175,60839194,1,1.0,1.0,1.0,1.0,1.0,3.5833333333333335,12,0,,0.0,0.22417417417417054
chain,126,12,176,60839195,1,1.0,1.0,1.0,1.0,1.0,2.9166666666666665,12,0,,0.0,0.200800800800798
chain,126,12,177,60839196,1,1.0,1.0,1.0,1.0,1.0,3.4166666666666665,12,0,,0.0,0.20633133133132828
chain,126,12,178,60839197,1,1.0,1.0,1.0,1.0,1.0,3.5833333333333335,12,0,,0.0,0.20137637637637354
chain,126,12,179,60839198,1,1.0,1.0,1.0,1.0,1.0,3.25,12,0,,0.0,0.24622122122121715
chain,126,12,180,60839199,1,1.0,1.0,1.0,1.0,1.0,3.5,12,0,,0.0,0.2026776776776749
chain,126,12,181,60839200,1,1.0,1.0,1.0,1.0,1.0,3.4166666666666665,12,0,,0.0,0.20212712712712438
chain,126,12,182,60839201,1,1.0,1.0,1.0,1.0,1.0,3.6666666666666665,12,0,,0.0,0.20553053053052744
chain,126,12,183,60839202,1,1.0,1.0,1.0,1.0,1.0,3.0,12,0,,0.0,0.1999999999999972
chain,126,12,184,60839203,1,1.0,1.0,1.0,1.0,1.0,3.5833333333333335,12,0,,0.0,0.2056056056056025
chain,126,12,185,60839204,1,0.0,1.0,1.0,1.0,1.0,3.5833333333333335,12,0,,0.0,0.21091091091090775
chain,126,12,186,60839205,1,1.0,1.0,1.0,1.0,1.0,3.4166666666666665,12,0,,0.0,0.20160160160159868
chain,126,12,187,60839206,1,1.0,1.0,1.0,1.0,1.0,3.4166666666666665,12,0,,0.0,0.20640640640640345
chain,126,12,188,60839207,1,1.0,1.0,1.0,1.0,1.0,2.6666666666666665,12,0,,0.0,0.1999999999999972
chain,126,12,189,60839208,1,1.0,1.0,1.0,1.0,1.0,3.4166666666666665,12,0,,0.0,0.21986986986986645
chain,126,12,190,60839209,1,1.0,1.0,1.0,1.0,1.0,3.0833333333333335,12,0,,0.0,0.20480480480480187
chain,126,12,191,60839210,1,1.0,1.0,1.0,1.0,1.0,3.4166666666666665,12,0,,0.0,0.20385385385385105
chain,126,12,192,60839211,1,1.0,1.0,1.0,1.0,1.0,3.75,12,0,,0.0,0.23586086086085692
chain,126,12,193,60839212,1,1.0,1.0,1.0,1.0,1.0,3.6666666666666665,12,0,,0.0,0.241691691691688
chain,126,12,194,60839213,1,1.0,1.0,1.0,1.0,1.0,3.3333333333333335,12,0,,0.0,0.21819319319318972
chain,126,12,195,60839214,1,1.0,1.0,1.0,1.0,1.0,2.9166666666666665,12,0,,0.0,0.1999999999999972
chain,126,12,196,60839215,1,1.0,1.0,1.0,1.0,1.0,3.5,12,0,,0.0,0.20400400400400104
chain,126,12,197,60839216,1,1.0,1.0,1.0,1.0,1.0,3.25,12,0,,0.0,0.20225225225224935
chain,126,12,198,60839217,1,1.0,1.0,1.0,1.0,1.0,3.6666666666666665,12,0,,0.0,0.20252752752752454
chain,126,12,199,60839218,1,1.0,1.0,1.0,1.0,1.0,3.3333333333333335,12,0,,0.0,0.2086586586586557
chain,126,12,200,60839219,1,1.0,1.0,1.0,1.0,1.0,3.8333333333333335,12,0,,0.0,0.21981981981981616
chain,126,12,201,60839220,1,1.0,1.0,1.0,1.0,1.0,3.75,12,0,,0.0,0.22164664664664327
chain,126,12,202,60839221,1,1.0,1.0,1.0,1.0,1.0,3.3333333333333335,12,0,,0.0,0.20793293293292986
chain,126,12,203,60839222,1,1.0,1.0,1.0,1.0,1.0,3.0,12,0,,0.0,0.20132632632632358
chain,126,12,204,60839223,1,1.0,1.0,1.0,1.0,1.0,3.6666666666666665,12,0,,0.0,0.2875625625625576
chain,126,12,205,60839224,1,1.0,1.0,1.0,1.0,1.0,3.0,12,0,,0.0,0.200800800800798
chain,126,12,206,60839225,1,1.0,1.0,1.0,1.0,1.0,3.6666666666666665,12,0,,0.0,0.20132632632632347
chain,126,12,207,60839226,1,1.0,1.0,1.0,1.0,1.0,3.3333333333333335,12,0,,0.0,0.20072572572572286
chain,126,12,208,60839227,1,1.0,1.0,1.0,1.0,1.0,3.5833333333333335,12,0,,0.0,0.20240240240239948
chain,126,12,209,60839228,1,1.0,1.0,1.0,1.0,1.0,3.3333333333333335,12,0,,0.0,0.20072572572572295
chain,126,12,210,60839229,1,1.0,1.0,1.0,1.0,1.0,4.083333333333333,12,0,,0.0,0.2403153153153115
chain,126,12,211,60839230,1,1.0,1.0,1.0,1.0,1.0,4.0,12,0,,0.0,0.20137637637637354
chain,126,12,212,60839231,1,1.0,1.0,1.0,1.0,1.0,3.5,12,0,,0.0,0.20457957957957665
chain,126,12,213,60839232,1,1.0,1.0,1.0,1.0,1.0,3.3333333333333335,12,0,,0.0,0.20392892892892606
chain,126,12,214,60839233,1,1.0,1.0,1.0,1.0,1.0,3.9166666666666665,12,0,,0.0,0.20225225225224935
chain,126,12,215,60839234,1,1.0,1.0,1.0,1.0,1.0,3.5,12,0,,0.0,0.21116116116115802
chain,126,12,216,60839235,1,0.0,1.0,1.0,1.0,1.0,4.083333333333333,12,0,,0.0,0.21836836836836493
chain,126,12,217,60839236,1,1.0,1.0,1.0,1.0,1.0,4.25,12,0,,0.0,0.20137637637637348
chain,126,12,218,60839237,1,1.0,1.0,1.0,1.0,1.0,3.3333333333333335,12,0,,0.0,0.20080080080079796
chain,126,12,219,60839238,1,1.0,1.0,1.0,1.0,1.0,3.4166666666666665,12,0,,0.0,0.20125125125124843
chain,126,12,220,60839239,1,1.0,1.0,1.0,1.0,1.0,3.0833333333333335,12,0,,0.0,0.20080080080079793
chain,126,12,221,60839240,1,1.0,1.0,1.0,1.0,1.0,4.333333333333333,12,0,,0.0,0.20180180180179896
chain,126,12,222,60839241,1,1.0,1.0,1.0,1.0,1.0,3.4166666666666665,12,0,,0.0,0.2015265265265237
chain,126,12,223,60839242,1,1.0,1.0,1.0,1.0,1.0,3.75,12,0,,0.0,0.20640640640640326
chain,126,12,224,60839243,1,1.0,1.0,1.0,1.0,1.0,3.5,12,0,,0.0,0.20240240240239948
chain,126,12,225,60839244,1,1.0,1.0,1.0,1.0,1.0,3.8333333333333335,12,0,,0.0,0.20362862862862577
chain,126,12,226,60839245,1,1.0,1.0,1.0,1.0,1.0,3.75,12,0,,0.0,0.20080080080079793
chain,126,12,227,60839246,1,1.0,1.0,1.0,1.0,1.0,3.8333333333333335,12,0,,0.0,0.21994494494494132
chain,126,12,228,60839247,1,1.0,1.0,1.0,1.0,1.0,3.6666666666666665,12,0,,0.0,0.200800800800798
chain,126,12,229,60839248,1,1.0,1.0,1.0,1.0,1.0,3.6666666666666665,12,0,,0.0,0.200800800800798
chain,126,12,230,60839249,1,1.0,1.0,1.0,1.0,1.0,4.166666666666667,12,0,,0.0,0.20380380380380078
chain,126,12,231,60839250,1,1.0,1.0,1.0,1.0,1.0,3.5833333333333335,12,0,,0.0,0.2020270270270241
chain,126,12,232,60839251,1,1.0,1.0,1.0,1.0,1.0,4.25,12,0,,0.0,0.20267767767767483
chain,126,12,233,60839252,1,1.0,1.0,1.0,1.0,1.0,3.6666666666666665,12,0,,0.0,0.1999999999999972
chain,126,12,234,60839253,1,1.0,1.0,1.0,1.0,1.0,4.0,12,0,,0.0,0.2085835835835804
chain,126,12,235,60839254,1,1.0,1.0,1.0,1.0,1.0,4.333333333333333,12,0,,0.0,0.20290290290289995
chain,126,12,236,60839255,1,1.0,1.0,1.0,1.0,1.0,3.9166666666666665,12,0,,0.0,0.21051051051050745
chain,126,12,237,60839256,1,1.0,1.0,1.0,1.0,1.0,3.25,12,0,,0.0,0.2262012012011974
chain,126,12,238,60839257,1,1.0,1.0,1.0,1.0,1.0,4.333333333333333,12,0,,0.0,0.2106856856856827
chain,126,12,239,60839258,1,1.0,1.0,1.0,1.0,1.0,3.4166666666666665,12,0,,0.0,0.200800800800798
chain,126,12,240,60839259,1,1.0,1.0,1.0,1.0,1.0,3.6666666666666665,12,0,,0.0,0.20442942942942655
chain,126,12,241,60839260,1,1.0,1.0,1.0,1.0,1.0,3.5833333333333335,12,0,,0.0,0.20240240240239962
chain,126,12,242,60839261,1,1.0,1.0,1.0,1.0,1.0,3.6666666666666665,12,0,,0.0,0.1999999999999972
chain,126,12,243,60839262,1,1.0,1.0,1.0,1.0,1.0,4.5,12,0,,0.0,0.26781781781781344
chain,126,12,244,60839263,1,1.0,1.0,1.0,1.0,1.0,3.5,12,0,,0.0,0.20065065065064785
chain,126,12,245,60839264,1,1.0,1.0,1.0,1.0,1.0,3.3333333333333335,12,0,,0.0,0.200800800800798
chain,126,12,246,60839265,1,1.0,1.0,1.0,1.0,1.0,3.5833333333333335,12,0,,0.0,0.2639139139139092
chain,126,12,247,60839266,1,1.0,1.0,1.0,1.0,1.0,3.5833333333333335,12,0,,0.0,0.2013263263263234
chain,126,12,248,60839267,1,1.0,1.0,1.0,1.0,1.0,3.75,12,0,,0.0,0.20160160160159882
chain,126,12,249,60839268,1,0.0,1.0,1.0,1.0,1.0,4.25,12,0,,0.0,0.2036536536536507
chain,126,12,250,60839269,1,1.0,1.0,1.0,1.0,1.0,3.5833333333333335,12,0,,0.0,0.20347847847847556
chain,126,12,251,60839270,1,1.0,1.0,1.0,1.0,1.0,3.25,12,0,,0.0,0.2115365365365334
chain,126,12,252,60839271,1,1.0,1.0,1.0,1.0,1.0,3.25,12,0,,0.0,0.1999999999999972
chain,126,12,253,60839272,1,1.0,1.0,1.0,1.0,1.0,3.9166666666666665,12,0,,0.0,0.22109609609609257
chain,126,12,254,60839273,1,1.0,1.0,1.0,1.0,1.0,4.166666666666667,12,0,,0.0,0.22642642642642297
chain,126,12,255,60839274,1,1.0,1.0,1.0,1.0,1.0,3.5,12,0,,0.0,0.20297797797797512
chain,126,12,256,60839275,1,1.0,1.0,1.0,1.0,1.0,3.5,12,0,,0.0,0.20305305305305024
chain,126,12,257,60839276,1,0.0,1.0,1.0,1.0,1.0,3.75,12,0,,0.0,0.2044294294294263
chain,126,12,258,60839277,1,1.0,1.0,1.0,1.0,1.0,3.5,12,0,,0.0,0.20960960960960645
chain,126,12,259,60839278,1,1.0,1.0,1.0,1.0,1.0,4.166666666666667,12,0,,0.0,0.20145145145144852
chain,126,12,260,60839279,1,1.0,1.0,1.0,1.0,1.0,3.25,12,0,,0.0,0.20320320320320023
chain,126,12,261,60839280,1,1.0,1.0,1.0,1.0,1.0,3.8333333333333335,12,0,,0.0,0.20465465465465166
chain,126,12,262,60839281,1,1.0,1.0,1.0,1.0,1.0,3.5833333333333335,12,0,,0.0,0.1999999999999972
chain,126,12,263,60839282,1,1.0,1.0,1.0,1.0,1.0,4.166666666666667,12,0,,0.0,0.22054554554554215
chain,126,12,264,60839283,1,1.0,1.0,1.0,1.0,1.0,3.5,12,0,,0.0,0.20312812812812528
chain,126,12,265,60839284,1,1.0,1.0,1.0,1.0,1.0,3.4166666666666665,12,0,,0.0,0.3077327327327277
chain,126,12,266,60839285,1,1.0,1.0,1.0,1.0,1.0,3.3333333333333335,12,0,,0.0,0.20377877877877584
chain,126,12,267,60839286,1,1.0,1.0,1.0,1.0,1.0,4.75,12,0,,0.0,0.30808308308307847
chain,126,12,268,60839287,1,1.0,1.0,1.0,1.0,1.0,3.9166666666666665,12,0,,0.0,0.22525025025024661
chain,126,12,269,60839288,1,1.0,1.0,1.0,1.0,1.0,4.0,12,0,,0.0,0.2012262262262234
chain,126,12,270,60839289,1,1.0,1.0,1.0,1.0,1.0,3.3333333333333335,12,0,,0.0,0.21636636636636292
chain,126,12,271,60839290,1,1.0,1.0,1.0,1.0,1.0,3.25,12,0,,0.0,0.205005005005002
chain,126,12,272,60839291,1,1.0,1.0,1.0,1.0,1.0,3.25,12,0,,0.0,0.20232732732732456
chain,126,12,273,60839292,1,1.0,1.0,1.0,1.0,1.0,3.25,12,0,,0.0,0.20285285285284999
chain,126,12,274,60839293,1,1.0,1.0,1.0,1.0,1.0,3.5833333333333335,12,0,,0.0,0.2006006006005978
chain,126,12,275,60839294,1,1.0,1.0,1.0,1.0,1.0,4.416666666666667,12,0,,0.0,0.21426426426426118
chain,126,12,276,60839295,1,1.0,1.0,1.0,1.0,1.0,3.9166666666666665,12,0,,0.0,0.20080080080079793
chain,126,12,277,60839296,1,0.0,1.0,1.0,1.0,1.0,3.75,12,0,,0.0,0.20080080080079793
chain,126,12,278,60839297,1,1.0,1.0,1.0,1.0,1.0,3.5,12,0,,0.0,0.21041041041040712
chain,126,12,279,60839298,1,0.0,1.0,1.0,1.0,1.0,4.083333333333333,12,0,,0.0,0.20955955955955644
chain,126,12,280,60839299,1,1.0,1.0,1.0,1.0,1.0,4.0,12,0,,0.0,0.21954454454454128
chain,126,12,281,60839300,1,1.0,1.0,1.0,1.0,1.0,3.5833333333333335,12,0,,0.0,0.20683183183182888
chain,126,12,282,60839301,1,1.0,1.0,1.0,1.0,1.0,4.25,12,0,,0.0,0.20615615615615324
chain,126,12,283,60839302,1,1.0,1.0,1.0,1.0,1.0,4.083333333333333,12,0,,0.0,0.22044544544544184
chain,126,12,284,60839303,1,1.0,1.0,1.0,1.0,1.0,3.5833333333333335,12,0,,0.0,0.1999999999999972
chain,126,12,285,60839304,1,1.0,1.0,1.0,1.0,1.0,3.75,12,0,,0.0,0.2247497497497463
chain,126,12,286,60839305,1,1.0,1.0,1.0,1.0,1.0,4.0,12,0,,0.0,0.2270770770770734
chain,126,12,287,60839306,1,1.0,1.0,1.0,1.0,1.0,3.4166666666666665,12,0,,0.0,0.20573073073072776
chain,126,12,288,60839307,1,1.0,1.0,1.0,1.0,1.0,3.8333333333333335,12,0,,0.0,0.2270270270270235
chain,126,12,289,60839308,1,1.0,1.0,1.0,1.0,1.0,3.25,12,0,,0.0,0.20080080080079793
chain,126,12,290,60839309,1,1.0,1.0,1.0,1.0,1.0,3.3333333333333335,12,0,,0.0,0.20450450450450144
chain,126,12,291,60839310,1,1.0,1.0,1.0,1.0,1.0,3.25,12,0,,0.0,0.22517517517517158
chain,126,12,292,60839311,1,0.0,1.0,1.0,1.0,1.0,3.4166666666666665,12,0,,0.0,0.21418918918918586
chain,126,12,293,60839312,1,1.0,1.0,1.0,1.0,1.0,3.75,12,0,,0.0,0.27397397397396905
chain,126,12,294,60839313,1,1.0,1.0,1.0,1.0,1.0,3.5,12,0,,0.0,0.20285285285284999
chain,126,12,295,60839314,1,1.0,1.0,1.0,1.0,1.0,3.0833333333333335,12,0,,0.0,0.1999999999999972
chain,126,12,296,60839315,1,1.0,1.0,1.0,1.0,1.0,3.4166666666666665,12,0,,0.0,0.2013013013012985
chain,126,12,297,60839316,1,1.0,1.0,1.0,1.0,1.0,3.75,12,0,,0.0,0.20610610610610294
chain,126,12,298,60839317,1,1.0,1.0,1.0,1.0,1.0,3.3333333333333335,12,0,,0.0,0.1999999999999972
chain,126,12,299,60839318,1,1.0,1.0,1.0,1.0,1.0,3.4166666666666665,12,0,,0.0,0.2132382382382349
chain,126,12,300,60839319,1,0.0,1.0,1.0,1.0,1.0,3.75,12,0,,0.0,0.2019519519519491
chain,126,12,301,60839320,1,1.0,1.0,1.0,1.0,1.0,3.4166666666666665,12,0,,0.0,0.2027527527527499
chain,126,12,302,60839321,1,1.0,1.0,1.0,1.0,1.0,4.916666666666667,12,0,,0.0,0.22912912912912592
chain,126,12,303,60839322,1,1.0,1.0,1.0,1.0,1.0,3.4166666666666665,12,0,,0.0,0.20072572572572295
chain,126,12,304,60839323,1,1.0,1.0,1.0,1.0,1.0,3.25,12,0,,0.0,0.1999999999999972
chain,126,12,305,60839324,1,1.0,1.0,1.0,1.0,1.0,3.4166666666666665,12,0,,0.0,0.1999999999999972
chain,126,12,306,60839325,1,1.0,1.0,1.0,1.0,1.0,3.5,12,0,,0.0,0.20545545545545238
chain,126,12,307,60839326,1,1.0,1.0,1.0,1.0,1.0,3.5,12,0,,0.0,0.202927927927925
chain,126,12,308,60839327,1,1.0,1.0,1.0,1.0,1.0,3.5833333333333335,12,0,,0.0,0.20065065065064785
chain,126,12,309,60839328,1,1.0,1.0,1.0,1.0,1.0,3.5,12,0,,0.0,0.20225225225224935
chain,126,12,310,60839329,1,1.0,1.0,1.0,1.0,1.0,3.6666666666666665,12,0,,0.0,0.22219719719719375
chain,126,12,311,60839330,1,1.0,1.0,1.0,1.0,1.0,3.8333333333333335,12,0,,0.0,0.24329329329328941
chain,126,12,312,60839331,1,1.0,1.0,1.0,1.0,1.0,4.083333333333333,12,0,,0.0,0.22429929929929568
chain,126,12,313,60839332,1,1.0,1.0,1.0,1.0,1.0,3.75,12,0,,0.0,0.22955455455455057
chain,126,12,314,60839333,1,1.0,1.0,1.0,1.0,1.0,3.0,12,0,,0.0,0.1999999999999972
chain,126,12,315,60839334,1,0.0,1.0,1.0,1.0,1.0,4.166666666666667,12,0,,0.0,0.21273773773773463
chain,126,12,316,60839335,1,1.0,1.0,1.0,1.0,1.0,3.75,12,0,,0.0,0.20538038038037723
chain,126,12,317,60839336,1,1.0,1.0,1.0,1.0,1.0,3.6666666666666665,12,0,,0.0,0.20232732732732442
chain,126,12,318,60839337,1,1.0,1.0,1.0,1.0,1.0,3.25,12,0,,0.0,0.20072572572572295
chain,126,12,319,60839338,1,1.0,1.0,1.0,1.0,1.0,3.3333333333333335,12,0,,0.0,0.2015265265265236
chain,126,12,320,60839339,1,1.0,1.0,1.0,1.0,1.0,3.5,12,0,,0.0,0.20530530530530228
chain,126,12,321,60839340,1,1.0,1.0,1.0,1.0,1.0,3.1666666666666665,12,0,,0.0,0.20080080080079793
chain,126,12,322,60839341,1,1.0,1.0,1.0,1.0,1.0,4.5,12,0,,0.0,0.2139139139139109
chain,126,12,323,60839342,1,1.0,1.0,1.0,1.0,1.0,4.166666666666667,12,0,,0.0,0.20933433433433135
chain,126,12,324,60839343,1,1.0,1.0,1.0,1.0,1.0,2.75,12,0,,0.0,0.20080080080079793
chain,126,12,325,60839344,1,1.0,1.0,1.0,1.0,1.0,3.8333333333333335,12,0,,0.0,0.20125125125124835
chain,126,12,326,60839345,1,1.0,1.0,1.0,1.0,1.0,3.0833333333333335,12,0,,0.0,0.20152652652652367
chain,126,12,327,60839346,1,1.0,1.0,1.0,1.0,1.0,3.3333333333333335,12,0,,0.0,0.21871871871871498
chain,126,12,328,60839347,1,1.0,1.0,1.0,1.0,1.0,3.8333333333333335,12,0,,0.0,0.206256256256253
chain,126,12,329,60839348,1,1.0,1.0,1.0,1.0,1.0,4.25,12,0,,0.0,0.2540540540540495
chain,126,12,330,60839349,1,1.0,1.0,1.0,1.0,1.0,4.166666666666667,12,0,,0.0,0.2249499499499466
chain,126,12,331,60839350,1,1.0,1.0,1.0,1.0,1.0,3.4166666666666665,12,0,,0.0,0.2014514514514486
chain,126,12,332,60839351,1,1.0,1.0,1.0,1.0,1.0,3.75,12,0,,0.0,0.2034534534534505
chain,126,12,333,60839352,1,1.0,1.0,1.0,1.0,1.0,3.75,12,0,,0.0,0.21624124124123786
chain,126,12,334,60839353,1,1.0,1.0,1.0,1.0,1.0,3.75,12,0,,0.0,0.2412662662662622
chain,126,12,335,60839354,1,1.0,1.0,1.0,1.0,1.0,3.1666666666666665,12,0,,0.0,0.2015265265265236
chain,126,12,336,60839355,1,1.0,1.0,1.0,1.0,1.0,3.5,12,0,,0.0,0.20960960960960645
chain,126,12,337,60839356,1,0.0,1.0,1.0,1.0,1.0,3.3333333333333335,12,0,,0.0,0.20573073073072767
chain,126,12,338,60839357,1,1.0,1.0,1.0,1.0,1.0,4.083333333333333,12,0,,0.0,0.20312812812812522
chain,126,12,339,60839358,1,0.0,1.0,1.0,1.0,1.0,3.8333333333333335,12,0,,0.0,0.20115115115114826
chain,126,12,340,60839359,1,0.0,1.0,1.0,1.0,1.0,3.75,12,0,,0.0,0.3750750750750707
chain,126,12,341,60839360,1,1.0,1.0,1.0,1.0,1.0,3.8333333333333335,12,0,,0.0,0.20690690690690391
chain,126,12,342,60839361,1,1.0,1.0,1.0,1.0,1.0,4.0,12,0,,0.0,0.20377877877877587
chain,126,12,343,60839362,1,1.0,1.0,1.0,1.0,1.0,3.8333333333333335,12,0,,0.0,0.20130130130129845
chain,126,12,344,60839363,1,1.0,1.0,1.0,1.0,1.0,3.5,12,0,,0.0,0.20160160160159873
chain,126,12,345,60839364,1,1.0,1.0,1.0,1.0,1.0,3.1666666666666665,12,0,,0.0,0.2254754754754717
chain,126,12,346,60839365,1,1.0,1.0,1.0,1.0,1.0,3.8333333333333335,12,0,,0.0,0.20400400400400098
chain,126,12,347,60839366,1,1.0,1.0,1.0,1.0,1.0,3.6666666666666665,12,0,,0.0,0.2436186186186147
chain,126,12,348,60839367,1,1.0,1.0,1.0,1.0,1.0,3.6666666666666665,12,0,,0.0,0.34106606606606144
chain,126,12,349,60839368,1,1.0,1.0,1.0,1.0,1.0,3.0,12,0,,0.0,0.20080080080079793
chain,126,12,350,60839369,1,1.0,1.0,1.0,1.0,1.0,4.583333333333333,12,0,,0.0,0.23833833833833448
chain,126,12,351,60839370,1,1.0,1.0,1.0,1.0,1.0,3.75,12,0,,0.0,0.20232732732732442
chain,126,12,352,60839371,1,1.0,1.0,1.0,1.0,1.0,3.0,12,0,,0.0,0.20305305305305008
chain,126,12,353,60839372,1,1.0,1.0,1.0,1.0,1.0,2.9166666666666665,12,0,,0.0,0.20503003003002704
chain,126,12,354,60839373,1,1.0,1.0,1.0,1.0,1.0,4.916666666666667,12,0,,0.0,0.24919919919919498
chain,126,12,355,60839374,1,1.0,1.0,1.0,1.0,1.0,4.166666666666667,12,0,,0.0,0.22847847847847488
chain,126,12,356,60839375,1,1.0,1.0,1.0,1.0,1.0,3.4166666666666665,12,0,,0.0,0.20297797797797518
chain,126,12,357,60839376,1,1.0,1.0,1.0,1.0,1.0,3.75,12,0,,0.0,0.20197697697697417
chain,126,12,358,60839377,1,1.0,1.0,1.0,1.0,1.0,3.8333333333333335,12,0,,0.0,0.20080080080079793
chain,126,12,359,60839378,1,1.0,1.0,1.0,1.0,1.0,3.5,12,0,,0.0,0.20232732732732447
chain,126,12,360,60839379,1,1.0,1.0,1.0,1.0,1.0,3.25,12,0,,0.0,0.20080080080079796
chain,126,12,361,60839380,1,1.0,1.0,1.0,1.0,1.0,3.5833333333333335,12,0,,0.0,0.20618118118117817
chain,126,12,362,60839381,1,1.0,1.0,1.0,1.0,1.0,3.8333333333333335,12,0,,0.0,0.20180180180179905
chain,126,12,363,60839382,1,1.0,1.0,1.0,1.0,1.0,3.5,12,0,,0.0,0.2006506506506478
chain,126,12,364,60839383,1,1.0,1.0,1.0,1.0,1.0,3.8333333333333335,12,0,,0.0,0.20595595595595295
chain,126,12,365,60839384,1,1.0,1.0,1.0,1.0,1.0,3.25,12,0,,0.0,0.20080080080079793
chain,126,12,366,60839385,1,1.0,1.0,1.0,1.0,1.0,3.3333333333333335,12,0,,0.0,0.20080080080079793
chain,126,12,367,60839386,1,1.0,1.0,1.0,1.0,1.0,3.6666666666666665,12,0,,0.0,0.20878378378378065
chain,126,12,368,60839387,1,1.0,1.0,1.0,1.0,1.0,3.0833333333333335,12,0,,0.0,0.23793793793793375
chain,126,12,369,60839388,1,1.0,1.0,1.0,1.0,1.0,3.4166666666666665,12,0,,0.0,0.21041041041040698
chain,126,12,370,60839389,1,1.0,1.0,1.0,1.0,1.0,3.75,12,0,,0.0,0.2381131131131093
chain,126,12,371,60839390,1,1.0,1.0,1.0,1.0,1.0,3.8333333333333335,12,0,,0.0,0.2055305305305276
chain,126,12,372,60839391,1,1.0,1.0,1.0,1.0,1.0,2.6666666666666665,12,0,,0.0,0.1999999999999972
chain,126,12,373,60839392,1,1.0,1.0,1.0,1.0,1.0,4.416666666666667,12,0,,0.0,0.25152652652652213
chain,126,12,374,60839393,1,1.0,1.0,1.0,1.0,1.0,3.75,12,0,,0.0,0.21148648648648327
chain,126,12,375,60839394,1,0.0,1.0,1.0,1.0,1.0,3.75,12,0,,0.0,0.2031281281281253
chain,126,12,376,60839395,1,1.0,1.0,1.0,1.0,1.0,4.166666666666667,12,0,,0.0,0.20250250250249968
chain,126,12,377,60839396,1,1.0,1.0,1.0,1.0,1.0,4.166666666666667,12,0,,0.0,0.20595595595595295
chain,126,12,378,60839397,1,1.0,1.0,1.0,1.0,1.0,3.5,12,0,,0.0,0.210335335335332
chain,126,12,379,60839398,1,1.0,1.0,1.0,1.0,1.0,4.0,12,0,,0.0,0.20152652652652375
chain,126,12,380,60839399,1,1.0,1.0,1.0,1.0,1.0,3.8333333333333335,12,0,,0.0,0.20580580580580282
chain,126,12,381,60839400,1,1.0,1.0,1.0,1.0,1.0,3.8333333333333335,12,0,,0.0,0.20240240240239948
chain,126,12,382,60839401,1,1.0,1.0,1.0,1.0,1.0,3.8333333333333335,12,0,,0.0,0.20930930930930616
chain,126,12,383,60839402,1,1.0,1.0,1.0,1.0,1.0,3.8333333333333335,12,0,,0.0,0.1999999999999972
chain,126,12,384,60839403,1,1.0,1.0,1.0,1.0,1.0,3.25,12,0,,0.0,0.20080080080079793
chain,126,12,385,60839404,1,1.0,1.0,1.0,1.0,1.0,3.9166666666666665,12,0,,0.0,0.2135885885885852
chain,126,12,386,60839405,1,1.0,1.0,1.0,1.0,1.0,3.3333333333333335,12,0,,0.0,0.1999999999999972
chain,126,12,387,60839406,1,1.0,1.0,1.0,1.0,1.0,3.1666666666666665,12,0,,0.0,0.20080080080079793
chain,126,12,388,60839407,1,1.0,1.0,1.0,1.0,1.0,3.4166666666666665,12,0,,0.0,0.2124624624624594
chain,126,12,389,60839408,1,1.0,1.0,1.0,1.0,1.0,4.25,12,0,,0.0,0.20297797797797523
chain,126,12,390,60839409,1,1.0,1.0,1.0,1.0,1.0,4.0,12,0,,0.0,0.2060810810810781
chain,126,12,391,60839410,1,1.0,1.0,1.0,1.0,1.0,3.5833333333333335,12,0,,0.0,0.23355855855855467
chain,126,12,392,60839411,1,1.0,1.0,1.0,1.0,1.0,4.333333333333333,12,0,,0.0,0.22032032032031687
chain,126,12,393,60839412,1,0.0,1.0,1.0,1.0,1.0,3.5833333333333335,12,0,,0.0,0.20585585585585287
chain,126,12,394,60839413,1,1.0,1.0,1.0,1.0,1.0,3.75,12,0,,0.0,0.20152652652652367
chain,126,12,395,60839414,1,1.0,1.0,1.0,1.0,1.0,4.25,12,0,,0.0,0.20828328328328027
chain,126,12,396,60839415,1,1.0,1.0,1.0,1.0,1.0,3.4166666666666665,12,0,,0.0,0.20262762762762476
chain,126,12,397,60839416,1,1.0,1.0,1.0,1.0,1.0,3.75,12,0,,0.0,0.29041541541541055
chain,126,12,398,60839417,1,1.0,1.0,1.0,1.0,1.0,3.75,12,0,,0.0,0.20072572572572295
chain,126,12,399,60839418,1,1.0,1.0,1.0,1.0,1.0,4.583333333333333,12,0,,0.0,0.20457957957957654
chain,126,12,400,60839419,1,0.0,1.0,1.0,1.0,1.0,3.5,12,0,,0.0,0.20560560560560262
chain,126,12,401,60839420,1,1.0,1.0,1.0,1.0,1.0,4.416666666666667,12,0,,0.0,0.23073073073072722
chain,126,12,402,60839421,1,1.0,1.0,1.0,1.0,1.0,3.8333333333333335,12,0,,0.0,0.20160160160159868
chain,126,12,403,60839422,1,1.0,1.0,1.0,1.0,1.0,3.4166666666666665,12,0,,0.0,0.1999999999999972
chain,126,12,404,60839423,1,1.0,1.0,1.0,1.0,1.0,4.0,12,0,,0.0,0.20232732732732447
chain,126,12,405,60839424,1,1.0,1.0,1.0,1.0,1.0,4.0,12,0,,0.0,0.20225225225224935
chain,126,12,406,60839425,1,1.0,1.0,1.0,1.0,1.0,4.583333333333333,12,0,,0.0,0.20160160160159868
chain,126,12,407,60839426,1,1.0,1.0,1.0,1.0,1.0,3.8333333333333335,12,0,,0.0,0.20515515515515217
chain,126,12,408,60839427,1,1.0,1.0,1.0,1.0,1.0,3.4166666666666665,12,0,,0.0,0.20080080080079793
chain,126,12,409,60839428,1,1.0,1.0,1.0,1.0,1.0,4.916666666666667,12,0,,0.0,0.20312812812812517
chain,126,12,410,60839429,1,1.0,1.0,1.0,1.0,1.0,3.4166666666666665,12,0,,0.0,0.21546546546546197
chain,126,12,411,60839430,1,0.0,1.0,1.0,1.0,1.0,3.5833333333333335,12,0,,0.0,0.2111361361361331
chain,126,12,412,60839431,1,1.0,1.0,1.0,1.0,1.0,3.4166666666666665,12,0,,0.0,0.20312812812812514
chain,126,12,413,60839432,1,1.0,1.0,1.0,1.0,1.0,4.0,12,0,,0.0,0.2680430430430386
chain,126,12,414,60839433,1,1.0,1.0,1.0,1.0,1.0,3.75,12,0,,0.0,0.20490490490490187
chain,126,12,415,60839434,1,1.0,1.0,1.0,1.0,1.0,3.75,12,0,,0.0,0.20267767767767478
chain,126,12,416,60839435,1,0.0,1.0,1.0,1.0,1.0,3.75,12,0,,0.0,0.20305305305305024
chain,126,12,417,60839436,1,1.0,1.0,1.0,1.0,1.0,4.083333333333333,12,0,,0.0,0.20072572572572295
chain,126,12,418,60839437,1,1.0,1.0,1.0,1.0,1.0,3.3333333333333335,12,0,,0.0,0.20057557557557273
chain,126,12,419,60839438,1,1.0,1.0,1.0,1.0,1.0,3.5833333333333335,12,0,,0.0,0.2462712712712673
chain,126,12,420,60839439,1,0.0,1.0,1.0,1.0,1.0,3.8333333333333335,12,0,,0.0,0.23270770770770402
chain,126,12,421,60839440,1,1.0,1.0,1.0,1.0,1.0,3.6666666666666665,12,0,,0.0,0.2044044044044014
chain,126,12,422,60839441,1,1.0,1.0,1.0,1.0,1.0,4.0,12,0,,0.0,0.24386886886886439
chain,126,12,423,60839442,1,0.0,1.0,1.0,1.0,1.0,3.5833333333333335,12,0,,0.0,0.2021771771771743
chain,126,12,424,60839443,1,1.0,1.0,1.0,1.0,1.0,3.3333333333333335,12,0,,0.0,0.2006506506506478
chain,126,12,425,60839444,1,1.0,1.0,1.0,1.0,1.0,3.5833333333333335,12,0,,0.0,0.20065065065064788
chain,126,12,426,60839445,1,1.0,1.0,1.0,1.0,1.0,3.75,12,0,,0.0,0.21338838838838514
chain,126,12,427,60839446,1,1.0,1.0,1.0,1.0,1.0,3.6666666666666665,12,0,,0.0,0.2122622622622589
chain,126,12,428,60839447,1,1.0,1.0,1.0,1.0,1.0,3.5833333333333335,12,0,,0.0,0.2583833833833789
chain,126,12,429,60839448,1,1.0,1.0,1.0,1.0,1.0,3.4166666666666665,12,0,,0.0,0.1999999999999972
chain,126,12,430,60839449,1,1.0,1.0,1.0,1.0,1.0,4.25,12,0,,0.0,0.22672672672672314
chain,126,12,431,60839450,1,1.0,1.0,1.0,1.0,1.0,3.0833333333333335,12,0,,0.0,0.205080080080077
chain,126,12,432,60839451,1,1.0,1.0,1.0,1.0,1.0,3.5,12,0,,0.0,0.20698198198197915
chain,126,12,433,60839452,1,1.0,1.0,1.0,1.0,1.0,3.1666666666666665,12,0,,0.0,0.1999999999999972
chain,126,12,434,60839453,1,1.0,1.0,1.0,1.0,1.0,5.083333333333333,12,0,,0.0,0.204021879021876
chain,126,12,435,60839454,1,0.0,1.0,1.0,1.0,1.0,4.583333333333333,12,0,,0.0,0.30017517517517056
chain,126,12,436,60839455,1,0.0,1.0,1.0,1.0,1.0,3.75,12,0,,0.0,0.27737737737737256
chain,126,12,437,60839456,1,1.0,1.0,1.0,1.0,1.0,3.3333333333333335,12,0,,0.0,0.20210210210209925
chain,126,12,438,60839457,1,1.0,1.0,1.0,1.0,1.0,3.8333333333333335,12,0,,0.0,0.23118118118117748
chain,126,12,439,60839458,1,1.0,1.0,1.0,1.0,1.0,3.25,12,0,,0.0,0.20080080080079793
chain,126,12,440,60839459,1,0.0,1.0,1.0,1.0,1.0,3.6666666666666665,12,0,,0.0,0.24164164164163798
chain,126,12,441,60839460,1,1.0,1.0,1.0,1.0,1.0,3.6666666666666665,12,0,,0.0,0.21186186186185882
chain,126,12,442,60839461,1,1.0,1.0,1.0,1.0,1.0,4.166666666666667,12,0,,0.0,0.2508758758758716
chain,126,12,443,60839462,1,1.0,1.0,1.0,1.0,1.0,2.9166666666666665,12,0,,0.0,0.2014514514514486
chain,126,12,444,60839463,1,1.0,1.0,1.0,1.0,1.0,3.1666666666666665,12,0,,0.0,0.1999999999999972
chain,126,12,445,60839464,1,1.0,1.0,1.0,1.0,1.0,3.4166666666666665,12,0,,0.0,0.20720720720720417
chain,126,12,446,60839465,1,1.0,1.0,1.0,1.0,1.0,3.5833333333333335,12,0,,0.0,0.20210210210209933
chain,126,12,447,60839466,1,1.0,1.0,1.0,1.0,1.0,3.3333333333333335,12,0,,0.0,0.20080080080079793
chain,126,12,448,60839467,1,1.0,1.0,1.0,1.0,1.0,3.5833333333333335,12,0,,0.0,0.20217717717717437
chain,126,12,449,60839468,1,1.0,1.0,1.0,1.0,1.0,3.3333333333333335,12,0,,0.0,0.2136136136136103
chain,126,12,450,60839469,1,0.0,1.0,1.0,1.0,1.0,3.3333333333333335,12,0,,0.0,0.20655655655655347
chain,126,12,451,60839470,1,1.0,1.0,1.0,1.0,1.0,3.0833333333333335,12,0,,0.0,0.20160160160159876
chain,126,12,452,60839471,1,1.0,1.0,1.0,1.0,1.0,3.9166666666666665,12,0,,0.0,0.23053053053052688
chain,126,12,453,60839472,1,1.0,1.0,1.0,1.0,1.0,4.083333333333333,12,0,,0.0,0.2192192192192159
chain,126,12,454,60839473,1,1.0,1.0,1.0,1.0,1.0,3.5833333333333335,12,0,,0.0,0.2035535535535508
chain,126,12,455,60839474,1,1.0,1.0,1.0,1.0,1.0,4.166666666666667,12,0,,0.0,0.20202702702702421
chain,126,12,456,60839475,1,1.0,1.0,1.0,1.0,1.0,3.5,12,0,,0.0,0.2015265265265237
chain,126,12,457,60839476,1,1.0,1.0,1.0,1.0,1.0,3.5,12,0,,0.0,0.20270270270269986
chain,126,12,458,60839477,1,1.0,1.0,1.0,1.0,1.0,3.8333333333333335,12,0,,0.0,0.21191191191190878
chain,126,12,459,60839478,1,1.0,1.0,1.0,1.0,1.0,3.3333333333333335,12,0,,0.0,0.20588088088087791
chain,126,12,460,60839479,1,1.0,1.0,1.0,1.0,1.0,3.5833333333333335,12,0,,0.0,0.20603103103102816
chain,126,12,461,60839480,1,1.0,1.0,1.0,1.0,1.0,3.8333333333333335,12,0,,0.0,0.20365365365365082
chain,126,12,462,60839481,1,1.0,1.0,1.0,1.0,1.0,3.6666666666666665,12,0,,0.0,0.20828328328328014
chain,126,12,463,60839482,1,1.0,1.0,1.0,1.0,1.0,3.9166666666666665,12,0,,0.0,0.2037037037037008
chain,126,12,464,60839483,1,1.0,1.0,1.0,1.0,1.0,4.083333333333333,12,0,,0.0,0.20187687687687395
chain,126,12,465,60839484,1,1.0,1.0,1.0,1.0,1.0,4.0,12,0,,0.0,0.21576576576576253
chain,126,12,466,60839485,1,1.0,1.0,1.0,1.0,1.0,3.75,12,0,,0.0,0.2055805805805776
chain,126,12,467,60839486,1,1.0,1.0,1.0,1.0,1.0,3.5,12,0,,0.0,0.2103353353353321
chain,126,12,468,60839487,1,1.0,1.0,1.0,1.0,1.0,3.0833333333333335,12,0,,0.0,0.20733233233232917
chain,126,12,469,60839488,1,1.0,1.0,1.0,1.0,1.0,3.8333333333333335,12,0,,0.0,0.20370370370370078
chain,126,12,470,60839489,1,0.0,1.0,1.0,1.0,1.0,3.9166666666666665,12,0,,0.0,0.21318818818818477
chain,126,12,471,60839490,1,1.0,1.0,1.0,1.0,1.0,3.8333333333333335,12,0,,0.0,0.2015265265265236
chain,126,12,472,60839491,1,1.0,1.0,1.0,1.0,1.0,3.25,12,0,,0.0,0.20240240240239954
chain,126,12,473,60839492,1,1.0,1.0,1.0,1.0,1.0,4.583333333333333,12,0,,0.0,0.20432932932932638
chain,126,12,474,60839493,1,1.0,1.0,1.0,1.0,1.0,3.5,12,0,,0.0,0.25110110110109696
chain,126,12,475,60839494,1,1.0,1.0,1.0,1.0,1.0,3.75,12,0,,0.0,0.20870870870870536
chain,126,12,476,60839495,1,1.0,1.0,1.0,1.0,1.0,3.75,12,0,,0.0,0.23160660660660248
chain,126,12,477,60839496,1,1.0,1.0,1.0,1.0,1.0,3.4166666666666665,12,0,,0.0,0.2199449449449415
chain,126,12,478,60839497,1,1.0,1.0,1.0,1.0,1.0,3.8333333333333335,12,0,,0.0,0.20540540540540236
chain,126,12,479,60839498,1,1.0,1.0,1.0,1.0,1.0,3.5833333333333335,12,0,,0.0,0.20713213213212894
chain,126,12,480,60839499,1,1.0,1.0,1.0,1.0,1.0,4.166666666666667,12,0,,0.0,0.2053553553553524
chain,126,12,481,60839500,1,1.0,1.0,1.0,1.0,1.0,3.9166666666666665,12,0,,0.0,0.35497997997997494
chain,126,12,482,60839501,1,1.0,1.0,1.0,1.0,1.0,3.0,12,0,,0.0,0.1999999999999972
chain,126,12,483,60839502,1,1.0,1.0,1.0,1.0,1.0,3.5,12,0,,0.0,0.20140140140139856
chain,126,12,484,60839503,1,1.0,1.0,1.0,1.0,1.0,4.833333333333333,12,0,,0.0,0.21751751751751439
chain,126,12,485,60839504,1,1.0,1.0,1.0,1.0,1.0,4.333333333333333,12,0,,0.0,0.20157657657657382
chain,126,12,486,60839505,1,1.0,1.0,1.0,1.0,1.0,3.5,12,0,,0.0,0.21003503503503176
chain,126,12,487,60839506,1,1.0,1.0,1.0,1.0,1.0,4.25,12,0,,0.0,0.2030530530530502
chain,126,12,488,60839507,1,1.0,1.0,1.0,1.0,1.0,3.5833333333333335,12,0,,0.0,0.200800800800798
chain,126,12,489,60839508,1,1.0,1.0,1.0,1.0,1.0,3.1666666666666665,12,0,,0.0,0.20530530530530233
chain,126,12,490,60839509,1,0.0,1.0,1.0,1.0,1.0,4.5,12,0,,0.0,0.21058558558558257
chain,126,12,491,60839510,1,1.0,1.0,1.0,1.0,1.0,3.25,12,0,,0.0,0.20140140140139853
chain,126,12,492,60839511,1,1.0,1.0,1.0,1.0,1.0,3.25,12,0,,0.0,0.20282782782782496
chain,126,12,493,60839512,1,1.0,1.0,1.0,1.0,1.0,3.25,12,0,,0.0,0.20560560560560254
chain,126,12,494,60839513,1,1.0,1.0,1.0,1.0,1.0,3.1666666666666665,12,0,,0.0,0.20065065065064785
chain,126,12,495,60839514,1,1.0,1.0,1.0,1.0,1.0,3.3333333333333335,12,0,,0.0,0.20072572572572295
chain,126,12,496,60839515,1,1.0,1.0,1.0,1.0,1.0,4.166666666666667,12,0,,0.0,0.20422922922922637
chain,126,12,497,60839516,1,1.0,1.0,1.0,1.0,1.0,3.3333333333333335,12,0,,0.0,0.1999999999999972
chain,126,12,498,60839517,1,1.0,1.0,1.0,1.0,1.0,3.5833333333333335,12,0,,0.0,0.20370370370370086
chain,126,12,499,60839518,1,1.0,1.0,1.0,1.0,1.0,4.333333333333333,12,0,,0.0,0.2150650650650617
chain,252,12,0,60965019,1,1.0,1.0,1.0,1.0,1.0,2.1666666666666665,12,0,,0.0,0.1999999999999972
chain,252,12,1,60965020,1,1.0,1.0,1.0,1.0,1.0,2.1666666666666665,12,0,,0.08333333333333333,0.1999999999999972
chain,252,12,2,60965021,1,1.0,1.0,1.0,1.0,1.0,2.25,12,0,,0.08333333333333333,0.1999999999999972
chain,252,12,3,60965022,1,0.0,1.0,1.0,1.0,1.0,2.5,12,0,,0.0,0.1999999999999972
chain,252,12,4,60965023,1,1.0,1.0,1.0,1.0,1.0,2.4166666666666665,12,0,,0.0,0.1999999999999972
chain,252,12,5,60965024,1,1.0,1.0,1.0,1.0,1.0,2.1666666666666665,12,0,,0.0,0.1999999999999972
chain,252,12,6,60965025,1,1.0,1.0,1.0,1.0,1.0,2.5,12,0,,0.0,0.1999999999999972
chain,252,12,7,60965026,1,0.0,1.0,1.0,1.0,1.0,2.3333333333333335,12,0,,0.0,0.1999999999999972
chain,252,12,8,60965027,1,1.0,1.0,1.0,1.0,1.0,1.9166666666666667,12,0,,0.0,0.1999999999999972
chain,252,12,9,60965028,1,0.0,1.0,1.0,1.0,1.0,2.25,12,0,,0.0,0.1999999999999972
chain,252,12,10,60965029,1,1.0,1.0,1.0,1.0,1.0,2.4166666666666665,12,0,,0.0,0.1999999999999972
chain,252,12,11,60965030,1,1.0,1.0,1.0,1.0,1.0,2.0833333333333335,12,0,,0.0,0.1999999999999972
chain,252,12,12,60965031,1,1.0,1.0,1.0,1.0,1.0,2.25,12,0,,0.0,0.1999999999999972
chain,252,12,13,60965032,1,1.0,1.0,1.0,1.0,1.0,2.25,12,0,,0.0,0.1999999999999972
chain,252,12,14,60965033,1,1.0,1.0,1.0,1.0,1.0,2.25,12,0,,0.0,0.1999999999999972
chain,252,12,15,60965034,1,1.0,1.0,1.0,1.0,1.0,2.1666666666666665,12,0,,0.0,0.1999999999999972
chain,252,12,16,60965035,1,1.0,1.0,1.0,1.0,1.0,2.5,12,0,,0.0,0.1999999999999972
chain,252,12,17,60965036,1,1.0,1.0,1.0,1.0,1.0,2.0833333333333335,12,0,,0.0,0.1999999999999972
chain,252,12,18,60965037,1,1.0,1.0,1.0,1.0,1.0,2.25,12,0,,0.0,0.1999999999999972
chain,252,12,19,60965038,1,1.0,1.0,1.0,1.0,1.0,2.4166666666666665,12,0,,0.0,0.1999999999999972
chain,252,12,20,60965039,1,1.0,1.0,1.0,1.0,1.0,1.9166666666666667,12,0,,0.0,0.1999999999999972
chain,252,12,21,60965040,1,1.0,1.0,1.0,1.0,1.0,2.0833333333333335,12,0,,0.0,0.1999999999999972
chain,252,12,22,60965041,1,1.0,1.0,1.0,1.0,1.0,1.9166666666666667,12,0,,0.0,0.1999999999999972
chain,252,12,23,60965042,1,1.0,1.0,1.0,1.0,1.0,2.4166666666666665,12,0,,0.0,0.1999999999999972
chain,252,12,24,60965043,1,1.0,1.0,1.0,1.0,1.0,2.0,12,0,,0.0,0.1999999999999972
chain,252,12,25,60965044,1,1.0,1.0,1.0,1.0,1.0,1.6666666666666667,10,0,,0.16666666666666666,0.1999999999999972
chain,252,12,26,60965045,1,1.0,1.0,1.0,1.0,1.0,2.1666666666666665,12,0,,0.0,0.1999999999999972
chain,252,12,27,60965046,1,1.0,1.0,1.0,1.0,1.0,2.4166666666666665,12,0,,0.0,0.1999999999999972
chain,252,12,28,60965047,1,1.0,1.0,1.0,1.0,1.0,2.25,12,0,,0.0,0.1999999999999972
chain,252,12,29,60965048,1,1.0,1.0,1.0,1.0,1.0,2.5833333333333335,12,0,,0.0,0.1999999999999972
chain,252,12,30,60965049,1,1.0,1.0,1.0,1.0,1.0,2.4166666666666665,12,0,,0.0,0.1999999999999972
chain,252,12,31,60965050,1,1.0,1.0,1.0,1.0,1.0,2.4166666666666665,12,0,,0.0,0.1999999999999972
chain,252,12,32,60965051,1,1.0,1.0,1.0,1.0,1.0,2.3333333333333335,12,0,,0.0,0.1999999999999972
chain,252,12,33,60965052,1,1.0,1.0,1.0,1.0,1.0,2.0,12,0,,0.0,0.200800800800798
chain,252,12,34,60965053,1,1.0,1.0,1.0,1.0,1.0,1.8333333333333333,12,0,,0.0,0.1999999999999972
chain,252,12,35,60965054,1,1.0,1.0,1.0,1.0,1.0,2.3333333333333335,12,0,,0.0,0.200800800800798
chain,252,12,36,60965055,1,1.0,1.0,1.0,1.0,1.0,2.0,12,0,,0.0,0.1999999999999972
chain,252,12,37,60965056,1,1.0,1.0,1.0,1.0,1.0,2.3333333333333335,12,0,,0.0,0.1999999999999972
chain,252,12,38,60965057,1,1.0,1.0,1.0,1.0,1.0,2.0833333333333335,12,0,,0.0,0.1999999999999972
chain,252,12,39,60965058,1,1.0,1.0,1.0,1.0,1.0,2.25,12,0,,0.0,0.1999999999999972
chain,252,12,40,60965059,1,1.0,1.0,1.0,1.0,1.0,2.3333333333333335,12,0,,0.0,0.1999999999999972
chain,252,12,41,60965060,1,0.0,1.0,1.0,1.0,1.0,2.25,12,0,,0.08333333333333333,0.1999999999999972
chain,252,12,42,60965061,1,1.0,1.0,1.0,1.0,1.0,2.4166666666666665,12,0,,0.0,0.1999999999999972
chain,252,12,43,60965062,1,1.0,1.0,1.0,1.0,1.0,2.1666666666666665,12,0,,0.0,0.1999999999999972
chain,252,12,44,60965063,1,1.0,1.0,1.0,1.0,1.0,2.0,12,0,,0.0,0.1999999999999972
chain,252,12,45,60965064,1,1.0,1.0,1.0,1.0,1.0,2.1666666666666665,11,0,,0.08333333333333333,0.1999999999999972
chain,252,12,46,60965065,1,1.0,1.0,1.0,1.0,1.0,1.9166666666666667,12,0,,0.0,0.1999999999999972
chain,252,12,47,60965066,1,1.0,1.0,1.0,1.0,1.0,2.25,12,0,,0.0,0.1999999999999972
chain,252,12,48,60965067,1,1.0,1.0,1.0,1.0,1.0,2.1666666666666665,11,0,,0.08333333333333333,0.1999999999999972
chain,252,12,49,60965068,1,1.0,1.0,1.0,1.0,1.0,2.3333333333333335,12,0,,0.0,0.1999999999999972
chain,252,12,50,60965069,1,1.0,1.0,1.0,1.0,1.0,1.8333333333333333,11,0,,0.08333333333333333,0.1999999999999972
chain,252,12,51,60965070,1,1.0,1.0,1.0,1.0,1.0,2.0833333333333335,12,0,,0.0,0.1999999999999972
chain,252,12,52,60965071,1,1.0,1.0,1.0,1.0,1.0,2.0,12,0,,0.0,0.1999999999999972
chain,252,12,53,60965072,1,1.0,1.0,1.0,1.0,1.0,2.0833333333333335,12,0,,0.0,0.1999999999999972
chain,252,12,54,60965073,1,1.0,1.0,1.0,1.0,1.0,2.4166666666666665,12,0,,0.0,0.1999999999999972
chain,252,12,55,60965074,1,1.0,1.0,1.0,1.0,1.0,2.4166666666666665,12,0,,0.0,0.1999999999999972
chain,252,12,56,60965075,1,1.0,1.0,1.0,1.0,1.0,2.3333333333333335,12,0,,0.08333333333333333,0.1999999999999972
chain,252,12,57,60965076,1,1.0,1.0,1.0,1.0,1.0,2.1666666666666665,12,0,,0.08333333333333333,0.1999999999999972
chain,252,12,58,60965077,1,1.0,1.0,1.0,1.0,1.0,2.3333333333333335,12,0,,0.0,0.1999999999999972
chain,252,12,59,60965078,1,0.0,1.0,1.0,1.0,1.0,1.8333333333333333,12,0,,0.0,0.20160160160159882
chain,252,12,60,60965079,1,1.0,1.0,1.0,1.0,1.0,2.25,12,0,,0.08333333333333333,0.1999999999999972
chain,252,12,61,60965080,1,1.0,1.0,1.0,1.0,1.0,1.75,12,0,,0.0,0.1999999999999972
chain,252,12,62,60965081,1,1.0,1.0,1.0,1.0,1.0,1.8333333333333333,11,0,,0.08333333333333333,0.1999999999999972
chain,252,12,63,60965082,1,1.0,1.0,1.0,1.0,1.0,1.8333333333333333,12,0,,0.0,0.1999999999999972
chain,252,12,64,60965083,1,1.0,1.0,1.0,1.0,1.0,1.9166666666666667,12,0,,0.0,0.20080080080079793
chain,252,12,65,60965084,1,0.0,1.0,1.0,1.0,1.0,2.0,12,0,,0.0,0.20080080080079796
chain,252,12,66,60965085,1,1.0,1.0,1.0,1.0,1.0,2.0,11,0,,0.16666666666666666,0.1999999999999972
chain,252,12,67,60965086,1,1.0,1.0,1.0,1.0,1.0,2.25,12,0,,0.0,0.1999999999999972
chain,252,12,68,60965087,1,1.0,1.0,1.0,1.0,1.0,2.0,12,0,,0.0,0.1999999999999972
chain,252,12,69,60965088,1,1.0,1.0,1.0,1.0,1.0,2.25,12,0,,0.0,0.1999999999999972
chain,252,12,70,60965089,1,1.0,1.0,1.0,1.0,1.0,1.9166666666666667,12,0,,0.0,0.1999999999999972
chain,252,12,71,60965090,1,1.0,1.0,1.0,1.0,1.0,2.4166666666666665,12,0,,0.0,0.1999999999999972
chain,252,12,72,60965091,1,1.0,1.0,1.0,1.0,1.0,2.4166666666666665,12,0,,0.08333333333333333,0.2023273273273245
chain,252,12,73,60965092,1,0.0,1.0,1.0,1.0,1.0,2.0,11,0,,0.08333333333333333,0.1999999999999972
chain,252,12,74,60965093,1,1.0,1.0,1.0,1.0,1.0,2.1666666666666665,11,0,,0.08333333333333333,0.1999999999999972
chain,252,12,75,60965094,1,1.0,1.0,1.0,1.0,1.0,2.25,12,0,,0.08333333333333333,0.1999999999999972
chain,252,12,76,60965095,1,1.0,1.0,1.0,1.0,1.0,2.3333333333333335,12,0,,0.08333333333333333,0.1999999999999972
chain,252,12,77,60965096,1,1.0,1.0,1.0,1.0,1.0,2.0,12,0,,0.08333333333333333,0.2350850850850809
chain,252,12,78,60965097,1,1.0,1.0,1.0,1.0,1.0,2.1666666666666665,12,0,,0.08333333333333333,0.1999999999999972
chain,252,12,79,60965098,1,1.0,1.0,1.0,1.0,1.0,1.9166666666666667,12,0,,0.0,0.1999999999999972
chain,252,12,80,60965099,1,1.0,1.0,1.0,1.0,1.0,2.3333333333333335,12,0,,0.0,0.1999999999999972
chain,252,12,81,60965100,1,1.0,1.0,1.0,1.0,1.0,2.1666666666666665,12,0,,0.0,0.1999999999999972
chain,252,12,82,60965101,1,1.0,1.0,1.0,1.0,1.0,2.25,12,0,,0.0,0.1999999999999972
chain,252,12,83,60965102,1,1.0,1.0,1.0,1.0,1.0,2.25,12,0,,0.0,0.1999999999999972
chain,252,12,84,60965103,1,1.0,1.0,1.0,1.0,1.0,2.1666666666666665,12,0,,0.0,0.1999999999999972
chain,252,12,85,60965104,1,1.0,1.0,1.0,1.0,1.0,2.3333333333333335,12,0,,0.0,0.1999999999999972
chain,252,12,86,60965105,1,1.0,1.0,1.0,1.0,1.0,2.1666666666666665,12,0,,0.0,0.1999999999999972
chain,252,12,87,60965106,1,1.0,1.0,1.0,1.0,1.0,2.3333333333333335,12,0,,0.0,0.1999999999999972
chain,252,12,88,60965107,1,1.0,1.0,1.0,1.0,1.0,2.5,12,0,,0.0,0.1999999999999972
chain,252,12,89,60965108,1,1.0,1.0,1.0,1.0,1.0,2.1666666666666665,12,0,,0.08333333333333333,0.1999999999999972
chain,252,12,90,60965109,1,1.0,1.0,1.0,1.0,1.0,2.3333333333333335,12,0,,0.0,0.1999999999999972
chain,252,12,91,60965110,1,1.0,1.0,1.0,1.0,1.0,2.4166666666666665,12,0,,0.0,0.1999999999999972
chain,252,12,92,60965111,1,1.0,1.0,1.0,1.0,1.0,2.25,12,0,,0.08333333333333333,0.1999999999999972
chain,252,12,93,60965112,1,1.0,1.0,1.0,1.0,1.0,1.9166666666666667,12,0,,0.0,0.1999999999999972
chain,252,12,94,60965113,1,1.0,1.0,1.0,1.0,1.0,1.6666666666666667,10,0,,0.16666666666666666,0.1999999999999972
chain,252,12,95,60965114,1,1.0,1.0,1.0,1.0,1.0,2.25,12,0,,0.08333333333333333,0.20080080080079793
chain,252,12,96,60965115,1,1.0,1.0,1.0,1.0,1.0,1.75,12,0,,0.08333333333333333,0.1999999999999972
chain,252,12,97,60965116,1,1.0,1.0,1.0,1.0,1.0,2.3333333333333335,12,0,,0.0,0.1999999999999972
chain,252,12,98,60965117,1,1.0,1.0,1.0,1.0,1.0,2.5,12,0,,0.0,0.204004004004001
chain,252,12,99,60965118,1,1.0,1.0,1.0,1.0,1.0,2.3333333333333335,12,0,,0.0,0.1999999999999972
chain,252,12,100,60965119,1,1.0,1.0,1.0,1.0,1.0,2.0833333333333335,12,0,,0.08333333333333333,0.1999999999999972
chain,252,12,101,60965120,1,1.0,1.0,1.0,1.0,1.0,2.4166666666666665,12,0,,0.0,0.200800800800798
chain,252,12,102,60965121,1,1.0,1.0,1.0,1.0,1.0,2.3333333333333335,12,0,,0.0,0.1999999999999972
chain,252,12,103,60965122,1,1.0,1.0,1.0,1.0,1.0,1.8333333333333333,12,0,,0.08333333333333333,0.1999999999999972
chain,252,12,104,60965123,1,1.0,1.0,1.0,1.0,1.0,2.3333333333333335,12,0,,0.0,0.1999999999999972
chain,252,12,105,60965124,1,1.0,1.0,1.0,1.0,1.0,2.4166666666666665,12,0,,0.0,0.20080080080079793
chain,252,12,106,60965125,1,1.0,1.0,1.0,1.0,1.0,2.0833333333333335,12,0,,0.08333333333333333,0.20080080080079793
chain,252,12,107,60965126,1,1.0,1.0,1.0,1.0,1.0,2.3333333333333335,12,0,,0.0,0.1999999999999972
chain,252,12,108,60965127,1,1.0,1.0,1.0,1.0,1.0,2.0833333333333335,12,0,,0.08333333333333333,0.1999999999999972
chain,252,12,109,60965128,1,1.0,1.0,1.0,1.0,1.0,2.1666666666666665,12,0,,0.0,0.1999999999999972
chain,252,12,110,60965129,1,1.0,1.0,1.0,1.0,1.0,2.1666666666666665,12,0,,0.0,0.1999999999999972
chain,252,12,111,60965130,1,1.0,1.0,1.0,1.0,1.0,2.1666666666666665,12,0,,0.0,0.1999999999999972
chain,252,12,112,60965131,1,0.0,1.0,1.0,1.0,1.0,2.5,12,0,,0.0,0.1999999999999972
chain,252,12,113,60965132,1,1.0,1.0,1.0,1.0,1.0,2.3333333333333335,12,0,,0.0,0.1999999999999972
chain,252,12,114,60965133,1,1.0,1.0,1.0,1.0,1.0,2.3333333333333335,12,0,,0.0,0.1999999999999972
chain,252,12,115,60965134,1,0.0,1.0,1.0,1.0,1.0,2.1666666666666665,12,0,,0.16666666666666666,0.1999999999999972
chain,252,12,116,60965135,1,1.0,1.0,1.0,1.0,1.0,1.75,12,0,,0.0,0.1999999999999972
chain,252,12,117,60965136,1,1.0,1.0,1.0,1.0,1.0,2.0833333333333335,10,0,,0.16666666666666666,0.1999999999999972
chain,252,12,118,60965137,1,1.0,1.0,1.0,1.0,1.0,2.25,12,0,,0.0,0.1999999999999972
chain,252,12,119,60965138,1,1.0,1.0,1.0,1.0,1.0,2.0833333333333335,12,0,,0.0,0.1999999999999972
chain,252,12,120,60965139,1,1.0,1.0,1.0,1.0,1.0,2.4166666666666665,12,0,,0.08333333333333333,0.1999999999999972
chain,252,12,121,60965140,1,1.0,1.0,1.0,1.0,1.0,1.9166666666666667,12,0,,0.0,0.1999999999999972
chain,252,12,122,60965141,1,1.0,1.0,1.0,1.0,1.0,2.4166666666666665,12,0,,0.0,0.1999999999999972
chain,252,12,123,60965142,1,1.0,1.0,1.0,1.0,1.0,2.5,12,0,,0.0,0.1999999999999972
chain,252,12,124,60965143,1,1.0,1.0,1.0,1.0,1.0,2.5833333333333335,12,0,,0.0,0.1999999999999972
chain,252,12,125,60965144,1,1.0,1.0,1.0,1.0,1.0,2.1666666666666665,12,0,,0.0,0.1999999999999972
chain,252,12,126,60965145,1,1.0,1.0,1.0,1.0,1.0,1.8333333333333333,12,0,,0.0,0.1999999999999972
chain,252,12,127,60965146,1,1.0,1.0,1.0,1.0,1.0,2.3333333333333335,12,0,,0.0,0.20240240240239948
chain,252,12,128,60965147,1,1.0,1.0,1.0,1.0,1.0,2.0833333333333335,12,0,,0.0,0.1999999999999972
chain,252,12,129,60965148,1,1.0,1.0,1.0,1.0,1.0,2.3333333333333335,12,0,,0.0,0.1999999999999972
chain,252,12,130,60965149,1,1.0,1.0,1.0,1.0,1.0,2.4166666666666665,12,0,,0.0,0.1999999999999972
chain,252,12,131,60965150,1,1.0,1.0,1.0,1.0,1.0,2.25,12,0,,0.0,0.1999999999999972
chain,252,12,132,60965151,1,1.0,1.0,1.0,1.0,1.0,2.5833333333333335,12,0,,0.0,0.200800800800798
chain,252,12,133,60965152,1,1.0,1.0,1.0,1.0,1.0,2.5,12,0,,0.0,0.1999999999999972
chain,252,12,134,60965153,1,1.0,1.0,1.0,1.0,1.0,2.0833333333333335,12,0,,0.0,0.1999999999999972
chain,252,12,135,60965154,1,1.0,1.0,1.0,1.0,1.0,2.3333333333333335,12,0,,0.08333333333333333,0.1999999999999972
chain,252,12,136,60965155,1,1.0,1.0,1.0,1.0,1.0,2.0833333333333335,12,0,,0.0,0.1999999999999972
chain,252,12,137,60965156,1,1.0,1.0,1.0,1.0,1.0,2.0833333333333335,12,0,,0.0,0.1999999999999972
chain,252,12,138,60965157,1,1.0,1.0,1.0,1.0,1.0,2.1666666666666665,12,0,,0.0,0.1999999999999972
chain,252,12,139,60965158,1,1.0,1.0,1.0,1.0,1.0,2.25,12,0,,0.0,0.1999999999999972
chain,252,12,140,60965159,1,1.0,1.0,1.0,1.0,1.0,2.3333333333333335,12,0,,0.0,0.1999999999999972
chain,252,12,141,60965160,1,1.0,1.0,1.0,1.0,1.0,1.6666666666666667,12,0,,0.08333333333333333,0.1999999999999972
chain,252,12,142,60965161,1,1.0,1.0,1.0,1.0,1.0,2.0833333333333335,12,0,,0.0,0.1999999999999972
chain,252,12,143,60965162,1,1.0,1.0,1.0,1.0,1.0,1.6666666666666667,11,0,,0.08333333333333333,0.200800800800798
chain,252,12,144,60965163,1,1.0,1.0,1.0,1.0,1.0,2.0833333333333335,12,0,,0.0,0.1999999999999972
chain,252,12,145,60965164,1,1.0,1.0,1.0,1.0,1.0,2.4166666666666665,12,0,,0.0,0.1999999999999972
chain,252,12,146,60965165,1,1.0,1.0,1.0,1.0,1.0,2.5,12,0,,0.0,0.1999999999999972
chain,252,12,147,60965166,1,1.0,1.0,1.0,1.0,1.0,1.9166666666666667,12,0,,0.08333333333333333,0.1999999999999972
chain,252,12,148,60965167,1,1.0,1.0,1.0,1.0,1.0,2.4166666666666665,12,0,,0.08333333333333333,0.1999999999999972
chain,252,12,149,60965168,1,1.0,1.0,1.0,1.0,1.0,1.6666666666666667,12,0,,0.08333333333333333,0.1999999999999972
chain,252,12,150,60965169,1,0.0,1.0,1.0,1.0,1.0,2.4166666666666665,12,0,,0.0,0.1999999999999972
chain,252,12,151,60965170,1,1.0,1.0,1.0,1.0,1.0,1.5833333333333333,12,0,,0.0,0.1999999999999972
chain,252,12,152,60965171,1,1.0,1.0,1.0,1.0,1.0,2.1666666666666665,12,0,,0.0,0.1999999999999972
chain,252,12,153,60965172,1,1.0,1.0,1.0,1.0,1.0,2.25,12,0,,0.0,0.20080080080079793
chain,252,12,154,60965173,1,1.0,1.0,1.0,1.0,1.0,2.3333333333333335,12,0,,0.0,0.1999999999999972
chain,252,12,155,60965174,1,1.0,1.0,1.0,1.0,1.0,2.25,12,0,,0.0,0.1999999999999972
chain,252,12,156,60965175,1,1.0,1.0,1.0,1.0,1.0,2.25,11,0,,0.08333333333333333,0.1999999999999972
chain,252,12,157,60965176,1,1.0,1.0,1.0,1.0,1.0,2.0833333333333335,12,0,,0.0,0.1999999999999972
chain,252,12,158,60965177,1,1.0,1.0,1.0,1.0,1.0,2.0,11,0,,0.08333333333333333,0.20240240240239948
chain,252,12,159,60965178,1,1.0,1.0,1.0,1.0,1.0,1.8333333333333333,12,0,,0.0,0.1999999999999972
chain,252,12,160,60965179,1,0.0,1.0,1.0,1.0,1.0,2.0,12,0,,0.08333333333333333,0.1999999999999972
chain,252,12,161,60965180,1,1.0,1.0,1.0,1.0,1.0,2.3333333333333335,12,0,,0.0,0.1999999999999972
chain,252,12,162,60965181,1,1.0,1.0,1.0,1.0,1.0,2.25,12,0,,0.0,0.1999999999999972
chain,252,12,163,60965182,1,1.0,1.0,1.0,1.0,1.0,2.3333333333333335,12,0,,0.0,0.1999999999999972
chain,252,12,164,60965183,1,1.0,1.0,1.0,1.0,1.0,1.8333333333333333,12,0,,0.0,0.1999999999999972
chain,252,12,165,60965184,1,1.0,1.0,1.0,1.0,1.0,2.4166666666666665,12,0,,0.0,0.1999999999999972
chain,252,12,166,60965185,1,1.0,1.0,1.0,1.0,1.0,2.25,12,0,,0.0,0.1999999999999972
chain,252,12,167,60965186,1,1.0,1.0,1.0,1.0,1.0,2.0,12,0,,0.08333333333333333,0.20080080080079793
chain,252,12,168,60965187,1,1.0,1.0,1.0,1.0,1.0,1.9166666666666667,11,0,,0.08333333333333333,0.1999999999999972
chain,252,12,169,60965188,1,1.0,1.0,1.0,1.0,1.0,2.4166666666666665,12,0,,0.0,0.1999999999999972
chain,252,12,170,60965189,1,1.0,1.0,1.0,1.0,1.0,2.5833333333333335,12,0,,0.0,0.1999999999999972
chain,252,12,171,60965190,1,0.0,1.0,1.0,1.0,1.0,2.1666666666666665,12,0,,0.0,0.1999999999999972
chain,252,12,172,60965191,1,1.0,1.0,1.0,1.0,1.0,2.4166666666666665,12,0,,0.0,0.1999999999999972
chain,252,12,173,60965192,1,1.0,1.0,1.0,1.0,1.0,2.25,12,0,,0.0,0.1999999999999972
chain,252,12,174,60965193,1,1.0,1.0,1.0,1.0,1.0,2.0,12,0,,0.0,0.200800800800798
chain,252,12,175,60965194,1,1.0,1.0,1.0,1.0,1.0,2.3333333333333335,12,0,,0.0,0.1999999999999972
chain,252,12,176,60965195,1,1.0,1.0,1.0,1.0,1.0,2.25,12,0,,0.0,0.1999999999999972
chain,252,12,177,60965196,1,1.0,1.0,1.0,1.0,1.0,2.25,12,0,,0.0,0.1999999999999972
chain,252,12,178,60965197,1,1.0,1.0,1.0,1.0,1.0,2.25,12,0,,0.0,0.1999999999999972
chain,252,12,179,60965198,1,1.0,1.0,1.0,1.0,1.0,2.0,12,0,,0.0,0.1999999999999972
chain,252,12,180,60965199,1,0.0,1.0,1.0,1.0,1.0,2.3333333333333335,12,0,,0.0,0.1999999999999972
chain,252,12,181,60965200,1,1.0,1.0,1.0,1.0,1.0,2.3333333333333335,12,0,,0.0,0.1999999999999972
chain,252,12,182,60965201,1,1.0,1.0,1.0,1.0,1.0,2.5,12,0,,0.08333333333333333,0.20160160160159868
chain,252,12,183,60965202,1,1.0,1.0,1.0,1.0,1.0,1.9166666666666667,12,0,,0.0,0.1999999999999972
chain,252,12,184,60965203,1,1.0,1.0,1.0,1.0,1.0,2.1666666666666665,12,0,,0.0,0.1999999999999972
chain,252,12,185,60965204,1,1.0,1.0,1.0,1.0,1.0,2.0833333333333335,12,0,,0.0,0.1999999999999972
chain,252,12,186,60965205,1,1.0,1.0,1.0,1.0,1.0,2.4166666666666665,12,0,,0.0,0.1999999999999972
chain,252,12,187,60965206,1,1.0,1.0,1.0,1.0,1.0,2.5833333333333335,12,0,,0.0,0.1999999999999972
chain,252,12,188,60965207,1,0.0,1.0,1.0,1.0,1.0,2.5,12,0,,0.0,0.1999999999999972
chain,252,12,189,60965208,1,1.0,1.0,1.0,1.0,1.0,2.4166666666666665,12,0,,0.0,0.1999999999999972
chain,252,12,190,60965209,1,0.0,1.0,1.0,1.0,1.0,2.4166666666666665,12,0,,0.0,0.1999999999999972
chain,252,12,191,60965210,1,1.0,1.0,1.0,1.0,1.0,2.4166666666666665,12,0,,0.0,0.1999999999999972
chain,252,12,192,60965211,1,1.0,1.0,1.0,1.0,1.0,2.25,12,0,,0.0,0.1999999999999972
chain,252,12,193,60965212,1,1.0,1.0,1.0,1.0,1.0,2.0833333333333335,12,0,,0.0,0.1999999999999972
chain,252,12,194,60965213,1,0.0,1.0,1.0,1.0,1.0,2.0,12,0,,0.08333333333333333,0.1999999999999972
chain,252,12,195,60965214,1,1.0,1.0,1.0,1.0,1.0,2.5833333333333335,12,0,,0.0,0.1999999999999972
chain,252,12,196,60965215,1,1.0,1.0,1.0,1.0,1.0,2.0833333333333335,12,0,,0.0,0.1999999999999972
chain,252,12,197,60965216,1,1.0,1.0,1.0,1.0,1.0,2.0,11,0,,0.08333333333333333,0.1999999999999972
chain,252,12,198,60965217,1,1.0,1.0,1.0,1.0,1.0,2.1666666666666665,12,0,,0.0,0.1999999999999972
chain,252,12,199,60965218,1,1.0,1.0,1.0,1.0,1.0,2.3333333333333335,12,0,,0.0,0.1999999999999972
chain,252,12,200,60965219,1,1.0,1.0,1.0,1.0,1.0,2.3333333333333335,12,0,,0.0,0.200800800800798
chain,252,12,201,60965220,1,1.0,1.0,1.0,1.0,1.0,2.0833333333333335,12,0,,0.0,0.1999999999999972
chain,252,12,202,60965221,1,1.0,1.0,1.0,1.0,1.0,2.4166666666666665,12,0,,0.08333333333333333,0.1999999999999972
chain,252,12,203,60965222,1,1.0,1.0,1.0,1.0,1.0,2.1666666666666665,12,0,,0.0,0.1999999999999972
chain,252,12,204,60965223,1,1.0,1.0,1.0,1.0,1.0,2.0833333333333335,12,0,,0.0,0.1999999999999972
chain,252,12,205,60965224,1,1.0,1.0,1.0,1.0,1.0,2.5,12,0,,0.0,0.1999999999999972
chain,252,12,206,60965225,1,1.0,1.0,1.0,1.0,1.0,2.3333333333333335,12,0,,0.0,0.1999999999999972
chain,252,12,207,60965226,1,1.0,1.0,1.0,1.0,1.0,2.0833333333333335,12,0,,0.08333333333333333,0.1999999999999972
chain,252,12,208,60965227,1,1.0,1.0,1.0,1.0,1.0,1.9166666666666667,12,0,,0.0,0.1999999999999972
chain,252,12,209,60965228,1,1.0,1.0,1.0,1.0,1.0,1.9166666666666667,10,0,,0.16666666666666666,0.1999999999999972
chain,252,12,210,60965229,1,1.0,1.0,1.0,1.0,1.0,2.3333333333333335,12,0,,0.0,0.1999999999999972
chain,252,12,211,60965230,1,1.0,1.0,1.0,1.0,1.0,2.25,12,0,,0.0,0.1999999999999972
chain,252,12,212,60965231,1,1.0,1.0,1.0,1.0,1.0,2.4166666666666665,12,0,,0.0,0.1999999999999972
chain,252,12,213,60965232,1,1.0,1.0,1.0,1.0,1.0,2.0,11,0,,0.08333333333333333,0.1999999999999972
chain,252,12,214,60965233,1,1.0,1.0,1.0,1.0,1.0,2.3333333333333335,12,0,,0.0,0.1999999999999972
chain,252,12,215,60965234,1,1.0,1.0,1.0,1.0,1.0,2.0833333333333335,12,0,,0.0,0.1999999999999972
chain,252,12,216,60965235,1,1.0,1.0,1.0,1.0,1.0,2.4166666666666665,12,0,,0.0,0.1999999999999972
chain,252,12,217,60965236,1,1.0,1.0,1.0,1.0,1.0,2.0,11,0,,0.08333333333333333,0.1999999999999972
chain,252,12,218,60965237,1,1.0,1.0,1.0,1.0,1.0,2.4166666666666665,12,0,,0.0,0.1999999999999972
chain,252,12,219,60965238,1,1.0,1.0,1.0,1.0,1.0,2.1666666666666665,12,0,,0.0,0.1999999999999972
chain,252,12,220,60965239,1,1.0,1.0,1.0,1.0,1.0,1.9166666666666667,12,0,,0.08333333333333333,0.1999999999999972
chain,252,12,221,60965240,1,1.0,1.0,1.0,1.0,1.0,2.1666666666666665,12,0,,0.0,0.1999999999999972
chain,252,12,222,60965241,1,0.0,1.0,1.0,1.0,1.0,2.0,11,0,,0.08333333333333333,0.1999999999999972
chain,252,12,223,60965242,1,1.0,1.0,1.0,1.0,1.0,2.0833333333333335,12,0,,0.0,0.1999999999999972
chain,252,12,224,60965243,1,1.0,1.0,1.0,1.0,1.0,1.8333333333333333,12,0,,0.0,0.1999999999999972
chain,252,12,225,60965244,1,1.0,1.0,1.0,1.0,1.0,2.4166666666666665,12,0,,0.0,0.1999999999999972
chain,252,12,226,60965245,1,1.0,1.0,1.0,1.0,1.0,2.25,12,0,,0.0,0.1999999999999972
chain,252,12,227,60965246,1,1.0,1.0,1.0,1.0,1.0,2.1666666666666665,12,0,,0.08333333333333333,0.1999999999999972
chain,252,12,228,60965247,1,1.0,1.0,1.0,1.0,1.0,2.25,12,0,,0.08333333333333333,0.1999999999999972
chain,252,12,229,60965248,1,1.0,1.0,1.0,1.0,1.0,2.0833333333333335,12,0,,0.0,0.1999999999999972
chain,252,12,230,60965249,1,0.0,1.0,1.0,1.0,1.0,2.1666666666666665,12,0,,0.0,0.1999999999999972
chain,252,12,231,60965250,1,1.0,1.0,1.0,1.0,1.0,2.3333333333333335,12,0,,0.0,0.1999999999999972
chain,252,12,232,60965251,1,1.0,1.0,1.0,1.0,1.0,2.3333333333333335,12,0,,0.0,0.200800800800798
chain,252,12,233,60965252,1,1.0,1.0,1.0,1.0,1.0,2.3333333333333335,12,0,,0.0,0.1999999999999972
chain,252,12,234,60965253,1,1.0,1.0,1.0,1.0,1.0,2.1666666666666665,12,0,,0.0,0.1999999999999972
chain,252,12,235,60965254,1,0.0,1.0,1.0,1.0,1.0,2.3333333333333335,12,0,,0.0,0.1999999999999972
chain,252,12,236,60965255,1,1.0,1.0,1.0,1.0,1.0,2.1666666666666665,12,0,,0.0,0.1999999999999972
chain,252,12,237,60965256,1,1.0,1.0,1.0,1.0,1.0,2.25,12,0,,0.0,0.20160160160159882
chain,252,12,238,60965257,1,1.0,1.0,1.0,1.0,1.0,2.0,12,0,,0.0,0.1999999999999972
chain,252,12,239,60965258,1,1.0,1.0,1.0,1.0,1.0,2.1666666666666665,12,0,,0.0,0.1999999999999972
chain,252,12,240,60965259,1,0.0,1.0,1.0,1.0,1.0,2.4166666666666665,12,0,,0.0,0.1999999999999972
chain,252,12,241,60965260,1,1.0,1.0,1.0,1.0,1.0,2.3333333333333335,12,0,,0.0,0.1999999999999972
chain,252,12,242,60965261,1,1.0,1.0,1.0,1.0,1.0,2.1666666666666665,12,0,,0.0,0.1999999999999972
chain,252,12,243,60965262,1,1.0,1.0,1.0,1.0,1.0,1.75,11,0,,0.08333333333333333,0.1999999999999972
chain,252,12,244,60965263,1,1.0,1.0,1.0,1.0,1.0,2.3333333333333335,12,0,,0.0,0.1999999999999972
chain,252,12,245,60965264,1,1.0,1.0,1.0,1.0,1.0,2.25,12,0,,0.0,0.1999999999999972
chain,252,12,246,60965265,1,1.0,1.0,1.0,1.0,1.0,2.5,12,0,,0.0,0.1999999999999972
chain,252,12,247,60965266,1,1.0,1.0,1.0,1.0,1.0,2.3333333333333335,12,0,,0.0,0.1999999999999972
chain,252,12,248,60965267,1,1.0,1.0,1.0,1.0,1.0,2.1666666666666665,12,0,,0.08333333333333333,0.20080080080079793
chain,252,12,249,60965268,1,1.0,1.0,1.0,1.0,1.0,2.0,10,0,,0.25,0.1999999999999972
chain,252,12,250,60965269,1,1.0,1.0,1.0,1.0,1.0,2.5,12,0,,0.0,0.1999999999999972
chain,252,12,251,60965270,1,1.0,1.0,1.0,1.0,1.0,2.4166666666666665,12,0,,0.0,0.1999999999999972
chain,252,12,252,60965271,1,1.0,1.0,1.0,1.0,1.0,2.25,11,0,,0.08333333333333333,0.1999999999999972
chain,252,12,253,60965272,1,1.0,1.0,1.0,1.0,1.0,1.9166666666666667,12,0,,0.0,0.1999999999999972
chain,252,12,254,60965273,1,1.0,1.0,1.0,1.0,1.0,1.9166666666666667,12,0,,0.0,0.1999999999999972
chain,252,12,255,60965274,1,1.0,1.0,1.0,1.0,1.0,2.0833333333333335,11,0,,0.08333333333333333,0.1999999999999972
chain,252,12,256,60965275,1,1.0,1.0,1.0,1.0,1.0,2.25,12,0,,0.0,0.20160160160159868
chain,252,12,257,60965276,1,1.0,1.0,1.0,1.0,1.0,2.0,12,0,,0.0,0.1999999999999972
chain,252,12,258,60965277,1,0.0,1.0,1.0,1.0,1.0,2.5833333333333335,12,0,,0.08333333333333333,0.1999999999999972
chain,252,12,259,60965278,1,1.0,1.0,1.0,1.0,1.0,2.0833333333333335,12,0,,0.0,0.1999999999999972
chain,252,12,260,60965279,1,1.0,1.0,1.0,1.0,1.0,2.25,12,0,,0.0,0.1999999999999972
chain,252,12,261,60965280,1,1.0,1.0,1.0,1.0,1.0,2.25,12,0,,0.08333333333333333,0.1999999999999972
chain,252,12,262,60965281,1,1.0,1.0,1.0,1.0,1.0,2.4166666666666665,12,0,,0.0,0.1999999999999972
chain,252,12,263,60965282,1,1.0,1.0,1.0,1.0,1.0,2.0833333333333335,12,0,,0.0,0.1999999999999972
chain,252,12,264,60965283,1,1.0,1.0,1.0,1.0,1.0,2.25,12,0,,0.0,0.1999999999999972
chain,252,12,265,60965284,1,1.0,1.0,1.0,1.0,1.0,2.0,12,0,,0.0,0.1999999999999972
chain,252,12,266,60965285,1,1.0,1.0,1.0,1.0,1.0,2.25,12,0,,0.08333333333333333,0.2024024024023994
chain,252,12,267,60965286,1,1.0,1.0,1.0,1.0,1.0,2.3333333333333335,12,0,,0.0,0.1999999999999972
chain,252,12,268,60965287,1,1.0,1.0,1.0,1.0,1.0,2.1666666666666665,12,0,,0.0,0.1999999999999972
chain,252,12,269,60965288,1,0.0,1.0,1.0,1.0,1.0,1.75,12,0,,0.16666666666666666,0.1999999999999972
chain,252,12,270,60965289,1,1.0,1.0,1.0,1.0,1.0,1.75,12,0,,0.0,0.1999999999999972
chain,252,12,271,60965290,1,1.0,1.0,1.0,1.0,1.0,2.5,12,0,,0.0,0.1999999999999972
chain,252,12,272,60965291,1,1.0,1.0,1.0,1.0,1.0,1.9166666666666667,12,0,,0.0,0.1999999999999972
chain,252,12,273,60965292,1,1.0,1.0,1.0,1.0,1.0,2.0833333333333335,12,0,,0.0,0.1999999999999972
chain,252,12,274,60965293,1,1.0,1.0,1.0,1.0,1.0,2.5,12,0,,0.0,0.1999999999999972
chain,252,12,275,60965294,1,1.0,1.0,1.0,1.0,1.0,2.3333333333333335,12,0,,0.0,0.1999999999999972
chain,252,12,276,60965295,1,1.0,1.0,1.0,1.0,1.0,2.1666666666666665,12,0,,0.0,0.1999999999999972
chain,252,12,277,60965296,1,1.0,1.0,1.0,1.0,1.0,2.4166666666666665,12,0,,0.0,0.1999999999999972
chain,252,12,278,60965297,1,1.0,1.0,1.0,1.0,1.0,2.4166666666666665,12,0,,0.0,0.1999999999999972
chain,252,12,279,60965298,1,1.0,1.0,1.0,1.0,1.0,1.9166666666666667,12,0,,0.0,0.1999999999999972
chain,252,12,280,60965299,1,1.0,1.0,1.0,1.0,1.0,2.1666666666666665,12,0,,0.0,0.2023273273273245
chain,252,12,281,60965300,1,1.0,1.0,1.0,1.0,1.0,2.25,12,0,,0.0,0.200800800800798
chain,252,12,282,60965301,1,0.0,1.0,1.0,1.0,1.0,1.8333333333333333,11,0,,0.08333333333333333,0.1999999999999972
chain,252,12,283,60965302,1,1.0,1.0,1.0,1.0,1.0,1.9166666666666667,11,0,,0.08333333333333333,0.1999999999999972
chain,252,12,284,60965303,1,1.0,1.0,1.0,1.0,1.0,2.5,12,0,,0.0,0.1999999999999972
chain,252,12,285,60965304,1,1.0,1.0,1.0,1.0,1.0,2.1666666666666665,12,0,,0.0,0.1999999999999972
chain,252,12,286,60965305,1,1.0,1.0,1.0,1.0,1.0,1.9166666666666667,12,0,,0.0,0.1999999999999972
chain,252,12,287,60965306,1,1.0,1.0,1.0,1.0,1.0,2.3333333333333335,12,0,,0.0,0.1999999999999972
chain,252,12,288,60965307,1,1.0,1.0,1.0,1.0,1.0,2.0833333333333335,12,0,,0.0,0.1999999999999972
chain,252,12,289,60965308,1,1.0,1.0,1.0,1.0,1.0,2.0833333333333335,12,0,,0.0,0.1999999999999972
chain,252,12,290,60965309,1,1.0,1.0,1.0,1.0,1.0,2.25,12,0,,0.0,0.1999999999999972
chain,252,12,291,60965310,1,1.0,1.0,1.0,1.0,1.0,2.3333333333333335,12,0,,0.0,0.1999999999999972
chain,252,12,292,60965311,1,1.0,1.0,1.0,1.0,1.0,2.25,12,0,,0.0,0.1999999999999972
chain,252,12,293,60965312,1,1.0,1.0,1.0,1.0,1.0,2.1666666666666665,12,0,,0.0,0.1999999999999972
chain,252,12,294,60965313,1,1.0,1.0,1.0,1.0,1.0,2.3333333333333335,12,0,,0.0,0.1999999999999972
chain,252,12,295,60965314,1,0.0,1.0,1.0,1.0,1.0,1.75,12,0,,0.0,0.1999999999999972
chain,252,12,296,60965315,1,1.0,1.0,1.0,1.0,1.0,2.0,12,0,,0.0,0.1999999999999972
chain,252,12,297,60965316,1,1.0,1.0,1.0,1.0,1.0,2.0833333333333335,12,0,,0.08333333333333333,0.1999999999999972
chain,252,12,298,60965317,1,1.0,1.0,1.0,1.0,1.0,2.0833333333333335,12,0,,0.08333333333333333,0.1999999999999972
chain,252,12,299,60965318,1,1.0,1.0,1.0,1.0,1.0,2.25,12,0,,0.0,0.1999999999999972
chain,252,12,300,60965319,1,1.0,1.0,1.0,1.0,1.0,2.25,12,0,,0.0,0.1999999999999972
chain,252,12,301,60965320,1,1.0,1.0,1.0,1.0,1.0,2.5,12,0,,0.0,0.1999999999999972
chain,252,12,302,60965321,1,1.0,1.0,1.0,1.0,1.0,2.25,12,0,,0.0,0.1999999999999972
chain,252,12,303,60965322,1,1.0,1.0,1.0,1.0,1.0,2.1666666666666665,12,0,,0.0,0.1999999999999972
chain,252,12,304,60965323,1,1.0,1.0,1.0,1.0,1.0,2.0833333333333335,12,0,,0.0,0.1999999999999972
chain,252,12,305,60965324,1,1.0,1.0,1.0,1.0,1.0,1.8333333333333333,12,0,,0.0,0.1999999999999972
chain,252,12,306,60965325,1,1.0,1.0,1.0,1.0,1.0,2.3333333333333335,12,0,,0.08333333333333333,0.1999999999999972
chain,252,12,307,60965326,1,1.0,1.0,1.0,1.0,1.0,2.5833333333333335,12,0,,0.0,0.20072572572572286
chain,252,12,308,60965327,1,1.0,1.0,1.0,1.0,1.0,2.1666666666666665,12,0,,0.0,0.1999999999999972
chain,252,12,309,60965328,1,0.0,1.0,1.0,1.0,1.0,2.25,12,0,,0.0,0.1999999999999972
chain,252,12,310,60965329,1,1.0,1.0,1.0,1.0,1.0,2.0833333333333335,12,0,,0.0,0.1999999999999972
chain,252,12,311,60965330,1,0.0,1.0,1.0,1.0,1.0,2.0833333333333335,12,0,,0.0,0.1999999999999972
chain,252,12,312,60965331,1,1.0,1.0,1.0,1.0,1.0,2.0833333333333335,12,0,,0.0,0.1999999999999972
chain,252,12,313,60965332,1,1.0,1.0,1.0,1.0,1.0,2.4166666666666665,12,0,,0.0,0.20640640640640331
chain,252,12,314,60965333,1,1.0,1.0,1.0,1.0,1.0,2.25,12,0,,0.0,0.1999999999999972
chain,252,12,315,60965334,1,1.0,1.0,1.0,1.0,1.0,1.8333333333333333,11,0,,0.08333333333333333,0.1999999999999972
chain,252,12,316,60965335,1,1.0,1.0,1.0,1.0,1.0,1.9166666666666667,12,0,,0.0,0.1999999999999972
chain,252,12,317,60965336,1,1.0,1.0,1.0,1.0,1.0,2.3333333333333335,12,0,,0.0,0.1999999999999972
chain,252,12,318,60965337,1,1.0,1.0,1.0,1.0,1.0,2.25,12,0,,0.08333333333333333,0.1999999999999972
chain,252,12,319,60965338,1,1.0,1.0,1.0,1.0,1.0,2.0,12,0,,0.0,0.1999999999999972
chain,252,12,320,60965339,1,1.0,1.0,1.0,1.0,1.0,1.9166666666666667,12,0,,0.0,0.1999999999999972
chain,252,12,321,60965340,1,1.0,1.0,1.0,1.0,1.0,2.25,12,0,,0.0,0.1999999999999972
chain,252,12,322,60965341,1,1.0,1.0,1.0,1.0,1.0,2.3333333333333335,12,0,,0.08333333333333333,0.1999999999999972
chain,252,12,323,60965342,1,1.0,1.0,1.0,1.0,1.0,2.4166666666666665,12,0,,0.0,0.1999999999999972
chain,252,12,324,60965343,1,0.0,1.0,1.0,1.0,1.0,2.1666666666666665,12,0,,0.08333333333333333,0.1999999999999972
chain,252,12,325,60965344,1,1.0,1.0,1.0,1.0,1.0,2.5,12,0,,0.0,0.1999999999999972
chain,252,12,326,60965345,1,1.0,1.0,1.0,1.0,1.0,2.5,12,0,,0.0,0.1999999999999972
chain,252,12,327,60965346,1,1.0,1.0,1.0,1.0,1.0,2.1666666666666665,12,0,,0.0,0.1999999999999972
chain,252,12,328,60965347,1,1.0,1.0,1.0,1.0,1.0,2.1666666666666665,12,0,,0.0,0.1999999999999972
chain,252,12,329,60965348,1,1.0,1.0,1.0,1.0,1.0,2.0,12,0,,0.0,0.1999999999999972
chain,252,12,330,60965349,1,1.0,1.0,1.0,1.0,1.0,2.5,12,0,,0.0,0.1999999999999972
chain,252,12,331,60965350,1,1.0,1.0,1.0,1.0,1.0,2.25,12,0,,0.0,0.1999999999999972
chain,252,12,332,60965351,1,1.0,1.0,1.0,1.0,1.0,2.0833333333333335,12,0,,0.0,0.1999999999999972
chain,252,12,333,60965352,1,1.0,1.0,1.0,1.0,1.0,2.4166666666666665,12,0,,0.0,0.1999999999999972
chain,252,12,334,60965353,1,1.0,1.0,1.0,1.0,1.0,2.3333333333333335,12,0,,0.0,0.1999999999999972
chain,252,12,335,60965354,1,0.0,1.0,1.0,1.0,1.0,2.4166666666666665,12,0,,0.0,0.1999999999999972
chain,252,12,336,60965355,1,1.0,1.0,1.0,1.0,1.0,2.25,12,0,,0.0,0.1999999999999972
chain,252,12,337,60965356,1,1.0,1.0,1.0,1.0,1.0,2.0833333333333335,12,0,,0.0,0.1999999999999972
chain,252,12,338,60965357,1,1.0,1.0,1.0,1.0,1.0,2.5833333333333335,12,0,,0.0,0.1999999999999972
chain,252,12,339,60965358,1,1.0,1.0,1.0,1.0,1.0,2.6666666666666665,12,0,,0.0,0.1999999999999972
chain,252,12,340,60965359,1,0.0,1.0,1.0,1.0,1.0,2.5,12,0,,0.0,0.20480480480480187
chain,252,12,341,60965360,1,1.0,1.0,1.0,1.0,1.0,2.4166666666666665,12,0,,0.0,0.1999999999999972
chain,252,12,342,60965361,1,0.0,1.0,1.0,1.0,1.0,2.0,12,0,,0.0,0.1999999999999972
chain,252,12,343,60965362,1,0.0,1.0,1.0,1.0,1.0,2.0,12,0,,0.0,0.1999999999999972
chain,252,12,344,60965363,1,1.0,1.0,1.0,1.0,1.0,2.1666666666666665,12,0,,0.08333333333333333,0.1999999999999972
chain,252,12,345,60965364,1,1.0,1.0,1.0,1.0,1.0,2.3333333333333335,12,0,,0.0,0.1999999999999972
chain,252,12,346,60965365,1,1.0,1.0,1.0,1.0,1.0,2.25,12,0,,0.0,0.1999999999999972
chain,252,12,347,60965366,1,1.0,1.0,1.0,1.0,1.0,1.6666666666666667,12,0,,0.0,0.1999999999999972
chain,252,12,348,60965367,1,0.0,1.0,1.0,1.0,1.0,2.0833333333333335,12,0,,0.0,0.1999999999999972
chain,252,12,349,60965368,1,1.0,1.0,1.0,1.0,1.0,2.0833333333333335,12,0,,0.0,0.1999999999999972
chain,252,12,350,60965369,1,1.0,1.0,1.0,1.0,1.0,2.1666666666666665,12,0,,0.0,0.1999999999999972
chain,252,12,351,60965370,1,1.0,1.0,1.0,1.0,1.0,2.3333333333333335,12,0,,0.0,0.1999999999999972
chain,252,12,352,60965371,1,1.0,1.0,1.0,1.0,1.0,2.0,12,0,,0.0,0.1999999999999972
chain,252,12,353,60965372,1,1.0,1.0,1.0,1.0,1.0,1.9166666666666667,12,0,,0.0,0.1999999999999972
chain,252,12,354,60965373,1,1.0,1.0,1.0,1.0,1.0,1.9166666666666667,11,0,,0.16666666666666666,0.1999999999999972
chain,252,12,355,60965374,1,1.0,1.0,1.0,1.0,1.0,2.25,12,0,,0.08333333333333333,0.1999999999999972
chain,252,12,356,60965375,1,1.0,1.0,1.0,1.0,1.0,2.1666666666666665,12,0,,0.0,0.1999999999999972
chain,252,12,357,60965376,1,1.0,1.0,1.0,1.0,1.0,2.1666666666666665,12,0,,0.0,0.1999999999999972
chain,252,12,358,60965377,1,1.0,1.0,1.0,1.0,1.0,2.0,12,0,,0.0,0.1999999999999972
chain,252,12,359,60965378,1,1.0,1.0,1.0,1.0,1.0,2.25,11,0,,0.08333333333333333,0.20400400400400098
chain,252,12,360,60965379,1,1.0,1.0,1.0,1.0,1.0,2.0,12,0,,0.08333333333333333,0.1999999999999972
chain,252,12,361,60965380,1,1.0,1.0,1.0,1.0,1.0,2.0833333333333335,10,0,,0.16666666666666666,0.1999999999999972
chain,252,12,362,60965381,1,1.0,1.0,1.0,1.0,1.0,2.4166666666666665,12,0,,0.0,0.1999999999999972
chain,252,12,363,60965382,1,1.0,1.0,1.0,1.0,1.0,2.3333333333333335,12,0,,0.0,0.1999999999999972
chain,252,12,364,60965383,1,1.0,1.0,1.0,1.0,1.0,2.0,11,0,,0.08333333333333333,0.200800800800798
chain,252,12,365,60965384,1,1.0,1.0,1.0,1.0,1.0,2.0833333333333335,12,0,,0.0,0.1999999999999972
chain,252,12,366,60965385,1,1.0,1.0,1.0,1.0,1.0,2.1666666666666665,12,0,,0.0,0.1999999999999972
chain,252,12,367,60965386,1,1.0,1.0,1.0,1.0,1.0,2.4166666666666665,12,0,,0.0,0.1999999999999972
chain,252,12,368,60965387,1,1.0,1.0,1.0,1.0,1.0,2.1666666666666665,12,0,,0.0,0.1999999999999972
chain,252,12,369,60965388,1,1.0,1.0,1.0,1.0,1.0,2.4166666666666665,12,0,,0.0,0.1999999999999972
chain,252,12,370,60965389,1,1.0,1.0,1.0,1.0,1.0,2.25,12,0,,0.0,0.20080080080079796
chain,252,12,371,60965390,1,1.0,1.0,1.0,1.0,1.0,2.25,12,0,,0.0,0.1999999999999972
chain,252,12,372,60965391,1,1.0,1.0,1.0,1.0,1.0,2.25,12,0,,0.0,0.1999999999999972
chain,252,12,373,60965392,1,1.0,1.0,1.0,1.0,1.0,2.5,12,0,,0.0,0.1999999999999972
chain,252,12,374,60965393,1,1.0,1.0,1.0,1.0,1.0,2.3333333333333335,12,0,,0.0,0.1999999999999972
chain,252,12,375,60965394,1,1.0,1.0,1.0,1.0,1.0,2.4166666666666665,12,0,,0.0,0.1999999999999972
chain,252,12,376,60965395,1,1.0,1.0,1.0,1.0,1.0,2.0,12,0,,0.0,0.1999999999999972
chain,252,12,377,60965396,1,1.0,1.0,1.0,1.0,1.0,2.3333333333333335,12,0,,0.0,0.1999999999999972
chain,252,12,378,60965397,1,1.0,1.0,1.0,1.0,1.0,2.5,12,0,,0.0,0.1999999999999972
chain,252,12,379,60965398,1,1.0,1.0,1.0,1.0,1.0,2.3333333333333335,12,0,,0.0,0.1999999999999972
chain,252,12,380,60965399,1,1.0,1.0,1.0,1.0,1.0,1.75,11,0,,0.08333333333333333,0.1999999999999972
chain,252,12,381,60965400,1,1.0,1.0,1.0,1.0,1.0,2.1666666666666665,12,0,,0.0,0.1999999999999972
chain,252,12,382,60965401,1,1.0,1.0,1.0,1.0,1.0,2.3333333333333335,12,0,,0.0,0.20720720720720406
chain,252,12,383,60965402,1,1.0,1.0,1.0,1.0,1.0,2.25,12,0,,0.08333333333333333,0.1999999999999972
chain,252,12,384,60965403,1,1.0,1.0,1.0,1.0,1.0,2.25,12,0,,0.0,0.20800800800800498
chain,252,12,385,60965404,1,1.0,1.0,1.0,1.0,1.0,1.9166666666666667,12,0,,0.08333333333333333,0.1999999999999972
chain,252,12,386,60965405,1,1.0,1.0,1.0,1.0,1.0,2.25,12,0,,0.0,0.1999999999999972
chain,252,12,387,60965406,1,1.0,1.0,1.0,1.0,1.0,2.0833333333333335,11,0,,0.08333333333333333,0.1999999999999972
chain,252,12,388,60965407,1,1.0,1.0,1.0,1.0,1.0,2.0833333333333335,12,0,,0.0,0.1999999999999972
chain,252,12,389,60965408,1,1.0,1.0,1.0,1.0,1.0,2.4166666666666665,12,0,,0.0,0.1999999999999972
chain,252,12,390,60965409,1,1.0,1.0,1.0,1.0,1.0,2.0833333333333335,12,0,,0.0,0.1999999999999972
chain,252,12,391,60965410,1,1.0,1.0,1.0,1.0,1.0,2.1666666666666665,12,0,,0.0,0.1999999999999972
chain,252,12,392,60965411,1,1.0,1.0,1.0,1.0,1.0,2.25,12,0,,0.0,0.1999999999999972
chain,252,12,393,60965412,1,1.0,1.0,1.0,1.0,1.0,2.25,12,0,,0.0,0.1999999999999972
chain,252,12,394,60965413,1,1.0,1.0,1.0,1.0,1.0,2.5,12,0,,0.0,0.1999999999999972
chain,252,12,395,60965414,1,1.0,1.0,1.0,1.0,1.0,2.4166666666666665,12,0,,0.0,0.1999999999999972
chain,252,12,396,60965415,1,1.0,1.0,1.0,1.0,1.0,2.25,12,0,,0.0,0.1999999999999972
chain,252,12,397,60965416,1,1.0,1.0,1.0,1.0,1.0,2.5,12,0,,0.0,0.1999999999999972
chain,252,12,398,60965417,1,1.0,1.0,1.0,1.0,1.0,2.4166666666666665,12,0,,0.0,0.1999999999999972
chain,252,12,399,60965418,1,1.0,1.0,1.0,1.0,1.0,2.0833333333333335,12,0,,0.0,0.1999999999999972
chain,252,12,400,60965419,1,1.0,1.0,1.0,1.0,1.0,2.5,12,0,,0.0,0.1999999999999972
chain,252,12,401,60965420,1,1.0,1.0,1.0,1.0,1.0,2.25,12,0,,0.0,0.1999999999999972
chain,252,12,402,60965421,1,1.0,1.0,1.0,1.0,1.0,2.25,12,0,,0.08333333333333333,0.1999999999999972
chain,252,12,403,60965422,1,1.0,1.0,1.0,1.0,1.0,2.4166666666666665,12,0,,0.0,0.1999999999999972
chain,252,12,404,60965423,1,1.0,1.0,1.0,1.0,1.0,2.5,12,0,,0.08333333333333333,0.200800800800798
chain,252,12,405,60965424,1,1.0,1.0,1.0,1.0,1.0,2.4166666666666665,12,0,,0.0,0.1999999999999972
chain,252,12,406,60965425,1,1.0,1.0,1.0,1.0,1.0,2.25,12,0,,0.0,0.1999999999999972
chain,252,12,407,60965426,1,1.0,1.0,1.0,1.0,1.0,2.0833333333333335,12,0,,0.0,0.1999999999999972
chain,252,12,408,60965427,1,1.0,1.0,1.0,1.0,1.0,2.1666666666666665,12,0,,0.0,0.1999999999999972
chain,252,12,409,60965428,1,0.0,1.0,1.0,1.0,1.0,2.1666666666666665,12,0,,0.0,0.1999999999999972
chain,252,12,410,60965429,1,1.0,1.0,1.0,1.0,1.0,1.9166666666666667,12,0,,0.0,0.1999999999999972
chain,252,12,411,60965430,1,1.0,1.0,1.0,1.0,1.0,2.0,12,0,,0.0,0.1999999999999972
chain,252,12,412,60965431,1,1.0,1.0,1.0,1.0,1.0,2.3333333333333335,12,0,,0.0,0.1999999999999972
chain,252,12,413,60965432,1,1.0,1.0,1.0,1.0,1.0,2.0833333333333335,12,0,,0.08333333333333333,0.1999999999999972
chain,252,12,414,60965433,1,1.0,1.0,1.0,1.0,1.0,2.1666666666666665,12,0,,0.0,0.1999999999999972
chain,252,12,415,60965434,1,1.0,1.0,1.0,1.0,1.0,2.25,12,0,,0.0,0.1999999999999972
chain,252,12,416,60965435,1,1.0,1.0,1.0,1.0,1.0,2.25,12,0,,0.0,0.1999999999999972
chain,252,12,417,60965436,1,0.0,1.0,1.0,1.0,1.0,2.5,12,0,,0.0,0.20160160160159873
chain,252,12,418,60965437,1,1.0,1.0,1.0,1.0,1.0,2.5,12,0,,0.0,0.1999999999999972
chain,252,12,419,60965438,1,1.0,1.0,1.0,1.0,1.0,2.3333333333333335,12,0,,0.0,0.1999999999999972
chain,252,12,420,60965439,1,0.0,1.0,1.0,1.0,1.0,2.0,12,0,,0.0,0.1999999999999972
chain,252,12,421,60965440,1,1.0,1.0,1.0,1.0,1.0,2.1666666666666665,12,0,,0.0,0.1999999999999972
chain,252,12,422,60965441,1,1.0,1.0,1.0,1.0,1.0,2.0833333333333335,12,0,,0.08333333333333333,0.1999999999999972
chain,252,12,423,60965442,1,1.0,1.0,1.0,1.0,1.0,2.4166666666666665,12,0,,0.0,0.200800800800798
chain,252,12,424,60965443,1,1.0,1.0,1.0,1.0,1.0,2.5833333333333335,12,0,,0.0,0.1999999999999972
chain,252,12,425,60965444,1,1.0,1.0,1.0,1.0,1.0,2.25,12,0,,0.0,0.1999999999999972
chain,252,12,426,60965445,1,1.0,1.0,1.0,1.0,1.0,2.3333333333333335,12,0,,0.0,0.1999999999999972
chain,252,12,427,60965446,1,1.0,1.0,1.0,1.0,1.0,1.9166666666666667,12,0,,0.0,0.1999999999999972
chain,252,12,428,60965447,1,1.0,1.0,1.0,1.0,1.0,2.25,12,0,,0.08333333333333333,0.1999999999999972
chain,252,12,429,60965448,1,1.0,1.0,1.0,1.0,1.0,2.3333333333333335,12,0,,0.0,0.1999999999999972
chain,252,12,430,60965449,1,0.0,1.0,1.0,1.0,1.0,2.1666666666666665,11,0,,0.08333333333333333,0.1999999999999972
chain,252,12,431,60965450,1,1.0,1.0,1.0,1.0,1.0,2.3333333333333335,12,0,,0.0,0.1999999999999972
chain,252,12,432,60965451,1,1.0,1.0,1.0,1.0,1.0,2.3333333333333335,12,0,,0.0,0.1999999999999972
chain,252,12,433,60965452,1,1.0,1.0,1.0,1.0,1.0,2.3333333333333335,12,0,,0.0,0.200800800800798
chain,252,12,434,60965453,1,1.0,1.0,1.0,1.0,1.0,2.0833333333333335,12,0,,0.0,0.1999999999999972
chain,252,12,435,60965454,1,1.0,1.0,1.0,1.0,1.0,2.4166666666666665,12,0,,0.0,0.1999999999999972
chain,252,12,436,60965455,1,1.0,1.0,1.0,1.0,1.0,2.25,12,0,,0.0,0.1999999999999972
chain,252,12,437,60965456,1,1.0,1.0,1.0,1.0,1.0,2.4166666666666665,12,0,,0.0,0.1999999999999972
chain,252,12,438,60965457,1,1.0,1.0,1.0,1.0,1.0,2.3333333333333335,12,0,,0.0,0.1999999999999972
chain,252,12,439,60965458,1,1.0,1.0,1.0,1.0,1.0,2.0,11,0,,0.08333333333333333,0.1999999999999972
chain,252,12,440,60965459,1,1.0,1.0,1.0,1.0,1.0,2.25,12,0,,0.0,0.1999999999999972
chain,252,12,441,60965460,1,1.0,1.0,1.0,1.0,1.0,2.0833333333333335,12,0,,0.0,0.1999999999999972
chain,252,12,442,60965461,1,0.0,1.0,1.0,1.0,1.0,2.25,12,0,,0.0,0.1999999999999972
chain,252,12,443,60965462,1,1.0,1.0,1.0,1.0,1.0,2.1666666666666665,12,0,,0.0,0.1999999999999972
chain,252,12,444,60965463,1,1.0,1.0,1.0,1.0,1.0,2.1666666666666665,12,0,,0.0,0.1999999999999972
chain,252,12,445,60965464,1,1.0,1.0,1.0,1.0,1.0,2.4166666666666665,12,0,,0.0,0.1999999999999972
chain,252,12,446,60965465,1,1.0,1.0,1.0,1.0,1.0,2.0833333333333335,12,0,,0.0,0.1999999999999972
chain,252,12,447,60965466,1,1.0,1.0,1.0,1.0,1.0,2.4166666666666665,12,0,,0.0,0.1999999999999972
chain,252,12,448,60965467,1,1.0,1.0,1.0,1.0,1.0,2.0,12,0,,0.0,0.1999999999999972
chain,252,12,449,60965468,1,1.0,1.0,1.0,1.0,1.0,2.1666666666666665,12,0,,0.0,0.1999999999999972
chain,252,12,450,60965469,1,1.0,1.0,1.0,1.0,1.0,2.1666666666666665,12,0,,0.0,0.1999999999999972
chain,252,12,451,60965470,1,1.0,1.0,1.0,1.0,1.0,1.5833333333333333,11,0,,0.08333333333333333,0.1999999999999972
chain,252,12,452,60965471,1,1.0,1.0,1.0,1.0,1.0,2.5833333333333335,12,0,,0.0,0.1999999999999972
chain,252,12,453,60965472,1,1.0,1.0,1.0,1.0,1.0,2.0833333333333335,12,0,,0.0,0.1999999999999972
chain,252,12,454,60965473,1,1.0,1.0,1.0,1.0,1.0,2.25,12,0,,0.0,0.1999999999999972
chain,252,12,455,60965474,1,1.0,1.0,1.0,1.0,1.0,2.1666666666666665,12,0,,0.0,0.1999999999999972
chain,252,12,456,60965475,1,1.0,1.0,1.0,1.0,1.0,2.5,12,0,,0.0,0.1999999999999972
chain,252,12,457,60965476,1,1.0,1.0,1.0,1.0,1.0,2.1666666666666665,12,0,,0.08333333333333333,0.1999999999999972
chain,252,12,458,60965477,1,1.0,1.0,1.0,1.0,1.0,2.25,12,0,,0.0,0.1999999999999972
chain,252,12,459,60965478,1,1.0,1.0,1.0,1.0,1.0,2.5,12,0,,0.0,0.1999999999999972
chain,252,12,460,60965479,1,0.0,1.0,1.0,1.0,1.0,2.0,12,0,,0.08333333333333333,0.1999999999999972
chain,252,12,461,60965480,1,1.0,1.0,1.0,1.0,1.0,1.9166666666666667,12,0,,0.0,0.1999999999999972
chain,252,12,462,60965481,1,1.0,1.0,1.0,1.0,1.0,2.5,12,0,,0.0,0.1999999999999972
chain,252,12,463,60965482,1,1.0,1.0,1.0,1.0,1.0,2.0833333333333335,12,0,,0.08333333333333333,0.1999999999999972
chain,252,12,464,60965483,1,1.0,1.0,1.0,1.0,1.0,2.3333333333333335,12,0,,0.0,0.1999999999999972
chain,252,12,465,60965484,1,1.0,1.0,1.0,1.0,1.0,2.1666666666666665,12,0,,0.0,0.1999999999999972
chain,252,12,466,60965485,1,1.0,1.0,1.0,1.0,1.0,2.0833333333333335,12,0,,0.0,0.1999999999999972
chain,252,12,467,60965486,1,1.0,1.0,1.0,1.0,1.0,2.3333333333333335,12,0,,0.08333333333333333,0.1999999999999972
chain,252,12,468,60965487,1,1.0,1.0,1.0,1.0,1.0,2.0833333333333335,12,0,,0.0,0.1999999999999972
chain,252,12,469,60965488,1,1.0,1.0,1.0,1.0,1.0,2.25,12,0,,0.08333333333333333,0.1999999999999972
chain,252,12,470,60965489,1,1.0,1.0,1.0,1.0,1.0,2.0,12,0,,0.08333333333333333,0.1999999999999972
chain,252,12,471,60965490,1,1.0,1.0,1.0,1.0,1.0,2.25,12,0,,0.0,0.1999999999999972
chain,252,12,472,60965491,1,1.0,1.0,1.0,1.0,1.0,2.0833333333333335,12,0,,0.0,0.1999999999999972
chain,252,12,473,60965492,1,1.0,1.0,1.0,1.0,1.0,2.5,12,0,,0.0,0.1999999999999972
chain,252,12,474,60965493,1,1.0,1.0,1.0,1.0,1.0,2.1666666666666665,12,0,,0.0,0.1999999999999972
chain,252,12,475,60965494,1,1.0,1.0,1.0,1.0,1.0,2.0,12,0,,0.0,0.1999999999999972
chain,252,12,476,60965495,1,1.0,1.0,1.0,1.0,1.0,2.25,12,0,,0.0,0.1999999999999972
chain,252,12,477,60965496,1,1.0,1.0,1.0,1.0,1.0,2.0833333333333335,12,0,,0.0,0.1999999999999972
chain,252,12,478,60965497,1,1.0,1.0,1.0,1.0,1.0,1.9166666666666667,11,0,,0.08333333333333333,0.1999999999999972
chain,252,12,479,60965498,1,1.0,1.0,1.0,1.0,1.0,2.4166666666666665,12,0,,0.0,0.1999999999999972
chain,252,12,480,60965499,1,1.0,1.0,1.0,1.0,1.0,2.4166666666666665,12,0,,0.08333333333333333,0.1999999999999972
chain,252,12,481,60965500,1,1.0,1.0,1.0,1.0,1.0,1.8333333333333333,11,0,,0.08333333333333333,0.1999999999999972
chain,252,12,482,60965501,1,1.0,1.0,1.0,1.0,1.0,2.4166666666666665,12,0,,0.0,0.1999999999999972
chain,252,12,483,60965502,1,1.0,1.0,1.0,1.0,1.0,2.1666666666666665,12,0,,0.0,0.1999999999999972
chain,252,12,484,60965503,1,1.0,1.0,1.0,1.0,1.0,2.3333333333333335,12,0,,0.08333333333333333,0.1999999999999972
chain,252,12,485,60965504,1,1.0,1.0,1.0,1.0,1.0,2.3333333333333335,12,0,,0.0,0.1999999999999972
chain,252,12,486,60965505,1,1.0,1.0,1.0,1.0,1.0,2.25,12,0,,0.08333333333333333,0.1999999999999972
chain,252,12,487,60965506,1,1.0,1.0,1.0,1.0,1.0,2.5,12,0,,0.08333333333333333,0.1999999999999972
chain,252,12,488,60965507,1,1.0,1.0,1.0,1.0,1.0,2.25,12,0,,0.08333333333333333,0.1999999999999972
chain,252,12,489,60965508,1,1.0,1.0,1.0,1.0,1.0,2.3333333333333335,12,0,,0.0,0.20240240240239957
chain,252,12,490,60965509,1,1.0,1.0,1.0,1.0,1.0,2.1666666666666665,12,0,,0.0,0.1999999999999972
chain,252,12,491,60965510,1,1.0,1.0,1.0,1.0,1.0,2.3333333333333335,12,0,,0.0,0.1999999999999972
chain,252,12,492,60965511,1,0.0,1.0,1.0,1.0,1.0,2.0833333333333335,12,0,,0.08333333333333333,0.1999999999999972
chain,252,12,493,60965512,1,1.0,1.0,1.0,1.0,1.0,2.4166666666666665,12,0,,0.0,0.1999999999999972
chain,252,12,494,60965513,1,1.0,1.0,1.0,1.0,1.0,2.25,12,0,,0.0,0.1999999999999972
chain,252,12,495,60965514,1,1.0,1.0,1.0,1.0,1.0,2.4166666666666665,12,0,,0.0,0.1999999999999972
chain,252,12,496,60965515,1,1.0,1.0,1.0,1.0,1.0,2.0,12,0,,0.0,0.1999999999999972
chain,252,12,497,60965516,1,1.0,1.0,1.0,1.0,1.0,2.3333333333333335,12,0,,0.0,0.1999999999999972
chain,252,12,498,60965517,1,1.0,1.0,1.0,1.0,1.0,2.3333333333333335,12,0,,0.0,0.1999999999999972
chain,252,12,499,60965518,1,1.0,1.0,1.0,1.0,1.0,2.5,12,0,,0.0,0.1999999999999972
chain,1008,12,0,61721019,1,1.0,1.0,1.0,1.0,1.0,0.0,10,0,,1.0,0.1999999999999972
chain,1008,12,1,61721020,1,0.0,1.0,1.0,1.0,1.0,0.0,10,0,,1.0,0.1999999999999972
chain,1008,12,2,61721021,1,1.0,1.0,1.0,1.0,1.0,0.0,10,0,,1.0,0.1999999999999972
chain,1008,12,3,61721022,1,1.0,1.0,1.0,1.0,1.0,0.0,10,0,,1.0,0.1999999999999972
chain,1008,12,4,61721023,1,1.0,1.0,1.0,1.0,1.0,0.0,10,0,,1.0,0.1999999999999972
chain,1008,12,5,61721024,1,1.0,1.0,1.0,1.0,1.0,0.0,10,0,,1.0,0.1999999999999972
chain,1008,12,6,61721025,1,1.0,1.0,1.0,1.0,1.0,0.0,10,0,,1.0,0.1999999999999972
chain,1008,12,7,61721026,1,1.0,1.0,1.0,1.0,1.0,0.0,10,0,,1.0,0.1999999999999972
chain,1008,12,8,61721027,1,1.0,1.0,1.0,1.0,1.0,0.0,10,0,,1.0,0.1999999999999972
chain,1008,12,9,61721028,1,1.0,1.0,1.0,1.0,1.0,0.0,10,0,,1.0,0.1999999999999972
chain,1008,12,10,61721029,1,1.0,1.0,1.0,1.0,1.0,0.0,10,0,,1.0,0.1999999999999972
chain,1008,12,11,61721030,1,1.0,1.0,1.0,1.0,1.0,0.0,10,0,,1.0,0.1999999999999972
chain,1008,12,12,61721031,1,0.0,1.0,1.0,1.0,1.0,0.0,10,0,,1.0,0.1999999999999972
chain,1008,12,13,61721032,1,1.0,1.0,1.0,1.0,1.0,0.0,10,0,,1.0,0.1999999999999972
chain,1008,12,14,61721033,1,0.0,1.0,1.0,1.0,1.0,0.0,10,0,,1.0,0.1999999999999972
chain,1008,12,15,61721034,1,1.0,1.0,1.0,1.0,1.0,0.0,10,0,,1.0,0.1999999999999972
chain,1008,12,16,61721035,1,1.0,1.0,1.0,1.0,1.0,0.0,10,0,,1.0,0.1999999999999972
chain,1008,12,17,61721036,1,1.0,1.0,1.0,1.0,1.0,0.0,10,0,,1.0,0.1999999999999972
chain,1008,12,18,61721037,1,1.0,1.0,1.0,1.0,1.0,0.0,10,0,,1.0,0.1999999999999972
chain,1008,12,19,61721038,1,1.0,1.0,1.0,1.0,1.0,0.0,10,0,,1.0,0.1999999999999972
chain,1008,12,20,61721039,1,1.0,1.0,1.0,1.0,1.0,0.0,10,0,,1.0,0.1999999999999972
chain,1008,12,21,61721040,1,1.0,1.0,1.0,1.0,1.0,0.0,10,0,,1.0,0.1999999999999972
chain,1008,12,22,61721041,1,1.0,1.0,1.0,1.0,1.0,0.0,10,0,,1.0,0.1999999999999972
chain,1008,12,23,61721042,1,1.0,1.0,1.0,1.0,1.0,0.0,10,0,,1.0,0.1999999999999972
chain,1008,12,24,61721043,1,1.0,1.0,1.0,1.0,1.0,0.0,10,0,,1.0,0.1999999999999972
chain,1008,12,25,61721044,1,1.0,1.0,1.0,1.0,1.0,0.0,10,0,,1.0,0.1999999999999972
chain,1008,12,26,61721045,1,1.0,1.0,1.0,1.0,1.0,0.0,10,0,,1.0,0.1999999999999972
chain,1008,12,27,61721046,1,1.0,1.0,1.0,1.0,1.0,0.0,10,0,,1.0,0.1999999999999972
chain,1008,12,28,61721047,1,1.0,1.0,1.0,1.0,1.0,0.0,10,0,,1.0,0.1999999999999972
chain,1008,12,29,61721048,1,1.0,1.0,1.0,1.0,1.0,0.0,10,0,,1.0,0.1999999999999972
chain,1008,12,30,61721049,1,1.0,1.0,1.0,1.0,1.0,0.0,10,0,,1.0,0.1999999999999972
chain,1008,12,31,61721050,1,1.0,1.0,1.0,1.0,1.0,0.0,10,0,,1.0,0.1999999999999972
chain,1008,12,32,61721051,1,1.0,1.0,1.0,1.0,1.0,0.0,10,0,,1.0,0.1999999999999972
chain,1008,12,33,61721052,1,1.0,1.0,1.0,1.0,1.0,0.0,10,0,,1.0,0.1999999999999972
chain,1008,12,34,61721053,1,1.0,1.0,1.0,1.0,1.0,0.0,10,0,,1.0,0.1999999999999972
chain,1008,12,35,61721054,1,1.0,1.0,1.0,1.0,1.0,0.0,10,0,,1.0,0.1999999999999972
chain,1008,12,36,61721055,1,1.0,1.0,1.0,1.0,1.0,0.0,10,0,,1.0,0.1999999999999972
chain,1008,12,37,61721056,1,1.0,1.0,1.0,1.0,1.0,0.0,10,0,,1.0,0.1999999999999972
chain,1008,12,38,61721057,1,1.0,1.0,1.0,1.0,1.0,0.0,10,0,,1.0,0.1999999999999972
chain,1008,12,39,61721058,1,1.0,1.0,1.0,1.0,1.0,0.0,10,0,,1.0,0.1999999999999972
chain,1008,12,40,61721059,1,1.0,1.0,1.0,1.0,1.0,0.0,10,0,,1.0,0.1999999999999972
chain,1008,12,41,61721060,1,1.0,1.0,1.0,1.0,1.0,0.0,10,0,,1.0,0.1999999999999972
chain,1008,12,42,61721061,1,1.0,1.0,1.0,1.0,1.0,0.0,10,0,,1.0,0.1999999999999972
chain,1008,12,43,61721062,1,1.0,1.0,1.0,1.0,1.0,0.0,10,0,,1.0,0.1999999999999972
chain,1008,12,44,61721063,1,1.0,1.0,1.0,1.0,1.0,0.0,10,0,,1.0,0.1999999999999972
chain,1008,12,45,61721064,1,1.0,1.0,1.0,1.0,1.0,0.0,10,0,,1.0,0.1999999999999972
chain,1008,12,46,61721065,1,1.0,1.0,1.0,1.0,1.0,0.0,10,0,,1.0,0.1999999999999972
chain,1008,12,47,61721066,1,0.0,1.0,1.0,1.0,1.0,0.0,10,0,,1.0,0.1999999999999972
chain,1008,12,48,61721067,1,1.0,1.0,1.0,1.0,1.0,0.0,10,0,,1.0,0.1999999999999972
chain,1008,12,49,61721068,1,1.0,1.0,1.0,1.0,1.0,0.0,10,0,,1.0,0.1999999999999972
chain,1008,12,50,61721069,1,1.0,1.0,1.0,1.0,1.0,0.0,10,0,,1.0,0.1999999999999972
chain,1008,12,51,61721070,1,1.0,1.0,1.0,1.0,1.0,0.0,10,0,,1.0,0.1999999999999972
chain,1008,12,52,61721071,1,1.0,1.0,1.0,1.0,1.0,0.0,10,0,,1.0,0.1999999999999972
chain,1008,12,53,61721072,1,0.0,1.0,1.0,1.0,1.0,0.0,10,0,,1.0,0.1999999999999972
chain,1008,12,54,61721073,1,1.0,1.0,1.0,1.0,1.0,0.0,10,0,,1.0,0.1999999999999972
chain,1008,12,55,61721074,1,1.0,1.0,1.0,1.0,1.0,0.0,10,0,,1.0,0.1999999999999972
chain,1008,12,56,61721075,1,0.0,1.0,1.0,1.0,1.0,0.0,10,0,,1.0,0.1999999999999972
chain,1008,12,57,61721076,1,1.0,1.0,1.0,1.0,1.0,0.0,10,0,,1.0,0.1999999999999972
chain,1008,12,58,61721077,1,1.0,1.0,1.0,1.0,1.0,0.0,10,0,,1.0,0.1999999999999972
chain,1008,12,59,61721078,1,1.0,1.0,1.0,1.0,1.0,0.0,10,0,,1.0,0.1999999999999972
chain,1008,12,60,61721079,1,1.0,1.0,1.0,1.0,1.0,0.0,10,0,,1.0,0.1999999999999972
chain,1008,12,61,61721080,1,1.0,1.0,1.0,1.0,1.0,0.0,10,0,,1.0,0.1999999999999972
chain,1008,12,62,61721081,1,1.0,1.0,1.0,1.0,1.0,0.0,10,0,,1.0,0.1999999999999972
chain,1008,12,63,61721082,1,1.0,1.0,1.0,1.0,1.0,0.0,10,0,,1.0,0.1999999999999972
chain,1008,12,64,61721083,1,1.0,1.0,1.0,1.0,1.0,0.0,10,0,,1.0,0.1999999999999972
chain,1008,12,65,61721084,1,1.0,1.0,1.0,1.0,1.0,0.0,10,0,,1.0,0.1999999999999972
chain,1008,12,66,61721085,1,1.0,1.0,1.0,1.0,1.0,0.0,10,0,,1.0,0.1999999999999972
chain,1008,12,67,61721086,1,0.0,1.0,1.0,1.0,1.0,0.0,10,0,,1.0,0.1999999999999972
chain,1008,12,68,61721087,1,1.0,1.0,1.0,1.0,1.0,0.0,10,0,,1.0,0.1999999999999972
chain,1008,12,69,61721088,1,1.0,1.0,1.0,1.0,1.0,0.0,10,0,,1.0,0.1999999999999972
chain,1008,12,70,61721089,1,1.0,1.0,1.0,1.0,1.0,0.0,10,0,,1.0,0.1999999999999972
chain,1008,12,71,61721090,1,1.0,1.0,1.0,1.0,1.0,0.0,10,0,,1.0,0.1999999999999972
chain,1008,12,72,61721091,1,1.0,1.0,1.0,1.0,1.0,0.0,10,0,,1.0,0.1999999999999972
chain,1008,12,73,61721092,1,1.0,1.0,1.0,1.0,1.0,0.0,10,0,,1.0,0.1999999999999972
chain,1008,12,74,61721093,1,1.0,1.0,1.0,1.0,1.0,0.0,10,0,,1.0,0.1999999999999972
chain,1008,12,75,61721094,1,1.0,1.0,1.0,1.0,1.0,0.0,10,0,,1.0,0.1999999999999972
chain,1008,12,76,61721095,1,1.0,1.0,1.0,1.0,1.0,0.0,10,0,,1.0,0.1999999999999972
chain,1008,12,77,61721096,1,1.0,1.0,1.0,1.0,1.0,0.0,10,0,,1.0,0.1999999999999972
chain,1008,12,78,61721097,1,1.0,1.0,1.0,1.0,1.0,0.0,10,0,,1.0,0.1999999999999972
chain,1008,12,79,61721098,1,1.0,1.0,1.0,1.0,1.0,0.0,10,0,,1.0,0.1999999999999972
chain,1008,12,80,61721099,1,1.0,1.0,1.0,1.0,1.0,0.0,10,0,,1.0,0.1999999999999972
chain,1008,12,81,61721100,1,1.0,1.0,1.0,1.0,1.0,0.0,10,0,,1.0,0.1999999999999972
chain,1008,12,82,61721101,1,1.0,1.0,1.0,1.0,1.0,0.0,10,0,,1.0,0.1999999999999972
chain,1008,12,83,61721102,1,1.0,1.0,1.0,1.0,1.0,0.0,10,0,,1.0,0.1999999999999972
chain,1008,12,84,61721103,1,1.0,1.0,1.0,1.0,1.0,0.0,10,0,,1.0,0.1999999999999972
chain,1008,12,85,61721104,1,1.0,1.0,1.0,1.0,1.0,0.0,10,0,,1.0,0.1999999999999972
chain,1008,12,86,61721105,1,1.0,1.0,1.0,1.0,1.0,0.0,10,0,,1.0,0.1999999999999972
chain,1008,12,87,61721106,1,1.0,1.0,1.0,1.0,1.0,0.0,10,0,,1.0,0.1999999999999972
chain,1008,12,88,61721107,1,1.0,1.0,1.0,1.0,1.0,0.0,10,0,,1.0,0.1999999999999972
chain,1008,12,89,61721108,1,1.0,1.0,1.0,1.0,1.0,0.0,10,0,,1.0,0.1999999999999972
chain,1008,12,90,61721109,1,1.0,1.0,1.0,1.0,1.0,0.0,10,0,,1.0,0.1999999999999972
chain,1008,12,91,61721110,1,1.0,1.0,1.0,1.0,1.0,0.0,10,0,,1.0,0.1999999999999972
chain,1008,12,92,61721111,1,1.0,1.0,1.0,1.0,1.0,0.0,10,0,,1.0,0.1999999999999972
chain,1008,12,93,61721112,1,1.0,1.0,1.0,1.0,1.0,0.0,10,0,,1.0,0.1999999999999972
chain,1008,12,94,61721113,1,1.0,1.0,1.0,1.0,1.0,0.0,10,0,,1.0,0.1999999999999972
chain,1008,12,95,61721114,1,1.0,1.0,1.0,1.0,1.0,0.0,10,0,,1.0,0.1999999999999972
chain,1008,12,96,61721115,1,1.0,1.0,1.0,1.0,1.0,0.0,10,0,,1.0,0.1999999999999972
chain,1008,12,97,61721116,1,1.0,1.0,1.0,1.0,1.0,0.0,10,0,,1.0,0.1999999999999972
chain,1008,12,98,61721117,1,1.0,1.0,1.0,1.0,1.0,0.0,10,0,,1.0,0.1999999999999972
chain,1008,12,99,61721118,1,1.0,1.0,1.0,1.0,1.0,0.0,10,0,,1.0,0.1999999999999972
chain,1008,12,100,61721119,1,1.0,1.0,1.0,1.0,1.0,0.0,10,0,,1.0,0.1999999999999972
chain,1008,12,101,61721120,1,1.0,1.0,1.0,1.0,1.0,0.0,10,0,,1.0,0.1999999999999972
chain,1008,12,102,61721121,1,1.0,1.0,1.0,1.0,1.0,0.0,10,0,,1.0,0.1999999999999972
chain,1008,12,103,61721122,1,1.0,1.0,1.0,1.0,1.0,0.0,10,0,,1.0,0.1999999999999972
chain,1008,12,104,61721123,1,1.0,1.0,1.0,1.0,1.0,0.0,10,0,,1.0,0.1999999999999972
chain,1008,12,105,61721124,1,1.0,1.0,1.0,1.0,1.0,0.0,10,0,,1.0,0.1999999999999972
chain,1008,12,106,61721125,1,1.0,1.0,1.0,1.0,1.0,0.0,10,0,,1.0,0.1999999999999972
chain,1008,12,107,61721126,1,1.0,1.0,1.0,1.0,1.0,0.0,10,0,,1.0,0.1999999999999972
chain,1008,12,108,61721127,1,1.0,1.0,1.0,1.0,1.0,0.0,10,0,,1.0,0.1999999999999972
chain,1008,12,109,61721128,1,1.0,1.0,1.0,1.0,1.0,0.0,10,0,,1.0,0.1999999999999972
chain,1008,12,110,61721129,1,1.0,1.0,1.0,1.0,1.0,0.0,10,0,,1.0,0.1999999999999972
chain,1008,12,111,61721130,1,1.0,1.0,1.0,1.0,1.0,0.0,10,0,,1.0,0.1999999999999972
chain,1008,12,112,61721131,1,1.0,1.0,1.0,1.0,1.0,0.0,10,0,,1.0,0.1999999999999972
chain,1008,12,113,61721132,1,1.0,1.0,1.0,1.0,1.0,0.0,10,0,,1.0,0.1999999999999972
chain,1008,12,114,61721133,1,1.0,1.0,1.0,1.0,1.0,0.0,10,0,,1.0,0.1999999999999972
chain,1008,12,115,61721134,1,1.0,1.0,1.0,1.0,1.0,0.0,10,0,,1.0,0.1999999999999972
chain,1008,12,116,61721135,1,1.0,1.0,1.0,1.0,1.0,0.0,10,0,,1.0,0.1999999999999972
chain,1008,12,117,61721136,1,1.0,1.0,1.0,1.0,1.0,0.0,10,0,,1.0,0.1999999999999972
chain,1008,12,118,61721137,1,1.0,1.0,1.0,1.0,1.0,0.0,10,0,,1.0,0.1999999999999972
chain,1008,12,119,61721138,1,1.0,1.0,1.0,1.0,1.0,0.0,10,0,,1.0,0.1999999999999972
chain,1008,12,120,61721139,1,1.0,1.0,1.0,1.0,1.0,0.0,10,0,,1.0,0.1999999999999972
chain,1008,12,121,61721140,1,1.0,1.0,1.0,1.0,1.0,0.0,10,0,,1.0,0.1999999999999972
chain,1008,12,122,61721141,1,1.0,1.0,1.0,1.0,1.0,0.0,10,0,,1.0,0.1999999999999972
chain,1008,12,123,61721142,1,1.0,1.0,1.0,1.0,1.0,0.0,10,0,,1.0,0.1999999999999972
chain,1008,12,124,61721143,1,1.0,1.0,1.0,1.0,1.0,0.0,10,0,,1.0,0.1999999999999972
chain,1008,12,125,61721144,1,1.0,1.0,1.0,1.0,1.0,0.0,10,0,,1.0,0.1999999999999972
chain,1008,12,126,61721145,1,1.0,1.0,1.0,1.0,1.0,0.0,10,0,,1.0,0.1999999999999972
chain,1008,12,127,61721146,1,1.0,1.0,1.0,1.0,1.0,0.0,10,0,,1.0,0.1999999999999972
chain,1008,12,128,61721147,1,1.0,1.0,1.0,1.0,1.0,0.0,10,0,,1.0,0.1999999999999972
chain,1008,12,129,61721148,1,1.0,1.0,1.0,1.0,1.0,0.0,10,0,,1.0,0.1999999999999972
chain,1008,12,130,61721149,1,1.0,1.0,1.0,1.0,1.0,0.0,10,0,,1.0,0.1999999999999972
chain,1008,12,131,61721150,1,1.0,1.0,1.0,1.0,1.0,0.0,10,0,,1.0,0.1999999999999972
chain,1008,12,132,61721151,1,1.0,1.0,1.0,1.0,1.0,0.0,10,0,,1.0,0.1999999999999972
chain,1008,12,133,61721152,1,1.0,1.0,1.0,1.0,1.0,0.0,10,0,,1.0,0.1999999999999972
chain,1008,12,134,61721153,1,1.0,1.0,1.0,1.0,1.0,0.0,10,0,,1.0,0.1999999999999972
chain,1008,12,135,61721154,1,1.0,1.0,1.0,1.0,1.0,0.0,10,0,,1.0,0.1999999999999972
chain,1008,12,136,61721155,1,1.0,1.0,1.0,1.0,1.0,0.0,10,0,,1.0,0.1999999999999972
chain,1008,12,137,61721156,1,1.0,1.0,1.0,1.0,1.0,0.0,10,0,,1.0,0.1999999999999972
chain,1008,12,138,61721157,1,1.0,1.0,1.0,1.0,1.0,0.0,10,0,,1.0,0.1999999999999972
chain,1008,12,139,61721158,1,0.0,1.0,1.0,1.0,1.0,0.0,10,0,,1.0,0.1999999999999972
chain,1008,12,140,61721159,1,1.0,1.0,1.0,1.0,1.0,0.0,10,0,,1.0,0.1999999999999972
chain,1008,12,141,61721160,1,1.0,1.0,1.0,1.0,1.0,0.0,10,0,,1.0,0.1999999999999972
chain,1008,12,142,61721161,1,1.0,1.0,1.0,1.0,1.0,0.0,10,0,,1.0,0.1999999999999972
chain,1008,12,143,61721162,1,1.0,1.0,1.0,1.0,1.0,0.0,10,0,,1.0,0.1999999999999972
chain,1008,12,144,61721163,1,1.0,1.0,1.0,1.0,1.0,0.0,10,0,,1.0,0.1999999999999972
chain,1008,12,145,61721164,1,1.0,1.0,1.0,1.0,1.0,0.0,10,0,,1.0,0.1999999999999972
chain,1008,12,146,61721165,1,1.0,1.0,1.0,1.0,1.0,0.0,10,0,,1.0,0.1999999999999972
chain,1008,12,147,61721166,1,1.0,1.0,1.0,1.0,1.0,0.0,10,0,,1.0,0.1999999999999972
chain,1008,12,148,61721167,1,0.0,1.0,1.0,1.0,1.0,0.0,10,0,,1.0,0.1999999999999972
chain,1008,12,149,61721168,1,1.0,1.0,1.0,1.0,1.0,0.0,10,0,,1.0,0.1999999999999972
chain,1008,12,150,61721169,1,1.0,1.0,1.0,1.0,1.0,0.0,10,0,,1.0,0.1999999999999972
chain,1008,12,151,61721170,1,1.0,1.0,1.0,1.0,1.0,0.0,10,0,,1.0,0.1999999999999972
chain,1008,12,152,61721171,1,1.0,1.0,1.0,1.0,1.0,0.0,10,0,,1.0,0.1999999999999972
chain,1008,12,153,61721172,1,1.0,1.0,1.0,1.0,1.0,0.0,10,0,,1.0,0.1999999999999972
chain,1008,12,154,61721173,1,1.0,1.0,1.0,1.0,1.0,0.0,10,0,,1.0,0.1999999999999972
chain,1008,12,155,61721174,1,0.0,1.0,1.0,1.0,1.0,0.0,10,0,,1.0,0.1999999999999972
chain,1008,12,156,61721175,1,1.0,1.0,1.0,1.0,1.0,0.0,10,0,,1.0,0.1999999999999972
chain,1008,12,157,61721176,1,1.0,1.0,1.0,1.0,1.0,0.0,10,0,,1.0,0.1999999999999972
chain,1008,12,158,61721177,1,1.0,1.0,1.0,1.0,1.0,0.0,10,0,,1.0,0.1999999999999972
chain,1008,12,159,61721178,1,1.0,1.0,1.0,1.0,1.0,0.0,10,0,,1.0,0.1999999999999972
chain,1008,12,160,61721179,1,1.0,1.0,1.0,1.0,1.0,0.0,10,0,,1.0,0.1999999999999972
chain,1008,12,161,61721180,1,1.0,1.0,1.0,1.0,1.0,0.0,10,0,,1.0,0.1999999999999972
chain,1008,12,162,61721181,1,1.0,1.0,1.0,1.0,1.0,0.0,10,0,,1.0,0.1999999999999972
chain,1008,12,163,61721182,1,1.0,1.0,1.0,1.0,1.0,0.0,10,0,,1.0,0.1999999999999972
chain,1008,12,164,61721183,1,0.0,1.0,1.0,1.0,1.0,0.0,10,0,,1.0,0.1999999999999972
chain,1008,12,165,61721184,1,1.0,1.0,1.0,1.0,1.0,0.0,10,0,,1.0,0.1999999999999972
chain,1008,12,166,61721185,1,1.0,1.0,1.0,1.0,1.0,0.0,10,0,,1.0,0.1999999999999972
chain,1008,12,167,61721186,1,1.0,1.0,1.0,1.0,1.0,0.0,10,0,,1.0,0.1999999999999972
chain,1008,12,168,61721187,1,1.0,1.0,1.0,1.0,1.0,0.0,10,0,,1.0,0.1999999999999972
chain,1008,12,169,61721188,1,1.0,1.0,1.0,1.0,1.0,0.0,10,0,,1.0,0.1999999999999972
chain,1008,12,170,61721189,1,1.0,1.0,1.0,1.0,1.0,0.0,10,0,,1.0,0.1999999999999972
chain,1008,12,171,61721190,1,0.0,1.0,1.0,1.0,1.0,0.0,10,0,,1.0,0.1999999999999972
chain,1008,12,172,61721191,1,1.0,1.0,1.0,1.0,1.0,0.0,10,0,,1.0,0.1999999999999972
chain,1008,12,173,61721192,1,1.0,1.0,1.0,1.0,1.0,0.0,10,0,,1.0,0.1999999999999972
chain,1008,12,174,61721193,1,1.0,1.0,1.0,1.0,1.0,0.0,10,0,,1.0,0.1999999999999972
chain,1008,12,175,61721194,1,1.0,1.0,1.0,1.0,1.0,0.0,10,0,,1.0,0.1999999999999972
chain,1008,12,176,61721195,1,0.0,1.0,1.0,1.0,1.0,0.0,10,0,,1.0,0.1999999999999972
chain,1008,12,177,61721196,1,1.0,1.0,1.0,1.0,1.0,0.0,10,0,,1.0,0.1999999999999972
chain,1008,12,178,61721197,1,1.0,1.0,1.0,1.0,1.0,0.0,10,0,,1.0,0.1999999999999972
chain,1008,12,179,61721198,1,0.0,1.0,1.0,1.0,1.0,0.0,10,0,,1.0,0.1999999999999972
chain,1008,12,180,61721199,1,1.0,1.0,1.0,1.0,1.0,0.0,10,0,,1.0,0.1999999999999972
chain,1008,12,181,61721200,1,1.0,1.0,1.0,1.0,1.0,0.0,10,0,,1.0,0.1999999999999972
chain,1008,12,182,61721201,1,1.0,1.0,1.0,1.0,1.0,0.0,10,0,,1.0,0.1999999999999972
chain,1008,12,183,61721202,1,1.0,1.0,1.0,1.0,1.0,0.0,10,0,,1.0,0.1999999999999972
chain,1008,12,184,61721203,1,1.0,1.0,1.0,1.0,1.0,0.0,10,0,,1.0,0.1999999999999972
chain,1008,12,185,61721204,1,1.0,1.0,1.0,1.0,1.0,0.0,10,0,,1.0,0.1999999999999972
chain,1008,12,186,61721205,1,1.0,1.0,1.0,1.0,1.0,0.0,10,0,,1.0,0.1999999999999972
chain,1008,12,187,61721206,1,0.0,1.0,1.0,1.0,1.0,0.0,10,0,,1.0,0.1999999999999972
chain,1008,12,188,61721207,1,1.0,1.0,1.0,1.0,1.0,0.0,10,0,,1.0,0.1999999999999972
chain,1008,12,189,61721208,1,1.0,1.0,1.0,1.0,1.0,0.0,10,0,,1.0,0.1999999999999972
chain,1008,12,190,61721209,1,1.0,1.0,1.0,1.0,1.0,0.0,10,0,,1.0,0.1999999999999972
chain,1008,12,191,61721210,1,1.0,1.0,1.0,1.0,1.0,0.0,10,0,,1.0,0.1999999999999972
chain,1008,12,192,61721211,1,0.0,1.0,1.0,1.0,1.0,0.0,10,0,,1.0,0.1999999999999972
chain,1008,12,193,61721212,1,1.0,1.0,1.0,1.0,1.0,0.0,10,0,,1.0,0.1999999999999972
chain,1008,12,194,61721213,1,1.0,1.0,1.0,1.0,1.0,0.0,10,0,,1.0,0.1999999999999972
chain,1008,12,195,61721214,1,1.0,1.0,1.0,1.0,1.0,0.0,10,0,,1.0,0.1999999999999972
chain,1008,12,196,61721215,1,1.0,1.0,1.0,1.0,1.0,0.0,10,0,,1.0,0.1999999999999972
chain,1008,12,197,61721216,1,1.0,1.0,1.0,1.0,1.0,0.0,10,0,,1.0,0.1999999999999972
chain,1008,12,198,61721217,1,1.0,1.0,1.0,1.0,1.0,0.0,10,0,,1.0,0.1999999999999972
chain,1008,12,199,61721218,1,1.0,1.0,1.0,1.0,1.0,0.0,10,0,,1.0,0.1999999999999972
chain,1008,12,200,61721219,1,1.0,1.0,1.0,1.0,1.0,0.0,10,0,,1.0,0.1999999999999972
chain,1008,12,201,61721220,1,1.0,1.0,1.0,1.0,1.0,0.0,10,0,,1.0,0.1999999999999972
chain,1008,12,202,61721221,1,0.0,1.0,1.0,1.0,1.0,0.0,10,0,,1.0,0.1999999999999972
chain,1008,12,203,61721222,1,1.0,1.0,1.0,1.0,1.0,0.0,10,0,,1.0,0.1999999999999972
chain,1008,12,204,61721223,1,1.0,1.0,1.0,1.0,1.0,0.0,10,0,,1.0,0.1999999999999972
chain,1008,12,205,61721224,1,1.0,1.0,1.0,1.0,1.0,0.0,10,0,,1.0,0.1999999999999972
chain,1008,12,206,61721225,1,1.0,1.0,1.0,1.0,1.0,0.0,10,0,,1.0,0.1999999999999972
chain,1008,12,207,61721226,1,1.0,1.0,1.0,1.0,1.0,0.0,10,0,,1.0,0.1999999999999972
chain,1008,12,208,61721227,1,1.0,1.0,1.0,1.0,1.0,0.0,10,0,,1.0,0.1999999999999972
chain,1008,12,209,61721228,1,1.0,1.0,1.0,1.0,1.0,0.0,10,0,,1.0,0.1999999999999972
chain,1008,12,210,61721229,1,1.0,1.0,1.0,1.0,1.0,0.0,10,0,,1.0,0.1999999999999972
chain,1008,12,211,61721230,1,1.0,1.0,1.0,1.0,1.0,0.0,10,0,,1.0,0.1999999999999972
chain,1008,12,212,61721231,1,1.0,1.0,1.0,1.0,1.0,0.0,10,0,,1.0,0.1999999999999972
chain,1008,12,213,61721232,1,0.0,1.0,1.0,1.0,1.0,0.0,10,0,,1.0,0.1999999999999972
chain,1008,12,214,61721233,1,1.0,1.0,1.0,1.0,1.0,0.0,10,0,,1.0,0.1999999999999972
chain,1008,12,215,61721234,1,1.0,1.0,1.0,1.0,1.0,0.0,10,0,,1.0,0.1999999999999972
chain,1008,12,216,61721235,1,1.0,1.0,1.0,1.0,1.0,0.0,10,0,,1.0,0.1999999999999972
chain,1008,12,217,61721236,1,1.0,1.0,1.0,1.0,1.0,0.0,10,0,,1.0,0.1999999999999972
chain,1008,12,218,61721237,1,1.0,1.0,1.0,1.0,1.0,0.0,10,0,,1.0,0.1999999999999972
chain,1008,12,219,61721238,1,1.0,1.0,1.0,1.0,1.0,0.0,10,0,,1.0,0.1999999999999972
chain,1008,12,220,61721239,1,1.0,1.0,1.0,1.0,1.0,0.0,10,0,,1.0,0.1999999999999972
chain,1008,12,221,61721240,1,1.0,1.0,1.0,1.0,1.0,0.0,10,0,,1.0,0.1999999999999972
chain,1008,12,222,61721241,1,1.0,1.0,1.0,1.0,1.0,0.0,10,0,,1.0,0.1999999999999972
chain,1008,12,223,61721242,1,1.0,1.0,1.0,1.0,1.0,0.0,10,0,,1.0,0.1999999999999972
chain,1008,12,224,61721243,1,0.0,1.0,1.0,1.0,1.0,0.0,10,0,,1.0,0.1999999999999972
chain,1008,12,225,61721244,1,1.0,1.0,1.0,1.0,1.0,0.0,10,0,,1.0,0.1999999999999972
chain,1008,12,226,61721245,1,1.0,1.0,1.0,1.0,1.0,0.0,10,0,,1.0,0.1999999999999972
chain,1008,12,227,61721246,1,1.0,1.0,1.0,1.0,1.0,0.0,10,0,,1.0,0.1999999999999972
chain,1008,12,228,61721247,1,1.0,1.0,1.0,1.0,1.0,0.0,10,0,,1.0,0.1999999999999972
chain,1008,12,229,61721248,1,1.0,1.0,1.0,1.0,1.0,0.0,10,0,,1.0,0.1999999999999972
chain,1008,12,230,61721249,1,1.0,1.0,1.0,1.0,1.0,0.0,10,0,,1.0,0.1999999999999972
chain,1008,12,231,61721250,1,1.0,1.0,1.0,1.0,1.0,0.0,10,0,,1.0,0.1999999999999972
chain,1008,12,232,61721251,1,1.0,1.0,1.0,1.0,1.0,0.0,10,0,,1.0,0.1999999999999972
chain,1008,12,233,61721252,1,1.0,1.0,1.0,1.0,1.0,0.0,10,0,,1.0,0.1999999999999972
chain,1008,12,234,61721253,1,1.0,1.0,1.0,1.0,1.0,0.0,10,0,,1.0,0.1999999999999972
chain,1008,12,235,61721254,1,1.0,1.0,1.0,1.0,1.0,0.0,10,0,,1.0,0.1999999999999972
chain,1008,12,236,61721255,1,1.0,1.0,1.0,1.0,1.0,0.0,10,0,,1.0,0.1999999999999972
chain,1008,12,237,61721256,1,1.0,1.0,1.0,1.0,1.0,0.0,10,0,,1.0,0.1999999999999972
chain,1008,12,238,61721257,1,1.0,1.0,1.0,1.0,1.0,0.0,10,0,,1.0,0.1999999999999972
chain,1008,12,239,61721258,1,1.0,1.0,1.0,1.0,1.0,0.0,10,0,,1.0,0.1999999999999972
chain,1008,12,240,61721259,1,1.0,1.0,1.0,1.0,1.0,0.0,10,0,,1.0,0.1999999999999972
chain,1008,12,241,61721260,1,1.0,1.0,1.0,1.0,1.0,0.0,10,0,,1.0,0.1999999999999972
chain,1008,12,242,61721261,1,1.0,1.0,1.0,1.0,1.0,0.0,10,0,,1.0,0.1999999999999972
chain,1008,12,243,61721262,1,1.0,1.0,1.0,1.0,1.0,0.0,10,0,,1.0,0.1999999999999972
chain,1008,12,244,61721263,1,0.0,1.0,1.0,1.0,1.0,0.0,10,0,,1.0,0.1999999999999972
chain,1008,12,245,61721264,1,1.0,1.0,1.0,1.0,1.0,0.0,10,0,,1.0,0.1999999999999972
chain,1008,12,246,61721265,1,1.0,1.0,1.0,1.0,1.0,0.0,10,0,,1.0,0.1999999999999972
chain,1008,12,247,61721266,1,0.0,1.0,1.0,1.0,1.0,0.0,10,0,,1.0,0.1999999999999972
chain,1008,12,248,61721267,1,0.0,1.0,1.0,1.0,1.0,0.0,10,0,,1.0,0.1999999999999972
chain,1008,12,249,61721268,1,1.0,1.0,1.0,1.0,1.0,0.0,10,0,,1.0,0.1999999999999972
chain,1008,12,250,61721269,1,1.0,1.0,1.0,1.0,1.0,0.0,10,0,,1.0,0.1999999999999972
chain,1008,12,251,61721270,1,1.0,1.0,1.0,1.0,1.0,0.0,10,0,,1.0,0.1999999999999972
chain,1008,12,252,61721271,1,1.0,1.0,1.0,1.0,1.0,0.0,10,0,,1.0,0.1999999999999972
chain,1008,12,253,61721272,1,1.0,1.0,1.0,1.0,1.0,0.0,10,0,,1.0,0.1999999999999972
chain,1008,12,254,61721273,1,1.0,1.0,1.0,1.0,1.0,0.0,10,0,,1.0,0.1999999999999972
chain,1008,12,255,61721274,1,0.0,1.0,1.0,1.0,1.0,0.0,10,0,,1.0,0.1999999999999972
chain,1008,12,256,61721275,1,1.0,1.0,1.0,1.0,1.0,0.0,10,0,,1.0,0.1999999999999972
chain,1008,12,257,61721276,1,1.0,1.0,1.0,1.0,1.0,0.0,10,0,,1.0,0.1999999999999972
chain,1008,12,258,61721277,1,1.0,1.0,1.0,1.0,1.0,0.0,10,0,,1.0,0.1999999999999972
chain,1008,12,259,61721278,1,1.0,1.0,1.0,1.0,1.0,0.0,10,0,,1.0,0.1999999999999972
chain,1008,12,260,61721279,1,1.0,1.0,1.0,1.0,1.0,0.0,10,0,,1.0,0.1999999999999972
chain,1008,12,261,61721280,1,0.0,1.0,1.0,1.0,1.0,0.0,10,0,,1.0,0.1999999999999972
chain,1008,12,262,61721281,1,1.0,1.0,1.0,1.0,1.0,0.0,10,0,,1.0,0.1999999999999972
chain,1008,12,263,61721282,1,1.0,1.0,1.0,1.0,1.0,0.0,10,0,,1.0,0.1999999999999972
chain,1008,12,264,61721283,1,1.0,1.0,1.0,1.0,1.0,0.0,10,0,,1.0,0.1999999999999972
chain,1008,12,265,61721284,1,1.0,1.0,1.0,1.0,1.0,0.0,10,0,,1.0,0.1999999999999972
chain,1008,12,266,61721285,1,1.0,1.0,1.0,1.0,1.0,0.0,10,0,,1.0,0.1999999999999972
chain,1008,12,267,61721286,1,1.0,1.0,1.0,1.0,1.0,0.0,10,0,,1.0,0.1999999999999972
chain,1008,12,268,61721287,1,1.0,1.0,1.0,1.0,1.0,0.0,10,0,,1.0,0.1999999999999972
chain,1008,12,269,61721288,1,1.0,1.0,1.0,1.0,1.0,0.0,10,0,,1.0,0.1999999999999972
chain,1008,12,270,61721289,1,1.0,1.0,1.0,1.0,1.0,0.0,10,0,,1.0,0.1999999999999972
chain,1008,12,271,61721290,1,1.0,1.0,1.0,1.0,1.0,0.0,10,0,,1.0,0.1999999999999972
chain,1008,12,272,61721291,1,1.0,1.0,1.0,1.0,1.0,0.0,10,0,,1.0,0.1999999999999972
chain,1008,12,273,61721292,1,1.0,1.0,1.0,1.0,1.0,0.0,10,0,,1.0,0.1999999999999972
chain,1008,12,274,61721293,1,1.0,1.0,1.0,1.0,1.0,0.0,10,0,,1.0,0.1999999999999972
chain,1008,12,275,61721294,1,1.0,1.0,1.0,1.0,1.0,0.0,10,0,,1.0,0.1999999999999972
chain,1008,12,276,61721295,1,1.0,1.0,1.0,1.0,1.0,0.0,10,0,,1.0,0.1999999999999972
chain,1008,12,277,61721296,1,1.0,1.0,1.0,1.0,1.0,0.0,10,0,,1.0,0.1999999999999972
chain,1008,12,278,61721297,1,1.0,1.0,1.0,1.0,1.0,0.0,10,0,,1.0,0.1999999999999972
chain,1008,12,279,61721298,1,0.0,1.0,1.0,1.0,1.0,0.0,10,0,,1.0,0.1999999999999972
chain,1008,12,280,61721299,1,1.0,1.0,1.0,1.0,1.0,0.0,10,0,,1.0,0.1999999999999972
chain,1008,12,281,61721300,1,1.0,1.0,1.0,1.0,1.0,0.0,10,0,,1.0,0.1999999999999972
chain,1008,12,282,61721301,1,1.0,1.0,1.0,1.0,1.0,0.0,10,0,,1.0,0.1999999999999972
chain,1008,12,283,61721302,1,1.0,1.0,1.0,1.0,1.0,0.0,10,0,,1.0,0.1999999999999972
chain,1008,12,284,61721303,1,1.0,1.0,1.0,1.0,1.0,0.0,10,0,,1.0,0.1999999999999972
chain,1008,12,285,61721304,1,1.0,1.0,1.0,1.0,1.0,0.0,10,0,,1.0,0.1999999999999972
chain,1008,12,286,61721305,1,1.0,1.0,1.0,1.0,1.0,0.0,10,0,,1.0,0.1999999999999972
chain,1008,12,287,61721306,1,1.0,1.0,1.0,1.0,1.0,0.0,10,0,,1.0,0.1999999999999972
chain,1008,12,288,61721307,1,1.0,1.0,1.0,1.0,1.0,0.0,10,0,,1.0,0.1999999999999972
chain,1008,12,289,61721308,1,1.0,1.0,1.0,1.0,1.0,0.0,10,0,,1.0,0.1999999999999972
chain,1008,12,290,61721309,1,1.0,1.0,1.0,1.0,1.0,0.0,10,0,,1.0,0.1999999999999972
chain,1008,12,291,61721310,1,1.0,1.0,1.0,1.0,1.0,0.0,10,0,,1.0,0.1999999999999972
chain,1008,12,292,61721311,1,1.0,1.0,1.0,1.0,1.0,0.0,10,0,,1.0,0.1999999999999972
chain,1008,12,293,61721312,1,1.0,1.0,1.0,1.0,1.0,0.0,10,0,,1.0,0.1999999999999972
chain,1008,12,294,61721313,1,1.0,1.0,1.0,1.0,1.0,0.0,10,0,,1.0,0.1999999999999972
chain,1008,12,295,61721314,1,1.0,1.0,1.0,1.0,1.0,0.0,10,0,,1.0,0.1999999999999972
chain,1008,12,296,61721315,1,1.0,1.0,1.0,1.0,1.0,0.0,10,0,,1.0,0.1999999999999972
chain,1008,12,297,61721316,1,1.0,1.0,1.0,1.0,1.0,0.0,10,0,,1.0,0.1999999999999972
chain,1008,12,298,61721317,1,1.0,1.0,1.0,1.0,1.0,0.0,10,0,,1.0,0.1999999999999972
chain,1008,12,299,61721318,1,1.0,1.0,1.0,1.0,1.0,0.0,10,0,,1.0,0.1999999999999972
chain,1008,12,300,61721319,1,1.0,1.0,1.0,1.0,1.0,0.0,10,0,,1.0,0.1999999999999972
chain,1008,12,301,61721320,1,1.0,1.0,1.0,1.0,1.0,0.0,10,0,,1.0,0.1999999999999972
chain,1008,12,302,61721321,1,1.0,1.0,1.0,1.0,1.0,0.0,10,0,,1.0,0.1999999999999972
chain,1008,12,303,61721322,1,1.0,1.0,1.0,1.0,1.0,0.0,10,0,,1.0,0.1999999999999972
chain,1008,12,304,61721323,1,1.0,1.0,1.0,1.0,1.0,0.0,10,0,,1.0,0.1999999999999972
chain,1008,12,305,61721324,1,1.0,1.0,1.0,1.0,1.0,0.0,10,0,,1.0,0.1999999999999972
chain,1008,12,306,61721325,1,1.0,1.0,1.0,1.0,1.0,0.0,10,0,,1.0,0.1999999999999972
chain,1008,12,307,61721326,1,1.0,1.0,1.0,1.0,1.0,0.0,10,0,,1.0,0.1999999999999972
chain,1008,12,308,61721327,1,1.0,1.0,1.0,1.0,1.0,0.0,10,0,,1.0,0.1999999999999972
chain,1008,12,309,61721328,1,1.0,1.0,1.0,1.0,1.0,0.0,10,0,,1.0,0.1999999999999972
chain,1008,12,310,61721329,1,1.0,1.0,1.0,1.0,1.0,0.0,10,0,,1.0,0.1999999999999972
chain,1008,12,311,61721330,1,0.0,1.0,1.0,1.0,1.0,0.0,10,0,,1.0,0.1999999999999972
chain,1008,12,312,61721331,1,1.0,1.0,1.0,1.0,1.0,0.0,10,0,,1.0,0.1999999999999972
chain,1008,12,313,61721332,1,1.0,1.0,1.0,1.0,1.0,0.0,10,0,,1.0,0.1999999999999972
chain,1008,12,314,61721333,1,1.0,1.0,1.0,1.0,1.0,0.0,10,0,,1.0,0.1999999999999972
chain,1008,12,315,61721334,1,1.0,1.0,1.0,1.0,1.0,0.0,10,0,,1.0,0.1999999999999972
chain,1008,12,316,61721335,1,0.0,1.0,1.0,1.0,1.0,0.0,10,0,,1.0,0.1999999999999972
chain,1008,12,317,61721336,1,1.0,1.0,1.0,1.0,1.0,0.0,10,0,,1.0,0.1999999999999972
chain,1008,12,318,61721337,1,1.0,1.0,1.0,1.0,1.0,0.0,10,0,,1.0,0.1999999999999972
chain,1008,12,319,61721338,1,1.0,1.0,1.0,1.0,1.0,0.0,10,0,,1.0,0.1999999999999972
chain,1008,12,320,61721339,1,1.0,1.0,1.0,1.0,1.0,0.0,10,0,,1.0,0.1999999999999972
chain,1008,12,321,61721340,1,1.0,1.0,1.0,1.0,1.0,0.0,10,0,,1.0,0.1999999999999972
chain,1008,12,322,61721341,1,1.0,1.0,1.0,1.0,1.0,0.0,10,0,,1.0,0.1999999999999972
chain,1008,12,323,61721342,1,1.0,1.0,1.0,1.0,1.0,0.0,10,0,,1.0,0.1999999999999972
chain,1008,12,324,61721343,1,1.0,1.0,1.0,1.0,1.0,0.0,10,0,,1.0,0.1999999999999972
chain,1008,12,325,61721344,1,0.0,1.0,1.0,1.0,1.0,0.0,10,0,,1.0,0.1999999999999972
chain,1008,12,326,61721345,1,1.0,1.0,1.0,1.0,1.0,0.0,10,0,,1.0,0.1999999999999972
chain,1008,12,327,61721346,1,1.0,1.0,1.0,1.0,1.0,0.0,10,0,,1.0,0.1999999999999972
chain,1008,12,328,61721347,1,1.0,1.0,1.0,1.0,1.0,0.0,10,0,,1.0,0.1999999999999972
chain,1008,12,329,61721348,1,1.0,1.0,1.0,1.0,1.0,0.0,10,0,,1.0,0.1999999999999972
chain,1008,12,330,61721349,1,1.0,1.0,1.0,1.0,1.0,0.0,10,0,,1.0,0.1999999999999972
chain,1008,12,331,61721350,1,1.0,1.0,1.0,1.0,1.0,0.0,10,0,,1.0,0.1999999999999972
chain,1008,12,332,61721351,1,1.0,1.0,1.0,1.0,1.0,0.0,10,0,,1.0,0.1999999999999972
chain,1008,12,333,61721352,1,1.0,1.0,1.0,1.0,1.0,0.0,10,0,,1.0,0.1999999999999972
chain,1008,12,334,61721353,1,1.0,1.0,1.0,1.0,1.0,0.0,10,0,,1.0,0.1999999999999972
chain,1008,12,335,61721354,1,1.0,1.0,1.0,1.0,1.0,0.0,10,0,,1.0,0.1999999999999972
chain,1008,12,336,61721355,1,1.0,1.0,1.0,1.0,1.0,0.0,10,0,,1.0,0.1999999999999972
chain,1008,12,337,61721356,1,1.0,1.0,1.0,1.0,1.0,0.0,10,0,,1.0,0.1999999999999972
chain,1008,12,338,61721357,1,1.0,1.0,1.0,1.0,1.0,0.0,10,0,,1.0,0.1999999999999972
chain,1008,12,339,61721358,1,1.0,1.0,1.0,1.0,1.0,0.0,10,0,,1.0,0.1999999999999972
chain,1008,12,340,61721359,1,0.0,1.0,1.0,1.0,1.0,0.0,10,0,,1.0,0.1999999999999972
chain,1008,12,341,61721360,1,1.0,1.0,1.0,1.0,1.0,0.0,10,0,,1.0,0.1999999999999972
chain,1008,12,342,61721361,1,1.0,1.0,1.0,1.0,1.0,0.0,10,0,,1.0,0.1999999999999972
chain,1008,12,343,61721362,1,1.0,1.0,1.0,1.0,1.0,0.0,10,0,,1.0,0.1999999999999972
chain,1008,12,344,61721363,1,1.0,1.0,1.0,1.0,1.0,0.0,10,0,,1.0,0.1999999999999972
chain,1008,12,345,61721364,1,1.0,1.0,1.0,1.0,1.0,0.0,10,0,,1.0,0.1999999999999972
chain,1008,12,346,61721365,1,1.0,1.0,1.0,1.0,1.0,0.0,10,0,,1.0,0.1999999999999972
chain,1008,12,347,61721366,1,1.0,1.0,1.0,1.0,1.0,0.0,10,0,,1.0,0.1999999999999972
chain,1008,12,348,61721367,1,1.0,1.0,1.0,1.0,1.0,0.0,10,0,,1.0,0.1999999999999972
chain,1008,12,349,61721368,1,1.0,1.0,1.0,1.0,1.0,0.0,10,0,,1.0,0.1999999999999972
chain,1008,12,350,61721369,1,1.0,1.0,1.0,1.0,1.0,0.0,10,0,,1.0,0.1999999999999972
chain,1008,12,351,61721370,1,1.0,1.0,1.0,1.0,1.0,0.0,10,0,,1.0,0.1999999999999972
chain,1008,12,352,61721371,1,0.0,1.0,1.0,1.0,1.0,0.0,10,0,,1.0,0.1999999999999972
chain,1008,12,353,61721372,1,1.0,1.0,1.0,1.0,1.0,0.0,10,0,,1.0,0.1999999999999972
chain,1008,12,354,61721373,1,1.0,1.0,1.0,1.0,1.0,0.0,10,0,,1.0,0.1999999999999972
chain,1008,12,355,61721374,1,1.0,1.0,1.0,1.0,1.0,0.0,10,0,,1.0,0.1999999999999972
chain,1008,12,356,61721375,1,1.0,1.0,1.0,1.0,1.0,0.0,10,0,,1.0,0.1999999999999972
chain,1008,12,357,61721376,1,1.0,1.0,1.0,1.0,1.0,0.0,10,0,,1.0,0.1999999999999972
chain,1008,12,358,61721377,1,1.0,1.0,1.0,1.0,1.0,0.0,10,0,,1.0,0.1999999999999972
chain,1008,12,359,61721378,1,1.0,1.0,1.0,1.0,1.0,0.0,10,0,,1.0,0.1999999999999972
chain,1008,12,360,61721379,1,1.0,1.0,1.0,1.0,1.0,0.0,10,0,,1.0,0.1999999999999972
chain,1008,12,361,61721380,1,1.0,1.0,1.0,1.0,1.0,0.0,10,0,,1.0,0.1999999999999972
chain,1008,12,362,61721381,1,1.0,1.0,1.0,1.0,1.0,0.0,10,0,,1.0,0.1999999999999972
chain,1008,12,363,61721382,1,1.0,1.0,1.0,1.0,1.0,0.0,10,0,,1.0,0.1999999999999972
chain,1008,12,364,61721383,1,1.0,1.0,1.0,1.0,1.0,0.0,10,0,,1.0,0.1999999999999972
chain,1008,12,365,61721384,1,1.0,1.0,1.0,1.0,1.0,0.0,10,0,,1.0,0.1999999999999972
chain,1008,12,366,61721385,1,1.0,1.0,1.0,1.0,1.0,0.0,10,0,,1.0,0.1999999999999972
chain,1008,12,367,61721386,1,1.0,1.0,1.0,1.0,1.0,0.0,10,0,,1.0,0.1999999999999972
chain,1008,12,368,61721387,1,1.0,1.0,1.0,1.0,1.0,0.0,10,0,,1.0,0.1999999999999972
chain,1008,12,369,61721388,1,1.0,1.0,1.0,1.0,1.0,0.0,10,0,,1.0,0.1999999999999972
chain,1008,12,370,61721389,1,1.0,1.0,1.0,1.0,1.0,0.0,10,0,,1.0,0.1999999999999972
chain,1008,12,371,61721390,1,1.0,1.0,1.0,1.0,1.0,0.0,10,0,,1.0,0.1999999999999972
chain,1008,12,372,61721391,1,1.0,1.0,1.0,1.0,1.0,0.0,10,0,,1.0,0.1999999999999972
chain,1008,12,373,61721392,1,1.0,1.0,1.0,1.0,1.0,0.0,10,0,,1.0,0.1999999999999972
chain,1008,12,374,61721393,1,1.0,1.0,1.0,1.0,1.0,0.0,10,0,,1.0,0.1999999999999972
chain,1008,12,375,61721394,1,1.0,1.0,1.0,1.0,1.0,0.0,10,0,,1.0,0.1999999999999972
chain,1008,12,376,61721395,1,1.0,1.0,1.0,1.0,1.0,0.0,10,0,,1.0,0.1999999999999972
chain,1008,12,377,61721396,1,0.0,1.0,1.0,1.0,1.0,0.0,10,0,,1.0,0.1999999999999972
chain,1008,12,378,61721397,1,1.0,1.0,1.0,1.0,1.0,0.0,10,0,,1.0,0.1999999999999972
chain,1008,12,379,61721398,1,1.0,1.0,1.0,1.0,1.0,0.0,10,0,,1.0,0.1999999999999972
chain,1008,12,380,61721399,1,1.0,1.0,1.0,1.0,1.0,0.0,10,0,,1.0,0.1999999999999972
chain,1008,12,381,61721400,1,1.0,1.0,1.0,1.0,1.0,0.0,10,0,,1.0,0.1999999999999972
chain,1008,12,382,61721401,1,1.0,1.0,1.0,1.0,1.0,0.0,10,0,,1.0,0.1999999999999972
chain,1008,12,383,61721402,1,1.0,1.0,1.0,1.0,1.0,0.0,10,0,,1.0,0.1999999999999972
chain,1008,12,384,61721403,1,1.0,1.0,1.0,1.0,1.0,0.0,10,0,,1.0,0.1999999999999972
chain,1008,12,385,61721404,1,1.0,1.0,1.0,1.0,1.0,0.0,10,0,,1.0,0.1999999999999972
chain,1008,12,386,61721405,1,1.0,1.0,1.0,1.0,1.0,0.0,10,0,,1.0,0.1999999999999972
chain,1008,12,387,61721406,1,1.0,1.0,1.0,1.0,1.0,0.0,10,0,,1.0,0.1999999999999972
chain,1008,12,388,61721407,1,1.0,1.0,1.0,1.0,1.0,0.0,10,0,,1.0,0.1999999999999972
chain,1008,12,389,61721408,1,1.0,1.0,1.0,1.0,1.0,0.0,10,0,,1.0,0.1999999999999972
chain,1008,12,390,61721409,1,1.0,1.0,1.0,1.0,1.0,0.0,10,0,,1.0,0.1999999999999972
chain,1008,12,391,61721410,1,1.0,1.0,1.0,1.0,1.0,0.0,10,0,,1.0,0.1999999999999972
chain,1008,12,392,61721411,1,1.0,1.0,1.0,1.0,1.0,0.0,10,0,,1.0,0.1999999999999972
chain,1008,12,393,61721412,1,1.0,1.0,1.0,1.0,1.0,0.0,10,0,,1.0,0.1999999999999972
chain,1008,12,394,61721413,1,1.0,1.0,1.0,1.0,1.0,0.0,10,0,,1.0,0.1999999999999972
chain,1008,12,395,61721414,1,1.0,1.0,1.0,1.0,1.0,0.0,10,0,,1.0,0.1999999999999972
chain,1008,12,396,61721415,1,1.0,1.0,1.0,1.0,1.0,0.0,10,0,,1.0,0.1999999999999972
chain,1008,12,397,61721416,1,1.0,1.0,1.0,1.0,1.0,0.0,10,0,,1.0,0.1999999999999972
chain,1008,12,398,61721417,1,1.0,1.0,1.0,1.0,1.0,0.0,10,0,,1.0,0.1999999999999972
chain,1008,12,399,61721418,1,1.0,1.0,1.0,1.0,1.0,0.0,10,0,,1.0,0.1999999999999972
chain,1008,12,400,61721419,1,1.0,1.0,1.0,1.0,1.0,0.0,10,0,,1.0,0.1999999999999972
chain,1008,12,401,61721420,1,1.0,1.0,1.0,1.0,1.0,0.0,10,0,,1.0,0.1999999999999972
chain,1008,12,402,61721421,1,1.0,1.0,1.0,1.0,1.0,0.0,10,0,,1.0,0.1999999999999972
chain,1008,12,403,61721422,1,1.0,1.0,1.0,1.0,1.0,0.0,10,0,,1.0,0.1999999999999972
chain,1008,12,404,61721423,1,1.0,1.0,1.0,1.0,1.0,0.0,10,0,,1.0,0.1999999999999972
chain,1008,12,405,61721424,1,1.0,1.0,1.0,1.0,1.0,0.0,10,0,,1.0,0.1999999999999972
chain,1008,12,406,61721425,1,1.0,1.0,1.0,1.0,1.0,0.0,10,0,,1.0,0.1999999999999972
chain,1008,12,407,61721426,1,1.0,1.0,1.0,1.0,1.0,0.0,10,0,,1.0,0.1999999999999972
chain,1008,12,408,61721427,1,1.0,1.0,1.0,1.0,1.0,0.0,10,0,,1.0,0.1999999999999972
chain,1008,12,409,61721428,1,1.0,1.0,1.0,1.0,1.0,0.0,10,0,,1.0,0.1999999999999972
chain,1008,12,410,61721429,1,1.0,1.0,1.0,1.0,1.0,0.0,10,0,,1.0,0.1999999999999972
chain,1008,12,411,61721430,1,1.0,1.0,1.0,1.0,1.0,0.0,10,0,,1.0,0.1999999999999972
chain,1008,12,412,61721431,1,1.0,1.0,1.0,1.0,1.0,0.0,10,0,,1.0,0.1999999999999972
chain,1008,12,413,61721432,1,1.0,1.0,1.0,1.0,1.0,0.0,10,0,,1.0,0.1999999999999972
chain,1008,12,414,61721433,1,1.0,1.0,1.0,1.0,1.0,0.0,10,0,,1.0,0.1999999999999972
chain,1008,12,415,61721434,1,0.0,1.0,1.0,1.0,1.0,0.0,10,0,,1.0,0.1999999999999972
chain,1008,12,416,61721435,1,1.0,1.0,1.0,1.0,1.0,0.0,10,0,,1.0,0.1999999999999972
chain,1008,12,417,61721436,1,1.0,1.0,1.0,1.0,1.0,0.0,10,0,,1.0,0.1999999999999972
chain,1008,12,418,61721437,1,1.0,1.0,1.0,1.0,1.0,0.0,10,0,,1.0,0.1999999999999972
chain,1008,12,419,61721438,1,1.0,1.0,1.0,1.0,1.0,0.0,10,0,,1.0,0.1999999999999972
chain,1008,12,420,61721439,1,1.0,1.0,1.0,1.0,1.0,0.0,10,0,,1.0,0.1999999999999972
chain,1008,12,421,61721440,1,1.0,1.0,1.0,1.0,1.0,0.0,10,0,,1.0,0.1999999999999972
chain,1008,12,422,61721441,1,1.0,1.0,1.0,1.0,1.0,0.0,10,0,,1.0,0.1999999999999972
chain,1008,12,423,61721442,1,1.0,1.0,1.0,1.0,1.0,0.0,10,0,,1.0,0.1999999999999972
chain,1008,12,424,61721443,1,1.0,1.0,1.0,1.0,1.0,0.0,10,0,,1.0,0.1999999999999972
chain,1008,12,425,61721444,1,1.0,1.0,1.0,1.0,1.0,0.0,10,0,,1.0,0.1999999999999972
chain,1008,12,426,61721445,1,1.0,1.0,1.0,1.0,1.0,0.0,10,0,,1.0,0.1999999999999972
chain,1008,12,427,61721446,1,1.0,1.0,1.0,1.0,1.0,0.0,10,0,,1.0,0.1999999999999972
chain,1008,12,428,61721447,1,1.0,1.0,1.0,1.0,1.0,0.0,10,0,,1.0,0.1999999999999972
chain,1008,12,429,61721448,1,1.0,1.0,1.0,1.0,1.0,0.0,10,0,,1.0,0.1999999999999972
chain,1008,12,430,61721449,1,1.0,1.0,1.0,1.0,1.0,0.0,10,0,,1.0,0.1999999999999972
chain,1008,12,431,61721450,1,1.0,1.0,1.0,1.0,1.0,0.0,10,0,,1.0,0.1999999999999972
chain,1008,12,432,61721451,1,1.0,1.0,1.0,1.0,1.0,0.0,10,0,,1.0,0.1999999999999972
chain,1008,12,433,61721452,1,1.0,1.0,1.0,1.0,1.0,0.0,10,0,,1.0,0.1999999999999972
chain,1008,12,434,61721453,1,1.0,1.0,1.0,1.0,1.0,0.0,10,0,,1.0,0.1999999999999972
chain,1008,12,435,61721454,1,0.0,1.0,1.0,1.0,1.0,0.0,10,0,,1.0,0.1999999999999972
chain,1008,12,436,61721455,1,1.0,1.0,1.0,1.0,1.0,0.0,10,0,,1.0,0.1999999999999972
chain,1008,12,437,61721456,1,1.0,1.0,1.0,1.0,1.0,0.0,10,0,,1.0,0.1999999999999972
chain,1008,12,438,61721457,1,1.0,1.0,1.0,1.0,1.0,0.0,10,0,,1.0,0.1999999999999972
chain,1008,12,439,61721458,1,1.0,1.0,1.0,1.0,1.0,0.0,10,0,,1.0,0.1999999999999972
chain,1008,12,440,61721459,1,1.0,1.0,1.0,1.0,1.0,0.0,10,0,,1.0,0.1999999999999972
chain,1008,12,441,61721460,1,1.0,1.0,1.0,1.0,1.0,0.0,10,0,,1.0,0.1999999999999972
chain,1008,12,442,61721461,1,1.0,1.0,1.0,1.0,1.0,0.0,10,0,,1.0,0.1999999999999972
chain,1008,12,443,61721462,1,1.0,1.0,1.0,1.0,1.0,0.0,10,0,,1.0,0.1999999999999972
chain,1008,12,444,61721463,1,1.0,1.0,1.0,1.0,1.0,0.0,10,0,,1.0,0.1999999999999972
chain,1008,12,445,61721464,1,1.0,1.0,1.0,1.0,1.0,0.0,10,0,,1.0,0.1999999999999972
chain,1008,12,446,61721465,1,1.0,1.0,1.0,1.0,1.0,0.0,10,0,,1.0,0.1999999999999972
chain,1008,12,447,61721466,1,1.0,1.0,1.0,1.0,1.0,0.0,10,0,,1.0,0.1999999999999972
chain,1008,12,448,61721467,1,1.0,1.0,1.0,1.0,1.0,0.0,10,0,,1.0,0.1999999999999972
chain,1008,12,449,61721468,1,1.0,1.0,1.0,1.0,1.0,0.0,10,0,,1.0,0.1999999999999972
chain,1008,12,450,61721469,1,1.0,1.0,1.0,1.0,1.0,0.0,10,0,,1.0,0.1999999999999972
chain,1008,12,451,61721470,1,1.0,1.0,1.0,1.0,1.0,0.0,10,0,,1.0,0.1999999999999972
chain,1008,12,452,61721471,1,1.0,1.0,1.0,1.0,1.0,0.0,10,0,,1.0,0.1999999999999972
chain,1008,12,453,61721472,1,1.0,1.0,1.0,1.0,1.0,0.0,10,0,,1.0,0.1999999999999972
chain,1008,12,454,61721473,1,1.0,1.0,1.0,1.0,1.0,0.0,10,0,,1.0,0.1999999999999972
chain,1008,12,455,61721474,1,1.0,1.0,1.0,1.0,1.0,0.0,10,0,,1.0,0.1999999999999972
chain,1008,12,456,61721475,1,1.0,1.0,1.0,1.0,1.0,0.0,10,0,,1.0,0.1999999999999972
chain,1008,12,457,61721476,1,1.0,1.0,1.0,1.0,1.0,0.0,10,0,,1.0,0.1999999999999972
chain,1008,12,458,61721477,1,1.0,1.0,1.0,1.0,1.0,0.0,10,0,,1.0,0.1999999999999972
chain,1008,12,459,61721478,1,1.0,1.0,1.0,1.0,1.0,0.0,10,0,,1.0,0.1999999999999972
chain,1008,12,460,61721479,1,1.0,1.0,1.0,1.0,1.0,0.0,10,0,,1.0,0.1999999999999972
chain,1008,12,461,61721480,1,1.0,1.0,1.0,1.0,1.0,0.0,10,0,,1.0,0.1999999999999972
chain,1008,12,462,61721481,1,1.0,1.0,1.0,1.0,1.0,0.0,10,0,,1.0,0.1999999999999972
chain,1008,12,463,61721482,1,1.0,1.0,1.0,1.0,1.0,0.0,10,0,,1.0,0.1999999999999972
chain,1008,12,464,61721483,1,1.0,1.0,1.0,1.0,1.0,0.0,10,0,,1.0,0.1999999999999972
chain,1008,12,465,61721484,1,1.0,1.0,1.0,1.0,1.0,0.0,10,0,,1.0,0.1999999999999972
chain,1008,12,466,61721485,1,1.0,1.0,1.0,1.0,1.0,0.0,10,0,,1.0,0.1999999999999972
chain,1008,12,467,61721486,1,0.0,1.0,1.0,1.0,1.0,0.0,10,0,,1.0,0.1999999999999972
chain,1008,12,468,61721487,1,1.0,1.0,1.0,1.0,1.0,0.0,10,0,,1.0,0.1999999999999972
chain,1008,12,469,61721488,1,0.0,1.0,1.0,1.0,1.0,0.0,10,0,,1.0,0.1999999999999972
chain,1008,12,470,61721489,1,1.0,1.0,1.0,1.0,1.0,0.0,10,0,,1.0,0.1999999999999972
chain,1008,12,471,61721490,1,1.0,1.0,1.0,1.0,1.0,0.0,10,0,,1.0,0.1999999999999972
chain,1008,12,472,61721491,1,1.0,1.0,1.0,1.0,1.0,0.0,10,0,,1.0,0.1999999999999972
chain,1008,12,473,61721492,1,1.0,1.0,1.0,1.0,1.0,0.0,10,0,,1.0,0.1999999999999972
chain,1008,12,474,61721493,1,1.0,1.0,1.0,1.0,1.0,0.0,10,0,,1.0,0.1999999999999972
chain,1008,12,475,61721494,1,1.0,1.0,1.0,1.0,1.0,0.0,10,0,,1.0,0.1999999999999972
chain,1008,12,476,61721495,1,1.0,1.0,1.0,1.0,1.0,0.0,10,0,,1.0,0.1999999999999972
chain,1008,12,477,61721496,1,1.0,1.0,1.0,1.0,1.0,0.0,10,0,,1.0,0.1999999999999972
chain,1008,12,478,61721497,1,1.0,1.0,1.0,1.0,1.0,0.0,10,0,,1.0,0.1999999999999972
chain,1008,12,479,61721498,1,0.0,1.0,1.0,1.0,1.0,0.0,10,0,,1.0,0.1999999999999972
chain,1008,12,480,61721499,1,1.0,1.0,1.0,1.0,1.0,0.0,10,0,,1.0,0.1999999999999972
chain,1008,12,481,61721500,1,1.0,1.0,1.0,1.0,1.0,0.0,10,0,,1.0,0.1999999999999972
chain,1008,12,482,61721501,1,1.0,1.0,1.0,1.0,1.0,0.0,10,0,,1.0,0.1999999999999972
chain,1008,12,483,61721502,1,1.0,1.0,1.0,1.0,1.0,0.0,10,0,,1.0,0.1999999999999972
chain,1008,12,484,61721503,1,1.0,1.0,1.0,1.0,1.0,0.0,10,0,,1.0,0.1999999999999972
chain,1008,12,485,61721504,1,1.0,1.0,1.0,1.0,1.0,0.0,10,0,,1.0,0.1999999999999972
chain,1008,12,486,61721505,1,1.0,1.0,1.0,1.0,1.0,0.0,10,0,,1.0,0.1999999999999972
chain,1008,12,487,61721506,1,1.0,1.0,1.0,1.0,1.0,0.0,10,0,,1.0,0.1999999999999972
chain,1008,12,488,61721507,1,1.0,1.0,1.0,1.0,1.0,0.0,10,0,,1.0,0.1999999999999972
chain,1008,12,489,61721508,1,1.0,1.0,1.0,1.0,1.0,0.0,10,0,,1.0,0.1999999999999972
chain,1008,12,490,61721509,1,1.0,1.0,1.0,1.0,1.0,0.0,10,0,,1.0,0.1999999999999972
chain,1008,12,491,61721510,1,0.0,1.0,1.0,1.0,1.0,0.0,10,0,,1.0,0.1999999999999972
chain,1008,12,492,61721511,1,1.0,1.0,1.0,1.0,1.0,0.0,10,0,,1.0,0.1999999999999972
chain,1008,12,493,61721512,1,1.0,1.0,1.0,1.0,1.0,0.0,10,0,,1.0,0.1999999999999972
chain,1008,12,494,61721513,1,1.0,1.0,1.0,1.0,1.0,0.0,10,0,,1.0,0.1999999999999972
chain,1008,12,495,61721514,1,1.0,1.0,1.0,1.0,1.0,0.0,10,0,,1.0,0.1999999999999972
chain,1008,12,496,61721515,1,1.0,1.0,1.0,1.0,1.0,0.0,10,0,,1.0,0.1999999999999972
chain,1008,12,497,61721516,1,1.0,1.0,1.0,1.0,1.0,0.0,10,0,,1.0,0.1999999999999972
chain,1008,12,498,61721517,1,1.0,1.0,1.0,1.0,1.0,0.0,10,0,,1.0,0.1999999999999972
chain,1008,12,499,61721518,1,1.0,1.0,1.0,1.0,1.0,0.0,10,0,,1.0,0.1999999999999972
