model,n,p,rep,seed,block,band_coverage,degree_coverage,rank_coverage,marginal_degree_coverage,percentile_degree_coverage,mean_degree_width,top1_candidate_size,top1_certified,true_hub_certified,exact_degree_fraction,bootstrap_max
independent,126,12,0,839019,1,1.0,1.0,1.0,0.0,,10.0,12,0,,0.0,0.2937258687258687
independent,126,12,1,839020,1,1.0,1.0,1.0,0.0,,10.0,12,0,,0.0,0.3603126936460273
independent,126,12,2,839021,1,1.0,1.0,1.0,0.0,,10.0,12,0,,0.0,0.5622193622193631
independent,126,12,3,839022,1,1.0,1.0,1.0,0.0,,10.0,12,0,,0.0,0.4848217264883941
independent,126,12,4,839023,1,1.0,1.0,1.0,0.0,,10.0,12,0,,0.0,0.47838791172124595
independent,126,12,5,839024,1,1.0,1.0,1.0,1.0,,10.0,12,0,,0.0,0.5602912436245774
independent,126,12,6,839025,1,1.0,1.0,1.0,0.0,,10.0,12,0,,0.0,0.5700772200772208
independent,126,12,7,839026,1,1.0,1.0,1.0,0.0,,10.0,12,0,,0.0,0.41861861861861943
independent,126,12,8,839027,1,1.0,1.0,1.0,0.0,,10.0,12,0,,0.0,0.5200593450593458
independent,126,12,9,839028,1,1.0,1.0,1.0,1.0,,10.0,12,0,,0.0,0.47023571190237945
independent,126,12,10,839029,1,1.0,1.0,1.0,1.0,,10.0,12,0,,0.0,0.46733400066733544
independent,126,12,11,839030,1,1.0,1.0,1.0,0.0,,10.0,12,0,,0.0,0.4175449258782599
independent,126,12,12,839031,1,1.0,1.0,1.0,0.0,,10.0,12,0,,0.0,0.46325611325611404
independent,126,12,13,839032,1,1.0,1.0,1.0,0.0,,10.0,12,0,,0.0,0.3600028600028603
independent,126,12,14,839033,1,1.0,1.0,1.0,0.0,,10.0,12,0,,0.0,0.4125709042375717
independent,126,12,15,839034,1,1.0,1.0,1.0,0.0,,10.0,12,0,,0.0,0.33386958386958415
independent,126,12,16,839035,1,1.0,1.0,1.0,0.0,,10.0,12,0,,0.0,0.37650030983364363
independent,126,12,17,839036,1,0.0,1.0,1.0,0.0,,10.0,12,0,,0.0,0.48720863720863855
independent,126,12,18,839037,1,1.0,1.0,1.0,0.0,,10.0,12,0,,0.0,0.30947137613804276
independent,126,12,19,839038,1,1.0,1.0,1.0,0.0,,10.0,12,0,,0.0,0.4696708613375288
independent,126,12,20,839039,1,1.0,1.0,1.0,0.0,,10.0,12,0,,0.0,0.41479098145764903
independent,126,12,21,839040,1,1.0,1.0,1.0,0.0,,10.0,12,0,,0.0,0.37206015539348936
independent,126,12,22,839041,1,1.0,1.0,1.0,0.0,,10.0,12,0,,0.0,0.31982458649125334
independent,126,12,23,839042,1,1.0,1.0,1.0,1.0,,10.0,12,0,,0.0,0.34939344106010806
independent,126,12,24,839043,1,1.0,1.0,1.0,0.0,,10.0,12,0,,0.0,0.5800598217264888
independent,126,12,25,839044,1,1.0,1.0,1.0,0.0,,10.0,12,0,,0.0,0.39531912865246244
independent,126,12,26,839045,1,1.0,1.0,1.0,0.0,,10.0,12,0,,0.0,0.40949640116306846
independent,126,12,27,839046,1,1.0,1.0,1.0,0.0,,10.0,12,0,,0.0,0.5879748796415463
independent,126,12,28,839047,1,1.0,1.0,1.0,0.0,,10.0,12,0,,0.0,0.4055710472377146
independent,126,12,29,839048,1,0.0,1.0,1.0,0.0,,10.0,12,0,,0.0,0.3909254492587832
independent,126,12,30,839049,1,1.0,1.0,1.0,1.0,,10.0,12,0,,0.0,0.27834024500691146
independent,126,12,31,839050,1,1.0,1.0,1.0,0.0,,10.0,12,0,,0.0,0.5179393679393688
independent,126,12,32,839051,1,0.0,1.0,1.0,0.0,,10.0,12,0,,0.0,0.5050908050908058
independent,126,12,33,839052,1,1.0,1.0,1.0,0.0,,10.0,12,0,,0.0,0.3742599742599747
independent,126,12,34,839053,1,1.0,1.0,1.0,0.0,,10.0,12,0,,0.0,0.3064862481529147
independent,126,12,35,839054,1,1.0,1.0,1.0,0.0,,10.0,12,0,,0.0,0.4284903951570626
independent,126,12,36,839055,1,1.0,1.0,1.0,0.0,,10.0,12,0,,0.0,0.6525763859097192
independent,126,12,37,839056,1,1.0,1.0,1.0,0.0,,10.0,12,0,,0.0,0.3504444921111592
independent,126,12,38,839057,1,1.0,1.0,1.0,0.0,,10.0,12,0,,0.0,0.625495733829067
independent,126,12,39,839058,1,1.0,1.0,1.0,0.0,,10.0,12,0,,0.0,0.304061204061204
independent,126,12,40,839059,1,1.0,1.0,1.0,0.0,,10.0,12,0,,0.0,0.3233006816340149
independent,126,12,41,839060,1,1.0,1.0,1.0,0.0,,10.0,12,0,,0.0,0.48511964345297753
independent,126,12,42,839061,1,1.0,1.0,1.0,0.0,,10.0,12,0,,0.0,0.5801277467944137
independent,126,12,43,839062,1,1.0,1.0,1.0,0.0,,10.0,12,0,,0.0,0.35490371323704684
independent,126,12,44,839063,1,1.0,1.0,1.0,0.0,,10.0,12,0,,0.0,0.45167429334096076
independent,126,12,45,839064,1,1.0,1.0,1.0,0.0,,10.0,12,0,,0.0,0.4314195147528487
independent,126,12,46,839065,1,1.0,1.0,1.0,0.0,,10.0,12,0,,0.0,0.5769162019162021
independent,126,12,47,839066,1,1.0,1.0,1.0,0.0,,10.0,12,0,,0.0,0.4522784689451361
independent,126,12,48,839067,1,1.0,1.0,1.0,0.0,,10.0,12,0,,0.0,0.3169431336098004
independent,126,12,49,839068,1,1.0,1.0,1.0,0.0,,10.0,12,0,,0.0,0.5638733972067314
independent,126,12,50,839069,1,1.0,1.0,1.0,0.0,,10.0,12,0,,0.0,0.44965679965680067
independent,126,12,51,839070,1,1.0,1.0,1.0,0.0,,10.0,12,0,,0.0,0.6817555650888976
independent,126,12,52,839071,1,1.0,1.0,1.0,0.0,,10.0,12,0,,0.0,0.3995280995281003
independent,126,12,53,839072,1,0.0,1.0,1.0,0.0,,10.0,12,0,,0.0,0.7856844940178267
independent,126,12,54,839073,1,1.0,1.0,1.0,0.0,,10.0,12,0,,0.0,0.331009581009581
independent,126,12,55,839074,1,0.0,1.0,1.0,0.0,,10.0,12,0,,0.0,0.3685602268935609
independent,126,12,56,839075,1,1.0,1.0,1.0,0.0,,10.0,12,0,,0.0,0.37525978359311746
independent,126,12,57,839076,1,1.0,1.0,1.0,0.0,,10.0,12,0,,0.0,0.5686758186758188
independent,126,12,58,839077,1,1.0,1.0,1.0,0.0,,10.0,12,0,,0.0,0.32629772629772635
independent,126,12,59,839078,1,1.0,1.0,1.0,0.0,,10.0,12,0,,0.0,0.5545080795080803
independent,126,12,60,839079,1,1.0,1.0,1.0,0.0,,10.0,12,0,,0.0,0.6007543257543265
independent,126,12,61,839080,1,1.0,1.0,1.0,0.0,,10.0,12,0,,0.0,0.5887578054244722
independent,126,12,62,839081,1,1.0,1.0,1.0,0.0,,10.0,12,0,,0.0,0.37523356690023413
independent,126,12,63,839082,1,1.0,1.0,1.0,1.0,,10.0,12,0,,0.0,0.4021426188092862
independent,126,12,64,839083,1,1.0,1.0,1.0,0.0,,10.0,12,0,,0.0,0.6178368845035512
independent,126,12,65,839084,1,1.0,1.0,1.0,0.0,,10.0,12,0,,0.0,0.33637208637208665
independent,126,12,66,839085,1,1.0,1.0,1.0,0.0,,10.0,12,0,,0.0,0.33216669050002406
independent,126,12,67,839086,1,1.0,1.0,1.0,0.0,,10.0,12,0,,0.0,0.3862147862147869
independent,126,12,68,839087,1,1.0,1.0,1.0,0.0,,10.0,12,0,,0.0,0.42719505219505327
independent,126,12,69,839088,1,1.0,1.0,1.0,0.0,,10.0,12,0,,0.0,0.30002502502502504
independent,126,12,70,839089,1,1.0,1.0,1.0,0.0,,10.0,12,0,,0.0,0.6650662567329227
independent,126,12,71,839090,1,1.0,1.0,1.0,0.0,,10.0,12,0,,0.0,0.6200796034129369
independent,126,12,72,839091,1,1.0,1.0,1.0,0.0,,10.0,12,0,,0.0,0.40675437342104037
independent,126,12,73,839092,1,1.0,1.0,1.0,0.0,,10.0,12,0,,0.0,0.4548012298012306
independent,126,12,74,839093,1,1.0,1.0,1.0,0.0,,10.0,12,0,,0.0,0.33164831498164843
independent,126,12,75,839094,1,1.0,1.0,1.0,0.0,,10.0,12,0,,0.0,0.3835478335478342
independent,126,12,76,839095,1,1.0,1.0,1.0,0.0,,10.0,12,0,,0.0,0.5338004671338016
independent,126,12,77,839096,1,1.0,1.0,1.0,0.0,,10.0,12,0,,0.0,0.5220220220220231
independent,126,12,78,839097,1,1.0,1.0,1.0,0.0,,10.0,12,0,,0.0,0.5460853710853715
independent,126,12,79,839098,1,1.0,1.0,1.0,0.0,,10.0,12,0,,0.0,0.34427522760856105
independent,126,12,80,839099,1,1.0,1.0,1.0,0.0,,10.0,12,0,,0.0,0.43075098908432297
independent,126,12,81,839100,1,1.0,1.0,1.0,0.0,,10.0,12,0,,0.0,0.4060036226702901
independent,126,12,82,839101,1,1.0,1.0,1.0,0.0,,10.0,12,0,,0.0,0.44941965775299186
independent,126,12,83,839102,1,1.0,1.0,1.0,0.0,,10.0,12,0,,0.0,0.34535487868821263
independent,126,12,84,839103,1,1.0,1.0,1.0,1.0,,10.0,12,0,,0.0,0.43062943896277295
independent,126,12,85,839104,1,1.0,1.0,1.0,0.0,,10.0,12,0,,0.0,0.5110741694075036
independent,126,12,86,839105,1,1.0,1.0,1.0,0.0,,10.0,12,0,,0.0,0.6339923256589928
independent,126,12,87,839106,1,0.0,1.0,1.0,0.0,,10.0,12,0,,0.0,0.43856713856713947
independent,126,12,88,839107,1,1.0,1.0,1.0,0.0,,10.0,12,0,,0.0,0.4202774202774206
independent,126,12,89,839108,1,1.0,1.0,1.0,0.0,,10.0,12,0,,0.0,0.3565208065208068
independent,126,12,90,839109,1,1.0,1.0,1.0,1.0,,10.0,12,0,,0.0,0.4361683111683119
independent,126,12,91,839110,1,1.0,1.0,1.0,0.0,,10.0,12,0,,0.0,0.4054077887411223
independent,126,12,92,839111,1,1.0,1.0,1.0,0.0,,10.0,12,0,,0.0,0.3927904094570767
independent,126,12,93,839112,1,1.0,1.0,1.0,0.0,,10.0,12,0,,0.0,0.5296248629581972
independent,126,12,94,839113,1,1.0,1.0,1.0,0.0,,10.0,12,0,,0.0,0.45740502407169126
independent,126,12,95,839114,1,1.0,1.0,1.0,0.0,,10.0,12,0,,0.0,0.3020973354306688
independent,126,12,96,839115,1,1.0,1.0,1.0,1.0,,10.0,12,0,,0.0,0.35296248629582005
independent,126,12,97,839116,1,1.0,1.0,1.0,0.0,,10.0,12,0,,0.0,0.358504933504934
independent,126,12,98,839117,1,1.0,1.0,1.0,0.0,,10.0,12,0,,0.0,0.6405977405977403
independent,126,12,99,839118,1,1.0,1.0,1.0,1.0,,10.0,12,0,,0.0,0.3552457219123887
independent,126,12,100,839119,1,1.0,1.0,1.0,0.0,,10.0,12,0,,0.0,0.7332630249296912
independent,126,12,101,839120,1,1.0,1.0,1.0,0.0,,10.0,12,0,,0.0,0.5917024167024171
independent,126,12,102,839121,1,1.0,1.0,1.0,0.0,,10.0,12,0,,0.0,0.5019102435769109
independent,126,12,103,839122,1,0.0,1.0,1.0,0.0,,10.0,12,0,,0.0,0.4448222031555377
independent,126,12,104,839123,1,1.0,1.0,1.0,1.0,,10.0,12,0,,0.0,0.32021902855236206
independent,126,12,105,839124,1,1.0,1.0,1.0,0.0,,10.0,12,0,,0.0,0.6376281042947712
independent,126,12,106,839125,1,1.0,1.0,1.0,0.0,,10.0,12,0,,0.0,0.317743934410601
independent,126,12,107,839126,1,1.0,1.0,1.0,0.0,,10.0,12,0,,0.0,0.4240454740454746
independent,126,12,108,839127,1,1.0,1.0,1.0,0.0,,10.0,12,0,,0.0,0.40119047619047676
independent,126,12,109,839128,1,0.0,1.0,1.0,0.0,,10.0,12,0,,0.0,0.5213153629820304
independent,126,12,110,839129,1,1.0,1.0,1.0,0.0,,10.0,12,0,,0.0,0.3857881691215029
independent,126,12,111,839130,1,0.0,1.0,1.0,0.0,,10.0,12,0,,0.0,0.2965131798465131
independent,126,12,112,839131,1,1.0,1.0,1.0,0.0,,10.0,12,0,,0.0,0.38087611420944806
independent,126,12,113,839132,1,1.0,1.0,1.0,0.0,,10.0,12,0,,0.0,0.5890795557462226
independent,126,12,114,839133,1,0.0,1.0,1.0,0.0,,10.0,12,0,,0.0,0.4036560369893707
independent,126,12,115,839134,1,1.0,1.0,1.0,0.0,,10.0,12,0,,0.0,0.3322191238857908
independent,126,12,116,839135,1,1.0,1.0,1.0,0.0,,10.0,12,0,,0.0,0.4263692263692269
independent,126,12,117,839136,1,1.0,1.0,1.0,0.0,,10.0,12,0,,0.0,0.24351494351494313
independent,126,12,118,839137,1,1.0,1.0,1.0,0.0,,10.0,12,0,,0.0,0.6528874112207441
independent,126,12,119,839138,1,1.0,1.0,1.0,0.0,,10.0,12,0,,0.0,0.3049025215691881
independent,126,12,120,839139,1,1.0,1.0,1.0,0.0,,10.0,12,0,,0.0,0.35805924972591674
independent,126,12,121,839140,1,1.0,1.0,1.0,0.0,,10.0,12,0,,0.0,0.37980122980123043
independent,126,12,122,839141,1,1.0,1.0,1.0,0.0,,10.0,12,0,,0.0,0.3496138996138998
independent,126,12,123,839142,1,1.0,1.0,1.0,0.0,,10.0,12,0,,0.0,0.44134491634491707
independent,126,12,124,839143,1,1.0,1.0,1.0,0.0,,10.0,12,0,,0.0,0.38280542447209154
independent,126,12,125,839144,1,1.0,1.0,1.0,0.0,,10.0,12,0,,0.0,0.39585418752085455
independent,126,12,126,839145,1,1.0,1.0,1.0,1.0,,10.0,12,0,,0.0,0.57281090614424
independent,126,12,127,839146,1,1.0,1.0,1.0,1.0,,10.0,12,0,,0.0,0.333248724915392
independent,126,12,128,839147,1,1.0,1.0,1.0,0.0,,10.0,12,0,,0.0,0.46025430192096956
independent,126,12,129,839148,1,1.0,1.0,1.0,0.0,,10.0,12,0,,0.0,0.7229705896372556
independent,126,12,130,839149,1,1.0,1.0,1.0,0.0,,10.0,12,0,,0.0,0.3861921445254783
independent,126,12,131,839150,1,1.0,1.0,1.0,0.0,,10.0,12,0,,0.0,0.5188927022260363
independent,126,12,132,839151,1,1.0,1.0,1.0,0.0,,10.0,12,0,,0.0,0.35548405548405576
independent,126,12,133,839152,1,1.0,1.0,1.0,0.0,,10.0,12,0,,0.0,0.3726571809905149
independent,126,12,134,839153,1,1.0,1.0,1.0,1.0,,10.0,12,0,,0.0,0.38849802183135584
independent,126,12,135,839154,1,1.0,1.0,1.0,0.0,,10.0,12,0,,0.0,0.54615091281758
independent,126,12,136,839155,1,1.0,1.0,1.0,0.0,,10.0,12,0,,0.0,0.34794437294437325
independent,126,12,137,839156,1,1.0,1.0,1.0,0.0,,10.0,12,0,,0.0,0.3668394585061255
independent,126,12,138,839157,1,1.0,1.0,1.0,0.0,,10.0,12,0,,0.0,0.43642094475427884
independent,126,12,139,839158,1,1.0,1.0,1.0,0.0,,10.0,12,0,,0.0,0.6098491348491348
independent,126,12,140,839159,1,1.0,1.0,1.0,0.0,,10.0,12,0,,0.0,0.47277038943705696
independent,126,12,141,839160,1,1.0,1.0,1.0,1.0,,10.0,12,0,,0.0,0.3415594165594166
independent,126,12,142,839161,1,0.0,1.0,1.0,0.0,,10.0,12,0,,0.0,0.48671409504742974
independent,126,12,143,839162,1,1.0,1.0,1.0,0.0,,10.0,12,0,,0.0,0.26645335812002435
independent,126,12,144,839163,1,1.0,1.0,1.0,0.0,,10.0,12,0,,0.0,0.4868809285475961
independent,126,12,145,839164,1,1.0,1.0,1.0,0.0,,10.0,12,0,,0.0,0.41201797035130405
independent,126,12,146,839165,1,1.0,1.0,1.0,0.0,,10.0,12,0,,0.0,0.36944444444444485
independent,126,12,147,839166,1,1.0,1.0,1.0,1.0,,10.0,12,0,,0.0,0.4304471137804475
independent,126,12,148,839167,1,1.0,1.0,1.0,0.0,,10.0,12,0,,0.0,0.4604104104104113
independent,126,12,149,839168,1,1.0,1.0,1.0,0.0,,10.0,12,0,,0.0,0.3158730158730161
independent,126,12,150,839169,1,0.0,1.0,1.0,0.0,,10.0,12,0,,0.0,0.6971554888221551
independent,126,12,151,839170,1,1.0,1.0,1.0,0.0,,10.0,12,0,,0.0,0.2925079841746509
independent,126,12,152,839171,1,1.0,1.0,1.0,0.0,,10.0,12,0,,0.0,0.41951832785166165
independent,126,12,153,839172,1,0.0,0.0,1.0,0.0,,9.916666666666666,12,0,,0.0,0.6343760427093758
independent,126,12,154,839173,1,0.0,1.0,1.0,0.0,,10.0,12,0,,0.0,0.33780804614137955
independent,126,12,155,839174,1,1.0,1.0,1.0,0.0,,10.0,12,0,,0.0,0.4763513513513525
independent,126,12,156,839175,1,1.0,1.0,1.0,0.0,,10.0,12,0,,0.0,0.5001132084465428
independent,126,12,157,839176,1,1.0,1.0,1.0,0.0,,10.0,12,0,,0.0,0.4284582201248877
independent,126,12,158,839177,1,1.0,1.0,1.0,1.0,,10.0,12,0,,0.0,0.4555770055770064
independent,126,12,159,839178,1,0.0,1.0,1.0,0.0,,10.0,12,0,,0.0,0.34827684827684857
independent,126,12,160,839179,1,1.0,1.0,1.0,0.0,,10.0,12,0,,0.0,0.46091210257877047
independent,126,12,161,839180,1,0.0,1.0,1.0,0.0,,10.0,12,0,,0.0,0.4123218456551798
independent,126,12,162,839181,1,1.0,1.0,1.0,0.0,,10.0,12,0,,0.0,0.35957266790600156
independent,126,12,163,839182,1,0.0,1.0,1.0,0.0,,10.0,12,0,,0.0,0.6345893512560182
independent,126,12,164,839183,1,1.0,1.0,1.0,0.0,,10.0,12,0,,0.0,0.6340245006911672
independent,126,12,165,839184,1,1.0,1.0,1.0,0.0,,10.0,12,0,,0.0,0.3566173316173319
independent,126,12,166,839185,1,0.0,1.0,1.0,0.0,,10.0,12,0,,0.0,0.39015682349015746
independent,126,12,167,839186,1,1.0,1.0,1.0,0.0,,10.0,12,0,,0.0,0.48266599933266674
independent,126,12,168,839187,1,1.0,1.0,1.0,0.0,,10.0,12,0,,0.0,0.3260021926688595
independent,126,12,169,839188,1,1.0,1.0,1.0,1.0,,10.0,12,0,,0.0,0.4259378426045102
independent,126,12,170,839189,1,0.0,1.0,1.0,0.0,,10.0,12,0,,0.0,0.4912912912912924
independent,126,12,171,839190,1,0.0,1.0,1.0,0.0,,10.0,12,0,,0.0,0.5233888650555324
independent,126,12,172,839191,1,1.0,1.0,1.0,0.0,,10.0,12,0,,0.0,0.5919145335812003
independent,126,12,173,839192,1,1.0,1.0,1.0,0.0,,10.0,12,0,,0.0,0.5692239858906533
independent,126,12,174,839193,1,1.0,1.0,1.0,0.0,,10.0,12,0,,0.0,0.46688355021688455
independent,126,12,175,839194,1,1.0,1.0,1.0,0.0,,10.0,12,0,,0.0,0.2918811668811667
independent,126,12,176,839195,1,1.0,1.0,1.0,0.0,,10.0,12,0,,0.0,0.4466549883216558
independent,126,12,177,839196,1,1.0,1.0,1.0,0.0,,10.0,12,0,,0.0,0.6338243004909674
independent,126,12,178,839197,1,1.0,1.0,1.0,0.0,,10.0,12,0,,0.0,0.37927689594356323
independent,126,12,179,839198,1,1.0,1.0,1.0,0.0,,10.0,12,0,,0.0,0.4255922589255934
independent,126,12,180,839199,1,1.0,1.0,1.0,0.0,,10.0,12,0,,0.0,0.4028814528814536
independent,126,12,181,839200,1,1.0,1.0,1.0,0.0,,10.0,12,0,,0.0,0.3616128032794702
independent,126,12,182,839201,1,1.0,1.0,1.0,0.0,,10.0,12,0,,0.0,0.26534868201534845
independent,126,12,183,839202,1,1.0,1.0,1.0,0.0,,10.0,12,0,,0.0,0.44943634110300845
independent,126,12,184,839203,1,1.0,1.0,1.0,0.0,,10.0,12,0,,0.0,0.4553053053053063
independent,126,12,185,839204,1,1.0,1.0,1.0,1.0,,10.0,12,0,,0.0,0.4533605033605044
independent,126,12,186,839205,1,0.0,1.0,1.0,0.0,,10.0,12,0,,0.0,0.3087396920730253
independent,126,12,187,839206,1,1.0,1.0,1.0,1.0,,10.0,12,0,,0.0,0.47732851899518636
independent,126,12,188,839207,1,1.0,1.0,1.0,0.0,,10.0,12,0,,0.0,0.6469481386148055
independent,126,12,189,839208,1,1.0,1.0,1.0,1.0,,10.0,12,0,,0.0,0.41665832499165867
independent,126,12,190,839209,1,1.0,1.0,1.0,0.0,,10.0,12,0,,0.0,0.511923828590496
independent,126,12,191,839210,1,1.0,1.0,1.0,0.0,,10.0,12,0,,0.0,0.4934887268220616
independent,126,12,192,839211,1,1.0,1.0,1.0,1.0,,10.0,12,0,,0.0,0.5099277849277858
independent,126,12,193,839212,1,1.0,1.0,1.0,1.0,,10.0,12,0,,0.0,0.38045545545545584
independent,126,12,194,839213,1,0.0,1.0,1.0,0.0,,10.0,12,0,,0.0,0.5514609847943187
independent,126,12,195,839214,1,1.0,1.0,1.0,0.0,,10.0,12,0,,0.0,0.47867510367510446
independent,126,12,196,839215,1,1.0,1.0,1.0,0.0,,10.0,12,0,,0.0,0.37224963058296456
independent,126,12,197,839216,1,1.0,1.0,1.0,0.0,,10.0,12,0,,0.0,0.6783056866390195
independent,126,12,198,839217,1,1.0,1.0,1.0,0.0,,10.0,12,0,,0.0,0.4851410934744277
independent,126,12,199,839218,1,1.0,1.0,1.0,0.0,,10.0,12,0,,0.0,0.46733161733161843
independent,126,12,200,839219,1,0.0,1.0,1.0,0.0,,10.0,12,0,,0.0,0.5413675580342258
independent,126,12,201,839220,1,1.0,1.0,1.0,0.0,,10.0,12,0,,0.0,0.38933218933219
independent,126,12,202,839221,1,1.0,1.0,1.0,0.0,,10.0,12,0,,0.0,0.3298000381333718
independent,126,12,203,839222,1,1.0,1.0,1.0,0.0,,10.0,12,0,,0.0,0.35937485104151795
independent,126,12,204,839223,1,1.0,1.0,1.0,0.0,,10.0,12,0,,0.0,0.28398040898040866
independent,126,12,205,839224,1,1.0,1.0,1.0,0.0,,10.0,12,0,,0.0,0.4819450402783745
independent,126,12,206,839225,1,1.0,1.0,1.0,0.0,,10.0,12,0,,0.0,0.5440619190619197
independent,126,12,207,839226,1,1.0,1.0,1.0,0.0,,10.0,12,0,,0.0,0.37245698079031475
independent,126,12,208,839227,1,1.0,1.0,1.0,0.0,,10.0,12,0,,0.0,0.36047833547833585
independent,126,12,209,839228,1,1.0,1.0,1.0,0.0,,10.0,12,0,,0.0,0.4386731970065312
independent,126,12,210,839229,1,0.0,1.0,1.0,0.0,,10.0,12,0,,0.0,0.491094666094667
independent,126,12,211,839230,1,1.0,1.0,1.0,1.0,,10.0,12,0,,0.0,0.2973354306687639
independent,126,12,212,839231,1,1.0,1.0,1.0,0.0,,10.0,12,0,,0.0,0.3991217407884081
independent,126,12,213,839232,1,1.0,1.0,1.0,1.0,,10.0,12,0,,0.0,0.5276466943133618
independent,126,12,214,839233,1,1.0,1.0,1.0,0.0,,10.0,12,0,,0.0,0.37320296486963184
independent,126,12,215,839234,1,1.0,1.0,1.0,0.0,,10.0,12,0,,0.0,0.3566363983030653
independent,126,12,216,839235,1,1.0,1.0,1.0,0.0,,10.0,12,0,,0.0,0.4935554602221276
independent,126,12,217,839236,1,1.0,1.0,1.0,1.0,,10.0,12,0,,0.0,0.580215930215931
independent,126,12,218,839237,1,0.0,1.0,1.0,0.0,,10.0,12,0,,0.0,0.409654892988227
independent,126,12,219,839238,1,1.0,1.0,1.0,0.0,,10.0,12,0,,0.0,0.4777122360455702
independent,126,12,220,839239,1,1.0,1.0,1.0,0.0,,10.0,12,0,,0.0,0.473025406358741
independent,126,12,221,839240,1,1.0,1.0,1.0,0.0,,10.0,12,0,,0.0,0.4232542065875411
independent,126,12,222,839241,1,1.0,1.0,1.0,0.0,,10.0,12,0,,0.0,0.5011666428333105
independent,126,12,223,839242,1,1.0,1.0,1.0,0.0,,10.0,12,0,,0.0,0.3620763620763624
independent,126,12,224,839243,1,1.0,1.0,1.0,0.0,,10.0,12,0,,0.0,0.4347204347204353
independent,126,12,225,839244,1,1.0,1.0,1.0,0.0,,10.0,12,0,,0.0,0.36231827065160443
independent,126,12,226,839245,1,1.0,1.0,1.0,0.0,,10.0,12,0,,0.0,0.4663747080413758
independent,126,12,227,839246,1,1.0,1.0,1.0,0.0,,10.0,12,0,,0.0,0.37046808713475393
independent,126,12,228,839247,1,1.0,1.0,1.0,0.0,,10.0,12,0,,0.0,0.41596954096954203
independent,126,12,229,839248,1,1.0,1.0,1.0,0.0,,10.0,12,0,,0.0,0.5448412698412708
independent,126,12,230,839249,1,1.0,1.0,1.0,1.0,,10.0,12,0,,0.0,0.3601399018065688
independent,126,12,231,839250,1,1.0,1.0,1.0,0.0,,10.0,12,0,,0.0,0.5220315553648897
independent,126,12,232,839251,1,1.0,1.0,1.0,0.0,,10.0,12,0,,0.0,0.5269567186233862
independent,126,12,233,839252,1,1.0,1.0,1.0,0.0,,10.0,12,0,,0.0,0.3781364698031369
independent,126,12,234,839253,1,1.0,1.0,1.0,1.0,,10.0,12,0,,0.0,0.3449056199056202
independent,126,12,235,839254,1,0.0,1.0,1.0,0.0,,10.0,12,0,,0.0,0.36092282758949473
independent,126,12,236,839255,1,1.0,1.0,1.0,0.0,,10.0,12,0,,0.0,0.43989942323275794
independent,126,12,237,839256,1,1.0,1.0,1.0,0.0,,10.0,12,0,,0.0,0.3852459602459607
independent,126,12,238,839257,1,1.0,1.0,1.0,0.0,,10.0,12,0,,0.0,0.5175794842461519
independent,126,12,239,839258,1,1.0,1.0,1.0,0.0,,10.0,12,0,,0.0,0.43600981934315364
independent,126,12,240,839259,1,1.0,1.0,1.0,0.0,,10.0,12,0,,0.0,0.3796451213117885
independent,126,12,241,839260,1,1.0,1.0,1.0,0.0,,10.0,12,0,,0.0,0.6004051670718339
independent,126,12,242,839261,1,0.0,1.0,1.0,0.0,,10.0,12,0,,0.0,0.6518649601982935
independent,126,12,243,839262,1,1.0,1.0,1.0,0.0,,10.0,12,0,,0.0,0.3557152390485727
independent,126,12,244,839263,1,1.0,1.0,1.0,0.0,,10.0,12,0,,0.0,0.48124791458124927
independent,126,12,245,839264,1,1.0,1.0,1.0,0.0,,10.0,12,0,,0.0,0.383765908765909
independent,126,12,246,839265,1,0.0,1.0,1.0,0.0,,10.0,12,0,,0.0,0.33469064302397655
independent,126,12,247,839266,1,1.0,1.0,1.0,1.0,,10.0,12,0,,0.0,0.45599528099528214
independent,126,12,248,839267,1,1.0,1.0,1.0,0.0,,10.0,12,0,,0.0,0.3782735116068456
independent,126,12,249,839268,1,1.0,1.0,1.0,0.0,,10.0,12,0,,0.0,0.44800991467658224
independent,126,12,250,839269,1,1.0,1.0,1.0,0.0,,10.0,12,0,,0.0,0.5715465465465466
independent,126,12,251,839270,1,1.0,1.0,1.0,0.0,,10.0,12,0,,0.0,0.5158992325659003
independent,126,12,252,839271,1,1.0,1.0,1.0,0.0,,10.0,12,0,,0.0,0.34896920730254105
independent,126,12,253,839272,1,1.0,1.0,1.0,0.0,,10.0,12,0,,0.0,0.41536536536536606
independent,126,12,254,839273,1,1.0,1.0,1.0,0.0,,10.0,12,0,,0.0,0.35001310834644206
independent,126,12,255,839274,1,1.0,1.0,1.0,0.0,,10.0,12,0,,0.0,0.49816959816959944
independent,126,12,256,839275,1,1.0,1.0,1.0,0.0,,10.0,12,0,,0.0,0.5069450402783745
independent,126,12,257,839276,1,1.0,1.0,1.0,0.0,,10.0,12,0,,0.0,0.3472758472758474
independent,126,12,258,839277,1,1.0,1.0,1.0,0.0,,10.0,12,0,,0.0,0.47720577720577834
independent,126,12,259,839278,1,1.0,1.0,1.0,0.0,,10.0,12,0,,0.0,0.5109025692359036
independent,126,12,260,839279,1,1.0,1.0,1.0,0.0,,10.0,12,0,,0.0,0.46974355307688703
independent,126,12,261,839280,1,1.0,1.0,1.0,0.0,,10.0,12,0,,0.0,0.422627389294057
independent,126,12,262,839281,1,1.0,1.0,1.0,0.0,,10.0,12,0,,0.0,0.40559368892702324
independent,126,12,263,839282,1,1.0,1.0,1.0,0.0,,10.0,12,0,,0.0,0.5647385480718816
independent,126,12,264,839283,1,1.0,1.0,1.0,0.0,,10.0,12,0,,0.0,0.3646420229753569
independent,126,12,265,839284,1,1.0,1.0,1.0,0.0,,10.0,12,0,,0.0,0.34240907574240925
independent,126,12,266,839285,1,1.0,1.0,1.0,0.0,,10.0,12,0,,0.0,0.3948138614805287
independent,126,12,267,839286,1,1.0,1.0,1.0,0.0,,10.0,12,0,,0.0,0.44595547928881357
independent,126,12,268,839287,1,1.0,1.0,1.0,1.0,,10.0,12,0,,0.0,0.43480504313837715
independent,126,12,269,839288,1,1.0,1.0,1.0,0.0,,10.0,12,0,,0.0,0.48193789027122436
independent,126,12,270,839289,1,1.0,1.0,1.0,0.0,,10.0,12,0,,0.0,0.3069760236426903
independent,126,12,271,839290,1,1.0,1.0,1.0,1.0,,10.0,12,0,,0.0,0.4063646980313654
independent,126,12,272,839291,1,1.0,1.0,1.0,0.0,,10.0,12,0,,0.0,0.36952786119452813
independent,126,12,273,839292,1,1.0,1.0,1.0,0.0,,10.0,12,0,,0.0,0.4919836503169849
independent,126,12,274,839293,1,1.0,1.0,1.0,1.0,,10.0,12,0,,0.0,0.510585585585587
independent,126,12,275,839294,1,0.0,1.0,1.0,0.0,,10.0,12,0,,0.0,0.4744542161208838
independent,126,12,276,839295,1,1.0,1.0,1.0,1.0,,10.0,12,0,,0.0,0.5194432527765871
independent,126,12,277,839296,1,1.0,1.0,1.0,1.0,,10.0,12,0,,0.0,0.37262381429048147
independent,126,12,278,839297,1,1.0,1.0,1.0,1.0,,10.0,12,0,,0.0,0.4826695743362418
independent,126,12,279,839298,1,0.0,1.0,1.0,0.0,,10.0,12,0,,0.0,0.5534367701034374
independent,126,12,280,839299,1,0.0,0.0,1.0,0.0,,9.916666666666666,12,0,,0.0,0.6576219076219073
independent,126,12,281,839300,1,1.0,1.0,1.0,0.0,,10.0,12,0,,0.0,0.32964392964392997
independent,126,12,282,839301,1,1.0,1.0,1.0,0.0,,10.0,12,0,,0.0,0.607198865532199
independent,126,12,283,839302,1,1.0,1.0,1.0,1.0,,10.0,12,0,,0.0,0.304018304018304
independent,126,12,284,839303,1,0.0,1.0,1.0,0.0,,10.0,12,0,,0.0,0.4175878259211599
independent,126,12,285,839304,1,1.0,1.0,1.0,0.0,,10.0,12,0,,0.0,0.43308427475094263
independent,126,12,286,839305,1,1.0,1.0,1.0,0.0,,10.0,12,0,,0.0,0.2947221030554364
independent,126,12,287,839306,1,1.0,1.0,1.0,0.0,,10.0,12,0,,0.0,0.8397790647790637
independent,126,12,288,839307,1,1.0,1.0,1.0,0.0,,10.0,12,0,,0.0,0.3054792888126221
independent,126,12,289,839308,1,1.0,1.0,1.0,0.0,,10.0,12,0,,0.0,0.2952738452738451
independent,126,12,290,839309,1,1.0,1.0,1.0,0.0,,10.0,12,0,,0.0,0.3993481576814915
independent,126,12,291,839310,1,1.0,1.0,1.0,0.0,,10.0,12,0,,0.0,0.5054268554268564
independent,126,12,292,839311,1,1.0,1.0,1.0,0.0,,10.0,12,0,,0.0,0.37744887744887823
independent,126,12,293,839312,1,1.0,1.0,1.0,0.0,,10.0,12,0,,0.0,0.5386267219600561
independent,126,12,294,839313,1,1.0,1.0,1.0,0.0,,10.0,12,0,,0.0,0.3737892654559328
independent,126,12,295,839314,1,1.0,1.0,1.0,0.0,,10.0,12,0,,0.0,0.4882942466275804
independent,126,12,296,839315,1,1.0,1.0,1.0,0.0,,10.0,12,0,,0.0,0.5041434291434305
independent,126,12,297,839316,1,1.0,1.0,1.0,1.0,,10.0,12,0,,0.0,0.30905667572334244
independent,126,12,298,839317,1,1.0,1.0,1.0,0.0,,10.0,12,0,,0.0,0.4178190094856768
independent,126,12,299,839318,1,1.0,1.0,1.0,0.0,,10.0,12,0,,0.0,0.5306461223127901
independent,126,12,300,839319,1,1.0,1.0,1.0,1.0,,10.0,12,0,,0.0,0.41082511082511136
independent,126,12,301,839320,1,1.0,1.0,1.0,1.0,,10.0,12,0,,0.0,0.3405607988941324
independent,126,12,302,839321,1,1.0,1.0,1.0,0.0,,10.0,12,0,,0.0,0.3596239096239099
independent,126,12,303,839322,1,1.0,1.0,1.0,1.0,,10.0,12,0,,0.0,0.3292768959435627
independent,126,12,304,839323,1,1.0,1.0,1.0,0.0,,10.0,12,0,,0.0,0.3447316363983034
independent,126,12,305,839324,1,1.0,1.0,1.0,0.0,,10.0,12,0,,0.0,0.5430549597216272
independent,126,12,306,839325,1,1.0,1.0,1.0,0.0,,10.0,12,0,,0.0,0.4567948901282247
independent,126,12,307,839326,1,1.0,1.0,1.0,0.0,,10.0,12,0,,0.0,0.27080890414223724
independent,126,12,308,839327,1,1.0,1.0,1.0,0.0,,10.0,12,0,,0.0,0.5790528623861965
independent,126,12,309,839328,1,1.0,1.0,1.0,0.0,,10.0,12,0,,0.0,0.3821702655035993
independent,126,12,310,839329,1,1.0,1.0,1.0,0.0,,10.0,12,0,,0.0,0.5623659373659381
independent,126,12,311,839330,1,1.0,1.0,1.0,0.0,,10.0,12,0,,0.0,0.3852543019209688
independent,126,12,312,839331,1,1.0,1.0,1.0,0.0,,10.0,12,0,,0.0,0.6640807474140807
independent,126,12,313,839332,1,1.0,1.0,1.0,0.0,,10.0,12,0,,0.0,0.37862147862147916
independent,126,12,314,839333,1,1.0,1.0,1.0,0.0,,10.0,12,0,,0.0,0.411399494732829
independent,126,12,315,839334,1,1.0,1.0,1.0,0.0,,10.0,12,0,,0.0,0.41339077172410577
independent,126,12,316,839335,1,1.0,1.0,1.0,0.0,,10.0,12,0,,0.0,0.49257471757471827
independent,126,12,317,839336,1,1.0,1.0,1.0,0.0,,10.0,12,0,,0.0,0.2909671576338242
independent,126,12,318,839337,1,1.0,1.0,1.0,0.0,,10.0,12,0,,0.0,0.3462319462319467
independent,126,12,319,839338,1,1.0,1.0,1.0,0.0,,10.0,12,0,,0.0,0.45516707183373917
independent,126,12,320,839339,1,1.0,1.0,1.0,0.0,,10.0,12,0,,0.0,0.39841746508413234
independent,126,12,321,839340,1,1.0,1.0,1.0,0.0,,10.0,12,0,,0.0,0.6904130320796985
independent,126,12,322,839341,1,1.0,1.0,1.0,0.0,,10.0,12,0,,0.0,0.3544079794079797
independent,126,12,323,839342,1,1.0,1.0,1.0,0.0,,10.0,12,0,,0.0,0.6478990895657561
independent,126,12,324,839343,1,1.0,1.0,1.0,0.0,,10.0,12,0,,0.0,0.38218218218218264
independent,126,12,325,839344,1,1.0,1.0,1.0,0.0,,10.0,12,0,,0.0,0.6146670480003816
independent,126,12,326,839345,1,1.0,1.0,1.0,0.0,,10.0,12,0,,0.0,0.3418525668525671
independent,126,12,327,839346,1,1.0,1.0,1.0,0.0,,10.0,12,0,,0.0,0.39796343963010683
independent,126,12,328,839347,1,1.0,1.0,1.0,0.0,,10.0,12,0,,0.0,0.38993159826493246
independent,126,12,329,839348,1,1.0,1.0,1.0,1.0,,10.0,12,0,,0.0,0.3478430811764148
independent,126,12,330,839349,1,0.0,1.0,1.0,0.0,,10.0,12,0,,0.0,0.29238047571380893
independent,126,12,331,839350,1,1.0,1.0,1.0,1.0,,10.0,12,0,,0.0,0.46879856046522805
independent,126,12,332,839351,1,1.0,1.0,1.0,0.0,,10.0,12,0,,0.0,0.3633514466847805
independent,126,12,333,839352,1,1.0,1.0,1.0,0.0,,10.0,12,0,,0.0,0.30337718671052
independent,126,12,334,839353,1,1.0,1.0,1.0,0.0,,10.0,12,0,,0.0,0.4717610467610476
independent,126,12,335,839354,1,1.0,1.0,1.0,0.0,,10.0,12,0,,0.0,0.2651067734401063
independent,126,12,336,839355,1,1.0,1.0,1.0,0.0,,10.0,12,0,,0.0,0.4074610324610331
independent,126,12,337,839356,1,1.0,1.0,1.0,0.0,,10.0,12,0,,0.0,0.4305805805805813
independent,126,12,338,839357,1,1.0,1.0,1.0,0.0,,10.0,12,0,,0.0,0.5236462653129327
independent,126,12,339,839358,1,1.0,1.0,1.0,1.0,,10.0,12,0,,0.0,0.5102364269030949
independent,126,12,340,839359,1,1.0,1.0,1.0,0.0,,10.0,12,0,,0.0,0.601377568044235
independent,126,12,341,839360,1,1.0,1.0,1.0,1.0,,10.0,12,0,,0.0,0.38335478335478373
independent,126,12,342,839361,1,0.0,1.0,1.0,0.0,,10.0,12,0,,0.0,0.4762750846084187
independent,126,12,343,839362,1,1.0,1.0,1.0,0.0,,10.0,12,0,,0.0,0.479421087754422
independent,126,12,344,839363,1,1.0,1.0,1.0,0.0,,10.0,12,0,,0.0,0.513565946899281
independent,126,12,345,839364,1,1.0,1.0,1.0,0.0,,10.0,12,0,,0.0,0.48757447924114694
independent,126,12,346,839365,1,1.0,1.0,1.0,0.0,,10.0,12,0,,0.0,0.4943276609943286
independent,126,12,347,839366,1,1.0,1.0,1.0,0.0,,10.0,12,0,,0.0,0.3956170456170463
independent,126,12,348,839367,1,1.0,1.0,1.0,0.0,,10.0,12,0,,0.0,0.3564230897564235
independent,126,12,349,839368,1,1.0,1.0,1.0,0.0,,10.0,12,0,,0.0,0.3728669145335816
independent,126,12,350,839369,1,1.0,1.0,1.0,0.0,,10.0,12,0,,0.0,0.3760999094332429
independent,126,12,351,839370,1,1.0,1.0,1.0,0.0,,10.0,12,0,,0.0,0.32067901234567914
independent,126,12,352,839371,1,1.0,1.0,1.0,0.0,,10.0,12,0,,0.0,0.4052850469517144
independent,126,12,353,839372,1,1.0,1.0,1.0,0.0,,10.0,12,0,,0.0,0.5279267362600707
independent,126,12,354,839373,1,1.0,1.0,1.0,1.0,,10.0,12,0,,0.0,0.4543221793221802
independent,126,12,355,839374,1,1.0,1.0,1.0,0.0,,10.0,12,0,,0.0,0.5097621430954776
independent,126,12,356,839375,1,1.0,1.0,1.0,0.0,,10.0,12,0,,0.0,0.5011213594546945
independent,126,12,357,839376,1,1.0,1.0,1.0,1.0,,10.0,12,0,,0.0,0.39183469183469216
independent,126,12,358,839377,1,1.0,1.0,1.0,0.0,,10.0,12,0,,0.0,0.5062693646026987
independent,126,12,359,839378,1,1.0,1.0,1.0,0.0,,10.0,12,0,,0.0,0.5896884980218318
independent,126,12,360,839379,1,1.0,1.0,1.0,1.0,,10.0,12,0,,0.0,0.4008615758615765
independent,126,12,361,839380,1,1.0,1.0,1.0,0.0,,10.0,12,0,,0.0,0.358587158587159
independent,126,12,362,839381,1,1.0,1.0,1.0,0.0,,10.0,12,0,,0.0,0.43284117450784226
independent,126,12,363,839382,1,0.0,1.0,1.0,0.0,,10.0,12,0,,0.0,0.48877210543877303
independent,126,12,364,839383,1,1.0,1.0,1.0,0.0,,10.0,12,0,,0.0,0.4850290766957445
independent,126,12,365,839384,1,1.0,1.0,1.0,0.0,,10.0,12,0,,0.0,0.4521342771342782
independent,126,12,366,839385,1,1.0,1.0,1.0,0.0,,10.0,12,0,,0.0,0.6123135039801707
independent,126,12,367,839386,1,1.0,1.0,1.0,0.0,,10.0,12,0,,0.0,0.40827255827255904
independent,126,12,368,839387,1,1.0,1.0,1.0,0.0,,10.0,12,0,,0.0,0.393472043472044
independent,126,12,369,839388,1,1.0,1.0,1.0,0.0,,10.0,12,0,,0.0,0.3188164354831023
independent,126,12,370,839389,1,1.0,1.0,1.0,0.0,,10.0,12,0,,0.0,0.5892630725964065
independent,126,12,371,839390,1,1.0,1.0,1.0,0.0,,10.0,12,0,,0.0,0.41276037942704674
independent,126,12,372,839391,1,1.0,1.0,1.0,0.0,,10.0,12,0,,0.0,0.47600695934029336
independent,126,12,373,839392,1,1.0,1.0,1.0,0.0,,10.0,12,0,,0.0,0.5338648171981514
independent,126,12,374,839393,1,1.0,1.0,1.0,0.0,,10.0,12,0,,0.0,0.33164354831021525
independent,126,12,375,839394,1,1.0,1.0,1.0,0.0,,10.0,12,0,,0.0,0.42682563515896926
independent,126,12,376,839395,1,1.0,1.0,1.0,0.0,,10.0,12,0,,0.0,0.6113601696935029
independent,126,12,377,839396,1,1.0,1.0,1.0,0.0,,10.0,12,0,,0.0,0.5169312169312176
independent,126,12,378,839397,1,1.0,1.0,1.0,0.0,,10.0,12,0,,0.0,0.4044353877687218
independent,126,12,379,839398,1,1.0,1.0,1.0,0.0,,10.0,12,0,,0.0,0.596018637685305
independent,126,12,380,839399,1,1.0,1.0,1.0,1.0,,10.0,12,0,,0.0,0.44057867391200806
independent,126,12,381,839400,1,1.0,1.0,1.0,0.0,,10.0,12,0,,0.0,0.3821452404785744
independent,126,12,382,839401,1,1.0,1.0,1.0,0.0,,10.0,12,0,,0.0,0.39513442013442085
independent,126,12,383,839402,1,1.0,1.0,1.0,1.0,,10.0,12,0,,0.0,0.5328793078793084
independent,126,12,384,839403,1,1.0,1.0,1.0,0.0,,10.0,12,0,,0.0,0.5224581724581732
independent,126,12,385,839404,1,1.0,1.0,1.0,0.0,,10.0,12,0,,0.0,0.32670289336956015
independent,126,12,386,839405,1,1.0,1.0,1.0,0.0,,10.0,12,0,,0.0,0.3615985032651704
independent,126,12,387,839406,1,1.0,1.0,1.0,0.0,,10.0,12,0,,0.0,0.4191667858334533
independent,126,12,388,839407,1,1.0,1.0,1.0,1.0,,10.0,12,0,,0.0,0.6515932599265928
independent,126,12,389,839408,1,1.0,1.0,1.0,0.0,,10.0,12,0,,0.0,0.3792602125935464
independent,126,12,390,839409,1,1.0,1.0,1.0,0.0,,10.0,12,0,,0.0,0.5296796796796804
independent,126,12,391,839410,1,1.0,1.0,1.0,0.0,,10.0,12,0,,0.0,0.38343343343343417
independent,126,12,392,839411,1,1.0,1.0,1.0,0.0,,10.0,12,0,,0.0,0.5683099766433106
independent,126,12,393,839412,1,1.0,1.0,1.0,0.0,,10.0,12,0,,0.0,0.44432289432289485
independent,126,12,394,839413,1,1.0,1.0,1.0,0.0,,10.0,12,0,,0.0,0.3942180275513617
independent,126,12,395,839414,1,1.0,1.0,1.0,0.0,,10.0,12,0,,0.0,0.42495829162495896
independent,126,12,396,839415,1,1.0,1.0,1.0,0.0,,10.0,12,0,,0.0,0.3574360074360079
independent,126,12,397,839416,1,1.0,1.0,1.0,1.0,,10.0,12,0,,0.0,0.3807509890843227
independent,126,12,398,839417,1,1.0,1.0,1.0,1.0,,10.0,12,0,,0.0,0.4880261213594557
independent,126,12,399,839418,1,1.0,1.0,1.0,0.0,,10.0,12,0,,0.0,0.4273356690023365
independent,126,12,400,839419,1,1.0,1.0,1.0,0.0,,10.0,12,0,,0.0,0.5999368416035082
independent,126,12,401,839420,1,1.0,1.0,1.0,0.0,,10.0,12,0,,0.0,0.35004885838219196
independent,126,12,402,839421,1,1.0,1.0,1.0,0.0,,10.0,12,0,,0.0,0.5382835216168561
independent,126,12,403,839422,1,1.0,1.0,1.0,0.0,,10.0,12,0,,0.0,0.3318354068354071
independent,126,12,404,839423,1,1.0,1.0,1.0,0.0,,10.0,12,0,,0.0,0.5010987177653856
independent,126,12,405,839424,1,1.0,1.0,1.0,0.0,,10.0,12,0,,0.0,0.30497878831212155
independent,126,12,406,839425,1,1.0,1.0,1.0,0.0,,10.0,12,0,,0.0,0.30390509557176226
independent,126,12,407,839426,1,1.0,1.0,1.0,0.0,,10.0,12,0,,0.0,0.41733161733161805
independent,126,12,408,839427,1,1.0,1.0,1.0,0.0,,10.0,12,0,,0.0,0.631985556985557
independent,126,12,409,839428,1,1.0,1.0,1.0,0.0,,10.0,12,0,,0.0,0.5951487201487201
independent,126,12,410,839429,1,1.0,1.0,1.0,1.0,,10.0,12,0,,0.0,0.41787263453930185
independent,126,12,411,839430,1,1.0,1.0,1.0,0.0,,10.0,12,0,,0.0,0.3404166070832739
independent,126,12,412,839431,1,1.0,1.0,1.0,0.0,,10.0,12,0,,0.0,0.3519972353305689
independent,126,12,413,839432,1,0.0,1.0,1.0,0.0,,10.0,12,0,,0.0,0.36926926926926995
independent,126,12,414,839433,1,1.0,1.0,1.0,0.0,,10.0,12,0,,0.0,0.5273892940559614
independent,126,12,415,839434,1,1.0,1.0,1.0,0.0,,10.0,12,0,,0.0,0.4524143190809865
independent,126,12,416,839435,1,1.0,1.0,1.0,0.0,,10.0,12,0,,0.0,0.4030709280709285
independent,126,12,417,839436,1,1.0,1.0,1.0,1.0,,10.0,12,0,,0.0,0.39482696982697035
independent,126,12,418,839437,1,1.0,1.0,1.0,0.0,,10.0,12,0,,0.0,0.3658098574765243
independent,126,12,419,839438,1,1.0,1.0,1.0,0.0,,10.0,12,0,,0.0,0.5502943419610091
independent,126,12,420,839439,1,1.0,1.0,1.0,0.0,,10.0,12,0,,0.0,0.5849432766099436
independent,126,12,421,839440,1,1.0,1.0,1.0,0.0,,10.0,12,0,,0.0,0.34630821297487996
independent,126,12,422,839441,1,1.0,1.0,1.0,0.0,,10.0,12,0,,0.0,0.38989346489346544
independent,126,12,423,839442,1,1.0,1.0,1.0,1.0,,10.0,12,0,,0.0,0.4914879164879175
independent,126,12,424,839443,1,0.0,1.0,1.0,0.0,,10.0,12,0,,0.0,0.39805877305877346
independent,126,12,425,839444,1,1.0,1.0,1.0,0.0,,10.0,12,0,,0.0,0.42232113065446464
independent,126,12,426,839445,1,1.0,1.0,1.0,0.0,,10.0,12,0,,0.0,0.5053053053053068
independent,126,12,427,839446,1,1.0,1.0,1.0,0.0,,10.0,12,0,,0.0,0.36875685209018594
independent,126,12,428,839447,1,0.0,1.0,1.0,0.0,,10.0,12,0,,0.0,0.4139520472853812
independent,126,12,429,839448,1,1.0,1.0,1.0,1.0,,10.0,12,0,,0.0,0.6203143619810289
independent,126,12,430,839449,1,1.0,1.0,1.0,0.0,,10.0,12,0,,0.0,0.40120715954049346
independent,126,12,431,839450,1,1.0,1.0,1.0,0.0,,10.0,12,0,,0.0,0.4001632584965926
independent,126,12,432,839451,1,1.0,1.0,1.0,0.0,,10.0,12,0,,0.0,0.4862088278754957
independent,126,12,433,839452,1,1.0,1.0,1.0,0.0,,10.0,12,0,,0.0,0.47858930358930474
independent,126,12,434,839453,1,1.0,1.0,1.0,0.0,,10.0,12,0,,0.0,0.3615627532294203
independent,126,12,435,839454,1,1.0,1.0,1.0,0.0,,10.0,12,0,,0.0,0.363378855045522
independent,126,12,436,839455,1,1.0,1.0,1.0,1.0,,10.0,12,0,,0.0,0.44076338243004964
independent,126,12,437,839456,1,1.0,1.0,1.0,1.0,,10.0,12,0,,0.0,0.36545831545831625
independent,126,12,438,839457,1,1.0,1.0,1.0,0.0,,10.0,12,0,,0.0,0.4130737880737885
independent,126,12,439,839458,1,1.0,1.0,1.0,1.0,,10.0,12,0,,0.0,0.5064755231421908
independent,126,12,440,839459,1,0.0,1.0,1.0,0.0,,10.0,12,0,,0.0,0.5013847180513856
independent,126,12,441,839460,1,0.0,1.0,1.0,0.0,,10.0,12,0,,0.0,0.4005517422184093
independent,126,12,442,839461,1,1.0,1.0,1.0,0.0,,10.0,12,0,,0.0,0.48052338052338145
independent,126,12,443,839462,1,1.0,1.0,1.0,0.0,,10.0,12,0,,0.0,0.7057760141093468
independent,126,12,444,839463,1,1.0,1.0,1.0,0.0,,10.0,12,0,,0.0,0.4595881595881605
independent,126,12,445,839464,1,1.0,1.0,1.0,0.0,,10.0,12,0,,0.0,0.3915903999237337
independent,126,12,446,839465,1,1.0,1.0,1.0,1.0,,10.0,12,0,,0.0,0.3973819057152396
independent,126,12,447,839466,1,1.0,1.0,1.0,0.0,,10.0,12,0,,0.0,0.45991229324562743
independent,126,12,448,839467,1,1.0,1.0,1.0,0.0,,10.0,12,0,,0.0,0.361561561561562
independent,126,12,449,839468,1,1.0,1.0,1.0,1.0,,10.0,12,0,,0.0,0.39137709137709203
independent,126,12,450,839469,1,1.0,1.0,1.0,0.0,,10.0,12,0,,0.0,0.5043257543257552
independent,126,12,451,839470,1,1.0,1.0,1.0,0.0,,10.0,12,0,,0.0,0.42144763811430547
independent,126,12,452,839471,1,1.0,1.0,1.0,0.0,,10.0,12,0,,0.0,0.47312431479098255
independent,126,12,453,839472,1,1.0,1.0,1.0,1.0,,10.0,12,0,,0.0,0.5585835835835843
independent,126,12,454,839473,1,1.0,1.0,1.0,0.0,,10.0,12,0,,0.0,0.6354270937604266
independent,126,12,455,839474,1,0.0,1.0,1.0,0.0,,10.0,12,0,,0.0,0.48391010057676814
independent,126,12,456,839475,1,1.0,1.0,1.0,0.0,,10.0,12,0,,0.0,0.31825039325039334
independent,126,12,457,839476,1,1.0,1.0,1.0,0.0,,10.0,12,0,,0.0,0.2889866056532723
independent,126,12,458,839477,1,1.0,1.0,1.0,0.0,,10.0,12,0,,0.0,0.530418513751848
independent,126,12,459,839478,1,1.0,1.0,1.0,1.0,,10.0,12,0,,0.0,0.39347800181133563
independent,126,12,460,839479,1,1.0,1.0,1.0,1.0,,10.0,12,0,,0.0,0.3148410315076982
independent,126,12,461,839480,1,1.0,1.0,1.0,0.0,,10.0,12,0,,0.0,0.35575456408789763
independent,126,12,462,839481,1,1.0,1.0,1.0,0.0,,10.0,12,0,,0.0,0.4286369703036375
independent,126,12,463,839482,1,1.0,1.0,1.0,0.0,,10.0,12,0,,0.0,0.5530792697459375
independent,126,12,464,839483,1,1.0,1.0,1.0,0.0,,10.0,12,0,,0.0,0.34839363172696547
independent,126,12,465,839484,1,1.0,1.0,1.0,0.0,,10.0,12,0,,0.0,0.3330282663615999
independent,126,12,466,839485,1,1.0,1.0,1.0,1.0,,10.0,12,0,,0.0,0.3006149006149004
independent,126,12,467,839486,1,1.0,1.0,1.0,0.0,,10.0,12,0,,0.0,0.7976547976547965
independent,126,12,468,839487,1,1.0,1.0,1.0,0.0,,10.0,12,0,,0.0,0.5211568711568723
independent,126,12,469,839488,1,1.0,1.0,1.0,0.0,,10.0,12,0,,0.0,0.5683052099718772
independent,126,12,470,839489,1,1.0,1.0,1.0,0.0,,10.0,12,0,,0.0,0.40401711235044624
independent,126,12,471,839490,1,1.0,1.0,1.0,0.0,,10.0,12,0,,0.0,0.48160422327089103
independent,126,12,472,839491,1,1.0,1.0,1.0,0.0,,10.0,12,0,,0.0,0.3797297297297302
independent,126,12,473,839492,1,1.0,1.0,1.0,0.0,,10.0,12,0,,0.0,0.43886148052814833
independent,126,12,474,839493,1,1.0,1.0,1.0,1.0,,10.0,12,0,,0.0,0.3404011154011156
independent,126,12,475,839494,1,1.0,1.0,1.0,0.0,,10.0,12,0,,0.0,0.35703799037132417
independent,126,12,476,839495,1,1.0,1.0,1.0,0.0,,10.0,12,0,,0.0,0.5197078030411377
independent,126,12,477,839496,1,0.0,1.0,1.0,0.0,,10.0,12,0,,0.0,0.41011249344582734
independent,126,12,478,839497,1,1.0,1.0,1.0,0.0,,10.0,12,0,,0.0,0.31021736021736024
independent,126,12,479,839498,1,1.0,1.0,1.0,0.0,,10.0,12,0,,0.0,0.36689665856332565
independent,126,12,480,839499,1,1.0,1.0,1.0,0.0,,10.0,12,0,,0.0,0.33251346584679914
independent,126,12,481,839500,1,1.0,1.0,1.0,0.0,,10.0,12,0,,0.0,0.4161947661947669
independent,126,12,482,839501,1,1.0,1.0,1.0,0.0,,10.0,12,0,,0.0,0.38322727489394187
independent,126,12,483,839502,1,1.0,1.0,1.0,0.0,,10.0,12,0,,0.0,0.36997831164497885
independent,126,12,484,839503,1,0.0,1.0,1.0,0.0,,10.0,12,0,,0.0,0.37599146765813485
independent,126,12,485,839504,1,1.0,1.0,1.0,1.0,,10.0,12,0,,0.0,0.43136708136708224
independent,126,12,486,839505,1,1.0,1.0,1.0,0.0,,10.0,12,0,,0.0,0.5471614471614483
independent,126,12,487,839506,1,0.0,1.0,1.0,0.0,,10.0,12,0,,0.0,0.6531054864388197
independent,126,12,488,839507,1,1.0,1.0,1.0,0.0,,10.0,12,0,,0.0,0.40890056723390117
independent,126,12,489,839508,1,1.0,1.0,1.0,1.0,,10.0,12,0,,0.0,0.30638018971352304
independent,126,12,490,839509,1,1.0,1.0,1.0,1.0,,10.0,12,0,,0.0,0.6206051289384624
independent,126,12,491,839510,1,1.0,1.0,1.0,0.0,,10.0,12,0,,0.0,0.3530983364316701
independent,126,12,492,839511,1,1.0,1.0,1.0,1.0,,10.0,12,0,,0.0,0.2943074026407358
independent,126,12,493,839512,1,1.0,1.0,1.0,0.0,,10.0,12,0,,0.0,0.5998617665284334
independent,126,12,494,839513,1,1.0,1.0,1.0,0.0,,10.0,12,0,,0.0,0.3547142380475717
independent,126,12,495,839514,1,1.0,1.0,1.0,0.0,,10.0,12,0,,0.0,0.4723807140473816
independent,126,12,496,839515,1,1.0,1.0,1.0,0.0,,10.0,12,0,,0.0,0.43298774965441694
independent,126,12,497,839516,1,1.0,1.0,1.0,0.0,,10.0,12,0,,0.0,0.3256268172934842
independent,126,12,498,839517,1,1.0,1.0,1.0,0.0,,10.0,12,0,,0.0,0.48265765765765833
independent,126,12,499,839518,1,1.0,1.0,1.0,0.0,,10.0,12,0,,0.0,0.3883883883883891
independent,252,12,0,965019,1,1.0,1.0,1.0,0.0,,10.0,12,0,,0.0,0.538102388102389
independent,252,12,1,965020,1,1.0,1.0,1.0,1.0,,10.0,12,0,,0.0,0.36891176891176936
independent,252,12,2,965021,1,1.0,1.0,1.0,0.0,,10.0,12,0,,0.0,0.39443967777301153
independent,252,12,3,965022,1,1.0,1.0,1.0,0.0,,10.0,12,0,,0.0,0.4436710520043862
independent,252,12,4,965023,1,1.0,1.0,1.0,0.0,,10.0,12,0,,0.0,0.45788526621860015
independent,252,12,5,965024,1,1.0,1.0,1.0,1.0,,10.0,12,0,,0.0,0.4030089613422949
independent,252,12,6,965025,1,1.0,1.0,1.0,0.0,,10.0,12,0,,0.0,0.47364626531293297
independent,252,12,7,965026,1,1.0,1.0,1.0,0.0,,10.0,12,0,,0.0,0.6336729586729584
independent,252,12,8,965027,1,1.0,1.0,1.0,0.0,,10.0,12,0,,0.0,0.4885885885885899
independent,252,12,9,965028,1,1.0,1.0,1.0,1.0,,10.0,12,0,,0.0,0.4385409218742559
independent,252,12,10,965029,1,1.0,1.0,1.0,0.0,,10.0,12,0,,0.0,0.46573954907288334
independent,252,12,11,965030,1,1.0,1.0,1.0,0.0,,10.0,12,0,,0.0,0.429920396587064
independent,252,12,12,965031,1,1.0,1.0,1.0,1.0,,10.0,12,0,,0.0,0.4389031889031897
independent,252,12,13,965032,1,1.0,1.0,1.0,1.0,,10.0,12,0,,0.0,0.4918692502025846
independent,252,12,14,965033,1,1.0,1.0,1.0,0.0,,10.0,12,0,,0.0,0.3325337242003908
independent,252,12,15,965034,1,0.0,1.0,1.0,0.0,,10.0,12,0,,0.0,0.4174043090709762
independent,252,12,16,965035,1,0.0,1.0,1.0,0.0,,10.0,12,0,,0.0,0.5817448400781736
independent,252,12,17,965036,1,1.0,1.0,1.0,0.0,,10.0,12,0,,0.0,0.4395383478716821
independent,252,12,18,965037,1,1.0,1.0,1.0,0.0,,10.0,12,0,,0.0,0.5211616378283056
independent,252,12,19,965038,1,1.0,1.0,1.0,0.0,,10.0,12,0,,0.0,0.6798334048334042
independent,252,12,20,965039,1,1.0,1.0,1.0,0.0,,10.0,12,0,,0.0,0.30655893989227295
independent,252,12,21,965040,1,1.0,1.0,1.0,0.0,,10.0,12,0,,0.0,0.2928285428285427
independent,252,12,22,965041,1,1.0,1.0,1.0,0.0,,10.0,12,0,,0.0,0.48683326183326286
independent,252,12,23,965042,1,1.0,1.0,1.0,0.0,,10.0,12,0,,0.0,0.553694170360837
independent,252,12,24,965043,1,1.0,1.0,1.0,1.0,,10.0,12,0,,0.0,0.37445659945659987
independent,252,12,25,965044,1,1.0,1.0,1.0,1.0,,10.0,12,0,,0.0,0.3981922398589071
independent,252,12,26,965045,1,1.0,1.0,1.0,0.0,,10.0,12,0,,0.0,0.5503491586824926
independent,252,12,27,965046,1,1.0,1.0,1.0,1.0,,10.0,12,0,,0.0,0.2886171886171886
independent,252,12,28,965047,1,1.0,1.0,1.0,0.0,,10.0,12,0,,0.0,0.5338088088088099
independent,252,12,29,965048,1,1.0,1.0,1.0,0.0,,10.0,12,0,,0.0,0.46265193765193835
independent,252,12,30,965049,1,1.0,1.0,1.0,1.0,,10.0,12,0,,0.0,0.2506983173649837
independent,252,12,31,965050,1,1.0,1.0,1.0,0.0,,10.0,12,0,,0.0,0.41992587825921257
independent,252,12,32,965051,1,0.0,1.0,1.0,0.0,,10.0,12,0,,0.0,0.429556937890272
independent,252,12,33,965052,1,1.0,1.0,1.0,0.0,,10.0,12,0,,0.0,0.35700104866771576
independent,252,12,34,965053,1,1.0,1.0,1.0,1.0,,10.0,12,0,,0.0,0.5033605033605044
independent,252,12,35,965054,1,1.0,1.0,1.0,0.0,,10.0,12,0,,0.0,0.6375148958482286
independent,252,12,36,965055,1,1.0,1.0,1.0,0.0,,10.0,12,0,,0.0,0.291209066209066
independent,252,12,37,965056,1,1.0,1.0,1.0,0.0,,10.0,12,0,,0.0,0.45388960388960475
independent,252,12,38,965057,1,1.0,1.0,1.0,0.0,,10.0,12,0,,0.0,0.6506613756613757
independent,252,12,39,965058,1,1.0,1.0,1.0,0.0,,10.0,12,0,,0.0,0.5119607702941047
independent,252,12,40,965059,1,1.0,1.0,1.0,0.0,,10.0,12,0,,0.0,0.4428285428285434
independent,252,12,41,965060,1,1.0,1.0,1.0,1.0,,10.0,12,0,,0.0,0.3653391486724824
independent,252,12,42,965061,1,1.0,1.0,1.0,0.0,,10.0,12,0,,0.0,0.4459387959387971
independent,252,12,43,965062,1,1.0,1.0,1.0,0.0,,10.0,12,0,,0.0,0.4158610991944332
independent,252,12,44,965063,1,1.0,1.0,1.0,0.0,,10.0,12,0,,0.0,0.5335502168835508
independent,252,12,45,965064,1,0.0,1.0,1.0,0.0,,10.0,12,0,,0.0,0.3612648362648367
independent,252,12,46,965065,1,1.0,1.0,1.0,0.0,,10.0,12,0,,0.0,0.47606415939749364
independent,252,12,47,965066,1,1.0,1.0,1.0,0.0,,10.0,12,0,,0.0,0.430291005291006
independent,252,12,48,965067,1,0.0,1.0,1.0,0.0,,10.0,12,0,,0.0,0.43918799752133186
independent,252,12,49,965068,1,1.0,1.0,1.0,1.0,,10.0,12,0,,0.0,0.35294341961008663
independent,252,12,50,965069,1,1.0,1.0,1.0,1.0,,10.0,12,0,,0.0,0.3056675723342392
independent,252,12,51,965070,1,1.0,1.0,1.0,0.0,,10.0,12,0,,0.0,0.599454216120883
independent,252,12,52,965071,1,1.0,1.0,1.0,1.0,,10.0,12,0,,0.0,0.36176295342962045
independent,252,12,53,965072,1,1.0,1.0,1.0,0.0,,10.0,12,0,,0.0,0.272204347204347
independent,252,12,54,965073,1,1.0,1.0,1.0,1.0,,10.0,12,0,,0.0,0.30270151103484433
independent,252,12,55,965074,1,0.0,1.0,1.0,0.0,,10.0,12,0,,0.0,0.5409445159445166
independent,252,12,56,965075,1,1.0,1.0,1.0,0.0,,10.0,12,0,,0.0,0.7359132942466267
independent,252,12,57,965076,1,1.0,1.0,1.0,0.0,,10.0,12,0,,0.0,0.42435649935650027
independent,252,12,58,965077,1,1.0,1.0,1.0,1.0,,10.0,12,0,,0.0,0.4777170027170038
independent,252,12,59,965078,1,0.0,1.0,1.0,0.0,,10.0,12,0,,0.0,0.5613720863720868
independent,252,12,60,965079,1,1.0,1.0,1.0,0.0,,10.0,12,0,,0.0,0.3653403403403407
independent,252,12,61,965080,1,1.0,1.0,1.0,0.0,,10.0,12,0,,0.0,0.4768518518518526
independent,252,12,62,965081,1,1.0,1.0,1.0,0.0,,10.0,12,0,,0.0,0.4569390819390827
independent,252,12,63,965082,1,1.0,1.0,1.0,0.0,,10.0,12,0,,0.0,0.3842175508842181
independent,252,12,64,965083,1,1.0,1.0,1.0,1.0,,10.0,12,0,,0.0,0.406492206492207
independent,252,12,65,965084,1,1.0,1.0,1.0,0.0,,10.0,12,0,,0.0,0.3843677010343683
independent,252,12,66,965085,1,1.0,1.0,1.0,0.0,,10.0,12,0,,0.0,0.5439117689117695
independent,252,12,67,965086,1,1.0,1.0,1.0,0.0,,10.0,12,0,,0.0,0.3972543972543978
independent,252,12,68,965087,1,1.0,1.0,1.0,0.0,,10.0,12,0,,0.0,0.3473497306830645
independent,252,12,69,965088,1,1.0,1.0,1.0,1.0,,10.0,12,0,,0.0,0.39982482482482573
independent,252,12,70,965089,1,1.0,1.0,1.0,1.0,,10.0,12,0,,0.0,0.3353782353782355
independent,252,12,71,965090,1,1.0,1.0,1.0,1.0,,10.0,12,0,,0.0,0.6705646122312784
independent,252,12,72,965091,1,0.0,1.0,1.0,0.0,,10.0,12,0,,0.0,0.42122122122122213
independent,252,12,73,965092,1,1.0,1.0,1.0,0.0,,10.0,12,0,,0.0,0.31625554125554123
independent,252,12,74,965093,1,1.0,1.0,1.0,0.0,,10.0,12,0,,0.0,0.3934839601506273
independent,252,12,75,965094,1,1.0,1.0,1.0,0.0,,10.0,12,0,,0.0,0.7471376138042799
independent,252,12,76,965095,1,1.0,1.0,1.0,0.0,,10.0,12,0,,0.0,0.35388722055388755
independent,252,12,77,965096,1,1.0,1.0,1.0,0.0,,10.0,12,0,,0.0,0.3841007674341013
independent,252,12,78,965097,1,1.0,1.0,1.0,0.0,,10.0,12,0,,0.0,0.45614781448114894
independent,252,12,79,965098,1,1.0,1.0,1.0,0.0,,10.0,12,0,,0.0,0.38842890509557226
independent,252,12,80,965099,1,1.0,1.0,1.0,0.0,,10.0,12,0,,0.0,0.39984031650698354
independent,252,12,81,965100,1,1.0,1.0,1.0,0.0,,10.0,12,0,,0.0,0.4510999094332437
independent,252,12,82,965101,1,1.0,1.0,1.0,1.0,,10.0,12,0,,0.0,0.5559261642594979
independent,252,12,83,965102,1,1.0,1.0,1.0,0.0,,10.0,12,0,,0.0,0.362616187616188
independent,252,12,84,965103,1,1.0,1.0,1.0,0.0,,10.0,12,0,,0.0,0.4050490967157638
independent,252,12,85,965104,1,1.0,1.0,1.0,0.0,,10.0,12,0,,0.0,0.3466728633395304
independent,252,12,86,965105,1,1.0,1.0,1.0,0.0,,10.0,12,0,,0.0,0.39584584584584637
independent,252,12,87,965106,1,1.0,1.0,1.0,1.0,,10.0,12,0,,0.0,0.7472841889508549
independent,252,12,88,965107,1,0.0,1.0,1.0,0.0,,10.0,12,0,,0.0,0.5984710901377573
independent,252,12,89,965108,1,1.0,1.0,1.0,0.0,,10.0,12,0,,0.0,0.4338195338195345
independent,252,12,90,965109,1,1.0,1.0,1.0,0.0,,10.0,12,0,,0.0,0.40321511988178704
independent,252,12,91,965110,1,1.0,1.0,1.0,0.0,,10.0,12,0,,0.0,0.3776002192668865
independent,252,12,92,965111,1,1.0,1.0,1.0,0.0,,10.0,12,0,,0.0,0.38644358644358684
independent,252,12,93,965112,1,1.0,1.0,1.0,0.0,,10.0,12,0,,0.0,0.7114543114543106
independent,252,12,94,965113,1,1.0,1.0,1.0,0.0,,10.0,12,0,,0.0,0.4304447304447311
independent,252,12,95,965114,1,1.0,1.0,1.0,1.0,,10.0,12,0,,0.0,0.373406740073407
independent,252,12,96,965115,1,1.0,1.0,1.0,0.0,,10.0,12,0,,0.0,0.394249010915678
independent,252,12,97,965116,1,1.0,1.0,1.0,1.0,,10.0,12,0,,0.0,0.352968444635112
independent,252,12,98,965117,1,1.0,1.0,1.0,1.0,,10.0,12,0,,0.0,0.5408634825301499
independent,252,12,99,965118,1,1.0,1.0,1.0,0.0,,10.0,12,0,,0.0,0.3379701129701131
independent,252,12,100,965119,1,1.0,1.0,1.0,0.0,,10.0,12,0,,0.0,0.39034629867963283
independent,252,12,101,965120,1,1.0,1.0,1.0,0.0,,10.0,12,0,,0.0,0.44191930025263415
independent,252,12,102,965121,1,0.0,1.0,1.0,0.0,,10.0,12,0,,0.0,0.5460257876924551
independent,252,12,103,965122,1,1.0,1.0,1.0,1.0,,10.0,12,0,,0.0,0.3913329996663338
independent,252,12,104,965123,1,1.0,1.0,1.0,0.0,,10.0,12,0,,0.0,0.4543483960150635
independent,252,12,105,965124,1,1.0,1.0,1.0,0.0,,10.0,12,0,,0.0,0.4703489203489212
independent,252,12,106,965125,1,1.0,1.0,1.0,0.0,,10.0,12,0,,0.0,0.5690142523475863
independent,252,12,107,965126,1,1.0,1.0,1.0,0.0,,10.0,12,0,,0.0,0.6635802469135798
independent,252,12,108,965127,1,1.0,1.0,1.0,1.0,,10.0,12,0,,0.0,0.381417131417132
independent,252,12,109,965128,1,1.0,1.0,1.0,0.0,,10.0,12,0,,0.0,0.31728395061728376
independent,252,12,110,965129,1,0.0,1.0,1.0,0.0,,10.0,12,0,,0.0,0.44823871490538236
independent,252,12,111,965130,1,1.0,1.0,1.0,0.0,,10.0,12,0,,0.0,0.35937127603794294
independent,252,12,112,965131,1,1.0,1.0,1.0,1.0,,10.0,12,0,,0.0,0.3692704609371279
independent,252,12,113,965132,1,1.0,1.0,1.0,0.0,,10.0,12,0,,0.0,0.3633526383526386
independent,252,12,114,965133,1,1.0,1.0,1.0,0.0,,10.0,12,0,,0.0,0.40276705276705327
independent,252,12,115,965134,1,1.0,1.0,1.0,0.0,,10.0,12,0,,0.0,0.4880535297201973
independent,252,12,116,965135,1,1.0,1.0,1.0,0.0,,10.0,12,0,,0.0,0.39726631393298095
independent,252,12,117,965136,1,1.0,1.0,1.0,0.0,,10.0,12,0,,0.0,0.6184279517612852
independent,252,12,118,965137,1,1.0,1.0,1.0,0.0,,10.0,12,0,,0.0,0.7271152104485429
independent,252,12,119,965138,1,1.0,1.0,1.0,0.0,,10.0,12,0,,0.0,0.4271640688307362
independent,252,12,120,965139,1,0.0,1.0,1.0,0.0,,10.0,12,0,,0.0,0.6344201344201342
independent,252,12,121,965140,1,1.0,1.0,1.0,0.0,,10.0,12,0,,0.0,0.42169669669669724
independent,252,12,122,965141,1,0.0,1.0,1.0,0.0,,10.0,12,0,,0.0,0.3121097287763954
independent,252,12,123,965142,1,1.0,1.0,1.0,0.0,,10.0,12,0,,0.0,0.43543305209971933
independent,252,12,124,965143,1,1.0,1.0,1.0,1.0,,10.0,12,0,,0.0,0.3787525620858958
independent,252,12,125,965144,1,1.0,1.0,1.0,0.0,,10.0,12,0,,0.0,0.4510879927546606
independent,252,12,126,965145,1,1.0,1.0,1.0,0.0,,10.0,12,0,,0.0,0.27774202774202733
independent,252,12,127,965146,1,1.0,1.0,1.0,0.0,,10.0,12,0,,0.0,0.3243350493350494
independent,252,12,128,965147,1,1.0,1.0,1.0,0.0,,10.0,12,0,,0.0,0.5068985652318992
independent,252,12,129,965148,1,1.0,1.0,1.0,0.0,,10.0,12,0,,0.0,0.4981123981123993
independent,252,12,130,965149,1,1.0,1.0,1.0,0.0,,10.0,12,0,,0.0,0.3900662567329237
independent,252,12,131,965150,1,1.0,1.0,1.0,1.0,,10.0,12,0,,0.0,0.5491789408456085
independent,252,12,132,965151,1,1.0,1.0,1.0,0.0,,10.0,12,0,,0.0,0.3477060393727064
independent,252,12,133,965152,1,1.0,1.0,1.0,0.0,,10.0,12,0,,0.0,0.3325992659325996
independent,252,12,134,965153,1,1.0,1.0,1.0,0.0,,10.0,12,0,,0.0,0.5867605700939033
independent,252,12,135,965154,1,1.0,1.0,1.0,0.0,,10.0,12,0,,0.0,0.43220363220363284
independent,252,12,136,965155,1,1.0,1.0,1.0,0.0,,10.0,12,0,,0.0,0.320514562181229
independent,252,12,137,965156,1,1.0,1.0,1.0,0.0,,10.0,12,0,,0.0,0.3147313980647316
independent,252,12,138,965157,1,1.0,1.0,1.0,1.0,,10.0,12,0,,0.0,0.6957374040707368
independent,252,12,139,965158,1,1.0,1.0,1.0,0.0,,10.0,12,0,,0.0,0.38074860574860636
independent,252,12,140,965159,1,1.0,1.0,1.0,1.0,,10.0,12,0,,0.0,0.46531054864388277
independent,252,12,141,965160,1,1.0,1.0,1.0,0.0,,10.0,12,0,,0.0,0.7196088946088933
independent,252,12,142,965161,1,1.0,1.0,1.0,0.0,,10.0,12,0,,0.0,0.37808641975308693
independent,252,12,143,965162,1,1.0,1.0,1.0,0.0,,10.0,12,0,,0.0,0.3879879879879884
independent,252,12,144,965163,1,1.0,1.0,1.0,0.0,,10.0,12,0,,0.0,0.4690678774012118
independent,252,12,145,965164,1,1.0,1.0,1.0,0.0,,10.0,12,0,,0.0,0.5056616139949485
independent,252,12,146,965165,1,1.0,1.0,1.0,1.0,,10.0,12,0,,0.0,0.45227251060584434
independent,252,12,147,965166,1,1.0,1.0,1.0,0.0,,10.0,12,0,,0.0,0.4590411840411846
independent,252,12,148,965167,1,1.0,1.0,1.0,0.0,,10.0,12,0,,0.0,0.3202845702845705
independent,252,12,149,965168,1,1.0,1.0,1.0,0.0,,10.0,12,0,,0.0,0.5625852042518714
independent,252,12,150,965169,1,1.0,1.0,1.0,0.0,,10.0,12,0,,0.0,0.5434923018256359
independent,252,12,151,965170,1,1.0,1.0,1.0,0.0,,10.0,12,0,,0.0,0.4770222603555947
independent,252,12,152,965171,1,1.0,1.0,1.0,0.0,,10.0,12,0,,0.0,0.4771700271700283
independent,252,12,153,965172,1,1.0,1.0,1.0,0.0,,10.0,12,0,,0.0,0.3759199675866347
independent,252,12,154,965173,1,1.0,1.0,1.0,0.0,,10.0,12,0,,0.0,0.5366271032937706
independent,252,12,155,965174,1,1.0,1.0,1.0,0.0,,10.0,12,0,,0.0,0.47540040040040143
independent,252,12,156,965175,1,1.0,1.0,1.0,0.0,,10.0,12,0,,0.0,0.43449044282377686
independent,252,12,157,965176,1,1.0,1.0,1.0,0.0,,10.0,12,0,,0.0,0.4561382811382822
independent,252,12,158,965177,1,1.0,1.0,1.0,0.0,,10.0,12,0,,0.0,0.32846060346060374
independent,252,12,159,965178,1,1.0,1.0,1.0,0.0,,10.0,12,0,,0.0,0.4499523332856675
independent,252,12,160,965179,1,1.0,1.0,1.0,1.0,,10.0,12,0,,0.0,0.47367844034510753
independent,252,12,161,965180,1,1.0,1.0,1.0,0.0,,10.0,12,0,,0.0,0.5273416273416284
independent,252,12,162,965181,1,1.0,1.0,1.0,1.0,,10.0,12,0,,0.0,0.3394751894751898
independent,252,12,163,965182,1,1.0,1.0,1.0,0.0,,10.0,12,0,,0.0,0.7443085943085934
independent,252,12,164,965183,1,1.0,1.0,1.0,0.0,,10.0,12,0,,0.0,0.36128628628628673
independent,252,12,165,965184,1,1.0,1.0,1.0,0.0,,10.0,12,0,,0.0,0.597002955336289
independent,252,12,166,965185,1,1.0,1.0,1.0,0.0,,10.0,12,0,,0.0,0.3705348205348211
independent,252,12,167,965186,1,1.0,1.0,1.0,1.0,,10.0,12,0,,0.0,0.3970220220220224
independent,252,12,168,965187,1,1.0,1.0,1.0,1.0,,10.0,12,0,,0.0,0.40893393393393435
independent,252,12,169,965188,1,1.0,1.0,1.0,0.0,,10.0,12,0,,0.0,0.590447590447591
independent,252,12,170,965189,1,1.0,1.0,1.0,0.0,,10.0,12,0,,0.0,0.3425306258639596
independent,252,12,171,965190,1,1.0,1.0,1.0,0.0,,10.0,12,0,,0.0,0.3657347824014496
independent,252,12,172,965191,1,1.0,1.0,1.0,0.0,,10.0,12,0,,0.0,0.38792482959149677
independent,252,12,173,965192,1,1.0,1.0,1.0,0.0,,10.0,12,0,,0.0,0.672852614519281
independent,252,12,174,965193,1,1.0,1.0,1.0,0.0,,10.0,12,0,,0.0,0.4827148577148586
independent,252,12,175,965194,1,1.0,1.0,1.0,0.0,,10.0,12,0,,0.0,0.3533831450498123
independent,252,12,176,965195,1,1.0,1.0,1.0,0.0,,10.0,12,0,,0.0,0.3903570236903576
independent,252,12,177,965196,1,1.0,1.0,1.0,0.0,,10.0,12,0,,0.0,0.37375589875589926
independent,252,12,178,965197,1,1.0,1.0,1.0,1.0,,10.0,12,0,,0.0,0.35979908479908496
independent,252,12,179,965198,1,0.0,1.0,1.0,0.0,,10.0,12,0,,0.0,0.4911566328233004
independent,252,12,180,965199,1,1.0,1.0,1.0,0.0,,10.0,12,0,,0.0,0.3302409552409554
independent,252,12,181,965200,1,1.0,1.0,1.0,1.0,,10.0,12,0,,0.0,0.33025048858382233
independent,252,12,182,965201,1,1.0,1.0,1.0,0.0,,10.0,12,0,,0.0,0.33920348920348947
independent,252,12,183,965202,1,1.0,1.0,1.0,0.0,,10.0,12,0,,0.0,0.4358596691930033
independent,252,12,184,965203,1,1.0,1.0,1.0,0.0,,10.0,12,0,,0.0,0.5240764574097919
independent,252,12,185,965204,1,1.0,1.0,1.0,0.0,,10.0,12,0,,0.0,0.4638519471852814
independent,252,12,186,965205,1,1.0,1.0,1.0,0.0,,10.0,12,0,,0.0,0.4307343057343062
independent,252,12,187,965206,1,1.0,1.0,1.0,0.0,,10.0,12,0,,0.0,0.501151151151152
independent,252,12,188,965207,1,1.0,1.0,1.0,0.0,,10.0,12,0,,0.0,0.30317221983888637
independent,252,12,189,965208,1,0.0,1.0,1.0,0.0,,10.0,12,0,,0.0,0.46000166833500267
independent,252,12,190,965209,1,1.0,1.0,1.0,0.0,,10.0,12,0,,0.0,0.47108298774965557
independent,252,12,191,965210,1,0.0,1.0,1.0,0.0,,10.0,12,0,,0.0,0.5370715954049292
independent,252,12,192,965211,1,1.0,1.0,1.0,1.0,,10.0,12,0,,0.0,0.39430740264073605
independent,252,12,193,965212,1,1.0,1.0,1.0,1.0,,10.0,12,0,,0.0,0.2858131941465273
independent,252,12,194,965213,1,1.0,1.0,1.0,0.0,,10.0,12,0,,0.0,0.35312216978883676
independent,252,12,195,965214,1,1.0,1.0,1.0,0.0,,10.0,12,0,,0.0,0.4481898565231907
independent,252,12,196,965215,1,1.0,1.0,1.0,0.0,,10.0,12,0,,0.0,0.6394573144573142
independent,252,12,197,965216,1,1.0,1.0,1.0,0.0,,10.0,12,0,,0.0,0.5804483054483056
independent,252,12,198,965217,1,1.0,1.0,1.0,0.0,,10.0,12,0,,0.0,0.8266456933123587
independent,252,12,199,965218,1,1.0,1.0,1.0,0.0,,10.0,12,0,,0.0,0.608733733733734
independent,252,12,200,965219,1,1.0,1.0,1.0,0.0,,10.0,12,0,,0.0,0.3613065446398783
independent,252,12,201,965220,1,1.0,1.0,1.0,0.0,,10.0,12,0,,0.0,0.46573359073359183
independent,252,12,202,965221,1,0.0,1.0,1.0,0.0,,10.0,12,0,,0.0,0.4184827684827692
independent,252,12,203,965222,1,1.0,1.0,1.0,0.0,,10.0,12,0,,0.0,0.7196660946660939
independent,252,12,204,965223,1,1.0,1.0,1.0,0.0,,10.0,12,0,,0.0,0.36067019400352784
independent,252,12,205,965224,1,1.0,1.0,1.0,0.0,,10.0,12,0,,0.0,0.34276300109633484
independent,252,12,206,965225,1,1.0,1.0,1.0,0.0,,10.0,12,0,,0.0,0.5366938366938379
independent,252,12,207,965226,1,1.0,1.0,1.0,0.0,,10.0,12,0,,0.0,0.4708172458172466
independent,252,12,208,965227,1,1.0,1.0,1.0,1.0,,10.0,12,0,,0.0,0.4086944086944093
independent,252,12,209,965228,1,1.0,1.0,1.0,0.0,,10.0,12,0,,0.0,0.367456742456743
independent,252,12,210,965229,1,1.0,1.0,1.0,0.0,,10.0,12,0,,0.0,0.36766170932837655
independent,252,12,211,965230,1,1.0,1.0,1.0,0.0,,10.0,12,0,,0.0,0.3889603889603892
independent,252,12,212,965231,1,1.0,1.0,1.0,0.0,,10.0,12,0,,0.0,0.48524715191381984
independent,252,12,213,965232,1,1.0,1.0,1.0,0.0,,10.0,12,0,,0.0,0.33205944039277374
independent,252,12,214,965233,1,0.0,1.0,1.0,0.0,,10.0,12,0,,0.0,0.5261702178368853
independent,252,12,215,965234,1,1.0,1.0,1.0,0.0,,10.0,12,0,,0.0,0.492088517088518
independent,252,12,216,965235,1,1.0,1.0,1.0,0.0,,10.0,12,0,,0.0,0.431527956527957
independent,252,12,217,965236,1,1.0,1.0,1.0,0.0,,10.0,12,0,,0.0,0.4327625244291917
independent,252,12,218,965237,1,1.0,1.0,1.0,0.0,,10.0,12,0,,0.0,0.36601839935173314
independent,252,12,219,965238,1,1.0,1.0,1.0,0.0,,10.0,12,0,,0.0,0.4614257114257124
independent,252,12,220,965239,1,1.0,1.0,1.0,0.0,,10.0,12,0,,0.0,0.6848205348205343
independent,252,12,221,965240,1,1.0,1.0,1.0,0.0,,10.0,12,0,,0.0,0.3252693169359837
independent,252,12,222,965241,1,0.0,1.0,1.0,0.0,,10.0,12,0,,0.0,0.2937485104151771
independent,252,12,223,965242,1,1.0,1.0,1.0,0.0,,10.0,12,0,,0.0,0.4804852471519147
independent,252,12,224,965243,1,1.0,1.0,1.0,0.0,,10.0,12,0,,0.0,0.34158324991658345
independent,252,12,225,965244,1,1.0,1.0,1.0,0.0,,10.0,12,0,,0.0,0.37959387959388025
independent,252,12,226,965245,1,1.0,1.0,1.0,1.0,,10.0,12,0,,0.0,0.5305043138376478
independent,252,12,227,965246,1,0.0,1.0,1.0,0.0,,10.0,12,0,,0.0,0.42500953334286745
independent,252,12,228,965247,1,1.0,1.0,1.0,1.0,,10.0,12,0,,0.0,0.5620132036798711
independent,252,12,229,965248,1,1.0,1.0,1.0,1.0,,10.0,12,0,,0.0,0.4435649935649944
independent,252,12,230,965249,1,1.0,1.0,1.0,0.0,,10.0,12,0,,0.0,0.525196625196626
independent,252,12,231,965250,1,1.0,1.0,1.0,0.0,,10.0,12,0,,0.0,0.34365913532580217
independent,252,12,232,965251,1,1.0,1.0,1.0,0.0,,10.0,12,0,,0.0,0.3965691882358555
independent,252,12,233,965252,1,1.0,1.0,1.0,0.0,,10.0,12,0,,0.0,0.500345583678918
independent,252,12,234,965253,1,1.0,1.0,1.0,0.0,,10.0,12,0,,0.0,0.5163186996520341
independent,252,12,235,965254,1,1.0,1.0,1.0,0.0,,10.0,12,0,,0.0,0.5846882596882602
independent,252,12,236,965255,1,1.0,1.0,1.0,0.0,,10.0,12,0,,0.0,0.38023738023738074
independent,252,12,237,965256,1,1.0,1.0,1.0,0.0,,10.0,12,0,,0.0,0.350083416750084
independent,252,12,238,965257,1,1.0,1.0,1.0,0.0,,10.0,12,0,,0.0,0.4619274035940713
independent,252,12,239,965258,1,1.0,1.0,1.0,0.0,,10.0,12,0,,0.0,0.678174603174603
independent,252,12,240,965259,1,1.0,1.0,1.0,0.0,,10.0,12,0,,0.0,0.49447542780876214
independent,252,12,241,965260,1,1.0,1.0,1.0,0.0,,10.0,12,0,,0.0,0.39234591734591795
independent,252,12,242,965261,1,1.0,1.0,1.0,0.0,,10.0,12,0,,0.0,0.5021140187806867
independent,252,12,243,965262,1,1.0,1.0,1.0,0.0,,10.0,12,0,,0.0,0.38615281948615354
independent,252,12,244,965263,1,1.0,1.0,1.0,0.0,,10.0,12,0,,0.0,0.4433266599933273
independent,252,12,245,965264,1,1.0,1.0,1.0,0.0,,10.0,12,0,,0.0,0.37964988798322186
independent,252,12,246,965265,1,1.0,1.0,1.0,0.0,,10.0,12,0,,0.0,0.4331974831974842
independent,252,12,247,965266,1,1.0,1.0,1.0,0.0,,10.0,12,0,,0.0,0.46164259497592924
independent,252,12,248,965267,1,1.0,1.0,1.0,0.0,,10.0,12,0,,0.0,0.46218718718718793
independent,252,12,249,965268,1,1.0,1.0,1.0,1.0,,10.0,12,0,,0.0,0.6143035893035892
independent,252,12,250,965269,1,1.0,1.0,1.0,1.0,,10.0,12,0,,0.0,0.340181848515182
independent,252,12,251,965270,1,1.0,1.0,1.0,0.0,,10.0,12,0,,0.0,0.4105295771962444
independent,252,12,252,965271,1,1.0,1.0,1.0,0.0,,10.0,12,0,,0.0,0.4385754802421476
independent,252,12,253,965272,1,1.0,1.0,1.0,0.0,,10.0,12,0,,0.0,0.5091746508413183
independent,252,12,254,965273,1,1.0,1.0,1.0,0.0,,10.0,12,0,,0.0,0.582412174078841
independent,252,12,255,965274,1,1.0,1.0,1.0,0.0,,10.0,12,0,,0.0,0.49552052052052137
independent,252,12,256,965275,1,1.0,1.0,1.0,0.0,,10.0,12,0,,0.0,0.5047130463797141
independent,252,12,257,965276,1,1.0,1.0,1.0,1.0,,10.0,12,0,,0.0,0.38134205634205676
independent,252,12,258,965277,1,1.0,1.0,1.0,0.0,,10.0,12,0,,0.0,0.5156263406263418
independent,252,12,259,965278,1,1.0,1.0,1.0,0.0,,10.0,12,0,,0.0,0.4957540874207549
independent,252,12,260,965279,1,0.0,1.0,1.0,0.0,,10.0,12,0,,0.0,0.4762834262834274
independent,252,12,261,965280,1,1.0,1.0,1.0,1.0,,10.0,12,0,,0.0,0.4443443443443454
independent,252,12,262,965281,1,1.0,1.0,1.0,0.0,,10.0,12,0,,0.0,0.7391141141141134
independent,252,12,263,965282,1,1.0,1.0,1.0,0.0,,10.0,12,0,,0.0,0.3476667143333812
independent,252,12,264,965283,1,1.0,1.0,1.0,0.0,,10.0,12,0,,0.0,0.43072834739501475
independent,252,12,265,965284,1,1.0,1.0,1.0,0.0,,10.0,12,0,,0.0,0.5323227989894662
independent,252,12,266,965285,1,1.0,1.0,1.0,0.0,,10.0,12,0,,0.0,0.36828733495400223
independent,252,12,267,965286,1,0.0,1.0,1.0,0.0,,10.0,12,0,,0.0,0.38732661232661286
independent,252,12,268,965287,1,1.0,1.0,1.0,0.0,,10.0,12,0,,0.0,0.3836038419371761
independent,252,12,269,965288,1,1.0,1.0,1.0,0.0,,10.0,12,0,,0.0,0.3639460889460894
independent,252,12,270,965289,1,1.0,1.0,1.0,0.0,,10.0,12,0,,0.0,0.5656990323656994
independent,252,12,271,965290,1,1.0,1.0,1.0,0.0,,10.0,12,0,,0.0,0.42588064254731006
independent,252,12,272,965291,1,1.0,1.0,1.0,0.0,,10.0,12,0,,0.0,0.34227560894227604
independent,252,12,273,965292,1,1.0,1.0,1.0,0.0,,10.0,12,0,,0.0,0.5357929357929365
independent,252,12,274,965293,1,1.0,1.0,1.0,0.0,,10.0,12,0,,0.0,0.43886267219600605
independent,252,12,275,965294,1,1.0,1.0,1.0,0.0,,10.0,12,0,,0.0,0.4343677010343688
independent,252,12,276,965295,1,1.0,1.0,1.0,0.0,,10.0,12,0,,0.0,0.6841377091377083
independent,252,12,277,965296,1,1.0,1.0,1.0,0.0,,10.0,12,0,,0.0,0.3979741646408319
independent,252,12,278,965297,1,1.0,1.0,1.0,0.0,,10.0,12,0,,0.0,0.4165903999237341
independent,252,12,279,965298,1,1.0,1.0,1.0,0.0,,10.0,12,0,,0.0,0.3929667763001103
independent,252,12,280,965299,1,1.0,1.0,1.0,0.0,,10.0,12,0,,0.0,0.39973068306401704
independent,252,12,281,965300,1,1.0,1.0,1.0,0.0,,10.0,12,0,,0.0,0.539264264264265
independent,252,12,282,965301,1,1.0,1.0,1.0,1.0,,10.0,12,0,,0.0,0.3050645883979217
independent,252,12,283,965302,1,1.0,1.0,1.0,0.0,,10.0,12,0,,0.0,0.42610586777253556
independent,252,12,284,965303,1,1.0,1.0,1.0,0.0,,10.0,12,0,,0.0,0.5120787454120799
independent,252,12,285,965304,1,1.0,1.0,1.0,0.0,,10.0,12,0,,0.0,0.37979765479765504
independent,252,12,286,965305,1,1.0,1.0,1.0,0.0,,10.0,12,0,,0.0,0.4286643786643795
independent,252,12,287,965306,1,1.0,1.0,1.0,0.0,,10.0,12,0,,0.0,0.27887172887172873
independent,252,12,288,965307,1,1.0,1.0,1.0,1.0,,10.0,12,0,,0.0,0.4415486915486923
independent,252,12,289,965308,1,1.0,1.0,1.0,1.0,,10.0,12,0,,0.0,0.34134849134849177
independent,252,12,290,965309,1,1.0,1.0,1.0,0.0,,10.0,12,0,,0.0,0.4623432956766295
independent,252,12,291,965310,1,1.0,1.0,1.0,0.0,,10.0,12,0,,0.0,0.6272903856237191
independent,252,12,292,965311,1,1.0,1.0,1.0,0.0,,10.0,12,0,,0.0,0.29413818580485246
independent,252,12,293,965312,1,1.0,1.0,1.0,0.0,,10.0,12,0,,0.0,0.4543436293436299
independent,252,12,294,965313,1,1.0,1.0,1.0,0.0,,10.0,12,0,,0.0,0.3383407216740551
independent,252,12,295,965314,1,1.0,1.0,1.0,0.0,,10.0,12,0,,0.0,0.506931931931933
independent,252,12,296,965315,1,1.0,1.0,1.0,0.0,,10.0,12,0,,0.0,0.3098264931598265
independent,252,12,297,965316,1,1.0,1.0,1.0,0.0,,10.0,12,0,,0.0,0.651986510319843
independent,252,12,298,965317,1,0.0,1.0,1.0,0.0,,10.0,12,0,,0.0,0.5597859764526433
independent,252,12,299,965318,1,0.0,1.0,1.0,0.0,,10.0,12,0,,0.0,0.5352400019066698
independent,252,12,300,965319,1,1.0,1.0,1.0,0.0,,10.0,12,0,,0.0,0.3428023261356596
independent,252,12,301,965320,1,1.0,1.0,1.0,0.0,,10.0,12,0,,0.0,0.5152450069116745
independent,252,12,302,965321,1,1.0,1.0,1.0,0.0,,10.0,12,0,,0.0,0.3260272176938845
independent,252,12,303,965322,1,1.0,1.0,1.0,0.0,,10.0,12,0,,0.0,0.39275823442490154
independent,252,12,304,965323,1,1.0,1.0,1.0,0.0,,10.0,12,0,,0.0,0.4803577386910728
independent,252,12,305,965324,1,1.0,1.0,1.0,0.0,,10.0,12,0,,0.0,0.4827875494542171
independent,252,12,306,965325,1,1.0,1.0,1.0,0.0,,10.0,12,0,,0.0,0.27601291767958425
independent,252,12,307,965326,1,1.0,1.0,1.0,0.0,,10.0,12,0,,0.0,0.39910744077410815
independent,252,12,308,965327,1,1.0,1.0,1.0,0.0,,10.0,12,0,,0.0,0.5076016492683171
independent,252,12,309,965328,1,1.0,1.0,1.0,1.0,,10.0,12,0,,0.0,0.5599122932456273
independent,252,12,310,965329,1,1.0,1.0,1.0,0.0,,10.0,12,0,,0.0,0.3837313503980174
independent,252,12,311,965330,1,1.0,1.0,1.0,1.0,,10.0,12,0,,0.0,0.3466752466752469
independent,252,12,312,965331,1,1.0,1.0,1.0,0.0,,10.0,12,0,,0.0,0.4719111969111977
independent,252,12,313,965332,1,1.0,1.0,1.0,1.0,,10.0,12,0,,0.0,0.4005457838791179
independent,252,12,314,965333,1,1.0,1.0,1.0,1.0,,10.0,12,0,,0.0,0.37058963725630445
independent,252,12,315,965334,1,1.0,1.0,1.0,0.0,,10.0,12,0,,0.0,0.40395276228609617
independent,252,12,316,965335,1,1.0,1.0,1.0,0.0,,10.0,12,0,,0.0,0.4953441536774882
independent,252,12,317,965336,1,1.0,1.0,1.0,0.0,,10.0,12,0,,0.0,0.3290933790933791
independent,252,12,318,965337,1,1.0,1.0,1.0,0.0,,10.0,12,0,,0.0,0.4899304065970743
independent,252,12,319,965338,1,1.0,1.0,1.0,0.0,,10.0,12,0,,0.0,0.3200378950378952
independent,252,12,320,965339,1,1.0,1.0,1.0,0.0,,10.0,12,0,,0.0,0.5158908908908916
independent,252,12,321,965340,1,1.0,1.0,1.0,0.0,,10.0,12,0,,0.0,0.3414759998093333
independent,252,12,322,965341,1,1.0,1.0,1.0,0.0,,10.0,12,0,,0.0,0.4145931645931652
independent,252,12,323,965342,1,1.0,1.0,1.0,1.0,,10.0,12,0,,0.0,0.5373671290337962
independent,252,12,324,965343,1,1.0,1.0,1.0,0.0,,10.0,12,0,,0.0,0.4148040898040906
independent,252,12,325,965344,1,1.0,1.0,1.0,1.0,,10.0,12,0,,0.0,0.3311180227846895
independent,252,12,326,965345,1,1.0,1.0,1.0,0.0,,10.0,12,0,,0.0,0.3947995614662286
independent,252,12,327,965346,1,1.0,1.0,1.0,0.0,,10.0,12,0,,0.0,0.4044747128080465
independent,252,12,328,965347,1,1.0,1.0,1.0,0.0,,10.0,12,0,,0.0,0.396589446589447
independent,252,12,329,965348,1,1.0,1.0,1.0,1.0,,10.0,12,0,,0.0,0.46439177272510684
independent,252,12,330,965349,1,1.0,1.0,1.0,0.0,,10.0,12,0,,0.0,0.4815339148672494
independent,252,12,331,965350,1,1.0,1.0,1.0,0.0,,10.0,12,0,,0.0,0.556499356499357
independent,252,12,332,965351,1,1.0,1.0,1.0,0.0,,10.0,12,0,,0.0,0.43842294675628096
independent,252,12,333,965352,1,1.0,1.0,1.0,0.0,,10.0,12,0,,0.0,0.49901210734544144
independent,252,12,334,965353,1,1.0,1.0,1.0,0.0,,10.0,12,0,,0.0,0.5241276991276999
independent,252,12,335,965354,1,1.0,1.0,1.0,0.0,,10.0,12,0,,0.0,0.6361301777968446
independent,252,12,336,965355,1,1.0,1.0,1.0,0.0,,10.0,12,0,,0.0,0.5195028361695038
independent,252,12,337,965356,1,1.0,1.0,1.0,0.0,,10.0,12,0,,0.0,0.36918942752276135
independent,252,12,338,965357,1,1.0,1.0,1.0,0.0,,10.0,12,0,,0.0,0.5857595690929026
independent,252,12,339,965358,1,1.0,1.0,1.0,0.0,,10.0,12,0,,0.0,0.6519602936269597
independent,252,12,340,965359,1,1.0,1.0,1.0,0.0,,10.0,12,0,,0.0,0.46237666237666325
independent,252,12,341,965360,1,1.0,1.0,1.0,0.0,,10.0,12,0,,0.0,0.5977501310834648
independent,252,12,342,965361,1,1.0,1.0,1.0,0.0,,10.0,12,0,,0.0,0.5798131464798134
independent,252,12,343,965362,1,1.0,1.0,1.0,0.0,,10.0,12,0,,0.0,0.4204514037847377
independent,252,12,344,965363,1,1.0,1.0,1.0,0.0,,10.0,12,0,,0.0,0.48933814767148226
independent,252,12,345,965364,1,1.0,1.0,1.0,0.0,,10.0,12,0,,0.0,0.5028886028886038
independent,252,12,346,965365,1,1.0,1.0,1.0,0.0,,10.0,12,0,,0.0,0.5694444444444449
independent,252,12,347,965366,1,1.0,1.0,1.0,1.0,,10.0,12,0,,0.0,0.5866735783402451
independent,252,12,348,965367,1,1.0,1.0,1.0,0.0,,10.0,12,0,,0.0,0.5646837313503985
independent,252,12,349,965368,1,1.0,1.0,1.0,0.0,,10.0,12,0,,0.0,0.46732327565660997
independent,252,12,350,965369,1,1.0,1.0,1.0,0.0,,10.0,12,0,,0.0,0.4956790123456797
independent,252,12,351,965370,1,1.0,1.0,1.0,1.0,,10.0,12,0,,0.0,0.3677975594642264
independent,252,12,352,965371,1,1.0,1.0,1.0,0.0,,10.0,12,0,,0.0,0.36568830735497443
independent,252,12,353,965372,1,1.0,1.0,1.0,0.0,,10.0,12,0,,0.0,0.6864006864006866
independent,252,12,354,965373,1,1.0,1.0,1.0,0.0,,10.0,12,0,,0.0,0.48527694361027796
independent,252,12,355,965374,1,1.0,1.0,1.0,0.0,,10.0,12,0,,0.0,0.4155655655655662
independent,252,12,356,965375,1,1.0,1.0,1.0,0.0,,10.0,12,0,,0.0,0.43095357262024
independent,252,12,357,965376,1,1.0,1.0,1.0,0.0,,10.0,12,0,,0.0,0.33075694742361444
independent,252,12,358,965377,1,1.0,1.0,1.0,0.0,,10.0,12,0,,0.0,0.39075742409075803
independent,252,12,359,965378,1,1.0,1.0,1.0,1.0,,10.0,12,0,,0.0,0.3884050717384052
independent,252,12,360,965379,1,1.0,1.0,1.0,0.0,,10.0,12,0,,0.0,0.5115889699223044
independent,252,12,361,965380,1,1.0,1.0,1.0,0.0,,10.0,12,0,,0.0,0.5062276562276571
independent,252,12,362,965381,1,0.0,1.0,1.0,0.0,,10.0,12,0,,0.0,0.5404166070832743
independent,252,12,363,965382,1,1.0,1.0,1.0,0.0,,10.0,12,0,,0.0,0.42763835263835354
independent,252,12,364,965383,1,1.0,1.0,1.0,0.0,,10.0,12,0,,0.0,0.5021783688450366
independent,252,12,365,965384,1,1.0,1.0,1.0,0.0,,10.0,12,0,,0.0,0.5447137613804289
independent,252,12,366,965385,1,1.0,1.0,1.0,1.0,,10.0,12,0,,0.0,0.48338934172267606
independent,252,12,367,965386,1,1.0,1.0,1.0,0.0,,10.0,12,0,,0.0,0.33434029267362625
independent,252,12,368,965387,1,1.0,1.0,1.0,0.0,,10.0,12,0,,0.0,0.3680192096858766
independent,252,12,369,965388,1,1.0,1.0,1.0,0.0,,10.0,12,0,,0.0,0.6349587682921014
independent,252,12,370,965389,1,1.0,1.0,1.0,0.0,,10.0,12,0,,0.0,0.35415296248629624
independent,252,12,371,965390,1,1.0,1.0,1.0,0.0,,10.0,12,0,,0.0,0.41378640545307255
independent,252,12,372,965391,1,1.0,1.0,1.0,0.0,,10.0,12,0,,0.0,0.350807950807951
independent,252,12,373,965392,1,1.0,1.0,1.0,0.0,,10.0,12,0,,0.0,0.48395180895181017
independent,252,12,374,965393,1,1.0,1.0,1.0,0.0,,10.0,12,0,,0.0,0.41639377472710876
independent,252,12,375,965394,1,1.0,1.0,1.0,0.0,,10.0,12,0,,0.0,0.5338350255016927
independent,252,12,376,965395,1,1.0,1.0,1.0,0.0,,10.0,12,0,,0.0,0.5214762381429058
independent,252,12,377,965396,1,1.0,1.0,1.0,1.0,,10.0,12,0,,0.0,0.45115115115115195
independent,252,12,378,965397,1,1.0,1.0,1.0,0.0,,10.0,12,0,,0.0,0.287443395776729
independent,252,12,379,965398,1,1.0,1.0,1.0,0.0,,10.0,12,0,,0.0,0.3477930311263647
independent,252,12,380,965399,1,1.0,1.0,1.0,0.0,,10.0,12,0,,0.0,0.404223270889938
independent,252,12,381,965400,1,1.0,1.0,1.0,0.0,,10.0,12,0,,0.0,0.3510510510510514
independent,252,12,382,965401,1,1.0,1.0,1.0,0.0,,10.0,12,0,,0.0,0.48084155584155686
independent,252,12,383,965402,1,1.0,1.0,1.0,0.0,,10.0,12,0,,0.0,0.39291910958577686
independent,252,12,384,965403,1,0.0,1.0,1.0,0.0,,10.0,12,0,,0.0,0.34765003098336467
independent,252,12,385,965404,1,1.0,1.0,1.0,1.0,,10.0,12,0,,0.0,0.44396539396539464
independent,252,12,386,965405,1,1.0,1.0,1.0,0.0,,10.0,12,0,,0.0,0.4162543495876836
independent,252,12,387,965406,1,1.0,1.0,1.0,0.0,,10.0,12,0,,0.0,0.25917584250917547
independent,252,12,388,965407,1,1.0,1.0,1.0,0.0,,10.0,12,0,,0.0,0.3824348157681497
independent,252,12,389,965408,1,1.0,1.0,1.0,0.0,,10.0,12,0,,0.0,0.535225701892369
independent,252,12,390,965409,1,1.0,1.0,1.0,0.0,,10.0,12,0,,0.0,0.46402473902473984
independent,252,12,391,965410,1,1.0,1.0,1.0,0.0,,10.0,12,0,,0.0,0.3413472996806334
independent,252,12,392,965411,1,0.0,1.0,1.0,0.0,,10.0,12,0,,0.0,0.46079889413222835
independent,252,12,393,965412,1,1.0,1.0,1.0,0.0,,10.0,12,0,,0.0,0.3630285046951718
independent,252,12,394,965413,1,0.0,0.0,1.0,0.0,,9.916666666666666,12,0,,0.0,0.6273118356451689
independent,252,12,395,965414,1,1.0,1.0,1.0,0.0,,10.0,12,0,,0.0,0.5736784403451075
independent,252,12,396,965415,1,1.0,1.0,1.0,0.0,,10.0,12,0,,0.0,0.37227465560798934
independent,252,12,397,965416,1,1.0,1.0,1.0,0.0,,10.0,12,0,,0.0,0.44292030125363574
independent,252,12,398,965417,1,1.0,1.0,1.0,0.0,,10.0,12,0,,0.0,0.33445469278802614
independent,252,12,399,965418,1,1.0,1.0,1.0,0.0,,10.0,12,0,,0.0,0.35365722865722876
independent,252,12,400,965419,1,1.0,1.0,1.0,0.0,,10.0,12,0,,0.0,0.5250703084036424
independent,252,12,401,965420,1,1.0,1.0,1.0,0.0,,10.0,12,0,,0.0,0.48390652557319325
independent,252,12,402,965421,1,1.0,1.0,1.0,1.0,,10.0,12,0,,0.0,0.4178023261356603
independent,252,12,403,965422,1,1.0,1.0,1.0,0.0,,10.0,12,0,,0.0,0.45002860002860134
independent,252,12,404,965423,1,1.0,1.0,1.0,0.0,,10.0,12,0,,0.0,0.5727096143762819
independent,252,12,405,965424,1,1.0,1.0,1.0,0.0,,10.0,12,0,,0.0,0.429932313265647
independent,252,12,406,965425,1,1.0,1.0,1.0,1.0,,10.0,12,0,,0.0,0.4768959435626114
independent,252,12,407,965426,1,1.0,1.0,1.0,0.0,,10.0,12,0,,0.0,0.4725797225797237
independent,252,12,408,965427,1,1.0,1.0,1.0,0.0,,10.0,12,0,,0.0,0.5510999094332432
independent,252,12,409,965428,1,1.0,1.0,1.0,0.0,,10.0,12,0,,0.0,0.5109001859001866
independent,252,12,410,965429,1,1.0,1.0,1.0,0.0,,10.0,12,0,,0.0,0.529759521426189
independent,252,12,411,965430,1,0.0,1.0,1.0,0.0,,10.0,12,0,,0.0,0.514241622574957
independent,252,12,412,965431,1,1.0,1.0,1.0,0.0,,10.0,12,0,,0.0,0.3358680108680114
independent,252,12,413,965432,1,1.0,1.0,1.0,0.0,,10.0,12,0,,0.0,0.46907026073692826
independent,252,12,414,965433,1,1.0,1.0,1.0,0.0,,10.0,12,0,,0.0,0.3854831021497692
independent,252,12,415,965434,1,0.0,1.0,1.0,0.0,,10.0,12,0,,0.0,0.4348610515277191
independent,252,12,416,965435,1,1.0,1.0,1.0,0.0,,10.0,12,0,,0.0,0.5728454645121318
independent,252,12,417,965436,1,1.0,1.0,1.0,0.0,,10.0,12,0,,0.0,0.34104342437675783
independent,252,12,418,965437,1,0.0,1.0,1.0,0.0,,10.0,12,0,,0.0,0.45869440869440925
independent,252,12,419,965438,1,1.0,1.0,1.0,0.0,,10.0,12,0,,0.0,0.3999261165927837
independent,252,12,420,965439,1,1.0,1.0,1.0,0.0,,10.0,12,0,,0.0,0.3223771390438056
independent,252,12,421,965440,1,1.0,1.0,1.0,0.0,,10.0,12,0,,0.0,0.5908467991801329
independent,252,12,422,965441,1,1.0,1.0,1.0,1.0,,10.0,12,0,,0.0,0.7023833357166683
independent,252,12,423,965442,1,1.0,1.0,1.0,0.0,,10.0,12,0,,0.0,0.3315291481958152
independent,252,12,424,965443,1,0.0,1.0,1.0,0.0,,10.0,12,0,,0.0,0.3256530339863675
independent,252,12,425,965444,1,1.0,1.0,1.0,0.0,,10.0,12,0,,0.0,0.30718814052147375
independent,252,12,426,965445,1,1.0,1.0,1.0,1.0,,10.0,12,0,,0.0,0.4461056294389633
independent,252,12,427,965446,1,1.0,1.0,1.0,0.0,,10.0,12,0,,0.0,0.3865579865579871
independent,252,12,428,965447,1,1.0,1.0,1.0,0.0,,10.0,12,0,,0.0,0.5287394537394546
independent,252,12,429,965448,1,1.0,1.0,1.0,0.0,,10.0,12,0,,0.0,0.4994125077458423
independent,252,12,430,965449,1,1.0,1.0,1.0,0.0,,10.0,12,0,,0.0,0.3692931026264363
independent,252,12,431,965450,1,1.0,1.0,1.0,0.0,,10.0,12,0,,0.0,0.5911494828161497
independent,252,12,432,965451,1,1.0,1.0,1.0,0.0,,10.0,12,0,,0.0,0.5288550455217133
independent,252,12,433,965452,1,1.0,1.0,1.0,0.0,,10.0,12,0,,0.0,0.5089863673197013
independent,252,12,434,965453,1,1.0,1.0,1.0,0.0,,10.0,12,0,,0.0,0.4161745078411748
independent,252,12,435,965454,1,1.0,1.0,1.0,0.0,,10.0,12,0,,0.0,0.43950736450736533
independent,252,12,436,965455,1,1.0,1.0,1.0,0.0,,10.0,12,0,,0.0,0.559165117498451
independent,252,12,437,965456,1,1.0,1.0,1.0,0.0,,10.0,12,0,,0.0,0.4723497306830649
independent,252,12,438,965457,1,1.0,1.0,1.0,1.0,,10.0,12,0,,0.0,0.818632918632918
independent,252,12,439,965458,1,1.0,1.0,1.0,0.0,,10.0,12,0,,0.0,0.48619691119691244
independent,252,12,440,965459,1,1.0,1.0,1.0,0.0,,10.0,12,0,,0.0,0.5622980122980129
independent,252,12,441,965460,1,1.0,1.0,1.0,0.0,,10.0,12,0,,0.0,0.37095905429238796
independent,252,12,442,965461,1,1.0,1.0,1.0,0.0,,10.0,12,0,,0.0,0.4533593116926459
independent,252,12,443,965462,1,1.0,1.0,1.0,0.0,,10.0,12,0,,0.0,0.3408563325229995
independent,252,12,444,965463,1,1.0,1.0,1.0,1.0,,10.0,12,0,,0.0,0.3806437389770726
independent,252,12,445,965464,1,1.0,1.0,1.0,1.0,,10.0,12,0,,0.0,0.37553267553267616
independent,252,12,446,965465,1,1.0,1.0,1.0,0.0,,10.0,12,0,,0.0,0.37988702988703055
independent,252,12,447,965466,1,1.0,1.0,1.0,0.0,,10.0,12,0,,0.0,0.3450378950378951
independent,252,12,448,965467,1,1.0,1.0,1.0,0.0,,10.0,12,0,,0.0,0.4523440106773452
independent,252,12,449,965468,1,1.0,1.0,1.0,0.0,,10.0,12,0,,0.0,0.4343534010200683
independent,252,12,450,965469,1,1.0,1.0,1.0,0.0,,10.0,12,0,,0.0,0.6448210114876779
independent,252,12,451,965470,1,1.0,1.0,1.0,0.0,,10.0,12,0,,0.0,0.47919824586491355
independent,252,12,452,965471,1,1.0,1.0,1.0,0.0,,10.0,12,0,,0.0,0.3694253777587116
independent,252,12,453,965472,1,1.0,1.0,1.0,0.0,,10.0,12,0,,0.0,0.40581176414509823
independent,252,12,454,965473,1,1.0,1.0,1.0,0.0,,10.0,12,0,,0.0,0.4771747938414617
independent,252,12,455,965474,1,1.0,1.0,1.0,0.0,,10.0,12,0,,0.0,0.41795843462510224
independent,252,12,456,965475,1,1.0,1.0,1.0,1.0,,10.0,12,0,,0.0,0.38203679870346585
independent,252,12,457,965476,1,1.0,1.0,1.0,0.0,,10.0,12,0,,0.0,0.45617283950617366
independent,252,12,458,965477,1,1.0,1.0,1.0,0.0,,10.0,12,0,,0.0,0.378613136946471
independent,252,12,459,965478,1,1.0,1.0,1.0,0.0,,10.0,12,0,,0.0,0.3166428333095001
independent,252,12,460,965479,1,1.0,1.0,1.0,0.0,,10.0,12,0,,0.0,0.6151901901901902
independent,252,12,461,965480,1,1.0,1.0,1.0,1.0,,10.0,12,0,,0.0,0.39396062729396114
independent,252,12,462,965481,1,1.0,1.0,1.0,0.0,,10.0,12,0,,0.0,0.3842997759664428
independent,252,12,463,965482,1,1.0,1.0,1.0,0.0,,10.0,12,0,,0.0,0.28444039277372596
independent,252,12,464,965483,1,1.0,1.0,1.0,0.0,,10.0,12,0,,0.0,0.4163723247056586
independent,252,12,465,965484,1,1.0,1.0,1.0,0.0,,10.0,12,0,,0.0,0.43535082701749445
independent,252,12,466,965485,1,1.0,1.0,1.0,0.0,,10.0,12,0,,0.0,0.3651663568330239
independent,252,12,467,965486,1,1.0,1.0,1.0,0.0,,10.0,12,0,,0.0,0.36995805329138715
independent,252,12,468,965487,1,1.0,1.0,1.0,1.0,,10.0,12,0,,0.0,0.30199842699842694
independent,252,12,469,965488,1,0.0,1.0,1.0,0.0,,10.0,12,0,,0.0,0.517785642785644
independent,252,12,470,965489,1,1.0,1.0,1.0,0.0,,10.0,12,0,,0.0,0.451211926211927
independent,252,12,471,965490,1,1.0,1.0,1.0,0.0,,10.0,12,0,,0.0,0.4633705133705144
independent,252,12,472,965491,1,1.0,1.0,1.0,0.0,,10.0,12,0,,0.0,0.5093271843271854
independent,252,12,473,965492,1,1.0,1.0,1.0,1.0,,10.0,12,0,,0.0,0.7450593450593442
independent,252,12,474,965493,1,1.0,1.0,1.0,0.0,,10.0,12,0,,0.0,0.41947066113732845
independent,252,12,475,965494,1,1.0,1.0,1.0,0.0,,10.0,12,0,,0.0,0.6738774488774484
independent,252,12,476,965495,1,1.0,1.0,1.0,1.0,,10.0,12,0,,0.0,0.40606082272748983
independent,252,12,477,965496,1,1.0,1.0,1.0,0.0,,10.0,12,0,,0.0,0.44682182182182273
independent,252,12,478,965497,1,1.0,1.0,1.0,1.0,,10.0,12,0,,0.0,0.3270234520234521
independent,252,12,479,965498,1,1.0,1.0,1.0,0.0,,10.0,12,0,,0.0,0.4407884074550749
independent,252,12,480,965499,1,1.0,1.0,1.0,0.0,,10.0,12,0,,0.0,0.6781757948424609
independent,252,12,481,965500,1,1.0,1.0,1.0,0.0,,10.0,12,0,,0.0,0.36390080556747273
independent,252,12,482,965501,1,1.0,1.0,1.0,0.0,,10.0,12,0,,0.0,0.37831641164974533
independent,252,12,483,965502,1,1.0,1.0,1.0,0.0,,10.0,12,0,,0.0,0.2923673673673671
independent,252,12,484,965503,1,1.0,1.0,1.0,0.0,,10.0,12,0,,0.0,0.4439880356547035
independent,252,12,485,965504,1,1.0,1.0,1.0,0.0,,10.0,12,0,,0.0,0.36026621859955216
independent,252,12,486,965505,1,1.0,1.0,1.0,0.0,,10.0,12,0,,0.0,0.4367438867438874
independent,252,12,487,965506,1,1.0,1.0,1.0,0.0,,10.0,12,0,,0.0,0.3603770437103776
independent,252,12,488,965507,1,1.0,1.0,1.0,0.0,,10.0,12,0,,0.0,0.4186567519900863
independent,252,12,489,965508,1,0.0,1.0,1.0,0.0,,10.0,12,0,,0.0,0.46370298870298976
independent,252,12,490,965509,1,1.0,1.0,1.0,0.0,,10.0,12,0,,0.0,0.5307903141236481
independent,252,12,491,965510,1,1.0,1.0,1.0,0.0,,10.0,12,0,,0.0,0.453462986796321
independent,252,12,492,965511,1,1.0,1.0,1.0,0.0,,10.0,12,0,,0.0,0.40644215644215725
independent,252,12,493,965512,1,1.0,1.0,1.0,0.0,,10.0,12,0,,0.0,0.4309750226416902
independent,252,12,494,965513,1,1.0,1.0,1.0,0.0,,10.0,12,0,,0.0,0.3762405262405266
independent,252,12,495,965514,1,1.0,1.0,1.0,0.0,,10.0,12,0,,0.0,0.41638066638066695
independent,252,12,496,965515,1,1.0,1.0,1.0,1.0,,10.0,12,0,,0.0,0.4318103818103825
independent,252,12,497,965516,1,1.0,1.0,1.0,0.0,,10.0,12,0,,0.0,0.7502967252967242
independent,252,12,498,965517,1,1.0,1.0,1.0,0.0,,10.0,12,0,,0.0,0.4063384813384821
independent,252,12,499,965518,1,1.0,1.0,1.0,0.0,,10.0,12,0,,0.0,0.33356332522999205
independent,1008,12,0,1721019,1,1.0,1.0,1.0,0.0,,10.0,12,0,,0.0,0.3850088183421522
independent,1008,12,1,1721020,1,1.0,1.0,1.0,0.0,,10.0,12,0,,0.0,0.38459292625959357
independent,1008,12,2,1721021,1,0.0,1.0,1.0,0.0,,10.0,12,0,,0.0,0.4647921731255074
independent,1008,12,3,1721022,1,1.0,1.0,1.0,0.0,,10.0,12,0,,0.0,0.6406573239906572
independent,1008,12,4,1721023,1,1.0,1.0,1.0,0.0,,10.0,12,0,,0.0,0.5792006292006295
independent,1008,12,5,1721024,1,1.0,1.0,1.0,0.0,,10.0,12,0,,0.0,0.49665975499308923
independent,1008,12,6,1721025,1,1.0,1.0,1.0,1.0,,10.0,12,0,,0.0,0.3248248248248246
independent,1008,12,7,1721026,1,1.0,1.0,1.0,0.0,,10.0,12,0,,0.0,0.46049263549263597
independent,1008,12,8,1721027,1,1.0,1.0,1.0,0.0,,10.0,12,0,,0.0,0.3394787644787646
independent,1008,12,9,1721028,1,1.0,1.0,1.0,0.0,,10.0,12,0,,0.0,0.5498391248391258
independent,1008,12,10,1721029,1,1.0,1.0,1.0,0.0,,10.0,12,0,,0.0,0.3145037895037897
independent,1008,12,11,1721030,1,1.0,1.0,1.0,0.0,,10.0,12,0,,0.0,0.44888817388817437
independent,1008,12,12,1721031,1,1.0,1.0,1.0,0.0,,10.0,12,0,,0.0,0.377830211163545
independent,1008,12,13,1721032,1,1.0,1.0,1.0,0.0,,10.0,12,0,,0.0,0.42041207874541286
independent,1008,12,14,1721033,1,1.0,1.0,1.0,0.0,,10.0,12,0,,0.0,0.5433111683111691
independent,1008,12,15,1721034,1,1.0,1.0,1.0,0.0,,10.0,12,0,,0.0,0.5400996234329573
independent,1008,12,16,1721035,1,0.0,1.0,1.0,0.0,,10.0,12,0,,0.0,0.3841901425234766
independent,1008,12,17,1721036,1,1.0,1.0,1.0,0.0,,10.0,12,0,,0.0,0.4980373230373236
independent,1008,12,18,1721037,1,1.0,1.0,1.0,0.0,,10.0,12,0,,0.0,0.3588469421802758
independent,1008,12,19,1721038,1,1.0,1.0,1.0,0.0,,10.0,12,0,,0.0,0.5957814957814956
independent,1008,12,20,1721039,1,1.0,1.0,1.0,1.0,,10.0,12,0,,0.0,0.24998093331426613
independent,1008,12,21,1721040,1,1.0,1.0,1.0,1.0,,10.0,12,0,,0.0,0.40890533390533434
independent,1008,12,22,1721041,1,1.0,1.0,1.0,0.0,,10.0,12,0,,0.0,0.419636302969637
independent,1008,12,23,1721042,1,0.0,1.0,1.0,0.0,,10.0,12,0,,0.0,0.4672005338672013
independent,1008,12,24,1721043,1,1.0,1.0,1.0,0.0,,10.0,12,0,,0.0,0.36166285332952014
independent,1008,12,25,1721044,1,1.0,1.0,1.0,0.0,,10.0,12,0,,0.0,0.34498069498069545
independent,1008,12,26,1721045,1,1.0,1.0,1.0,0.0,,10.0,12,0,,0.0,0.41837432670766084
independent,1008,12,27,1721046,1,1.0,1.0,1.0,0.0,,10.0,12,0,,0.0,0.370541970541971
independent,1008,12,28,1721047,1,1.0,1.0,1.0,0.0,,10.0,12,0,,0.0,0.32707707707707717
independent,1008,12,29,1721048,1,1.0,1.0,1.0,0.0,,10.0,12,0,,0.0,0.4042673626006967
independent,1008,12,30,1721049,1,1.0,1.0,1.0,0.0,,10.0,12,0,,0.0,0.7747545164211821
independent,1008,12,31,1721050,1,0.0,1.0,1.0,0.0,,10.0,12,0,,0.0,0.35165641832308525
independent,1008,12,32,1721051,1,1.0,1.0,1.0,0.0,,10.0,12,0,,0.0,0.4519757853091191
independent,1008,12,33,1721052,1,0.0,1.0,1.0,0.0,,10.0,12,0,,0.0,0.42762286095619506
independent,1008,12,34,1721053,1,1.0,1.0,1.0,0.0,,10.0,12,0,,0.0,0.6286751036751034
independent,1008,12,35,1721054,1,1.0,1.0,1.0,0.0,,10.0,12,0,,0.0,0.41996758663425415
independent,1008,12,36,1721055,1,1.0,1.0,1.0,0.0,,10.0,12,0,,0.0,0.4561621144954483
independent,1008,12,37,1721056,1,1.0,1.0,1.0,0.0,,10.0,12,0,,0.0,0.5187580437580447
independent,1008,12,38,1721057,1,1.0,1.0,1.0,0.0,,10.0,12,0,,0.0,0.3250929500929503
independent,1008,12,39,1721058,1,1.0,1.0,1.0,0.0,,10.0,12,0,,0.0,0.38739453739453794
independent,1008,12,40,1721059,1,1.0,1.0,1.0,0.0,,10.0,12,0,,0.0,0.4270699270699281
independent,1008,12,41,1721060,1,1.0,1.0,1.0,0.0,,10.0,12,0,,0.0,0.33668430335097044
independent,1008,12,42,1721061,1,1.0,1.0,1.0,0.0,,10.0,12,0,,0.0,0.4323084989751663
independent,1008,12,43,1721062,1,1.0,1.0,1.0,0.0,,10.0,12,0,,0.0,0.49627007960341385
independent,1008,12,44,1721063,1,1.0,1.0,1.0,1.0,,10.0,12,0,,0.0,0.43777944611278
independent,1008,12,45,1721064,1,1.0,1.0,1.0,0.0,,10.0,12,0,,0.0,0.33347633347633365
independent,1008,12,46,1721065,1,1.0,1.0,1.0,0.0,,10.0,12,0,,0.0,0.6425592258925591
independent,1008,12,47,1721066,1,1.0,1.0,1.0,0.0,,10.0,12,0,,0.0,0.4477048477048485
independent,1008,12,48,1721067,1,1.0,1.0,1.0,0.0,,10.0,12,0,,0.0,0.4252800419467095
independent,1008,12,49,1721068,1,1.0,1.0,1.0,0.0,,10.0,12,0,,0.0,0.5706718623385295
independent,1008,12,50,1721069,1,1.0,1.0,1.0,0.0,,10.0,12,0,,0.0,0.4570701654034994
independent,1008,12,51,1721070,1,1.0,1.0,1.0,0.0,,10.0,12,0,,0.0,0.4415034081700757
independent,1008,12,52,1721071,1,1.0,1.0,1.0,0.0,,10.0,12,0,,0.0,0.5416571333238007
independent,1008,12,53,1721072,1,1.0,1.0,1.0,0.0,,10.0,12,0,,0.0,0.41279374612708036
independent,1008,12,54,1721073,1,1.0,1.0,1.0,0.0,,10.0,12,0,,0.0,0.3935232851899524
independent,1008,12,55,1721074,1,1.0,1.0,1.0,0.0,,10.0,12,0,,0.0,0.47746317746317835
independent,1008,12,56,1721075,1,1.0,1.0,1.0,1.0,,10.0,12,0,,0.0,0.35429715429715475
independent,1008,12,57,1721076,1,1.0,1.0,1.0,0.0,,10.0,12,0,,0.0,0.41867224367224465
independent,1008,12,58,1721077,1,1.0,1.0,1.0,1.0,,10.0,12,0,,0.0,0.4390438057104735
independent,1008,12,59,1721078,1,1.0,1.0,1.0,0.0,,10.0,12,0,,0.0,0.4101256017922693
independent,1008,12,60,1721079,1,1.0,1.0,1.0,1.0,,10.0,12,0,,0.0,0.44745578912245637
independent,1008,12,61,1721080,1,1.0,1.0,1.0,1.0,,10.0,12,0,,0.0,0.4448746365413041
independent,1008,12,62,1721081,1,1.0,1.0,1.0,0.0,,10.0,12,0,,0.0,0.5702476285809619
independent,1008,12,63,1721082,1,1.0,1.0,1.0,0.0,,10.0,12,0,,0.0,0.3375744792411459
independent,1008,12,64,1721083,1,1.0,1.0,1.0,0.0,,10.0,12,0,,0.0,0.7119369369369368
independent,1008,12,65,1721084,1,1.0,1.0,1.0,1.0,,10.0,12,0,,0.0,0.33173769007102333
independent,1008,12,66,1721085,1,1.0,1.0,1.0,0.0,,10.0,12,0,,0.0,0.48475618475618576
independent,1008,12,67,1721086,1,1.0,1.0,1.0,0.0,,10.0,12,0,,0.0,0.5057462224128901
independent,1008,12,68,1721087,1,1.0,1.0,1.0,1.0,,10.0,12,0,,0.0,0.3433385766719102
independent,1008,12,69,1721088,1,1.0,1.0,1.0,0.0,,10.0,12,0,,0.0,0.4888888888888897
independent,1008,12,70,1721089,1,1.0,1.0,1.0,0.0,,10.0,12,0,,0.0,0.3721507221507229
independent,1008,12,71,1721090,1,1.0,1.0,1.0,0.0,,10.0,12,0,,0.0,0.32049311215977877
independent,1008,12,72,1721091,1,1.0,1.0,1.0,0.0,,10.0,12,0,,0.0,0.6302242718909384
independent,1008,12,73,1721092,1,1.0,1.0,1.0,1.0,,10.0,12,0,,0.0,0.41097883597883633
independent,1008,12,74,1721093,1,1.0,1.0,1.0,1.0,,10.0,12,0,,0.0,0.4663639830306507
independent,1008,12,75,1721094,1,1.0,1.0,1.0,1.0,,10.0,12,0,,0.0,0.3757876924543595
independent,1008,12,76,1721095,1,1.0,1.0,1.0,0.0,,10.0,12,0,,0.0,0.4797023213689886
independent,1008,12,77,1721096,1,1.0,1.0,1.0,0.0,,10.0,12,0,,0.0,0.46128986128986205
independent,1008,12,78,1721097,1,1.0,1.0,1.0,0.0,,10.0,12,0,,0.0,0.6426414509747841
independent,1008,12,79,1721098,1,0.0,1.0,1.0,0.0,,10.0,12,0,,0.0,0.327190285523619
independent,1008,12,80,1721099,1,1.0,1.0,1.0,0.0,,10.0,12,0,,0.0,0.40027408360741756
independent,1008,12,81,1721100,1,1.0,1.0,1.0,0.0,,10.0,12,0,,0.0,0.31409504742838085
independent,1008,12,82,1721101,1,1.0,1.0,1.0,0.0,,10.0,12,0,,0.0,0.406784165117499
independent,1008,12,83,1721102,1,1.0,1.0,1.0,1.0,,10.0,12,0,,0.0,0.46307497974164724
independent,1008,12,84,1721103,1,1.0,1.0,1.0,0.0,,10.0,12,0,,0.0,0.43430930930931017
independent,1008,12,85,1721104,1,1.0,1.0,1.0,0.0,,10.0,12,0,,0.0,0.3821178321178327
independent,1008,12,86,1721105,1,1.0,1.0,1.0,0.0,,10.0,12,0,,0.0,0.6047094713761381
independent,1008,12,87,1721106,1,1.0,1.0,1.0,1.0,,10.0,12,0,,0.0,0.4551277467944142
independent,1008,12,88,1721107,1,1.0,1.0,1.0,0.0,,10.0,12,0,,0.0,0.4237809237809242
independent,1008,12,89,1721108,1,1.0,1.0,1.0,1.0,,10.0,12,0,,0.0,0.7217550884217545
independent,1008,12,90,1721109,1,1.0,1.0,1.0,0.0,,10.0,12,0,,0.0,0.5122789456122796
independent,1008,12,91,1721110,1,1.0,1.0,1.0,1.0,,10.0,12,0,,0.0,0.5983125983125984
independent,1008,12,92,1721111,1,1.0,1.0,1.0,0.0,,10.0,12,0,,0.0,0.7384229467562788
independent,1008,12,93,1721112,1,1.0,1.0,1.0,1.0,,10.0,12,0,,0.0,0.3968158634825308
independent,1008,12,94,1721113,1,1.0,1.0,1.0,0.0,,10.0,12,0,,0.0,0.3368821202154537
independent,1008,12,95,1721114,1,0.0,1.0,1.0,0.0,,10.0,12,0,,0.0,0.5811096811096811
independent,1008,12,96,1721115,1,1.0,1.0,1.0,0.0,,10.0,12,0,,0.0,0.3457612374279044
independent,1008,12,97,1721116,1,1.0,1.0,1.0,0.0,,10.0,12,0,,0.0,0.48623027789694545
independent,1008,12,98,1721117,1,1.0,1.0,1.0,0.0,,10.0,12,0,,0.0,0.4269376519376527
independent,1008,12,99,1721118,1,1.0,1.0,1.0,0.0,,10.0,12,0,,0.0,0.5974391057724399
independent,1008,12,100,1721119,1,1.0,1.0,1.0,0.0,,10.0,12,0,,0.0,0.5354688021354697
independent,1008,12,101,1721120,1,1.0,1.0,1.0,1.0,,10.0,12,0,,0.0,0.4905631822298498
independent,1008,12,102,1721121,1,1.0,1.0,1.0,0.0,,10.0,12,0,,0.0,0.3952714619381295
independent,1008,12,103,1721122,1,1.0,1.0,1.0,0.0,,10.0,12,0,,0.0,0.5335097001763681
independent,1008,12,104,1721123,1,1.0,1.0,1.0,1.0,,10.0,12,0,,0.0,0.49567901234568024
independent,1008,12,105,1721124,1,0.0,1.0,1.0,0.0,,10.0,12,0,,0.0,0.4185054101720776
independent,1008,12,106,1721125,1,1.0,1.0,1.0,0.0,,10.0,12,0,,0.0,0.4886803470136814
independent,1008,12,107,1721126,1,1.0,1.0,1.0,1.0,,10.0,12,0,,0.0,0.3884277134277136
independent,1008,12,108,1721127,1,1.0,1.0,1.0,0.0,,10.0,12,0,,0.0,0.4997676247676258
independent,1008,12,109,1721128,1,1.0,1.0,1.0,0.0,,10.0,12,0,,0.0,0.49546570379903854
independent,1008,12,110,1721129,1,1.0,1.0,1.0,0.0,,10.0,12,0,,0.0,0.4202249868916543
independent,1008,12,111,1721130,1,1.0,1.0,1.0,0.0,,10.0,12,0,,0.0,0.44530602030602107
independent,1008,12,112,1721131,1,1.0,1.0,1.0,0.0,,10.0,12,0,,0.0,0.4871883788550465
independent,1008,12,113,1721132,1,1.0,1.0,1.0,0.0,,10.0,12,0,,0.0,0.591763191763192
independent,1008,12,114,1721133,1,1.0,1.0,1.0,0.0,,10.0,12,0,,0.0,0.39887506554173263
independent,1008,12,115,1721134,1,1.0,1.0,1.0,0.0,,10.0,12,0,,0.0,0.44923494923495
independent,1008,12,116,1721135,1,1.0,1.0,1.0,0.0,,10.0,12,0,,0.0,0.5444480194480201
independent,1008,12,117,1721136,1,1.0,1.0,1.0,1.0,,10.0,12,0,,0.0,0.536211211211212
independent,1008,12,118,1721137,1,1.0,1.0,1.0,0.0,,10.0,12,0,,0.0,0.446274846274847
independent,1008,12,119,1721138,1,1.0,1.0,1.0,1.0,,10.0,12,0,,0.0,0.6465024548357875
independent,1008,12,120,1721139,1,0.0,1.0,1.0,0.0,,10.0,12,0,,0.0,0.48693812860479596
independent,1008,12,121,1721140,1,1.0,1.0,1.0,0.0,,10.0,12,0,,0.0,0.47438986605653366
independent,1008,12,122,1721141,1,1.0,1.0,1.0,0.0,,10.0,12,0,,0.0,0.39662162162162223
independent,1008,12,123,1721142,1,1.0,1.0,1.0,0.0,,10.0,12,0,,0.0,0.47465322465322585
independent,1008,12,124,1721143,1,0.0,1.0,1.0,0.0,,10.0,12,0,,0.0,0.42314457314457343
independent,1008,12,125,1721144,1,1.0,1.0,1.0,0.0,,10.0,12,0,,0.0,0.41221817055150456
independent,1008,12,126,1721145,1,1.0,1.0,1.0,0.0,,10.0,12,0,,0.0,0.359653701320368
independent,1008,12,127,1721146,1,1.0,1.0,1.0,0.0,,10.0,12,0,,0.0,0.3414414414414416
independent,1008,12,128,1721147,1,1.0,1.0,1.0,1.0,,10.0,12,0,,0.0,0.29215763382430016
independent,1008,12,129,1721148,1,1.0,1.0,1.0,0.0,,10.0,12,0,,0.0,0.48743267076600505
independent,1008,12,130,1721149,1,1.0,1.0,1.0,0.0,,10.0,12,0,,0.0,0.4469588636255307
independent,1008,12,131,1721150,1,1.0,1.0,1.0,0.0,,10.0,12,0,,0.0,0.41705276705276756
independent,1008,12,132,1721151,1,1.0,1.0,1.0,0.0,,10.0,12,0,,0.0,0.555609180609181
independent,1008,12,133,1721152,1,1.0,1.0,1.0,0.0,,10.0,12,0,,0.0,0.4369214452547795
independent,1008,12,134,1721153,1,1.0,1.0,1.0,0.0,,10.0,12,0,,0.0,0.7136851136851136
independent,1008,12,135,1721154,1,1.0,1.0,1.0,0.0,,10.0,12,0,,0.0,0.43444039277372687
independent,1008,12,136,1721155,1,1.0,1.0,1.0,1.0,,10.0,12,0,,0.0,0.5197876447876459
independent,1008,12,137,1721156,1,1.0,1.0,1.0,0.0,,10.0,12,0,,0.0,0.5001370418037094
independent,1008,12,138,1721157,1,0.0,1.0,1.0,0.0,,10.0,12,0,,0.0,0.5504957338290681
independent,1008,12,139,1721158,1,1.0,1.0,1.0,0.0,,10.0,12,0,,0.0,0.3737868821202162
independent,1008,12,140,1721159,1,1.0,1.0,1.0,0.0,,10.0,12,0,,0.0,0.507210782210783
independent,1008,12,141,1721160,1,1.0,1.0,1.0,1.0,,10.0,12,0,,0.0,0.6531638781638779
independent,1008,12,142,1721161,1,1.0,1.0,1.0,1.0,,10.0,12,0,,0.0,0.4493362410029083
independent,1008,12,143,1721162,1,1.0,1.0,1.0,1.0,,10.0,12,0,,0.0,0.558848133848134
independent,1008,12,144,1721163,1,1.0,1.0,1.0,1.0,,10.0,12,0,,0.0,0.38957528957529003
independent,1008,12,145,1721164,1,1.0,1.0,1.0,0.0,,10.0,12,0,,0.0,0.36300228800228873
independent,1008,12,146,1721165,1,1.0,1.0,1.0,0.0,,10.0,12,0,,0.0,0.5958529958529954
independent,1008,12,147,1721166,1,1.0,1.0,1.0,0.0,,10.0,12,0,,0.0,0.6615031698365028
independent,1008,12,148,1721167,1,1.0,1.0,1.0,0.0,,10.0,12,0,,0.0,0.46351470518137255
independent,1008,12,149,1721168,1,1.0,1.0,1.0,0.0,,10.0,12,0,,0.0,0.46562753229419995
independent,1008,12,150,1721169,1,1.0,1.0,1.0,1.0,,10.0,12,0,,0.0,0.45178154344821103
independent,1008,12,151,1721170,1,1.0,1.0,1.0,0.0,,10.0,12,0,,0.0,0.46851732685066116
independent,1008,12,152,1721171,1,1.0,1.0,1.0,0.0,,10.0,12,0,,0.0,0.40459626292959683
independent,1008,12,153,1721172,1,1.0,1.0,1.0,0.0,,10.0,12,0,,0.0,0.4887339720673064
independent,1008,12,154,1721173,1,1.0,1.0,1.0,0.0,,10.0,12,0,,0.0,0.3818580485247158
independent,1008,12,155,1721174,1,1.0,1.0,1.0,0.0,,10.0,12,0,,0.0,0.42403474903474964
independent,1008,12,156,1721175,1,1.0,1.0,1.0,0.0,,10.0,12,0,,0.0,0.3982113065446408
independent,1008,12,157,1721176,1,1.0,1.0,1.0,1.0,,10.0,12,0,,0.0,0.38764478764478816
independent,1008,12,158,1721177,1,1.0,1.0,1.0,0.0,,10.0,12,0,,0.0,0.3520568187234859
independent,1008,12,159,1721178,1,1.0,1.0,1.0,1.0,,10.0,12,0,,0.0,0.3705193288526626
independent,1008,12,160,1721179,1,1.0,1.0,1.0,1.0,,10.0,12,0,,0.0,0.3355248105248108
independent,1008,12,161,1721180,1,1.0,1.0,1.0,0.0,,10.0,12,0,,0.0,0.36653200819867543
independent,1008,12,162,1721181,1,1.0,1.0,1.0,0.0,,10.0,12,0,,0.0,0.43014204680871415
independent,1008,12,163,1721182,1,1.0,1.0,1.0,0.0,,10.0,12,0,,0.0,0.3349885599885603
independent,1008,12,164,1721183,1,1.0,1.0,1.0,0.0,,10.0,12,0,,0.0,0.3912424329091001
independent,1008,12,165,1721184,1,1.0,1.0,1.0,0.0,,10.0,12,0,,0.0,0.4329150579150586
independent,1008,12,166,1721185,1,1.0,1.0,1.0,0.0,,10.0,12,0,,0.0,0.4450593450593455
independent,1008,12,167,1721186,1,1.0,1.0,1.0,0.0,,10.0,12,0,,0.0,0.4545426378759718
independent,1008,12,168,1721187,1,1.0,1.0,1.0,0.0,,10.0,12,0,,0.0,0.48868511368511464
independent,1008,12,169,1721188,1,0.0,1.0,1.0,0.0,,10.0,12,0,,0.0,0.4621693121693128
independent,1008,12,170,1721189,1,1.0,1.0,1.0,0.0,,10.0,12,0,,0.0,0.29135444968778296
independent,1008,12,171,1721190,1,1.0,1.0,1.0,0.0,,10.0,12,0,,0.0,0.5286274369607714
independent,1008,12,172,1721191,1,1.0,1.0,1.0,0.0,,10.0,12,0,,0.0,0.49007936507936556
independent,1008,12,173,1721192,1,1.0,1.0,1.0,0.0,,10.0,12,0,,0.0,0.4358060441393781
independent,1008,12,174,1721193,1,1.0,1.0,1.0,0.0,,10.0,12,0,,0.0,0.4329257829257837
independent,1008,12,175,1721194,1,1.0,1.0,1.0,0.0,,10.0,12,0,,0.0,0.3729038562371903
independent,1008,12,176,1721195,1,1.0,1.0,1.0,1.0,,10.0,12,0,,0.0,0.37651580151580216
independent,1008,12,177,1721196,1,1.0,1.0,1.0,0.0,,10.0,12,0,,0.0,0.44362815196148614
independent,1008,12,178,1721197,1,1.0,1.0,1.0,1.0,,10.0,12,0,,0.0,0.40066256732923466
independent,1008,12,179,1721198,1,1.0,1.0,1.0,0.0,,10.0,12,0,,0.0,0.49295843462510214
independent,1008,12,180,1721199,1,1.0,1.0,1.0,1.0,,10.0,12,0,,0.0,0.4230873730873737
independent,1008,12,181,1721200,1,1.0,1.0,1.0,0.0,,10.0,12,0,,0.0,0.44627722961056393
independent,1008,12,182,1721201,1,1.0,1.0,1.0,0.0,,10.0,12,0,,0.0,0.4176581343248017
independent,1008,12,183,1721202,1,1.0,1.0,1.0,0.0,,10.0,12,0,,0.0,0.2930597263930596
independent,1008,12,184,1721203,1,1.0,1.0,1.0,0.0,,10.0,12,0,,0.0,0.3351005767672437
independent,1008,12,185,1721204,1,1.0,1.0,1.0,0.0,,10.0,12,0,,0.0,0.40993255159921893
independent,1008,12,186,1721205,1,1.0,1.0,1.0,0.0,,10.0,12,0,,0.0,0.304388912722246
independent,1008,12,187,1721206,1,1.0,1.0,1.0,0.0,,10.0,12,0,,0.0,0.38775680442347166
independent,1008,12,188,1721207,1,1.0,1.0,1.0,0.0,,10.0,12,0,,0.0,0.36105867772534467
independent,1008,12,189,1721208,1,1.0,1.0,1.0,0.0,,10.0,12,0,,0.0,0.3186698603365271
independent,1008,12,190,1721209,1,1.0,1.0,1.0,0.0,,10.0,12,0,,0.0,0.3389806473139809
independent,1008,12,191,1721210,1,1.0,1.0,1.0,1.0,,10.0,12,0,,0.0,0.3530613947280617
independent,1008,12,192,1721211,1,1.0,1.0,1.0,0.0,,10.0,12,0,,0.0,0.5207707707707716
independent,1008,12,193,1721212,1,1.0,1.0,1.0,0.0,,10.0,12,0,,0.0,0.339166547499881
independent,1008,12,194,1721213,1,1.0,1.0,1.0,1.0,,10.0,12,0,,0.0,0.4136422136422143
independent,1008,12,195,1721214,1,1.0,1.0,1.0,0.0,,10.0,12,0,,0.0,0.6933659850326515
independent,1008,12,196,1721215,1,1.0,1.0,1.0,0.0,,10.0,12,0,,0.0,0.3738023738023743
independent,1008,12,197,1721216,1,1.0,1.0,1.0,0.0,,10.0,12,0,,0.0,0.3594225177558514
independent,1008,12,198,1721217,1,1.0,1.0,1.0,1.0,,10.0,12,0,,0.0,0.2926080842747509
independent,1008,12,199,1721218,1,1.0,1.0,1.0,1.0,,10.0,12,0,,0.0,0.29016754850088156
independent,1008,12,200,1721219,1,1.0,1.0,1.0,0.0,,10.0,12,0,,0.0,0.4026395443062119
independent,1008,12,201,1721220,1,0.0,1.0,1.0,0.0,,10.0,12,0,,0.0,0.32407288240621607
independent,1008,12,202,1721221,1,1.0,1.0,1.0,0.0,,10.0,12,0,,0.0,0.3279076695743365
independent,1008,12,203,1721222,1,1.0,1.0,1.0,0.0,,10.0,12,0,,0.0,0.45232613565946966
independent,1008,12,204,1721223,1,1.0,1.0,1.0,0.0,,10.0,12,0,,0.0,0.42807569474236207
independent,1008,12,205,1721224,1,1.0,1.0,1.0,0.0,,10.0,12,0,,0.0,0.4051503884837221
independent,1008,12,206,1721225,1,1.0,1.0,1.0,0.0,,10.0,12,0,,0.0,0.38922374755708145
independent,1008,12,207,1721226,1,1.0,1.0,1.0,0.0,,10.0,12,0,,0.0,0.6156656656656653
independent,1008,12,208,1721227,1,1.0,1.0,1.0,0.0,,10.0,12,0,,0.0,0.566679775013109
independent,1008,12,209,1721228,1,1.0,1.0,1.0,0.0,,10.0,12,0,,0.0,0.3351959101959104
independent,1008,12,210,1721229,1,1.0,1.0,1.0,0.0,,10.0,12,0,,0.0,0.4248558081891423
independent,1008,12,211,1721230,1,1.0,1.0,1.0,1.0,,10.0,12,0,,0.0,0.4702440535773877
independent,1008,12,212,1721231,1,1.0,1.0,1.0,0.0,,10.0,12,0,,0.0,0.624325515992182
independent,1008,12,213,1721232,1,1.0,1.0,1.0,0.0,,10.0,12,0,,0.0,0.39770008103341503
independent,1008,12,214,1721233,1,1.0,1.0,1.0,0.0,,10.0,12,0,,0.0,0.38410076743410126
independent,1008,12,215,1721234,1,1.0,1.0,1.0,1.0,,10.0,12,0,,0.0,0.35592616425949786
independent,1008,12,216,1721235,1,1.0,1.0,1.0,0.0,,10.0,12,0,,0.0,0.27563873397206706
independent,1008,12,217,1721236,1,1.0,1.0,1.0,0.0,,10.0,12,0,,0.0,0.3969815053148392
independent,1008,12,218,1721237,1,1.0,1.0,1.0,0.0,,10.0,12,0,,0.0,0.43062586395919833
independent,1008,12,219,1721238,1,1.0,1.0,1.0,0.0,,10.0,12,0,,0.0,0.3843164593164598
independent,1008,12,220,1721239,1,1.0,1.0,1.0,0.0,,10.0,12,0,,0.0,0.422658372658373
independent,1008,12,221,1721240,1,0.0,0.0,1.0,0.0,,9.916666666666666,12,0,,0.0,0.688057104723771
independent,1008,12,222,1721241,1,1.0,1.0,1.0,0.0,,10.0,12,0,,0.0,0.3590638257304927
independent,1008,12,223,1721242,1,1.0,1.0,1.0,1.0,,10.0,12,0,,0.0,0.35288621955288646
independent,1008,12,224,1721243,1,1.0,1.0,1.0,0.0,,10.0,12,0,,0.0,0.51765932599266
independent,1008,12,225,1721244,1,1.0,1.0,1.0,1.0,,10.0,12,0,,0.0,0.35602507269173966
independent,1008,12,226,1721245,1,1.0,1.0,1.0,0.0,,10.0,12,0,,0.0,0.40118332618332697
independent,1008,12,227,1721246,1,1.0,1.0,1.0,0.0,,10.0,12,0,,0.0,0.44621526288193014
independent,1008,12,228,1721247,1,1.0,1.0,1.0,0.0,,10.0,12,0,,0.0,0.6319069069069064
independent,1008,12,229,1721248,1,1.0,1.0,1.0,0.0,,10.0,12,0,,0.0,0.5155846322512995
independent,1008,12,230,1721249,1,1.0,1.0,1.0,0.0,,10.0,12,0,,0.0,0.6339982839982841
independent,1008,12,231,1721250,1,1.0,1.0,1.0,0.0,,10.0,12,0,,0.0,0.41578483245149966
independent,1008,12,232,1721251,1,1.0,1.0,1.0,1.0,,10.0,12,0,,0.0,0.45100934267601034
independent,1008,12,233,1721252,1,1.0,1.0,1.0,1.0,,10.0,12,0,,0.0,0.5793507793507799
independent,1008,12,234,1721253,1,1.0,1.0,1.0,0.0,,10.0,12,0,,0.0,0.566970541970542
independent,1008,12,235,1721254,1,1.0,1.0,1.0,0.0,,10.0,12,0,,0.0,0.35557938891272256
independent,1008,12,236,1721255,1,1.0,1.0,1.0,0.0,,10.0,12,0,,0.0,0.339098622431956
independent,1008,12,237,1721256,1,1.0,1.0,1.0,0.0,,10.0,12,0,,0.0,0.45836074169407576
independent,1008,12,238,1721257,1,1.0,1.0,1.0,1.0,,10.0,12,0,,0.0,0.38994708994709043
independent,1008,12,239,1721258,1,1.0,1.0,1.0,0.0,,10.0,12,0,,0.0,0.5406549406549415
independent,1008,12,240,1721259,1,1.0,1.0,1.0,0.0,,10.0,12,0,,0.0,0.40699389866056607
independent,1008,12,241,1721260,1,1.0,1.0,1.0,0.0,,10.0,12,0,,0.0,0.3815148481815153
independent,1008,12,242,1721261,1,1.0,1.0,1.0,0.0,,10.0,12,0,,0.0,0.47885981219314655
independent,1008,12,243,1721262,1,1.0,1.0,1.0,0.0,,10.0,12,0,,0.0,0.41696339196339277
independent,1008,12,244,1721263,1,1.0,1.0,1.0,0.0,,10.0,12,0,,0.0,0.4880046713380055
independent,1008,12,245,1721264,1,1.0,1.0,1.0,0.0,,10.0,12,0,,0.0,0.49494732828066224
independent,1008,12,246,1721265,1,1.0,1.0,1.0,0.0,,10.0,12,0,,0.0,0.4040647790647797
independent,1008,12,247,1721266,1,1.0,1.0,1.0,1.0,,10.0,12,0,,0.0,0.48797964631298046
independent,1008,12,248,1721267,1,0.0,1.0,1.0,0.0,,10.0,12,0,,0.0,0.447752514419182
independent,1008,12,249,1721268,1,1.0,1.0,1.0,1.0,,10.0,12,0,,0.0,0.3042196958863625
independent,1008,12,250,1721269,1,1.0,1.0,1.0,0.0,,10.0,12,0,,0.0,0.5858406025072697
independent,1008,12,251,1721270,1,1.0,1.0,1.0,1.0,,10.0,12,0,,0.0,0.41808355975022676
independent,1008,12,252,1721271,1,0.0,1.0,1.0,0.0,,10.0,12,0,,0.0,0.5840435673769012
independent,1008,12,253,1721272,1,1.0,1.0,1.0,0.0,,10.0,12,0,,0.0,0.4314278564278574
independent,1008,12,254,1721273,1,1.0,1.0,1.0,0.0,,10.0,12,0,,0.0,0.5218694885361564
independent,1008,12,255,1721274,1,1.0,1.0,1.0,0.0,,10.0,12,0,,0.0,0.3363470613470615
independent,1008,12,256,1721275,1,1.0,1.0,1.0,1.0,,10.0,12,0,,0.0,0.2909302159302158
independent,1008,12,257,1721276,1,1.0,1.0,1.0,0.0,,10.0,12,0,,0.0,0.5704251870918541
independent,1008,12,258,1721277,1,1.0,1.0,1.0,0.0,,10.0,12,0,,0.0,0.40960960960960996
independent,1008,12,259,1721278,1,1.0,1.0,1.0,0.0,,10.0,12,0,,0.0,0.7280780780780771
independent,1008,12,260,1721279,1,1.0,1.0,1.0,0.0,,10.0,12,0,,0.0,0.5709769293102629
independent,1008,12,261,1721280,1,1.0,1.0,1.0,0.0,,10.0,12,0,,0.0,0.48916416416416514
independent,1008,12,262,1721281,1,1.0,1.0,1.0,0.0,,10.0,12,0,,0.0,0.3328292578292578
independent,1008,12,263,1721282,1,1.0,1.0,1.0,1.0,,10.0,12,0,,0.0,0.4294055960722637
independent,1008,12,264,1721283,1,1.0,1.0,1.0,1.0,,10.0,12,0,,0.0,0.49835073168406613
independent,1008,12,265,1721284,1,1.0,1.0,1.0,0.0,,10.0,12,0,,0.0,0.4030649697316368
independent,1008,12,266,1721285,1,1.0,1.0,1.0,1.0,,10.0,12,0,,0.0,0.4255338672005344
independent,1008,12,267,1721286,1,1.0,1.0,1.0,1.0,,10.0,12,0,,0.0,0.41612803279469995
independent,1008,12,268,1721287,1,1.0,1.0,1.0,0.0,,10.0,12,0,,0.0,0.5226035559368902
independent,1008,12,269,1721288,1,1.0,1.0,1.0,0.0,,10.0,12,0,,0.0,0.439025930692598
independent,1008,12,270,1721289,1,1.0,1.0,1.0,0.0,,10.0,12,0,,0.0,0.3056866390199725
independent,1008,12,271,1721290,1,1.0,1.0,1.0,0.0,,10.0,12,0,,0.0,0.42189570522903896
independent,1008,12,272,1721291,1,1.0,1.0,1.0,0.0,,10.0,12,0,,0.0,0.36804780971447654
independent,1008,12,273,1721292,1,1.0,1.0,1.0,0.0,,10.0,12,0,,0.0,0.2849075265741931
independent,1008,12,274,1721293,1,1.0,1.0,1.0,0.0,,10.0,12,0,,0.0,0.4914962581629261
independent,1008,12,275,1721294,1,1.0,1.0,1.0,0.0,,10.0,12,0,,0.0,0.30867295867295896
independent,1008,12,276,1721295,1,1.0,1.0,1.0,0.0,,10.0,12,0,,0.0,0.48033628866962286
independent,1008,12,277,1721296,1,1.0,1.0,1.0,1.0,,10.0,12,0,,0.0,0.3889734973068313
independent,1008,12,278,1721297,1,1.0,1.0,1.0,0.0,,10.0,12,0,,0.0,0.48097978931312374
independent,1008,12,279,1721298,1,1.0,1.0,1.0,0.0,,10.0,12,0,,0.0,0.3651163067829739
independent,1008,12,280,1721299,1,1.0,1.0,1.0,1.0,,10.0,12,0,,0.0,0.4109347442680782
independent,1008,12,281,1721300,1,1.0,1.0,1.0,0.0,,10.0,12,0,,0.0,0.3727715811049148
independent,1008,12,282,1721301,1,1.0,1.0,1.0,0.0,,10.0,12,0,,0.0,0.29948758282091603
independent,1008,12,283,1721302,1,1.0,1.0,1.0,0.0,,10.0,12,0,,0.0,0.41035201868535237
independent,1008,12,284,1721303,1,1.0,1.0,1.0,0.0,,10.0,12,0,,0.0,0.45875160875160936
independent,1008,12,285,1721304,1,1.0,1.0,1.0,0.0,,10.0,12,0,,0.0,0.3911184994518336
independent,1008,12,286,1721305,1,1.0,1.0,1.0,0.0,,10.0,12,0,,0.0,0.46127913627913686
independent,1008,12,287,1721306,1,1.0,1.0,1.0,0.0,,10.0,12,0,,0.0,0.48620406120406184
independent,1008,12,288,1721307,1,1.0,1.0,1.0,0.0,,10.0,12,0,,0.0,0.319318127651461
independent,1008,12,289,1721308,1,1.0,1.0,1.0,0.0,,10.0,12,0,,0.0,0.4151842318508992
independent,1008,12,290,1721309,1,1.0,1.0,1.0,0.0,,10.0,12,0,,0.0,0.5618785452118793
independent,1008,12,291,1721310,1,1.0,1.0,1.0,0.0,,10.0,12,0,,0.0,0.6362219362219358
independent,1008,12,292,1721311,1,1.0,1.0,1.0,1.0,,10.0,12,0,,0.0,0.39493064493064567
independent,1008,12,293,1721312,1,1.0,1.0,1.0,0.0,,10.0,12,0,,0.0,0.4866711950045297
independent,1008,12,294,1721313,1,1.0,1.0,1.0,0.0,,10.0,12,0,,0.0,0.3012560179226846
independent,1008,12,295,1721314,1,1.0,1.0,1.0,0.0,,10.0,12,0,,0.0,0.4908444158444166
independent,1008,12,296,1721315,1,1.0,1.0,1.0,0.0,,10.0,12,0,,0.0,0.5026848276848286
independent,1008,12,297,1721316,1,1.0,1.0,1.0,1.0,,10.0,12,0,,0.0,0.34601982935316306
independent,1008,12,298,1721317,1,1.0,1.0,1.0,0.0,,10.0,12,0,,0.0,0.4929417512750853
independent,1008,12,299,1721318,1,1.0,1.0,1.0,0.0,,10.0,12,0,,0.0,0.3783497783497788
independent,1008,12,300,1721319,1,1.0,1.0,1.0,0.0,,10.0,12,0,,0.0,0.4835132751799428
independent,1008,12,301,1721320,1,1.0,1.0,1.0,0.0,,10.0,12,0,,0.0,0.5061096811096819
independent,1008,12,302,1721321,1,1.0,1.0,1.0,0.0,,10.0,12,0,,0.0,0.34277253443920136
independent,1008,12,303,1721322,1,1.0,1.0,1.0,0.0,,10.0,12,0,,0.0,0.4504707088040427
independent,1008,12,304,1721323,1,1.0,1.0,1.0,1.0,,10.0,12,0,,0.0,0.4146396396396403
independent,1008,12,305,1721324,1,1.0,1.0,1.0,0.0,,10.0,12,0,,0.0,0.48902593069259837
independent,1008,12,306,1721325,1,1.0,1.0,1.0,1.0,,10.0,12,0,,0.0,0.34230540063873405
independent,1008,12,307,1721326,1,1.0,1.0,1.0,0.0,,10.0,12,0,,0.0,0.4694563611230291
independent,1008,12,308,1721327,1,1.0,1.0,1.0,0.0,,10.0,12,0,,0.0,0.4391796558463233
independent,1008,12,309,1721328,1,1.0,1.0,1.0,0.0,,10.0,12,0,,0.0,0.31798465131798465
independent,1008,12,310,1721329,1,0.0,1.0,1.0,0.0,,10.0,12,0,,0.0,0.5581998665332002
independent,1008,12,311,1721330,1,1.0,1.0,1.0,0.0,,10.0,12,0,,0.0,0.456732923399591
independent,1008,12,312,1721331,1,1.0,1.0,1.0,1.0,,10.0,12,0,,0.0,0.31209066209066233
independent,1008,12,313,1721332,1,1.0,1.0,1.0,0.0,,10.0,12,0,,0.0,0.3223473473473475
independent,1008,12,314,1721333,1,1.0,1.0,1.0,0.0,,10.0,12,0,,0.0,0.5513132179798853
independent,1008,12,315,1721334,1,1.0,1.0,1.0,1.0,,10.0,12,0,,0.0,0.5543853377186714
independent,1008,12,316,1721335,1,1.0,1.0,1.0,0.0,,10.0,12,0,,0.0,0.6097967014633677
independent,1008,12,317,1721336,1,1.0,1.0,1.0,0.0,,10.0,12,0,,0.0,0.3971113971113977
independent,1008,12,318,1721337,1,1.0,1.0,1.0,0.0,,10.0,12,0,,0.0,0.6590840840840838
independent,1008,12,319,1721338,1,1.0,1.0,1.0,0.0,,10.0,12,0,,0.0,0.4596417846417854
independent,1008,12,320,1721339,1,1.0,1.0,1.0,0.0,,10.0,12,0,,0.0,0.39140211640211675
independent,1008,12,321,1721340,1,1.0,1.0,1.0,0.0,,10.0,12,0,,0.0,0.5687711521044859
independent,1008,12,322,1721341,1,1.0,1.0,1.0,0.0,,10.0,12,0,,0.0,0.31925973592640283
independent,1008,12,323,1721342,1,1.0,1.0,1.0,0.0,,10.0,12,0,,0.0,0.4889437056103731
independent,1008,12,324,1721343,1,1.0,1.0,1.0,0.0,,10.0,12,0,,0.0,0.3738595738595741
independent,1008,12,325,1721344,1,1.0,1.0,1.0,0.0,,10.0,12,0,,0.0,0.5405691405691413
independent,1008,12,326,1721345,1,1.0,1.0,1.0,0.0,,10.0,12,0,,0.0,0.47957242957243007
independent,1008,12,327,1721346,1,1.0,1.0,1.0,0.0,,10.0,12,0,,0.0,0.5847585680919015
independent,1008,12,328,1721347,1,1.0,1.0,1.0,0.0,,10.0,12,0,,0.0,0.36691930025263403
independent,1008,12,329,1721348,1,1.0,1.0,1.0,0.0,,10.0,12,0,,0.0,0.34214810048143396
independent,1008,12,330,1721349,1,0.0,1.0,1.0,0.0,,10.0,12,0,,0.0,0.40771247437914165
independent,1008,12,331,1721350,1,1.0,1.0,1.0,0.0,,10.0,12,0,,0.0,0.4789289289289297
independent,1008,12,332,1721351,1,1.0,1.0,1.0,0.0,,10.0,12,0,,0.0,0.43042923876257294
independent,1008,12,333,1721352,1,1.0,1.0,1.0,0.0,,10.0,12,0,,0.0,0.26869250202583495
independent,1008,12,334,1721353,1,1.0,1.0,1.0,0.0,,10.0,12,0,,0.0,0.7599444682778013
independent,1008,12,335,1721354,1,1.0,1.0,1.0,1.0,,10.0,12,0,,0.0,0.4836002669336012
independent,1008,12,336,1721355,1,1.0,1.0,1.0,0.0,,10.0,12,0,,0.0,0.4533140283140291
independent,1008,12,337,1721356,1,0.0,1.0,1.0,0.0,,10.0,12,0,,0.0,0.4310191143524485
independent,1008,12,338,1721357,1,1.0,1.0,1.0,0.0,,10.0,12,0,,0.0,0.5536441203107872
independent,1008,12,339,1721358,1,1.0,1.0,1.0,0.0,,10.0,12,0,,0.0,0.3432873349540018
independent,1008,12,340,1721359,1,1.0,1.0,1.0,0.0,,10.0,12,0,,0.0,0.5034856284856298
independent,1008,12,341,1721360,1,1.0,1.0,1.0,0.0,,10.0,12,0,,0.0,0.628733495400162
independent,1008,12,342,1721361,1,1.0,1.0,1.0,0.0,,10.0,12,0,,0.0,0.5062359979026653
independent,1008,12,343,1721362,1,0.0,1.0,1.0,0.0,,10.0,12,0,,0.0,0.36885218551885246
independent,1008,12,344,1721363,1,1.0,1.0,1.0,0.0,,10.0,12,0,,0.0,0.3188390771724105
independent,1008,12,345,1721364,1,1.0,1.0,1.0,0.0,,10.0,12,0,,0.0,0.44412269412269506
independent,1008,12,346,1721365,1,1.0,1.0,1.0,1.0,,10.0,12,0,,0.0,0.3595679012345681
independent,1008,12,347,1721366,1,1.0,1.0,1.0,1.0,,10.0,12,0,,0.0,0.45526598026598114
independent,1008,12,348,1721367,1,1.0,1.0,1.0,0.0,,10.0,12,0,,0.0,0.4008270174936849
independent,1008,12,349,1721368,1,1.0,1.0,1.0,0.0,,10.0,12,0,,0.0,0.42526216692883384
independent,1008,12,350,1721369,1,1.0,1.0,1.0,0.0,,10.0,12,0,,0.0,0.5130344630344641
independent,1008,12,351,1721370,1,1.0,1.0,1.0,0.0,,10.0,12,0,,0.0,0.45922827589494336
independent,1008,12,352,1721371,1,1.0,1.0,1.0,0.0,,10.0,12,0,,0.0,0.4614340531007201
independent,1008,12,353,1721372,1,0.0,1.0,1.0,0.0,,10.0,12,0,,0.0,0.5924805758139093
independent,1008,12,354,1721373,1,1.0,1.0,1.0,0.0,,10.0,12,0,,0.0,0.4344415844415848
independent,1008,12,355,1721374,1,1.0,1.0,1.0,0.0,,10.0,12,0,,0.0,0.4510439010439017
independent,1008,12,356,1721375,1,0.0,1.0,1.0,0.0,,10.0,12,0,,0.0,0.516408074741409
independent,1008,12,357,1721376,1,1.0,1.0,1.0,0.0,,10.0,12,0,,0.0,0.28996734830068155
independent,1008,12,358,1721377,1,1.0,1.0,1.0,0.0,,10.0,12,0,,0.0,0.4314683731350407
independent,1008,12,359,1721378,1,1.0,1.0,1.0,0.0,,10.0,12,0,,0.0,0.4806687640020986
independent,1008,12,360,1721379,1,1.0,1.0,1.0,0.0,,10.0,12,0,,0.0,0.4415439248772589
independent,1008,12,361,1721380,1,1.0,1.0,1.0,1.0,,10.0,12,0,,0.0,0.34596262929596294
independent,1008,12,362,1721381,1,1.0,1.0,1.0,0.0,,10.0,12,0,,0.0,0.618883168883169
independent,1008,12,363,1721382,1,0.0,1.0,1.0,0.0,,10.0,12,0,,0.0,0.44223151723151816
independent,1008,12,364,1721383,1,1.0,1.0,1.0,1.0,,10.0,12,0,,0.0,0.40771485771485855
independent,1008,12,365,1721384,1,1.0,1.0,1.0,0.0,,10.0,12,0,,0.0,0.43973616473616534
independent,1008,12,366,1721385,1,1.0,1.0,1.0,0.0,,10.0,12,0,,0.0,0.4823776157109503
independent,1008,12,367,1721386,1,1.0,1.0,1.0,1.0,,10.0,12,0,,0.0,0.38170432337099064
independent,1008,12,368,1721387,1,1.0,1.0,1.0,0.0,,10.0,12,0,,0.0,0.5782675532675536
independent,1008,12,369,1721388,1,1.0,1.0,1.0,0.0,,10.0,12,0,,0.0,0.3310572477239146
independent,1008,12,370,1721389,1,1.0,1.0,1.0,0.0,,10.0,12,0,,0.0,0.5744482577815911
independent,1008,12,371,1721390,1,1.0,1.0,1.0,0.0,,10.0,12,0,,0.0,0.3974176557509896
independent,1008,12,372,1721391,1,0.0,1.0,1.0,0.0,,10.0,12,0,,0.0,0.39928023261356627
independent,1008,12,373,1721392,1,1.0,1.0,1.0,0.0,,10.0,12,0,,0.0,0.3900293150293156
independent,1008,12,374,1721393,1,1.0,1.0,1.0,0.0,,10.0,12,0,,0.0,0.42777181943848663
independent,1008,12,375,1721394,1,1.0,1.0,1.0,0.0,,10.0,12,0,,0.0,0.42092926259593005
independent,1008,12,376,1721395,1,1.0,1.0,1.0,0.0,,10.0,12,0,,0.0,0.5281793698460371
independent,1008,12,377,1721396,1,1.0,1.0,1.0,0.0,,10.0,12,0,,0.0,0.3637244387244391
independent,1008,12,378,1721397,1,1.0,1.0,1.0,0.0,,10.0,12,0,,0.0,0.5427260593927269
independent,1008,12,379,1721398,1,1.0,1.0,1.0,0.0,,10.0,12,0,,0.0,0.5795986462653131
independent,1008,12,380,1721399,1,1.0,1.0,1.0,0.0,,10.0,12,0,,0.0,0.43725392058725476
independent,1008,12,381,1721400,1,1.0,1.0,1.0,0.0,,10.0,12,0,,0.0,0.3474724724724727
independent,1008,12,382,1721401,1,1.0,1.0,1.0,0.0,,10.0,12,0,,0.0,0.3939367939367947
independent,1008,12,383,1721402,1,1.0,1.0,1.0,0.0,,10.0,12,0,,0.0,0.4504206587539929
independent,1008,12,384,1721403,1,1.0,1.0,1.0,0.0,,10.0,12,0,,0.0,0.4934005434005444
independent,1008,12,385,1721404,1,1.0,1.0,1.0,0.0,,10.0,12,0,,0.0,0.40225701892368626
independent,1008,12,386,1721405,1,1.0,1.0,1.0,0.0,,10.0,12,0,,0.0,0.3990943324276662
independent,1008,12,387,1721406,1,1.0,1.0,1.0,0.0,,10.0,12,0,,0.0,0.6740216406883069
independent,1008,12,388,1721407,1,0.0,1.0,1.0,0.0,,10.0,12,0,,0.0,0.6539217789217789
independent,1008,12,389,1721408,1,1.0,1.0,1.0,0.0,,10.0,12,0,,0.0,0.5969660136326802
independent,1008,12,390,1721409,1,1.0,1.0,1.0,0.0,,10.0,12,0,,0.0,0.48463701797035214
independent,1008,12,391,1721410,1,1.0,1.0,1.0,0.0,,10.0,12,0,,0.0,0.34518804518804574
independent,1008,12,392,1721411,1,1.0,1.0,1.0,0.0,,10.0,12,0,,0.0,0.48672720339387116
independent,1008,12,393,1721412,1,1.0,1.0,1.0,0.0,,10.0,12,0,,0.0,0.3722710806044144
independent,1008,12,394,1721413,1,1.0,1.0,1.0,0.0,,10.0,12,0,,0.0,0.5067436484103162
independent,1008,12,395,1721414,1,1.0,1.0,1.0,0.0,,10.0,12,0,,0.0,0.4021759855093195
independent,1008,12,396,1721415,1,1.0,1.0,1.0,0.0,,10.0,12,0,,0.0,0.42910767910768
independent,1008,12,397,1721416,1,1.0,1.0,1.0,0.0,,10.0,12,0,,0.0,0.5038383621716969
independent,1008,12,398,1721417,1,1.0,1.0,1.0,1.0,,10.0,12,0,,0.0,0.3862302778969451
independent,1008,12,399,1721418,1,1.0,1.0,1.0,1.0,,10.0,12,0,,0.0,0.31708017541350886
independent,1008,12,400,1721419,1,1.0,1.0,1.0,0.0,,10.0,12,0,,0.0,0.5711628294961633
independent,1008,12,401,1721420,1,1.0,1.0,1.0,0.0,,10.0,12,0,,0.0,0.5191405691405698
independent,1008,12,402,1721421,1,1.0,1.0,1.0,0.0,,10.0,12,0,,0.0,0.4668656751990093
independent,1008,12,403,1721422,1,1.0,1.0,1.0,0.0,,10.0,12,0,,0.0,0.29507841174507843
independent,1008,12,404,1721423,1,1.0,1.0,1.0,1.0,,10.0,12,0,,0.0,0.5228299728299737
independent,1008,12,405,1721424,1,1.0,1.0,1.0,0.0,,10.0,12,0,,0.0,0.4762738929405608
independent,1008,12,406,1721425,1,1.0,1.0,1.0,0.0,,10.0,12,0,,0.0,0.48407812574479314
independent,1008,12,407,1721426,1,1.0,1.0,1.0,0.0,,10.0,12,0,,0.0,0.2846811096811096
independent,1008,12,408,1721427,1,1.0,1.0,1.0,0.0,,10.0,12,0,,0.0,0.41391391391391474
independent,1008,12,409,1721428,1,1.0,1.0,1.0,0.0,,10.0,12,0,,0.0,0.40603698937032334
independent,1008,12,410,1721429,1,1.0,1.0,1.0,1.0,,10.0,12,0,,0.0,0.3754599837933176
independent,1008,12,411,1721430,1,1.0,1.0,1.0,0.0,,10.0,12,0,,0.0,0.7308058058058053
independent,1008,12,412,1721431,1,1.0,1.0,1.0,0.0,,10.0,12,0,,0.0,0.388128604795272
independent,1008,12,413,1721432,1,1.0,1.0,1.0,0.0,,10.0,12,0,,0.0,0.38730873730873777
independent,1008,12,414,1721433,1,1.0,1.0,1.0,1.0,,10.0,12,0,,0.0,0.44566709566709645
independent,1008,12,415,1721434,1,1.0,1.0,1.0,1.0,,10.0,12,0,,0.0,0.3389067639067643
independent,1008,12,416,1721435,1,1.0,1.0,1.0,0.0,,10.0,12,0,,0.0,0.3863172696506037
independent,1008,12,417,1721436,1,1.0,1.0,1.0,0.0,,10.0,12,0,,0.0,0.6838076171409503
independent,1008,12,418,1721437,1,1.0,1.0,1.0,0.0,,10.0,12,0,,0.0,0.5221161637828317
independent,1008,12,419,1721438,1,1.0,1.0,1.0,0.0,,10.0,12,0,,0.0,0.6480361313694646
independent,1008,12,420,1721439,1,1.0,1.0,1.0,1.0,,10.0,12,0,,0.0,0.49550979550979657
independent,1008,12,421,1721440,1,1.0,1.0,1.0,0.0,,10.0,12,0,,0.0,0.4342950092950099
independent,1008,12,422,1721441,1,1.0,1.0,1.0,0.0,,10.0,12,0,,0.0,0.4763763763763769
independent,1008,12,423,1721442,1,1.0,1.0,1.0,0.0,,10.0,12,0,,0.0,0.2894179894179891
independent,1008,12,424,1721443,1,1.0,1.0,1.0,0.0,,10.0,12,0,,0.0,0.5270472853806194
independent,1008,12,425,1721444,1,0.0,1.0,1.0,0.0,,10.0,12,0,,0.0,0.4256149006149013
independent,1008,12,426,1721445,1,1.0,1.0,1.0,0.0,,10.0,12,0,,0.0,0.4158158158158165
independent,1008,12,427,1721446,1,1.0,1.0,1.0,0.0,,10.0,12,0,,0.0,0.4150436150436156
independent,1008,12,428,1721447,1,1.0,1.0,1.0,0.0,,10.0,12,0,,0.0,0.5089458506125184
independent,1008,12,429,1721448,1,1.0,1.0,1.0,0.0,,10.0,12,0,,0.0,0.5568342151675488
independent,1008,12,430,1721449,1,1.0,1.0,1.0,0.0,,10.0,12,0,,0.0,0.5330330330330334
independent,1008,12,431,1721450,1,1.0,1.0,1.0,0.0,,10.0,12,0,,0.0,0.40546618046618127
independent,1008,12,432,1721451,1,1.0,1.0,1.0,0.0,,10.0,12,0,,0.0,0.2993219409886077
independent,1008,12,433,1721452,1,1.0,1.0,1.0,0.0,,10.0,12,0,,0.0,0.5639496639496645
independent,1008,12,434,1721453,1,1.0,1.0,1.0,0.0,,10.0,12,0,,0.0,0.5181097764431102
independent,1008,12,435,1721454,1,1.0,1.0,1.0,0.0,,10.0,12,0,,0.0,0.3691012441012443
independent,1008,12,436,1721455,1,1.0,1.0,1.0,0.0,,10.0,12,0,,0.0,0.46494828161494944
independent,1008,12,437,1721456,1,1.0,1.0,1.0,0.0,,10.0,12,0,,0.0,0.435100576767244
independent,1008,12,438,1721457,1,1.0,1.0,1.0,0.0,,10.0,12,0,,0.0,0.4162257495590836
independent,1008,12,439,1721458,1,1.0,1.0,1.0,0.0,,10.0,12,0,,0.0,0.4612231278897949
independent,1008,12,440,1721459,1,1.0,1.0,1.0,0.0,,10.0,12,0,,0.0,0.39001859001859057
independent,1008,12,441,1721460,1,1.0,1.0,1.0,0.0,,10.0,12,0,,0.0,0.46386505553172325
independent,1008,12,442,1721461,1,0.0,1.0,1.0,0.0,,10.0,12,0,,0.0,0.4223759473759482
independent,1008,12,443,1721462,1,1.0,1.0,1.0,0.0,,10.0,12,0,,0.0,0.5752490585823928
independent,1008,12,444,1721463,1,1.0,1.0,1.0,0.0,,10.0,12,0,,0.0,0.39434076934076984
independent,1008,12,445,1721464,1,1.0,1.0,1.0,1.0,,10.0,12,0,,0.0,0.4568806902140245
independent,1008,12,446,1721465,1,1.0,1.0,1.0,0.0,,10.0,12,0,,0.0,0.39428595261928656
independent,1008,12,447,1721466,1,1.0,1.0,1.0,0.0,,10.0,12,0,,0.0,0.5535487868821205
independent,1008,12,448,1721467,1,1.0,1.0,1.0,0.0,,10.0,12,0,,0.0,0.4385087468420808
independent,1008,12,449,1721468,1,1.0,1.0,1.0,0.0,,10.0,12,0,,0.0,0.37979527146193853
independent,1008,12,450,1721469,1,1.0,1.0,1.0,0.0,,10.0,12,0,,0.0,0.44052743219409946
independent,1008,12,451,1721470,1,0.0,1.0,1.0,0.0,,10.0,12,0,,0.0,0.48450474283807715
independent,1008,12,452,1721471,1,1.0,1.0,1.0,0.0,,10.0,12,0,,0.0,0.5841925258591927
independent,1008,12,453,1721472,1,1.0,1.0,1.0,0.0,,10.0,12,0,,0.0,0.5924591257924593
independent,1008,12,454,1721473,1,1.0,1.0,1.0,1.0,,10.0,12,0,,0.0,0.5277456027456037
independent,1008,12,455,1721474,1,1.0,1.0,1.0,0.0,,10.0,12,0,,0.0,0.36406763906763956
independent,1008,12,456,1721475,1,1.0,1.0,1.0,0.0,,10.0,12,0,,0.0,0.4342687926021266
independent,1008,12,457,1721476,1,1.0,1.0,1.0,0.0,,10.0,12,0,,0.0,0.5525561275561279
independent,1008,12,458,1721477,1,1.0,1.0,1.0,0.0,,10.0,12,0,,0.0,0.3760105343438683
independent,1008,12,459,1721478,1,1.0,1.0,1.0,0.0,,10.0,12,0,,0.0,0.3109955193288527
independent,1008,12,460,1721479,1,1.0,1.0,1.0,0.0,,10.0,12,0,,0.0,0.42966180466180576
independent,1008,12,461,1721480,1,1.0,1.0,1.0,0.0,,10.0,12,0,,0.0,0.5392571142571151
independent,1008,12,462,1721481,1,1.0,1.0,1.0,0.0,,10.0,12,0,,0.0,0.2936710520043852
independent,1008,12,463,1721482,1,0.0,1.0,1.0,0.0,,10.0,12,0,,0.0,0.4101017684351022
independent,1008,12,464,1721483,1,1.0,1.0,1.0,0.0,,10.0,12,0,,0.0,0.3548083798083801
independent,1008,12,465,1721484,1,1.0,1.0,1.0,0.0,,10.0,12,0,,0.0,0.31804065970732637
independent,1008,12,466,1721485,1,1.0,1.0,1.0,0.0,,10.0,12,0,,0.0,0.2550276466943131
independent,1008,12,467,1721486,1,1.0,1.0,1.0,0.0,,10.0,12,0,,0.0,0.4342509175842517
independent,1008,12,468,1721487,1,1.0,1.0,1.0,0.0,,10.0,12,0,,0.0,0.4298417465084142
independent,1008,12,469,1721488,1,1.0,1.0,1.0,0.0,,10.0,12,0,,0.0,0.3747032747032753
independent,1008,12,470,1721489,1,1.0,1.0,1.0,0.0,,10.0,12,0,,0.0,0.5488250154916828
independent,1008,12,471,1721490,1,1.0,1.0,1.0,0.0,,10.0,12,0,,0.0,0.37514538347871723
independent,1008,12,472,1721491,1,1.0,1.0,1.0,1.0,,10.0,12,0,,0.0,0.369010677344011
independent,1008,12,473,1721492,1,1.0,1.0,1.0,1.0,,10.0,12,0,,0.0,0.443112159778827
independent,1008,12,474,1721493,1,1.0,1.0,1.0,0.0,,10.0,12,0,,0.0,0.47570070070070136
independent,1008,12,475,1721494,1,1.0,1.0,1.0,0.0,,10.0,12,0,,0.0,0.3307962724629393
independent,1008,12,476,1721495,1,1.0,1.0,1.0,0.0,,10.0,12,0,,0.0,0.3815839649172987
independent,1008,12,477,1721496,1,1.0,1.0,1.0,1.0,,10.0,12,0,,0.0,0.5409468992802328
independent,1008,12,478,1721497,1,1.0,1.0,1.0,0.0,,10.0,12,0,,0.0,0.31515920682587345
independent,1008,12,479,1721498,1,1.0,1.0,1.0,0.0,,10.0,12,0,,0.0,0.48304375804375876
independent,1008,12,480,1721499,1,1.0,1.0,1.0,0.0,,10.0,12,0,,0.0,0.533090233090234
independent,1008,12,481,1721500,1,1.0,1.0,1.0,1.0,,10.0,12,0,,0.0,0.3522272272272276
independent,1008,12,482,1721501,1,1.0,1.0,1.0,1.0,,10.0,12,0,,0.0,0.2920527670527669
independent,1008,12,483,1721502,1,1.0,1.0,1.0,0.0,,10.0,12,0,,0.0,0.45132632632632697
independent,1008,12,484,1721503,1,1.0,1.0,1.0,0.0,,10.0,12,0,,0.0,0.4699806949806958
independent,1008,12,485,1721504,1,1.0,1.0,1.0,1.0,,10.0,12,0,,0.0,0.4242504409171086
independent,1008,12,486,1721505,1,1.0,1.0,1.0,1.0,,10.0,12,0,,0.0,0.31638900805567505
independent,1008,12,487,1721506,1,1.0,1.0,1.0,1.0,,10.0,12,0,,0.0,0.4934589351256027
independent,1008,12,488,1721507,1,1.0,1.0,1.0,1.0,,10.0,12,0,,0.0,0.46429882263215694
independent,1008,12,489,1721508,1,1.0,1.0,1.0,0.0,,10.0,12,0,,0.0,0.4515384432051106
independent,1008,12,490,1721509,1,1.0,1.0,1.0,1.0,,10.0,12,0,,0.0,0.3802457219123893
independent,1008,12,491,1721510,1,1.0,1.0,1.0,1.0,,10.0,12,0,,0.0,0.4452083035416376
independent,1008,12,492,1721511,1,1.0,1.0,1.0,0.0,,10.0,12,0,,0.0,0.534714476381144
independent,1008,12,493,1721512,1,1.0,1.0,1.0,0.0,,10.0,12,0,,0.0,0.48061037227703984
independent,1008,12,494,1721513,1,1.0,1.0,1.0,0.0,,10.0,12,0,,0.0,0.31661661661661666
independent,1008,12,495,1721514,1,1.0,1.0,1.0,0.0,,10.0,12,0,,0.0,0.8102924352924342
independent,1008,12,496,1721515,1,1.0,1.0,1.0,0.0,,10.0,12,0,,0.0,0.3875137041803713
independent,1008,12,497,1721516,1,1.0,1.0,1.0,0.0,,10.0,12,0,,0.0,0.538391963391964
independent,1008,12,498,1721517,1,1.0,1.0,1.0,0.0,,10.0,12,0,,0.0,0.45303398636732056
independent,1008,12,499,1721518,1,0.0,1.0,1.0,0.0,,10.0,12,0,,0.0,0.3953000619667292
gaussian_star,126,12,0,10839019,1,1.0,1.0,1.0,1.0,1.0,10.0,12,0,0.0,0.0,1.0
gaussian_star,126,12,1,10839020,1,1.0,1.0,1.0,1.0,1.0,10.0,12,0,0.0,0.0,1.0
gaussian_star,126,12,2,10839021,1,0.0,1.0,1.0,1.0,1.0,9.666666666666666,12,0,0.0,0.0,1.0
gaussian_star,126,12,3,10839022,1,1.0,1.0,1.0,1.0,1.0,9.75,12,0,0.0,0.0,1.0
gaussian_star,126,12,4,10839023,1,1.0,1.0,1.0,1.0,1.0,9.75,12,0,0.0,0.0,1.0
gaussian_star,126,12,5,10839024,1,0.0,1.0,1.0,1.0,1.0,9.916666666666666,12,0,0.0,0.0,1.0
gaussian_star,126,12,6,10839025,1,1.0,1.0,1.0,1.0,1.0,9.916666666666666,12,0,0.0,0.0,1.0
gaussian_star,126,12,7,10839026,1,1.0,1.0,1.0,1.0,1.0,10.0,12,0,0.0,0.0,1.0
gaussian_star,126,12,8,10839027,1,0.0,1.0,1.0,1.0,1.0,9.5,12,0,0.0,0.0,1.0
gaussian_star,126,12,9,10839028,1,1.0,1.0,1.0,1.0,1.0,10.0,12,0,0.0,0.0,1.0
gaussian_star,126,12,10,10839029,1,1.0,1.0,1.0,1.0,1.0,9.916666666666666,12,0,0.0,0.0,1.0
gaussian_star,126,12,11,10839030,1,1.0,1.0,1.0,1.0,1.0,9.916666666666666,12,0,0.0,0.0,1.0
gaussian_star,126,12,12,10839031,1,1.0,1.0,1.0,1.0,1.0,10.0,12,0,0.0,0.0,0.9996663329996663
gaussian_star,126,12,13,10839032,1,1.0,1.0,1.0,1.0,1.0,10.0,12,0,0.0,0.0,1.0
gaussian_star,126,12,14,10839033,1,1.0,1.0,1.0,1.0,1.0,9.666666666666666,12,0,0.0,0.0,1.0
gaussian_star,126,12,15,10839034,1,1.0,1.0,1.0,1.0,1.0,10.0,12,0,0.0,0.0,1.0
gaussian_star,126,12,16,10839035,1,1.0,1.0,1.0,1.0,1.0,9.666666666666666,12,0,0.0,0.0,1.0
gaussian_star,126,12,17,10839036,1,1.0,1.0,1.0,1.0,1.0,10.0,12,0,0.0,0.0,1.0
gaussian_star,126,12,18,10839037,1,1.0,1.0,1.0,1.0,1.0,10.0,12,0,0.0,0.0,1.0
gaussian_star,126,12,19,10839038,1,1.0,1.0,1.0,1.0,1.0,9.833333333333334,12,0,0.0,0.0,1.0
gaussian_star,126,12,20,10839039,1,0.0,1.0,1.0,1.0,1.0,9.916666666666666,12,0,0.0,0.0,1.0
gaussian_star,126,12,21,10839040,1,1.0,1.0,1.0,1.0,1.0,10.0,12,0,0.0,0.0,1.0
gaussian_star,126,12,22,10839041,1,1.0,1.0,1.0,1.0,1.0,9.916666666666666,12,0,0.0,0.0,1.0
gaussian_star,126,12,23,10839042,1,1.0,1.0,1.0,1.0,1.0,9.833333333333334,12,0,0.0,0.0,1.0
gaussian_star,126,12,24,10839043,1,1.0,1.0,1.0,1.0,1.0,9.833333333333334,12,0,0.0,0.0,1.0
gaussian_star,126,12,25,10839044,1,1.0,1.0,1.0,1.0,1.0,9.916666666666666,12,0,0.0,0.0,1.0
gaussian_star,126,12,26,10839045,1,1.0,1.0,1.0,1.0,1.0,10.0,12,0,0.0,0.0,1.0
gaussian_star,126,12,27,10839046,1,1.0,1.0,1.0,1.0,1.0,9.833333333333334,12,0,0.0,0.0,1.0
gaussian_star,126,12,28,10839047,1,1.0,1.0,1.0,1.0,1.0,9.833333333333334,12,0,0.0,0.0,1.0
gaussian_star,126,12,29,10839048,1,1.0,1.0,1.0,1.0,1.0,9.916666666666666,12,0,0.0,0.0,1.0
gaussian_star,126,12,30,10839049,1,0.0,1.0,1.0,1.0,1.0,10.0,12,0,0.0,0.0,1.0
gaussian_star,126,12,31,10839050,1,1.0,1.0,1.0,1.0,1.0,9.75,12,0,0.0,0.0,1.0
gaussian_star,126,12,32,10839051,1,1.0,1.0,1.0,1.0,1.0,9.583333333333334,12,0,0.0,0.0,1.0
gaussian_star,126,12,33,10839052,1,1.0,1.0,1.0,1.0,1.0,9.916666666666666,12,0,0.0,0.0,1.0
gaussian_star,126,12,34,10839053,1,1.0,1.0,1.0,1.0,1.0,10.0,12,0,0.0,0.0,1.0
gaussian_star,126,12,35,10839054,1,1.0,1.0,1.0,1.0,1.0,10.0,12,0,0.0,0.0,1.0
gaussian_star,126,12,36,10839055,1,1.0,1.0,1.0,1.0,1.0,9.833333333333334,12,0,0.0,0.0,1.0
gaussian_star,126,12,37,10839056,1,1.0,1.0,1.0,1.0,1.0,10.0,12,0,0.0,0.0,1.0
gaussian_star,126,12,38,10839057,1,1.0,1.0,1.0,1.0,1.0,9.916666666666666,12,0,0.0,0.0,1.0
gaussian_star,126,12,39,10839058,1,1.0,1.0,1.0,1.0,1.0,9.916666666666666,12,0,0.0,0.0,1.0
gaussian_star,126,12,40,10839059,1,0.0,1.0,1.0,1.0,1.0,9.833333333333334,12,0,0.0,0.0,1.0
gaussian_star,126,12,41,10839060,1,1.0,1.0,1.0,1.0,1.0,9.916666666666666,12,0,0.0,0.0,1.0
gaussian_star,126,12,42,10839061,1,1.0,1.0,1.0,1.0,1.0,10.0,12,0,0.0,0.0,1.0
gaussian_star,126,12,43,10839062,1,1.0,1.0,1.0,1.0,1.0,9.916666666666666,12,0,0.0,0.0,1.0
gaussian_star,126,12,44,10839063,1,1.0,1.0,1.0,1.0,1.0,9.833333333333334,12,0,0.0,0.0,1.0
gaussian_star,126,12,45,10839064,1,1.0,1.0,1.0,1.0,1.0,10.0,12,0,0.0,0.0,1.0
gaussian_star,126,12,46,10839065,1,1.0,1.0,1.0,1.0,1.0,9.833333333333334,12,0,0.0,0.0,1.0
gaussian_star,126,12,47,10839066,1,1.0,1.0,1.0,1.0,1.0,10.0,12,0,0.0,0.0,1.0
gaussian_star,126,12,48,10839067,1,1.0,1.0,1.0,1.0,1.0,9.833333333333334,12,0,0.0,0.0,1.0
gaussian_star,126,12,49,10839068,1,1.0,1.0,1.0,1.0,1.0,9.916666666666666,12,0,0.0,0.0,1.0
gaussian_star,126,12,50,10839069,1,1.0,1.0,1.0,1.0,1.0,10.0,12,0,0.0,0.0,1.0
gaussian_star,126,12,51,10839070,1,1.0,1.0,1.0,1.0,1.0,10.0,12,0,0.0,0.0,1.0
gaussian_star,126,12,52,10839071,1,0.0,1.0,1.0,1.0,1.0,9.833333333333334,12,0,0.0,0.0,1.0
gaussian_star,126,12,53,10839072,1,1.0,1.0,1.0,1.0,1.0,9.916666666666666,12,0,0.0,0.0,1.0
gaussian_star,126,12,54,10839073,1,1.0,1.0,1.0,1.0,1.0,10.0,12,0,0.0,0.0,1.0
gaussian_star,126,12,55,10839074,1,1.0,1.0,1.0,1.0,1.0,9.916666666666666,12,0,0.0,0.0,1.0
gaussian_star,126,12,56,10839075,1,1.0,1.0,1.0,1.0,1.0,10.0,12,0,0.0,0.0,1.0
gaussian_star,126,12,57,10839076,1,1.0,1.0,1.0,1.0,1.0,10.0,12,0,0.0,0.0,1.0
gaussian_star,126,12,58,10839077,1,1.0,1.0,1.0,1.0,1.0,9.916666666666666,12,0,0.0,0.0,1.0
gaussian_star,126,12,59,10839078,1,1.0,1.0,1.0,1.0,1.0,10.0,12,0,0.0,0.0,1.0
gaussian_star,126,12,60,10839079,1,1.0,1.0,1.0,1.0,1.0,10.0,12,0,0.0,0.0,1.0
gaussian_star,126,12,61,10839080,1,1.0,1.0,1.0,1.0,1.0,10.0,12,0,0.0,0.0,1.0
gaussian_star,126,12,62,10839081,1,0.0,1.0,1.0,1.0,1.0,9.916666666666666,12,0,0.0,0.0,1.0
gaussian_star,126,12,63,10839082,1,0.0,1.0,1.0,1.0,1.0,10.0,12,0,0.0,0.0,1.0
gaussian_star,126,12,64,10839083,1,1.0,1.0,1.0,1.0,1.0,10.0,12,0,0.0,0.0,1.0
gaussian_star,126,12,65,10839084,1,1.0,1.0,1.0,1.0,1.0,9.833333333333334,12,0,0.0,0.0,1.0
gaussian_star,126,12,66,10839085,1,1.0,1.0,1.0,1.0,1.0,10.0,12,0,0.0,0.0,1.0
gaussian_star,126,12,67,10839086,1,1.0,1.0,1.0,1.0,1.0,10.0,12,0,0.0,0.0,1.0
gaussian_star,126,12,68,10839087,1,1.0,1.0,1.0,1.0,1.0,10.0,12,0,0.0,0.0,1.0
gaussian_star,126,12,69,10839088,1,1.0,1.0,1.0,1.0,1.0,9.666666666666666,12,0,0.0,0.0,1.0
gaussian_star,126,12,70,10839089,1,1.0,1.0,1.0,1.0,1.0,9.833333333333334,12,0,0.0,0.0,1.0
gaussian_star,126,12,71,10839090,1,1.0,1.0,1.0,1.0,1.0,10.0,12,0,0.0,0.0,1.0
gaussian_star,126,12,72,10839091,1,1.0,1.0,1.0,1.0,1.0,9.416666666666666,12,0,0.0,0.0,1.0
gaussian_star,126,12,73,10839092,1,1.0,1.0,1.0,1.0,1.0,9.916666666666666,12,0,0.0,0.0,1.0
gaussian_star,126,12,74,10839093,1,1.0,1.0,1.0,1.0,1.0,9.916666666666666,12,0,0.0,0.0,1.0
gaussian_star,126,12,75,10839094,1,1.0,1.0,1.0,1.0,1.0,9.916666666666666,12,0,0.0,0.0,1.0
gaussian_star,126,12,76,10839095,1,1.0,1.0,1.0,1.0,1.0,10.0,12,0,0.0,0.0,1.0
gaussian_star,126,12,77,10839096,1,1.0,1.0,1.0,1.0,1.0,10.0,12,0,0.0,0.0,1.0
gaussian_star,126,12,78,10839097,1,1.0,1.0,1.0,1.0,1.0,10.0,12,0,0.0,0.0,1.0
gaussian_star,126,12,79,10839098,1,1.0,1.0,1.0,1.0,1.0,10.0,12,0,0.0,0.0,1.0
gaussian_star,126,12,80,10839099,1,1.0,1.0,1.0,1.0,1.0,10.0,12,0,0.0,0.0,1.0
gaussian_star,126,12,81,10839100,1,1.0,1.0,1.0,1.0,1.0,9.916666666666666,12,0,0.0,0.0,1.0
gaussian_star,126,12,82,10839101,1,1.0,1.0,1.0,1.0,1.0,9.916666666666666,12,0,0.0,0.0,1.0
gaussian_star,126,12,83,10839102,1,1.0,1.0,1.0,1.0,1.0,10.0,12,0,0.0,0.0,1.0
gaussian_star,126,12,84,10839103,1,1.0,1.0,1.0,1.0,1.0,10.0,12,0,0.0,0.0,1.0
gaussian_star,126,12,85,10839104,1,1.0,1.0,1.0,1.0,1.0,9.75,12,0,0.0,0.0,1.0
gaussian_star,126,12,86,10839105,1,1.0,1.0,1.0,1.0,1.0,9.916666666666666,12,0,0.0,0.0,1.0
gaussian_star,126,12,87,10839106,1,1.0,1.0,1.0,1.0,1.0,9.666666666666666,12,0,0.0,0.0,1.0
gaussian_star,126,12,88,10839107,1,1.0,1.0,1.0,1.0,1.0,9.833333333333334,12,0,0.0,0.0,1.0
gaussian_star,126,12,89,10839108,1,1.0,1.0,1.0,1.0,1.0,9.833333333333334,12,0,0.0,0.0,1.0
gaussian_star,126,12,90,10839109,1,1.0,1.0,1.0,1.0,1.0,9.916666666666666,12,0,0.0,0.0,1.0
gaussian_star,126,12,91,10839110,1,1.0,1.0,1.0,1.0,1.0,10.0,12,0,0.0,0.0,1.0
gaussian_star,126,12,92,10839111,1,1.0,1.0,1.0,1.0,1.0,9.916666666666666,12,0,0.0,0.0,1.0
gaussian_star,126,12,93,10839112,1,1.0,1.0,1.0,1.0,1.0,9.916666666666666,12,0,0.0,0.0,1.0
gaussian_star,126,12,94,10839113,1,1.0,1.0,1.0,1.0,1.0,10.0,12,0,0.0,0.0,1.0
gaussian_star,126,12,95,10839114,1,1.0,1.0,1.0,1.0,1.0,9.75,12,0,0.0,0.0,1.0
gaussian_star,126,12,96,10839115,1,1.0,1.0,1.0,1.0,1.0,10.0,12,0,0.0,0.0,1.0
gaussian_star,126,12,97,10839116,1,1.0,1.0,1.0,1.0,1.0,10.0,12,0,0.0,0.0,1.0
gaussian_star,126,12,98,10839117,1,1.0,1.0,1.0,1.0,1.0,9.583333333333334,12,0,0.0,0.0,1.0
gaussian_star,126,12,99,10839118,1,1.0,1.0,1.0,1.0,1.0,10.0,12,0,0.0,0.0,1.0
gaussian_star,126,12,100,10839119,1,1.0,1.0,1.0,1.0,1.0,10.0,12,0,0.0,0.0,1.0
gaussian_star,126,12,101,10839120,1,1.0,1.0,1.0,1.0,1.0,9.916666666666666,12,0,0.0,0.0,1.0
gaussian_star,126,12,102,10839121,1,0.0,1.0,1.0,1.0,1.0,9.666666666666666,12,0,0.0,0.0,1.0
gaussian_star,126,12,103,10839122,1,1.0,1.0,1.0,1.0,1.0,10.0,12,0,0.0,0.0,1.0
gaussian_star,126,12,104,10839123,1,1.0,1.0,1.0,1.0,1.0,10.0,12,0,0.0,0.0,1.0
gaussian_star,126,12,105,10839124,1,1.0,1.0,1.0,1.0,1.0,10.0,12,0,0.0,0.0,1.0
gaussian_star,126,12,106,10839125,1,1.0,1.0,1.0,1.0,1.0,10.0,12,0,0.0,0.0,1.0
gaussian_star,126,12,107,10839126,1,1.0,1.0,1.0,1.0,1.0,9.833333333333334,12,0,0.0,0.0,1.0
gaussian_star,126,12,108,10839127,1,1.0,1.0,1.0,1.0,1.0,10.0,12,0,0.0,0.0,1.0
gaussian_star,126,12,109,10839128,1,1.0,1.0,1.0,1.0,1.0,10.0,12,0,0.0,0.0,1.0
gaussian_star,126,12,110,10839129,1,1.0,1.0,1.0,1.0,1.0,9.916666666666666,12,0,0.0,0.0,1.0
gaussian_star,126,12,111,10839130,1,1.0,1.0,1.0,1.0,1.0,10.0,12,0,0.0,0.0,1.0
gaussian_star,126,12,112,10839131,1,1.0,1.0,1.0,1.0,1.0,9.916666666666666,12,0,0.0,0.0,1.0
gaussian_star,126,12,113,10839132,1,1.0,1.0,1.0,1.0,1.0,10.0,12,0,0.0,0.0,1.0
gaussian_star,126,12,114,10839133,1,1.0,1.0,1.0,1.0,1.0,10.0,12,0,0.0,0.0,1.0
gaussian_star,126,12,115,10839134,1,1.0,1.0,1.0,1.0,1.0,9.916666666666666,12,0,0.0,0.0,1.0
gaussian_star,126,12,116,10839135,1,1.0,1.0,1.0,1.0,1.0,9.916666666666666,12,0,0.0,0.0,1.0
gaussian_star,126,12,117,10839136,1,0.0,1.0,1.0,1.0,0.0,9.75,12,0,0.0,0.0,1.0
gaussian_star,126,12,118,10839137,1,1.0,1.0,1.0,1.0,1.0,10.0,12,0,0.0,0.0,1.0
gaussian_star,126,12,119,10839138,1,1.0,1.0,1.0,1.0,1.0,10.0,12,0,0.0,0.0,1.0
gaussian_star,126,12,120,10839139,1,1.0,1.0,1.0,1.0,1.0,9.833333333333334,12,0,0.0,0.0,1.0
gaussian_star,126,12,121,10839140,1,0.0,1.0,1.0,1.0,1.0,9.833333333333334,12,0,0.0,0.0,1.0
gaussian_star,126,12,122,10839141,1,1.0,1.0,1.0,1.0,1.0,9.916666666666666,12,0,0.0,0.0,1.0
gaussian_star,126,12,123,10839142,1,0.0,1.0,1.0,1.0,1.0,9.833333333333334,12,0,0.0,0.0,1.0
gaussian_star,126,12,124,10839143,1,1.0,1.0,1.0,1.0,1.0,9.833333333333334,12,0,0.0,0.0,1.0
gaussian_star,126,12,125,10839144,1,1.0,1.0,1.0,1.0,1.0,10.0,12,0,0.0,0.0,1.0
gaussian_star,126,12,126,10839145,1,1.0,1.0,1.0,1.0,1.0,10.0,12,0,0.0,0.0,1.0
gaussian_star,126,12,127,10839146,1,1.0,1.0,1.0,1.0,1.0,9.833333333333334,12,0,0.0,0.0,1.0
gaussian_star,126,12,128,10839147,1,0.0,1.0,1.0,1.0,1.0,9.75,12,0,0.0,0.0,1.0
gaussian_star,126,12,129,10839148,1,1.0,1.0,1.0,1.0,1.0,10.0,12,0,0.0,0.0,1.0
gaussian_star,126,12,130,10839149,1,1.0,1.0,1.0,1.0,1.0,10.0,12,0,0.0,0.0,1.0
gaussian_star,126,12,131,10839150,1,1.0,1.0,1.0,1.0,1.0,10.0,12,0,0.0,0.0,1.0
gaussian_star,126,12,132,10839151,1,1.0,1.0,1.0,1.0,1.0,10.0,12,0,0.0,0.0,1.0
gaussian_star,126,12,133,10839152,1,1.0,1.0,1.0,1.0,1.0,9.833333333333334,12,0,0.0,0.0,1.0
gaussian_star,126,12,134,10839153,1,1.0,1.0,1.0,1.0,1.0,10.0,12,0,0.0,0.0,1.0
gaussian_star,126,12,135,10839154,1,1.0,1.0,1.0,1.0,1.0,10.0,12,0,0.0,0.0,1.0
gaussian_star,126,12,136,10839155,1,1.0,1.0,1.0,1.0,1.0,9.833333333333334,12,0,0.0,0.0,1.0
gaussian_star,126,12,137,10839156,1,1.0,1.0,1.0,1.0,1.0,10.0,12,0,0.0,0.0,1.0
gaussian_star,126,12,138,10839157,1,1.0,1.0,1.0,1.0,1.0,9.916666666666666,12,0,0.0,0.0,1.0
gaussian_star,126,12,139,10839158,1,1.0,1.0,1.0,1.0,1.0,10.0,12,0,0.0,0.0,1.0
gaussian_star,126,12,140,10839159,1,1.0,1.0,1.0,1.0,1.0,10.0,12,0,0.0,0.0,1.0
gaussian_star,126,12,141,10839160,1,1.0,1.0,1.0,1.0,1.0,9.666666666666666,12,0,0.0,0.0,1.0
gaussian_star,126,12,142,10839161,1,1.0,1.0,1.0,1.0,1.0,9.75,12,0,0.0,0.0,1.0
gaussian_star,126,12,143,10839162,1,0.0,1.0,1.0,1.0,1.0,9.833333333333334,12,0,0.0,0.0,1.0
gaussian_star,126,12,144,10839163,1,1.0,1.0,1.0,1.0,1.0,9.916666666666666,12,0,0.0,0.0,1.0
gaussian_star,126,12,145,10839164,1,1.0,1.0,1.0,1.0,1.0,10.0,12,0,0.0,0.0,1.0
gaussian_star,126,12,146,10839165,1,1.0,1.0,1.0,1.0,1.0,10.0,12,0,0.0,0.0,1.0
gaussian_star,126,12,147,10839166,1,1.0,1.0,1.0,1.0,1.0,10.0,12,0,0.0,0.0,1.0
gaussian_star,126,12,148,10839167,1,1.0,1.0,1.0,1.0,1.0,10.0,12,0,0.0,0.0,1.0
gaussian_star,126,12,149,10839168,1,1.0,1.0,1.0,1.0,1.0,10.0,12,0,0.0,0.0,1.0
gaussian_star,126,12,150,10839169,1,1.0,1.0,1.0,1.0,1.0,9.833333333333334,12,0,0.0,0.0,1.0
gaussian_star,126,12,151,10839170,1,1.0,1.0,1.0,1.0,1.0,9.5,12,0,0.0,0.0,1.0
gaussian_star,126,12,152,10839171,1,1.0,1.0,1.0,1.0,1.0,9.916666666666666,12,0,0.0,0.0,1.0
gaussian_star,126,12,153,10839172,1,1.0,1.0,1.0,1.0,1.0,10.0,12,0,0.0,0.0,1.0
gaussian_star,126,12,154,10839173,1,1.0,1.0,1.0,1.0,1.0,10.0,12,0,0.0,0.0,1.0
gaussian_star,126,12,155,10839174,1,1.0,1.0,1.0,1.0,1.0,10.0,12,0,0.0,0.0,1.0
gaussian_star,126,12,156,10839175,1,1.0,1.0,1.0,1.0,0.0,9.916666666666666,12,0,0.0,0.0,1.0
gaussian_star,126,12,157,10839176,1,1.0,1.0,1.0,1.0,1.0,10.0,12,0,0.0,0.0,1.0
gaussian_star,126,12,158,10839177,1,1.0,1.0,1.0,1.0,1.0,9.916666666666666,12,0,0.0,0.0,1.0
gaussian_star,126,12,159,10839178,1,1.0,1.0,1.0,1.0,1.0,9.666666666666666,12,0,0.0,0.0,1.0
gaussian_star,126,12,160,10839179,1,1.0,1.0,1.0,1.0,1.0,10.0,12,0,0.0,0.0,1.0
gaussian_star,126,12,161,10839180,1,1.0,1.0,1.0,1.0,1.0,10.0,12,0,0.0,0.0,1.0
gaussian_star,126,12,162,10839181,1,1.0,1.0,1.0,1.0,1.0,9.916666666666666,12,0,0.0,0.0,1.0
gaussian_star,126,12,163,10839182,1,0.0,1.0,1.0,1.0,1.0,9.833333333333334,12,0,0.0,0.0,1.0
gaussian_star,126,12,164,10839183,1,1.0,1.0,1.0,1.0,1.0,10.0,12,0,0.0,0.0,1.0
gaussian_star,126,12,165,10839184,1,1.0,1.0,1.0,1.0,1.0,9.666666666666666,12,0,0.0,0.0,1.0
gaussian_star,126,12,166,10839185,1,1.0,1.0,1.0,1.0,1.0,10.0,12,0,0.0,0.0,1.0
gaussian_star,126,12,167,10839186,1,1.0,1.0,1.0,1.0,1.0,10.0,12,0,0.0,0.0,1.0
gaussian_star,126,12,168,10839187,1,1.0,1.0,1.0,1.0,1.0,10.0,12,0,0.0,0.0,1.0
gaussian_star,126,12,169,10839188,1,1.0,1.0,1.0,1.0,1.0,9.833333333333334,12,0,0.0,0.0,1.0
gaussian_star,126,12,170,10839189,1,1.0,1.0,1.0,1.0,1.0,10.0,12,0,0.0,0.0,1.0
gaussian_star,126,12,171,10839190,1,1.0,1.0,1.0,1.0,1.0,10.0,12,0,0.0,0.0,1.0
gaussian_star,126,12,172,10839191,1,0.0,1.0,1.0,1.0,1.0,9.916666666666666,12,0,0.0,0.0,1.0
gaussian_star,126,12,173,10839192,1,1.0,1.0,1.0,1.0,1.0,9.833333333333334,12,0,0.0,0.0,1.0
gaussian_star,126,12,174,10839193,1,1.0,1.0,1.0,1.0,1.0,9.916666666666666,12,0,0.0,0.0,1.0
gaussian_star,126,12,175,10839194,1,1.0,1.0,1.0,1.0,1.0,9.833333333333334,12,0,0.0,0.0,1.0
gaussian_star,126,12,176,10839195,1,1.0,1.0,1.0,1.0,1.0,9.833333333333334,12,0,0.0,0.0,1.0
gaussian_star,126,12,177,10839196,1,1.0,1.0,1.0,1.0,1.0,9.916666666666666,12,0,0.0,0.0,1.0
gaussian_star,126,12,178,10839197,1,1.0,1.0,1.0,1.0,1.0,9.916666666666666,12,0,0.0,0.0,1.0
gaussian_star,126,12,179,10839198,1,1.0,1.0,1.0,1.0,1.0,9.833333333333334,12,0,0.0,0.0,1.0
gaussian_star,126,12,180,10839199,1,1.0,1.0,1.0,1.0,1.0,9.916666666666666,12,0,0.0,0.0,1.0
gaussian_star,126,12,181,10839200,1,1.0,1.0,1.0,1.0,1.0,10.0,12,0,0.0,0.0,1.0
gaussian_star,126,12,182,10839201,1,1.0,1.0,1.0,1.0,1.0,10.0,12,0,0.0,0.0,1.0
gaussian_star,126,12,183,10839202,1,1.0,1.0,1.0,1.0,1.0,10.0,12,0,0.0,0.0,1.0
gaussian_star,126,12,184,10839203,1,1.0,1.0,1.0,1.0,1.0,10.0,12,0,0.0,0.0,1.0
gaussian_star,126,12,185,10839204,1,1.0,1.0,1.0,1.0,1.0,10.0,12,0,0.0,0.0,1.0
gaussian_star,126,12,186,10839205,1,1.0,1.0,1.0,1.0,1.0,9.666666666666666,12,0,0.0,0.0,1.0
gaussian_star,126,12,187,10839206,1,1.0,1.0,1.0,1.0,1.0,9.75,12,0,0.0,0.0,1.0
gaussian_star,126,12,188,10839207,1,1.0,1.0,1.0,1.0,1.0,9.666666666666666,12,0,0.0,0.0,1.0
gaussian_star,126,12,189,10839208,1,1.0,1.0,1.0,1.0,1.0,10.0,12,0,0.0,0.0,1.0
gaussian_star,126,12,190,10839209,1,0.0,1.0,1.0,1.0,1.0,10.0,12,0,0.0,0.0,1.0
gaussian_star,126,12,191,10839210,1,1.0,1.0,1.0,1.0,1.0,10.0,12,0,0.0,0.0,1.0
gaussian_star,126,12,192,10839211,1,0.0,1.0,1.0,1.0,1.0,9.916666666666666,12,0,0.0,0.0,1.0
gaussian_star,126,12,193,10839212,1,1.0,1.0,1.0,1.0,1.0,10.0,12,0,0.0,0.0,1.0
gaussian_star,126,12,194,10839213,1,1.0,1.0,1.0,1.0,1.0,9.916666666666666,12,0,0.0,0.0,1.0
gaussian_star,126,12,195,10839214,1,1.0,1.0,1.0,1.0,1.0,9.833333333333334,12,0,0.0,0.0,1.0
gaussian_star,126,12,196,10839215,1,1.0,1.0,1.0,1.0,1.0,9.916666666666666,12,0,0.0,0.0,1.0
gaussian_star,126,12,197,10839216,1,1.0,1.0,1.0,1.0,1.0,9.916666666666666,12,0,0.0,0.0,1.0
gaussian_star,126,12,198,10839217,1,1.0,1.0,1.0,1.0,1.0,10.0,12,0,0.0,0.0,1.0
gaussian_star,126,12,199,10839218,1,1.0,1.0,1.0,1.0,1.0,9.916666666666666,12,0,0.0,0.0,1.0
gaussian_star,126,12,200,10839219,1,1.0,1.0,1.0,1.0,1.0,10.0,12,0,0.0,0.0,1.0
gaussian_star,126,12,201,10839220,1,1.0,1.0,1.0,1.0,1.0,10.0,12,0,0.0,0.0,1.0
gaussian_star,126,12,202,10839221,1,1.0,1.0,1.0,1.0,1.0,10.0,12,0,0.0,0.0,1.0
gaussian_star,126,12,203,10839222,1,1.0,1.0,1.0,1.0,1.0,10.0,12,0,0.0,0.0,1.0
gaussian_star,126,12,204,10839223,1,1.0,1.0,1.0,1.0,1.0,10.0,12,0,0.0,0.0,1.0
gaussian_star,126,12,205,10839224,1,1.0,1.0,1.0,1.0,0.0,10.0,12,0,0.0,0.0,1.0
gaussian_star,126,12,206,10839225,1,1.0,1.0,1.0,1.0,1.0,10.0,12,0,0.0,0.0,1.0
gaussian_star,126,12,207,10839226,1,1.0,1.0,1.0,1.0,1.0,10.0,12,0,0.0,0.0,1.0
gaussian_star,126,12,208,10839227,1,1.0,1.0,1.0,1.0,1.0,10.0,12,0,0.0,0.0,1.0
gaussian_star,126,12,209,10839228,1,1.0,1.0,1.0,1.0,1.0,10.0,12,0,0.0,0.0,1.0
gaussian_star,126,12,210,10839229,1,1.0,1.0,1.0,1.0,1.0,10.0,12,0,0.0,0.0,1.0
gaussian_star,126,12,211,10839230,1,1.0,1.0,1.0,1.0,1.0,9.75,12,0,0.0,0.0,1.0
gaussian_star,126,12,212,10839231,1,1.0,1.0,1.0,1.0,1.0,10.0,12,0,0.0,0.0,1.0
gaussian_star,126,12,213,10839232,1,1.0,1.0,1.0,1.0,1.0,9.833333333333334,12,0,0.0,0.0,1.0
gaussian_star,126,12,214,10839233,1,1.0,1.0,1.0,1.0,1.0,9.916666666666666,12,0,0.0,0.0,1.0
gaussian_star,126,12,215,10839234,1,0.0,1.0,1.0,1.0,1.0,9.916666666666666,12,0,0.0,0.0,1.0
gaussian_star,126,12,216,10839235,1,1.0,1.0,1.0,1.0,1.0,9.916666666666666,12,0,0.0,0.0,1.0
gaussian_star,126,12,217,10839236,1,1.0,1.0,1.0,1.0,1.0,10.0,12,0,0.0,0.0,1.0
gaussian_star,126,12,218,10839237,1,1.0,1.0,1.0,1.0,1.0,10.0,12,0,0.0,0.0,1.0
gaussian_star,126,12,219,10839238,1,1.0,1.0,1.0,1.0,1.0,10.0,12,0,0.0,0.0,1.0
gaussian_star,126,12,220,10839239,1,1.0,1.0,1.0,1.0,1.0,9.916666666666666,12,0,0.0,0.0,1.0
gaussian_star,126,12,221,10839240,1,1.0,1.0,1.0,1.0,1.0,9.916666666666666,12,0,0.0,0.0,1.0
gaussian_star,126,12,222,10839241,1,1.0,1.0,1.0,1.0,1.0,9.916666666666666,12,0,0.0,0.0,1.0
gaussian_star,126,12,223,10839242,1,1.0,1.0,1.0,1.0,1.0,9.916666666666666,12,0,0.0,0.0,1.0
gaussian_star,126,12,224,10839243,1,1.0,1.0,1.0,1.0,1.0,9.916666666666666,12,0,0.0,0.0,1.0
gaussian_star,126,12,225,10839244,1,1.0,1.0,1.0,1.0,1.0,9.916666666666666,12,0,0.0,0.0,1.0
gaussian_star,126,12,226,10839245,1,1.0,1.0,1.0,1.0,1.0,9.916666666666666,12,0,0.0,0.0,1.0
gaussian_star,126,12,227,10839246,1,1.0,1.0,1.0,1.0,1.0,10.0,12,0,0.0,0.0,1.0
gaussian_star,126,12,228,10839247,1,0.0,1.0,1.0,1.0,1.0,10.0,12,0,0.0,0.0,1.0
gaussian_star,126,12,229,10839248,1,1.0,1.0,1.0,1.0,1.0,9.75,12,0,0.0,0.0,1.0
gaussian_star,126,12,230,10839249,1,1.0,1.0,1.0,1.0,1.0,10.0,12,0,0.0,0.0,1.0
gaussian_star,126,12,231,10839250,1,1.0,1.0,1.0,1.0,1.0,10.0,12,0,0.0,0.0,1.0
gaussian_star,126,12,232,10839251,1,1.0,1.0,1.0,1.0,1.0,9.916666666666666,12,0,0.0,0.0,1.0
gaussian_star,126,12,233,10839252,1,1.0,1.0,1.0,1.0,1.0,9.916666666666666,12,0,0.0,0.0,1.0
gaussian_star,126,12,234,10839253,1,1.0,1.0,1.0,1.0,1.0,9.916666666666666,12,0,0.0,0.0,1.0
gaussian_star,126,12,235,10839254,1,0.0,1.0,1.0,1.0,1.0,9.583333333333334,12,0,0.0,0.0,1.0
gaussian_star,126,12,236,10839255,1,1.0,1.0,1.0,1.0,1.0,9.833333333333334,12,0,0.0,0.0,1.0
gaussian_star,126,12,237,10839256,1,1.0,1.0,1.0,1.0,1.0,10.0,12,0,0.0,0.0,1.0
gaussian_star,126,12,238,10839257,1,1.0,1.0,1.0,1.0,1.0,9.833333333333334,12,0,0.0,0.0,1.0
gaussian_star,126,12,239,10839258,1,1.0,1.0,1.0,1.0,1.0,10.0,12,0,0.0,0.0,1.0
gaussian_star,126,12,240,10839259,1,1.0,1.0,1.0,1.0,1.0,9.916666666666666,12,0,0.0,0.0,1.0
gaussian_star,126,12,241,10839260,1,1.0,1.0,1.0,1.0,1.0,10.0,12,0,0.0,0.0,1.0
gaussian_star,126,12,242,10839261,1,0.0,1.0,1.0,1.0,1.0,9.75,12,0,0.0,0.0,1.0
gaussian_star,126,12,243,10839262,1,1.0,1.0,1.0,1.0,1.0,9.916666666666666,12,0,0.0,0.0,1.0
gaussian_star,126,12,244,10839263,1,1.0,1.0,1.0,1.0,1.0,9.75,12,0,0.0,0.0,1.0
gaussian_star,126,12,245,10839264,1,1.0,1.0,1.0,1.0,1.0,10.0,12,0,0.0,0.0,1.0
gaussian_star,126,12,246,10839265,1,1.0,1.0,1.0,1.0,1.0,10.0,12,0,0.0,0.0,1.0
gaussian_star,126,12,247,10839266,1,1.0,1.0,1.0,1.0,0.0,9.833333333333334,12,0,0.0,0.0,1.0
gaussian_star,126,12,248,10839267,1,1.0,1.0,1.0,1.0,1.0,9.916666666666666,12,0,0.0,0.0,1.0
gaussian_star,126,12,249,10839268,1,1.0,1.0,1.0,1.0,1.0,9.833333333333334,12,0,0.0,0.0,1.0
gaussian_star,126,12,250,10839269,1,1.0,1.0,1.0,1.0,1.0,10.0,12,0,0.0,0.0,1.0
gaussian_star,126,12,251,10839270,1,1.0,1.0,1.0,1.0,1.0,10.0,12,0,0.0,0.0,1.0
gaussian_star,126,12,252,10839271,1,1.0,1.0,1.0,1.0,1.0,9.916666666666666,12,0,0.0,0.0,1.0
gaussian_star,126,12,253,10839272,1,0.0,1.0,1.0,1.0,1.0,9.75,12,0,0.0,0.0,1.0
gaussian_star,126,12,254,10839273,1,1.0,1.0,1.0,1.0,1.0,9.833333333333334,12,0,0.0,0.0,1.0
gaussian_star,126,12,255,10839274,1,1.0,1.0,1.0,1.0,1.0,9.916666666666666,12,0,0.0,0.0,1.0
gaussian_star,126,12,256,10839275,1,1.0,1.0,1.0,1.0,1.0,9.916666666666666,12,0,0.0,0.0,1.0
gaussian_star,126,12,257,10839276,1,1.0,1.0,1.0,1.0,1.0,9.833333333333334,12,0,0.0,0.0,1.0
gaussian_star,126,12,258,10839277,1,1.0,1.0,1.0,1.0,1.0,10.0,12,0,0.0,0.0,1.0
gaussian_star,126,12,259,10839278,1,1.0,1.0,1.0,1.0,1.0,9.833333333333334,12,0,0.0,0.0,1.0
gaussian_star,126,12,260,10839279,1,1.0,1.0,1.0,1.0,1.0,9.916666666666666,12,0,0.0,0.0,1.0
gaussian_star,126,12,261,10839280,1,1.0,1.0,1.0,1.0,1.0,10.0,12,0,0.0,0.0,1.0
gaussian_star,126,12,262,10839281,1,1.0,1.0,1.0,1.0,1.0,9.916666666666666,12,0,0.0,0.0,1.0
gaussian_star,126,12,263,10839282,1,1.0,1.0,1.0,1.0,1.0,10.0,12,0,0.0,0.0,1.0
gaussian_star,126,12,264,10839283,1,1.0,1.0,1.0,1.0,1.0,9.75,12,0,0.0,0.0,1.0
gaussian_star,126,12,265,10839284,1,1.0,1.0,1.0,1.0,1.0,10.0,12,0,0.0,0.0,1.0
gaussian_star,126,12,266,10839285,1,1.0,1.0,1.0,1.0,1.0,9.916666666666666,12,0,0.0,0.0,1.0
gaussian_star,126,12,267,10839286,1,1.0,1.0,1.0,1.0,1.0,9.833333333333334,12,0,0.0,0.0,1.0
gaussian_star,126,12,268,10839287,1,1.0,1.0,1.0,1.0,1.0,9.916666666666666,12,0,0.0,0.0,1.0
gaussian_star,126,12,269,10839288,1,1.0,1.0,1.0,1.0,1.0,9.833333333333334,12,0,0.0,0.0,1.0
gaussian_star,126,12,270,10839289,1,1.0,1.0,1.0,1.0,1.0,10.0,12,0,0.0,0.0,1.0
gaussian_star,126,12,271,10839290,1,1.0,1.0,1.0,1.0,1.0,9.916666666666666,12,0,0.0,0.0,1.0
gaussian_star,126,12,272,10839291,1,0.0,1.0,1.0,1.0,1.0,9.833333333333334,12,0,0.0,0.0,1.0
gaussian_star,126,12,273,10839292,1,1.0,1.0,1.0,1.0,1.0,10.0,12,0,0.0,0.0,1.0
gaussian_star,126,12,274,10839293,1,1.0,1.0,1.0,1.0,0.0,10.0,12,0,0.0,0.0,1.0
gaussian_star,126,12,275,10839294,1,1.0,1.0,1.0,1.0,1.0,10.0,12,0,0.0,0.0,1.0
gaussian_star,126,12,276,10839295,1,1.0,1.0,1.0,1.0,1.0,10.0,12,0,0.0,0.0,1.0
gaussian_star,126,12,277,10839296,1,1.0,1.0,1.0,1.0,1.0,10.0,12,0,0.0,0.0,1.0
gaussian_star,126,12,278,10839297,1,1.0,1.0,1.0,1.0,1.0,9.833333333333334,12,0,0.0,0.0,1.0
gaussian_star,126,12,279,10839298,1,1.0,1.0,1.0,1.0,1.0,9.916666666666666,12,0,0.0,0.0,1.0
gaussian_star,126,12,280,10839299,1,1.0,1.0,1.0,1.0,1.0,10.0,12,0,0.0,0.0,1.0
gaussian_star,126,12,281,10839300,1,1.0,1.0,1.0,1.0,1.0,9.833333333333334,12,0,0.0,0.0,1.0
gaussian_star,126,12,282,10839301,1,1.0,1.0,1.0,1.0,1.0,9.833333333333334,12,0,0.0,0.0,1.0
gaussian_star,126,12,283,10839302,1,1.0,1.0,1.0,1.0,1.0,10.0,12,0,0.0,0.0,1.0
gaussian_star,126,12,284,10839303,1,1.0,1.0,1.0,1.0,1.0,9.666666666666666,12,0,0.0,0.0,1.0
gaussian_star,126,12,285,10839304,1,1.0,1.0,1.0,1.0,1.0,9.916666666666666,12,0,0.0,0.0,1.0
gaussian_star,126,12,286,10839305,1,1.0,1.0,1.0,1.0,1.0,9.75,12,0,0.0,0.0,1.0
gaussian_star,126,12,287,10839306,1,1.0,1.0,1.0,1.0,1.0,10.0,12,0,0.0,0.0,1.0
gaussian_star,126,12,288,10839307,1,1.0,1.0,1.0,1.0,1.0,10.0,12,0,0.0,0.0,1.0
gaussian_star,126,12,289,10839308,1,1.0,1.0,1.0,1.0,1.0,10.0,12,0,0.0,0.0,1.0
gaussian_star,126,12,290,10839309,1,1.0,1.0,1.0,1.0,1.0,9.916666666666666,12,0,0.0,0.0,1.0
gaussian_star,126,12,291,10839310,1,1.0,1.0,1.0,1.0,1.0,9.833333333333334,12,0,0.0,0.0,1.0
gaussian_star,126,12,292,10839311,1,1.0,1.0,1.0,1.0,1.0,9.833333333333334,12,0,0.0,0.0,1.0
gaussian_star,126,12,293,10839312,1,1.0,1.0,1.0,1.0,1.0,10.0,12,0,0.0,0.0,1.0
gaussian_star,126,12,294,10839313,1,1.0,1.0,1.0,1.0,1.0,10.0,12,0,0.0,0.0,1.0
gaussian_star,126,12,295,10839314,1,1.0,1.0,1.0,1.0,1.0,10.0,12,0,0.0,0.0,1.0
gaussian_star,126,12,296,10839315,1,0.0,1.0,1.0,1.0,0.0,9.75,12,0,0.0,0.0,1.0
gaussian_star,126,12,297,10839316,1,1.0,1.0,1.0,1.0,1.0,10.0,12,0,0.0,0.0,1.0
gaussian_star,126,12,298,10839317,1,1.0,1.0,1.0,1.0,1.0,9.833333333333334,12,0,0.0,0.0,1.0
gaussian_star,126,12,299,10839318,1,1.0,1.0,1.0,1.0,1.0,9.833333333333334,12,0,0.0,0.0,1.0
gaussian_star,126,12,300,10839319,1,1.0,1.0,1.0,1.0,1.0,9.833333333333334,12,0,0.0,0.0,1.0
gaussian_star,126,12,301,10839320,1,1.0,1.0,1.0,1.0,1.0,9.75,12,0,0.0,0.0,1.0
gaussian_star,126,12,302,10839321,1,1.0,1.0,1.0,1.0,1.0,9.916666666666666,12,0,0.0,0.0,1.0
gaussian_star,126,12,303,10839322,1,1.0,1.0,1.0,1.0,1.0,9.833333333333334,12,0,0.0,0.0,1.0
gaussian_star,126,12,304,10839323,1,0.0,1.0,1.0,1.0,1.0,9.916666666666666,12,0,0.0,0.0,1.0
gaussian_star,126,12,305,10839324,1,1.0,1.0,1.0,1.0,1.0,10.0,12,0,0.0,0.0,1.0
gaussian_star,126,12,306,10839325,1,1.0,1.0,1.0,1.0,1.0,9.833333333333334,12,0,0.0,0.0,1.0
gaussian_star,126,12,307,10839326,1,1.0,1.0,1.0,1.0,1.0,9.75,12,0,0.0,0.0,1.0
gaussian_star,126,12,308,10839327,1,1.0,1.0,1.0,1.0,1.0,10.0,12,0,0.0,0.0,1.0
gaussian_star,126,12,309,10839328,1,1.0,1.0,1.0,1.0,1.0,9.916666666666666,12,0,0.0,0.0,1.0
gaussian_star,126,12,310,10839329,1,1.0,1.0,1.0,1.0,1.0,9.916666666666666,12,0,0.0,0.0,1.0
gaussian_star,126,12,311,10839330,1,1.0,1.0,1.0,1.0,1.0,9.916666666666666,12,0,0.0,0.0,1.0
gaussian_star,126,12,312,10839331,1,1.0,1.0,1.0,1.0,1.0,9.75,12,0,0.0,0.0,1.0
gaussian_star,126,12,313,10839332,1,1.0,1.0,1.0,1.0,1.0,10.0,12,0,0.0,0.0,1.0
gaussian_star,126,12,314,10839333,1,1.0,1.0,1.0,1.0,1.0,9.916666666666666,12,0,0.0,0.0,1.0
gaussian_star,126,12,315,10839334,1,1.0,1.0,1.0,1.0,1.0,9.833333333333334,12,0,0.0,0.0,1.0
gaussian_star,126,12,316,10839335,1,1.0,1.0,1.0,1.0,1.0,10.0,12,0,0.0,0.0,1.0
gaussian_star,126,12,317,10839336,1,1.0,1.0,1.0,1.0,1.0,10.0,12,0,0.0,0.0,1.0
gaussian_star,126,12,318,10839337,1,1.0,1.0,1.0,1.0,1.0,9.916666666666666,12,0,0.0,0.0,1.0
gaussian_star,126,12,319,10839338,1,1.0,1.0,1.0,1.0,1.0,10.0,12,0,0.0,0.0,1.0
gaussian_star,126,12,320,10839339,1,1.0,1.0,1.0,1.0,1.0,10.0,12,0,0.0,0.0,1.0
gaussian_star,126,12,321,10839340,1,1.0,1.0,1.0,1.0,1.0,9.916666666666666,12,0,0.0,0.0,1.0
gaussian_star,126,12,322,10839341,1,1.0,1.0,1.0,1.0,1.0,9.916666666666666,12,0,0.0,0.0,1.0
gaussian_star,126,12,323,10839342,1,1.0,1.0,1.0,1.0,1.0,9.833333333333334,12,0,0.0,0.0,1.0
gaussian_star,126,12,324,10839343,1,0.0,1.0,1.0,1.0,1.0,9.916666666666666,12,0,0.0,0.0,1.0
gaussian_star,126,12,325,10839344,1,1.0,1.0,1.0,1.0,1.0,10.0,12,0,0.0,0.0,1.0
gaussian_star,126,12,326,10839345,1,1.0,1.0,1.0,1.0,1.0,10.0,12,0,0.0,0.0,1.0
gaussian_star,126,12,327,10839346,1,1.0,1.0,1.0,1.0,1.0,10.0,12,0,0.0,0.0,1.0
gaussian_star,126,12,328,10839347,1,1.0,1.0,1.0,1.0,1.0,9.75,12,0,0.0,0.0,1.0
gaussian_star,126,12,329,10839348,1,1.0,1.0,1.0,1.0,1.0,10.0,12,0,0.0,0.0,1.0
gaussian_star,126,12,330,10839349,1,1.0,1.0,1.0,1.0,1.0,9.916666666666666,12,0,0.0,0.0,1.0
gaussian_star,126,12,331,10839350,1,0.0,1.0,1.0,1.0,1.0,9.666666666666666,12,0,0.0,0.0,1.0
gaussian_star,126,12,332,10839351,1,1.0,1.0,1.0,1.0,1.0,10.0,12,0,0.0,0.0,1.0
gaussian_star,126,12,333,10839352,1,1.0,1.0,1.0,1.0,1.0,9.666666666666666,12,0,0.0,0.0,1.0
gaussian_star,126,12,334,10839353,1,1.0,1.0,1.0,1.0,1.0,9.916666666666666,12,0,0.0,0.0,1.0
gaussian_star,126,12,335,10839354,1,1.0,1.0,1.0,1.0,1.0,10.0,12,0,0.0,0.0,1.0
gaussian_star,126,12,336,10839355,1,1.0,1.0,1.0,1.0,1.0,9.666666666666666,12,0,0.0,0.0,1.0
gaussian_star,126,12,337,10839356,1,1.0,1.0,1.0,1.0,1.0,9.916666666666666,12,0,0.0,0.0,1.0
gaussian_star,126,12,338,10839357,1,1.0,1.0,1.0,1.0,1.0,9.916666666666666,12,0,0.0,0.0,1.0
gaussian_star,126,12,339,10839358,1,1.0,1.0,1.0,1.0,1.0,10.0,12,0,0.0,0.0,1.0
gaussian_star,126,12,340,10839359,1,1.0,1.0,1.0,1.0,1.0,9.916666666666666,12,0,0.0,0.0,1.0
gaussian_star,126,12,341,10839360,1,1.0,1.0,1.0,1.0,1.0,10.0,12,0,0.0,0.0,1.0
gaussian_star,126,12,342,10839361,1,1.0,1.0,1.0,1.0,1.0,10.0,12,0,0.0,0.0,1.0
gaussian_star,126,12,343,10839362,1,1.0,1.0,1.0,1.0,1.0,9.916666666666666,12,0,0.0,0.0,1.0
gaussian_star,126,12,344,10839363,1,1.0,1.0,1.0,1.0,1.0,9.75,12,0,0.0,0.0,1.0
gaussian_star,126,12,345,10839364,1,0.0,1.0,1.0,1.0,1.0,10.0,12,0,0.0,0.0,1.0
gaussian_star,126,12,346,10839365,1,1.0,1.0,1.0,1.0,1.0,9.916666666666666,12,0,0.0,0.0,1.0
gaussian_star,126,12,347,10839366,1,1.0,1.0,1.0,1.0,1.0,10.0,12,0,0.0,0.0,1.0
gaussian_star,126,12,348,10839367,1,1.0,1.0,1.0,1.0,1.0,9.916666666666666,12,0,0.0,0.0,1.0
gaussian_star,126,12,349,10839368,1,0.0,1.0,1.0,1.0,1.0,10.0,12,0,0.0,0.0,1.0
gaussian_star,126,12,350,10839369,1,1.0,1.0,1.0,1.0,1.0,9.833333333333334,12,0,0.0,0.0,1.0
gaussian_star,126,12,351,10839370,1,1.0,1.0,1.0,1.0,1.0,9.916666666666666,12,0,0.0,0.0,1.0
gaussian_star,126,12,352,10839371,1,0.0,1.0,1.0,1.0,1.0,9.833333333333334,12,0,0.0,0.0,1.0
gaussian_star,126,12,353,10839372,1,1.0,1.0,1.0,1.0,1.0,10.0,12,0,0.0,0.0,1.0
gaussian_star,126,12,354,10839373,1,1.0,1.0,1.0,1.0,1.0,9.666666666666666,12,0,0.0,0.0,1.0
gaussian_star,126,12,355,10839374,1,1.0,1.0,1.0,1.0,1.0,9.833333333333334,12,0,0.0,0.0,1.0
gaussian_star,126,12,356,10839375,1,1.0,1.0,1.0,1.0,1.0,9.916666666666666,12,0,0.0,0.0,1.0
gaussian_star,126,12,357,10839376,1,1.0,1.0,1.0,1.0,1.0,9.666666666666666,12,0,0.0,0.0,1.0
gaussian_star,126,12,358,10839377,1,1.0,1.0,1.0,1.0,1.0,9.833333333333334,12,0,0.0,0.0,1.0
gaussian_star,126,12,359,10839378,1,1.0,1.0,1.0,1.0,1.0,9.916666666666666,12,0,0.0,0.0,1.0
gaussian_star,126,12,360,10839379,1,1.0,1.0,1.0,1.0,1.0,10.0,12,0,0.0,0.0,1.0
gaussian_star,126,12,361,10839380,1,1.0,1.0,1.0,1.0,1.0,9.583333333333334,12,0,0.0,0.0,1.0
gaussian_star,126,12,362,10839381,1,1.0,1.0,1.0,1.0,1.0,10.0,12,0,0.0,0.0,1.0
gaussian_star,126,12,363,10839382,1,1.0,1.0,1.0,1.0,1.0,10.0,12,0,0.0,0.0,1.0
gaussian_star,126,12,364,10839383,1,1.0,1.0,1.0,1.0,1.0,9.75,12,0,0.0,0.0,1.0
gaussian_star,126,12,365,10839384,1,1.0,1.0,1.0,1.0,1.0,9.833333333333334,12,0,0.0,0.0,1.0
gaussian_star,126,12,366,10839385,1,1.0,1.0,1.0,1.0,1.0,10.0,12,0,0.0,0.0,1.0
gaussian_star,126,12,367,10839386,1,1.0,1.0,1.0,1.0,1.0,9.916666666666666,12,0,0.0,0.0,1.0
gaussian_star,126,12,368,10839387,1,1.0,1.0,1.0,1.0,1.0,10.0,12,0,0.0,0.0,1.0
gaussian_star,126,12,369,10839388,1,1.0,1.0,1.0,1.0,1.0,10.0,12,0,0.0,0.0,1.0
gaussian_star,126,12,370,10839389,1,1.0,1.0,1.0,1.0,1.0,10.0,12,0,0.0,0.0,1.0
gaussian_star,126,12,371,10839390,1,1.0,1.0,1.0,1.0,1.0,10.0,12,0,0.0,0.0,1.0
gaussian_star,126,12,372,10839391,1,1.0,1.0,1.0,1.0,1.0,10.0,12,0,0.0,0.0,1.0
gaussian_star,126,12,373,10839392,1,1.0,1.0,1.0,1.0,1.0,9.833333333333334,12,0,0.0,0.0,1.0
gaussian_star,126,12,374,10839393,1,1.0,1.0,1.0,1.0,1.0,10.0,12,0,0.0,0.0,1.0
gaussian_star,126,12,375,10839394,1,1.0,1.0,1.0,1.0,1.0,9.75,12,0,0.0,0.0,1.0
gaussian_star,126,12,376,10839395,1,1.0,1.0,1.0,1.0,1.0,9.916666666666666,12,0,0.0,0.0,1.0
gaussian_star,126,12,377,10839396,1,1.0,1.0,1.0,1.0,1.0,10.0,12,0,0.0,0.0,1.0
gaussian_star,126,12,378,10839397,1,1.0,1.0,1.0,1.0,1.0,9.916666666666666,12,0,0.0,0.0,1.0
gaussian_star,126,12,379,10839398,1,1.0,1.0,1.0,1.0,1.0,10.0,12,0,0.0,0.0,1.0
gaussian_star,126,12,380,10839399,1,1.0,1.0,1.0,1.0,1.0,9.916666666666666,12,0,0.0,0.0,1.0
gaussian_star,126,12,381,10839400,1,1.0,1.0,1.0,1.0,1.0,10.0,12,0,0.0,0.0,1.0
gaussian_star,126,12,382,10839401,1,0.0,1.0,1.0,1.0,1.0,9.666666666666666,12,0,0.0,0.0,1.0
gaussian_star,126,12,383,10839402,1,1.0,1.0,1.0,1.0,1.0,9.833333333333334,12,0,0.0,0.0,1.0
gaussian_star,126,12,384,10839403,1,1.0,1.0,1.0,1.0,1.0,9.666666666666666,12,0,0.0,0.0,1.0
gaussian_star,126,12,385,10839404,1,1.0,1.0,1.0,1.0,1.0,9.916666666666666,12,0,0.0,0.0,1.0
gaussian_star,126,12,386,10839405,1,1.0,1.0,1.0,1.0,1.0,10.0,12,0,0.0,0.0,1.0
gaussian_star,126,12,387,10839406,1,1.0,1.0,1.0,1.0,1.0,9.916666666666666,12,0,0.0,0.0,1.0
gaussian_star,126,12,388,10839407,1,1.0,1.0,1.0,1.0,1.0,9.916666666666666,12,0,0.0,0.0,1.0
gaussian_star,126,12,389,10839408,1,1.0,1.0,1.0,1.0,1.0,9.916666666666666,12,0,0.0,0.0,1.0
gaussian_star,126,12,390,10839409,1,1.0,1.0,1.0,1.0,1.0,10.0,12,0,0.0,0.0,1.0
gaussian_star,126,12,391,10839410,1,1.0,1.0,1.0,1.0,1.0,10.0,12,0,0.0,0.0,1.0
gaussian_star,126,12,392,10839411,1,1.0,1.0,1.0,1.0,1.0,10.0,12,0,0.0,0.0,1.0
gaussian_star,126,12,393,10839412,1,1.0,1.0,1.0,1.0,1.0,10.0,12,0,0.0,0.0,1.0
gaussian_star,126,12,394,10839413,1,1.0,1.0,1.0,1.0,1.0,10.0,12,0,0.0,0.0,1.0
gaussian_star,126,12,395,10839414,1,1.0,1.0,1.0,1.0,1.0,9.916666666666666,12,0,0.0,0.0,1.0
gaussian_star,126,12,396,10839415,1,1.0,1.0,1.0,1.0,1.0,10.0,12,0,0.0,0.0,1.0
gaussian_star,126,12,397,10839416,1,1.0,1.0,1.0,1.0,1.0,10.0,12,0,0.0,0.0,1.0
gaussian_star,126,12,398,10839417,1,1.0,1.0,1.0,1.0,1.0,9.75,12,0,0.0,0.0,1.0
gaussian_star,126,12,399,10839418,1,1.0,1.0,1.0,1.0,1.0,9.916666666666666,12,0,0.0,0.0,1.0
gaussian_star,126,12,400,10839419,1,1.0,1.0,1.0,1.0,1.0,9.916666666666666,12,0,0.0,0.0,1.0
gaussian_star,126,12,401,10839420,1,1.0,1.0,1.0,1.0,1.0,9.916666666666666,12,0,0.0,0.0,1.0
gaussian_star,126,12,402,10839421,1,1.0,1.0,1.0,1.0,1.0,9.833333333333334,12,0,0.0,0.0,1.0
gaussian_star,126,12,403,10839422,1,1.0,1.0,1.0,1.0,1.0,9.833333333333334,12,0,0.0,0.0,1.0
gaussian_star,126,12,404,10839423,1,1.0,1.0,1.0,1.0,1.0,10.0,12,0,0.0,0.0,1.0
gaussian_star,126,12,405,10839424,1,1.0,1.0,1.0,1.0,1.0,10.0,12,0,0.0,0.0,1.0
gaussian_star,126,12,406,10839425,1,1.0,1.0,1.0,1.0,1.0,9.833333333333334,12,0,0.0,0.0,1.0
gaussian_star,126,12,407,10839426,1,1.0,1.0,1.0,1.0,1.0,9.916666666666666,12,0,0.0,0.0,1.0
gaussian_star,126,12,408,10839427,1,1.0,1.0,1.0,1.0,1.0,10.0,12,0,0.0,0.0,1.0
gaussian_star,126,12,409,10839428,1,1.0,1.0,1.0,1.0,1.0,10.0,12,0,0.0,0.0,1.0
gaussian_star,126,12,410,10839429,1,1.0,1.0,1.0,1.0,1.0,9.75,12,0,0.0,0.0,1.0
gaussian_star,126,12,411,10839430,1,1.0,1.0,1.0,1.0,1.0,10.0,12,0,0.0,0.0,1.0
gaussian_star,126,12,412,10839431,1,1.0,1.0,1.0,1.0,1.0,9.75,12,0,0.0,0.0,1.0
gaussian_star,126,12,413,10839432,1,1.0,1.0,1.0,1.0,1.0,9.916666666666666,12,0,0.0,0.0,1.0
gaussian_star,126,12,414,10839433,1,1.0,1.0,1.0,1.0,1.0,9.75,12,0,0.0,0.0,1.0
gaussian_star,126,12,415,10839434,1,1.0,1.0,1.0,1.0,1.0,10.0,12,0,0.0,0.0,1.0
gaussian_star,126,12,416,10839435,1,1.0,1.0,1.0,1.0,1.0,10.0,12,0,0.0,0.0,1.0
gaussian_star,126,12,417,10839436,1,1.0,1.0,1.0,1.0,1.0,10.0,12,0,0.0,0.0,1.0
gaussian_star,126,12,418,10839437,1,1.0,1.0,1.0,1.0,1.0,9.75,12,0,0.0,0.0,1.0
gaussian_star,126,12,419,10839438,1,1.0,1.0,1.0,1.0,1.0,9.833333333333334,12,0,0.0,0.0,1.0
gaussian_star,126,12,420,10839439,1,1.0,1.0,1.0,1.0,1.0,10.0,12,0,0.0,0.0,1.0
gaussian_star,126,12,421,10839440,1,1.0,1.0,1.0,1.0,1.0,10.0,12,0,0.0,0.0,1.0
gaussian_star,126,12,422,10839441,1,1.0,1.0,1.0,1.0,1.0,9.833333333333334,12,0,0.0,0.0,1.0
gaussian_star,126,12,423,10839442,1,1.0,1.0,1.0,1.0,1.0,9.916666666666666,12,0,0.0,0.0,1.0
gaussian_star,126,12,424,10839443,1,1.0,1.0,1.0,1.0,1.0,9.833333333333334,12,0,0.0,0.0,1.0
gaussian_star,126,12,425,10839444,1,1.0,1.0,1.0,1.0,1.0,9.833333333333334,12,0,0.0,0.0,1.0
gaussian_star,126,12,426,10839445,1,1.0,1.0,1.0,1.0,1.0,9.916666666666666,12,0,0.0,0.0,1.0
gaussian_star,126,12,427,10839446,1,1.0,1.0,1.0,1.0,1.0,9.916666666666666,12,0,0.0,0.0,1.0
gaussian_star,126,12,428,10839447,1,1.0,1.0,1.0,1.0,1.0,9.916666666666666,12,0,0.0,0.0,1.0
gaussian_star,126,12,429,10839448,1,1.0,1.0,1.0,1.0,1.0,9.75,12,0,0.0,0.0,1.0
gaussian_star,126,12,430,10839449,1,1.0,1.0,1.0,1.0,1.0,10.0,12,0,0.0,0.0,1.0
gaussian_star,126,12,431,10839450,1,1.0,1.0,1.0,1.0,1.0,10.0,12,0,0.0,0.0,1.0
gaussian_star,126,12,432,10839451,1,1.0,1.0,1.0,1.0,1.0,10.0,12,0,0.0,0.0,1.0
gaussian_star,126,12,433,10839452,1,1.0,1.0,1.0,1.0,1.0,10.0,12,0,0.0,0.0,1.0
gaussian_star,126,12,434,10839453,1,0.0,1.0,1.0,1.0,1.0,9.833333333333334,12,0,0.0,0.0,1.0
gaussian_star,126,12,435,10839454,1,1.0,1.0,1.0,1.0,1.0,9.833333333333334,12,0,0.0,0.0,1.0
gaussian_star,126,12,436,10839455,1,1.0,1.0,1.0,1.0,1.0,9.916666666666666,12,0,0.0,0.0,1.0
gaussian_star,126,12,437,10839456,1,1.0,1.0,1.0,1.0,1.0,9.75,12,0,0.0,0.0,1.0
gaussian_star,126,12,438,10839457,1,1.0,1.0,1.0,1.0,1.0,9.916666666666666,12,0,0.0,0.0,1.0
gaussian_star,126,12,439,10839458,1,1.0,1.0,1.0,1.0,1.0,10.0,12,0,0.0,0.0,1.0
gaussian_star,126,12,440,10839459,1,1.0,1.0,1.0,1.0,1.0,9.916666666666666,12,0,0.0,0.0,1.0
gaussian_star,126,12,441,10839460,1,1.0,1.0,1.0,1.0,1.0,10.0,12,0,0.0,0.0,1.0
gaussian_star,126,12,442,10839461,1,1.0,1.0,1.0,1.0,1.0,10.0,12,0,0.0,0.0,1.0
gaussian_star,126,12,443,10839462,1,1.0,1.0,1.0,1.0,1.0,10.0,12,0,0.0,0.0,1.0
gaussian_star,126,12,444,10839463,1,1.0,1.0,1.0,1.0,1.0,9.916666666666666,12,0,0.0,0.0,1.0
gaussian_star,126,12,445,10839464,1,1.0,1.0,1.0,1.0,1.0,9.833333333333334,12,0,0.0,0.0,1.0
gaussian_star,126,12,446,10839465,1,1.0,1.0,1.0,1.0,1.0,9.916666666666666,12,0,0.0,0.0,1.0
gaussian_star,126,12,447,10839466,1,1.0,1.0,1.0,1.0,1.0,10.0,12,0,0.0,0.0,1.0
gaussian_star,126,12,448,10839467,1,1.0,1.0,1.0,1.0,1.0,10.0,12,0,0.0,0.0,1.0
gaussian_star,126,12,449,10839468,1,1.0,1.0,1.0,1.0,1.0,9.583333333333334,12,0,0.0,0.0,1.0
gaussian_star,126,12,450,10839469,1,1.0,1.0,1.0,1.0,1.0,9.833333333333334,12,0,0.0,0.0,1.0
gaussian_star,126,12,451,10839470,1,1.0,1.0,1.0,1.0,1.0,9.833333333333334,12,0,0.0,0.0,1.0
gaussian_star,126,12,452,10839471,1,1.0,1.0,1.0,1.0,1.0,10.0,12,0,0.0,0.0,1.0
gaussian_star,126,12,453,10839472,1,1.0,1.0,1.0,1.0,1.0,10.0,12,0,0.0,0.0,1.0
gaussian_star,126,12,454,10839473,1,1.0,1.0,1.0,1.0,1.0,9.916666666666666,12,0,0.0,0.0,1.0
gaussian_star,126,12,455,10839474,1,1.0,1.0,1.0,1.0,1.0,10.0,12,0,0.0,0.0,1.0
gaussian_star,126,12,456,10839475,1,1.0,1.0,1.0,1.0,1.0,10.0,12,0,0.0,0.0,1.0
gaussian_star,126,12,457,10839476,1,1.0,1.0,1.0,1.0,1.0,9.833333333333334,12,0,0.0,0.0,1.0
gaussian_star,126,12,458,10839477,1,1.0,1.0,1.0,1.0,1.0,9.916666666666666,12,0,0.0,0.0,1.0
gaussian_star,126,12,459,10839478,1,1.0,1.0,1.0,1.0,1.0,10.0,12,0,0.0,0.0,1.0
gaussian_star,126,12,460,10839479,1,1.0,1.0,1.0,1.0,1.0,10.0,12,0,0.0,0.0,1.0
gaussian_star,126,12,461,10839480,1,1.0,1.0,1.0,1.0,1.0,9.916666666666666,12,0,0.0,0.0,1.0
gaussian_star,126,12,462,10839481,1,1.0,1.0,1.0,1.0,1.0,10.0,12,0,0.0,0.0,1.0
gaussian_star,126,12,463,10839482,1,1.0,1.0,1.0,1.0,1.0,9.916666666666666,12,0,0.0,0.0,1.0
gaussian_star,126,12,464,10839483,1,1.0,1.0,1.0,1.0,1.0,9.916666666666666,12,0,0.0,0.0,1.0
gaussian_star,126,12,465,10839484,1,1.0,1.0,1.0,1.0,1.0,9.916666666666666,12,0,0.0,0.0,1.0
gaussian_star,126,12,466,10839485,1,1.0,1.0,1.0,1.0,1.0,10.0,12,0,0.0,0.0,1.0
gaussian_star,126,12,467,10839486,1,1.0,1.0,1.0,1.0,1.0,10.0,12,0,0.0,0.0,1.0
gaussian_star,126,12,468,10839487,1,1.0,1.0,1.0,1.0,1.0,9.75,12,0,0.0,0.0,1.0
gaussian_star,126,12,469,10839488,1,1.0,1.0,1.0,1.0,1.0,10.0,12,0,0.0,0.0,1.0
gaussian_star,126,12,470,10839489,1,1.0,1.0,1.0,1.0,1.0,9.75,12,0,0.0,0.0,1.0
gaussian_star,126,12,471,10839490,1,0.0,1.0,1.0,1.0,1.0,9.833333333333334,12,0,0.0,0.0,1.0
gaussian_star,126,12,472,10839491,1,1.0,1.0,1.0,1.0,1.0,9.75,12,0,0.0,0.0,1.0
gaussian_star,126,12,473,10839492,1,1.0,1.0,1.0,1.0,1.0,10.0,12,0,0.0,0.0,1.0
gaussian_star,126,12,474,10839493,1,0.0,1.0,1.0,1.0,1.0,9.916666666666666,12,0,0.0,0.0,1.0
gaussian_star,126,12,475,10839494,1,1.0,1.0,1.0,1.0,1.0,10.0,12,0,0.0,0.0,1.0
gaussian_star,126,12,476,10839495,1,1.0,1.0,1.0,1.0,1.0,10.0,12,0,0.0,0.0,1.0
gaussian_star,126,12,477,10839496,1,1.0,1.0,1.0,1.0,1.0,10.0,12,0,0.0,0.0,1.0
gaussian_star,126,12,478,10839497,1,1.0,1.0,1.0,1.0,0.0,10.0,12,0,0.0,0.0,1.0
gaussian_star,126,12,479,10839498,1,1.0,1.0,1.0,1.0,1.0,9.833333333333334,12,0,0.0,0.0,1.0
gaussian_star,126,12,480,10839499,1,1.0,1.0,1.0,1.0,1.0,10.0,12,0,0.0,0.0,1.0
gaussian_star,126,12,481,10839500,1,1.0,1.0,1.0,1.0,1.0,10.0,12,0,0.0,0.0,1.0
gaussian_star,126,12,482,10839501,1,1.0,1.0,1.0,1.0,1.0,9.416666666666666,12,0,0.0,0.0,1.0
gaussian_star,126,12,483,10839502,1,1.0,1.0,1.0,1.0,1.0,9.583333333333334,12,0,0.0,0.0,1.0
gaussian_star,126,12,484,10839503,1,1.0,1.0,1.0,1.0,1.0,10.0,12,0,0.0,0.0,1.0
gaussian_star,126,12,485,10839504,1,1.0,1.0,1.0,1.0,1.0,9.916666666666666,12,0,0.0,0.0,1.0
gaussian_star,126,12,486,10839505,1,1.0,1.0,1.0,1.0,1.0,9.916666666666666,12,0,0.0,0.0,1.0
gaussian_star,126,12,487,10839506,1,1.0,1.0,1.0,1.0,1.0,10.0,12,0,0.0,0.0,1.0
gaussian_star,126,12,488,10839507,1,1.0,1.0,1.0,1.0,1.0,9.916666666666666,12,0,0.0,0.0,1.0
gaussian_star,126,12,489,10839508,1,1.0,1.0,1.0,1.0,1.0,9.916666666666666,12,0,0.0,0.0,1.0
gaussian_star,126,12,490,10839509,1,1.0,1.0,1.0,1.0,1.0,9.916666666666666,12,0,0.0,0.0,1.0
gaussian_star,126,12,491,10839510,1,1.0,1.0,1.0,1.0,1.0,9.916666666666666,12,0,0.0,0.0,1.0
gaussian_star,126,12,492,10839511,1,1.0,1.0,1.0,1.0,1.0,9.916666666666666,12,0,0.0,0.0,1.0
gaussian_star,126,12,493,10839512,1,0.0,1.0,1.0,1.0,1.0,10.0,12,0,0.0,0.0,1.0
gaussian_star,126,12,494,10839513,1,0.0,1.0,1.0,1.0,1.0,9.833333333333334,12,0,0.0,0.0,1.0
gaussian_star,126,12,495,10839514,1,1.0,1.0,1.0,1.0,1.0,9.916666666666666,12,0,0.0,0.0,1.0
gaussian_star,126,12,496,10839515,1,1.0,1.0,1.0,1.0,1.0,9.75,12,0,0.0,0.0,1.0
gaussian_star,126,12,497,10839516,1,0.0,1.0,1.0,1.0,1.0,10.0,12,0,0.0,0.0,1.0
gaussian_star,126,12,498,10839517,1,1.0,1.0,1.0,1.0,1.0,9.833333333333334,12,0,0.0,0.0,1.0
gaussian_star,126,12,499,10839518,1,1.0,1.0,1.0,1.0,1.0,9.916666666666666,12,0,0.0,0.0,1.0
gaussian_star,252,12,0,10965019,1,1.0,1.0,1.0,1.0,1.0,9.083333333333334,12,0,0.0,0.0,1.0
gaussian_star,252,12,1,10965020,1,1.0,1.0,1.0,1.0,1.0,9.333333333333334,12,0,0.0,0.0,1.0
gaussian_star,252,12,2,10965021,1,1.0,1.0,1.0,1.0,1.0,9.166666666666666,12,0,0.0,0.0,1.0
gaussian_star,252,12,3,10965022,1,1.0,1.0,1.0,1.0,1.0,9.333333333333334,12,0,0.0,0.0,1.0
gaussian_star,252,12,4,10965023,1,1.0,1.0,1.0,1.0,1.0,8.916666666666666,12,0,0.0,0.0,1.0
gaussian_star,252,12,5,10965024,1,1.0,1.0,1.0,1.0,1.0,8.75,12,0,0.0,0.0,1.0
gaussian_star,252,12,6,10965025,1,1.0,1.0,1.0,1.0,1.0,9.583333333333334,12,0,0.0,0.0,1.0
gaussian_star,252,12,7,10965026,1,1.0,1.0,1.0,1.0,1.0,9.583333333333334,12,0,0.0,0.0,1.0
gaussian_star,252,12,8,10965027,1,1.0,1.0,1.0,1.0,1.0,8.166666666666666,12,0,0.0,0.0,1.0
gaussian_star,252,12,9,10965028,1,1.0,1.0,1.0,1.0,1.0,8.333333333333334,12,0,0.0,0.0,1.0
gaussian_star,252,12,10,10965029,1,1.0,1.0,1.0,1.0,1.0,9.0,12,0,0.0,0.0,1.0
gaussian_star,252,12,11,10965030,1,1.0,1.0,1.0,1.0,1.0,9.25,12,0,0.0,0.0,1.0
gaussian_star,252,12,12,10965031,1,1.0,1.0,1.0,1.0,1.0,9.166666666666666,12,0,0.0,0.0,1.0
gaussian_star,252,12,13,10965032,1,1.0,1.0,1.0,1.0,1.0,9.583333333333334,12,0,0.0,0.0,1.0
gaussian_star,252,12,14,10965033,1,1.0,1.0,1.0,1.0,1.0,8.333333333333334,12,0,0.0,0.0,1.0
gaussian_star,252,12,15,10965034,1,1.0,1.0,1.0,1.0,1.0,9.0,12,0,0.0,0.0,1.0
gaussian_star,252,12,16,10965035,1,1.0,1.0,1.0,1.0,1.0,8.583333333333334,12,0,0.0,0.0,1.0
gaussian_star,252,12,17,10965036,1,0.0,1.0,1.0,1.0,1.0,8.916666666666666,12,0,0.0,0.0,1.0
gaussian_star,252,12,18,10965037,1,1.0,1.0,1.0,1.0,1.0,8.75,12,0,0.0,0.0,1.0
gaussian_star,252,12,19,10965038,1,1.0,1.0,1.0,1.0,1.0,9.416666666666666,12,0,0.0,0.0,1.0
gaussian_star,252,12,20,10965039,1,1.0,1.0,1.0,1.0,1.0,9.25,12,0,0.0,0.0,1.0
gaussian_star,252,12,21,10965040,1,1.0,1.0,1.0,1.0,1.0,8.833333333333334,12,0,0.0,0.0,1.0
gaussian_star,252,12,22,10965041,1,1.0,1.0,1.0,1.0,1.0,8.916666666666666,12,0,0.0,0.0,1.0
gaussian_star,252,12,23,10965042,1,1.0,1.0,1.0,1.0,1.0,8.166666666666666,12,0,0.0,0.0,1.0
gaussian_star,252,12,24,10965043,1,1.0,1.0,1.0,1.0,1.0,9.083333333333334,12,0,0.0,0.0,1.0
gaussian_star,252,12,25,10965044,1,1.0,1.0,1.0,1.0,1.0,9.083333333333334,12,0,0.0,0.0,1.0
gaussian_star,252,12,26,10965045,1,1.0,1.0,1.0,1.0,1.0,9.166666666666666,12,0,0.0,0.0,1.0
gaussian_star,252,12,27,10965046,1,1.0,1.0,1.0,1.0,1.0,9.25,12,0,0.0,0.0,1.0
gaussian_star,252,12,28,10965047,1,0.0,1.0,1.0,1.0,1.0,9.166666666666666,12,0,0.0,0.0,1.0
gaussian_star,252,12,29,10965048,1,1.0,1.0,1.0,1.0,1.0,9.583333333333334,12,0,0.0,0.0,1.0
gaussian_star,252,12,30,10965049,1,1.0,1.0,1.0,1.0,1.0,9.5,12,0,0.0,0.0,1.0
gaussian_star,252,12,31,10965050,1,1.0,1.0,1.0,1.0,1.0,9.166666666666666,12,0,0.0,0.0,1.0
gaussian_star,252,12,32,10965051,1,1.0,1.0,1.0,1.0,1.0,9.333333333333334,12,0,0.0,0.0,1.0
gaussian_star,252,12,33,10965052,1,1.0,1.0,1.0,1.0,1.0,8.916666666666666,12,0,0.0,0.0,1.0
gaussian_star,252,12,34,10965053,1,1.0,1.0,1.0,1.0,1.0,9.416666666666666,12,0,0.0,0.0,1.0
gaussian_star,252,12,35,10965054,1,1.0,1.0,1.0,1.0,1.0,9.5,12,0,0.0,0.0,1.0
gaussian_star,252,12,36,10965055,1,1.0,1.0,1.0,1.0,1.0,9.416666666666666,12,0,0.0,0.0,1.0
gaussian_star,252,12,37,10965056,1,1.0,1.0,1.0,1.0,1.0,8.5,12,0,0.0,0.0,1.0
gaussian_star,252,12,38,10965057,1,1.0,1.0,1.0,1.0,1.0,8.5,12,0,0.0,0.0,1.0
gaussian_star,252,12,39,10965058,1,1.0,1.0,1.0,1.0,1.0,8.666666666666666,12,0,0.0,0.0,1.0
gaussian_star,252,12,40,10965059,1,1.0,1.0,1.0,1.0,1.0,9.416666666666666,12,0,0.0,0.0,1.0
gaussian_star,252,12,41,10965060,1,1.0,1.0,1.0,1.0,1.0,8.833333333333334,12,0,0.0,0.0,1.0
gaussian_star,252,12,42,10965061,1,1.0,1.0,1.0,1.0,1.0,9.25,12,0,0.0,0.0,1.0
gaussian_star,252,12,43,10965062,1,1.0,1.0,1.0,1.0,1.0,9.416666666666666,12,0,0.0,0.0,1.0
gaussian_star,252,12,44,10965063,1,0.0,1.0,1.0,1.0,1.0,9.0,12,0,0.0,0.0,1.0
gaussian_star,252,12,45,10965064,1,1.0,1.0,1.0,1.0,1.0,8.833333333333334,12,0,0.0,0.0,1.0
gaussian_star,252,12,46,10965065,1,1.0,1.0,1.0,1.0,1.0,9.166666666666666,12,0,0.0,0.0,1.0
gaussian_star,252,12,47,10965066,1,1.0,1.0,1.0,1.0,1.0,9.25,12,0,0.0,0.0,1.0
gaussian_star,252,12,48,10965067,1,1.0,1.0,1.0,1.0,1.0,8.916666666666666,12,0,0.0,0.0,1.0
gaussian_star,252,12,49,10965068,1,1.0,1.0,1.0,1.0,1.0,8.916666666666666,12,0,0.0,0.0,1.0
gaussian_star,252,12,50,10965069,1,1.0,1.0,1.0,1.0,1.0,8.916666666666666,12,0,0.0,0.0,1.0
gaussian_star,252,12,51,10965070,1,1.0,1.0,1.0,1.0,1.0,9.0,12,0,0.0,0.0,1.0
gaussian_star,252,12,52,10965071,1,1.0,1.0,1.0,1.0,1.0,8.25,12,0,0.0,0.0,1.0
gaussian_star,252,12,53,10965072,1,0.0,1.0,1.0,1.0,1.0,8.583333333333334,12,0,0.0,0.0,1.0
gaussian_star,252,12,54,10965073,1,1.0,1.0,1.0,1.0,1.0,9.583333333333334,12,0,0.0,0.0,1.0
gaussian_star,252,12,55,10965074,1,1.0,1.0,1.0,1.0,1.0,8.666666666666666,12,0,0.0,0.0,1.0
gaussian_star,252,12,56,10965075,1,1.0,1.0,1.0,1.0,1.0,9.416666666666666,12,0,0.0,0.0,1.0
gaussian_star,252,12,57,10965076,1,1.0,1.0,1.0,1.0,1.0,8.75,12,0,0.0,0.0,1.0
gaussian_star,252,12,58,10965077,1,1.0,1.0,1.0,1.0,1.0,9.416666666666666,12,0,0.0,0.0,1.0
gaussian_star,252,12,59,10965078,1,1.0,1.0,1.0,1.0,1.0,9.5,12,0,0.0,0.0,1.0
gaussian_star,252,12,60,10965079,1,1.0,1.0,1.0,1.0,1.0,8.75,12,0,0.0,0.0,1.0
gaussian_star,252,12,61,10965080,1,1.0,1.0,1.0,1.0,1.0,9.333333333333334,12,0,0.0,0.0,1.0
gaussian_star,252,12,62,10965081,1,1.0,1.0,1.0,1.0,1.0,8.666666666666666,12,0,0.0,0.0,1.0
gaussian_star,252,12,63,10965082,1,1.0,1.0,1.0,1.0,1.0,9.25,12,0,0.0,0.0,1.0
gaussian_star,252,12,64,10965083,1,1.0,1.0,1.0,1.0,1.0,9.166666666666666,12,0,0.0,0.0,1.0
gaussian_star,252,12,65,10965084,1,1.0,1.0,1.0,1.0,1.0,9.583333333333334,12,0,0.0,0.0,1.0
gaussian_star,252,12,66,10965085,1,1.0,1.0,1.0,1.0,1.0,8.916666666666666,12,0,0.0,0.0,1.0
gaussian_star,252,12,67,10965086,1,1.0,1.0,1.0,1.0,1.0,9.25,12,0,0.0,0.0,1.0
gaussian_star,252,12,68,10965087,1,1.0,1.0,1.0,1.0,1.0,9.416666666666666,12,0,0.0,0.0,1.0
gaussian_star,252,12,69,10965088,1,0.0,1.0,1.0,1.0,1.0,8.25,12,0,0.0,0.0,1.0
gaussian_star,252,12,70,10965089,1,1.0,1.0,1.0,1.0,1.0,9.083333333333334,12,0,0.0,0.0,1.0
gaussian_star,252,12,71,10965090,1,1.0,1.0,1.0,1.0,1.0,9.5,12,0,0.0,0.0,1.0
gaussian_star,252,12,72,10965091,1,1.0,1.0,1.0,1.0,1.0,9.166666666666666,12,0,0.0,0.0,1.0
gaussian_star,252,12,73,10965092,1,1.0,1.0,1.0,1.0,1.0,9.166666666666666,12,0,0.0,0.0,1.0
gaussian_star,252,12,74,10965093,1,1.0,1.0,1.0,1.0,1.0,9.166666666666666,12,0,0.0,0.0,1.0
gaussian_star,252,12,75,10965094,1,1.0,1.0,1.0,1.0,1.0,9.333333333333334,12,0,0.0,0.0,1.0
gaussian_star,252,12,76,10965095,1,0.0,1.0,1.0,1.0,1.0,9.083333333333334,12,0,0.0,0.0,1.0
gaussian_star,252,12,77,10965096,1,1.0,1.0,1.0,1.0,1.0,9.416666666666666,12,0,0.0,0.0,1.0
gaussian_star,252,12,78,10965097,1,1.0,1.0,1.0,1.0,1.0,9.083333333333334,12,0,0.0,0.0,1.0
gaussian_star,252,12,79,10965098,1,1.0,1.0,1.0,1.0,1.0,9.416666666666666,12,0,0.0,0.0,1.0
gaussian_star,252,12,80,10965099,1,1.0,1.0,1.0,1.0,1.0,9.833333333333334,12,0,0.0,0.0,1.0
gaussian_star,252,12,81,10965100,1,1.0,1.0,1.0,1.0,1.0,8.833333333333334,12,0,0.0,0.0,1.0
gaussian_star,252,12,82,10965101,1,1.0,1.0,1.0,1.0,1.0,8.666666666666666,12,0,0.0,0.0,1.0
gaussian_star,252,12,83,10965102,1,1.0,1.0,1.0,1.0,1.0,8.583333333333334,12,0,0.0,0.0,1.0
gaussian_star,252,12,84,10965103,1,1.0,1.0,1.0,1.0,1.0,9.083333333333334,12,0,0.0,0.0,1.0
gaussian_star,252,12,85,10965104,1,1.0,1.0,1.0,1.0,1.0,9.0,12,0,0.0,0.0,1.0
gaussian_star,252,12,86,10965105,1,1.0,1.0,1.0,1.0,1.0,8.833333333333334,12,0,0.0,0.0,1.0
gaussian_star,252,12,87,10965106,1,1.0,1.0,1.0,1.0,1.0,9.416666666666666,12,0,0.0,0.0,1.0
gaussian_star,252,12,88,10965107,1,1.0,1.0,1.0,1.0,1.0,9.416666666666666,12,0,0.0,0.0,1.0
gaussian_star,252,12,89,10965108,1,1.0,1.0,1.0,1.0,1.0,9.0,12,0,0.0,0.0,1.0
gaussian_star,252,12,90,10965109,1,1.0,1.0,1.0,1.0,1.0,8.833333333333334,12,0,0.0,0.0,1.0
gaussian_star,252,12,91,10965110,1,1.0,1.0,1.0,1.0,1.0,8.75,12,0,0.0,0.0,1.0
gaussian_star,252,12,92,10965111,1,1.0,1.0,1.0,1.0,1.0,8.833333333333334,12,0,0.0,0.0,1.0
gaussian_star,252,12,93,10965112,1,1.0,1.0,1.0,1.0,1.0,8.416666666666666,12,0,0.0,0.0,1.0
gaussian_star,252,12,94,10965113,1,0.0,1.0,1.0,1.0,1.0,9.666666666666666,12,0,0.0,0.0,1.0
gaussian_star,252,12,95,10965114,1,1.0,1.0,1.0,1.0,1.0,9.5,12,0,0.0,0.0,1.0
gaussian_star,252,12,96,10965115,1,1.0,1.0,1.0,1.0,1.0,8.666666666666666,12,0,0.0,0.0,1.0
gaussian_star,252,12,97,10965116,1,1.0,1.0,1.0,1.0,1.0,7.666666666666667,12,0,0.0,0.0,1.0
gaussian_star,252,12,98,10965117,1,1.0,1.0,1.0,1.0,1.0,9.166666666666666,12,0,0.0,0.0,1.0
gaussian_star,252,12,99,10965118,1,1.0,1.0,1.0,1.0,1.0,8.833333333333334,12,0,0.0,0.0,1.0
gaussian_star,252,12,100,10965119,1,1.0,1.0,1.0,1.0,1.0,9.083333333333334,12,0,0.0,0.0,1.0
gaussian_star,252,12,101,10965120,1,1.0,1.0,1.0,1.0,1.0,9.166666666666666,12,0,0.0,0.0,1.0
gaussian_star,252,12,102,10965121,1,1.0,1.0,1.0,1.0,1.0,9.25,12,0,0.0,0.0,1.0
gaussian_star,252,12,103,10965122,1,1.0,1.0,1.0,1.0,1.0,8.833333333333334,12,0,0.0,0.0,1.0
gaussian_star,252,12,104,10965123,1,1.0,1.0,1.0,1.0,1.0,8.583333333333334,12,0,0.0,0.0,1.0
gaussian_star,252,12,105,10965124,1,1.0,1.0,1.0,1.0,1.0,8.666666666666666,12,0,0.0,0.0,1.0
gaussian_star,252,12,106,10965125,1,0.0,1.0,1.0,1.0,1.0,7.75,12,0,0.0,0.0,1.0
gaussian_star,252,12,107,10965126,1,1.0,1.0,1.0,1.0,1.0,7.916666666666667,12,0,0.0,0.0,1.0
gaussian_star,252,12,108,10965127,1,1.0,1.0,1.0,1.0,1.0,9.333333333333334,12,0,0.0,0.0,1.0
gaussian_star,252,12,109,10965128,1,1.0,1.0,1.0,1.0,1.0,9.083333333333334,12,0,0.0,0.0,1.0
gaussian_star,252,12,110,10965129,1,1.0,1.0,1.0,1.0,1.0,8.916666666666666,12,0,0.0,0.0,1.0
gaussian_star,252,12,111,10965130,1,1.0,1.0,1.0,1.0,1.0,8.75,12,0,0.0,0.0,1.0
gaussian_star,252,12,112,10965131,1,1.0,1.0,1.0,1.0,1.0,8.083333333333334,12,0,0.0,0.0,1.0
gaussian_star,252,12,113,10965132,1,1.0,1.0,1.0,1.0,1.0,8.75,12,0,0.0,0.0,1.0
gaussian_star,252,12,114,10965133,1,1.0,1.0,1.0,1.0,1.0,9.416666666666666,12,0,0.0,0.0,1.0
gaussian_star,252,12,115,10965134,1,1.0,1.0,1.0,1.0,1.0,9.416666666666666,12,0,0.0,0.0,1.0
gaussian_star,252,12,116,10965135,1,1.0,1.0,1.0,1.0,1.0,8.916666666666666,12,0,0.0,0.0,1.0
gaussian_star,252,12,117,10965136,1,1.0,1.0,1.0,1.0,1.0,8.666666666666666,12,0,0.0,0.0,1.0
gaussian_star,252,12,118,10965137,1,1.0,1.0,1.0,1.0,1.0,8.583333333333334,12,0,0.0,0.0,1.0
gaussian_star,252,12,119,10965138,1,1.0,1.0,1.0,1.0,1.0,9.083333333333334,12,0,0.0,0.0,1.0
gaussian_star,252,12,120,10965139,1,1.0,1.0,1.0,1.0,1.0,9.416666666666666,12,0,0.0,0.0,1.0
gaussian_star,252,12,121,10965140,1,1.0,1.0,1.0,1.0,1.0,9.333333333333334,12,0,0.0,0.0,1.0
gaussian_star,252,12,122,10965141,1,1.0,1.0,1.0,1.0,1.0,9.25,12,0,0.0,0.0,1.0
gaussian_star,252,12,123,10965142,1,0.0,1.0,1.0,1.0,1.0,9.583333333333334,12,0,0.0,0.0,1.0
gaussian_star,252,12,124,10965143,1,1.0,1.0,1.0,1.0,1.0,9.166666666666666,12,0,0.0,0.0,1.0
gaussian_star,252,12,125,10965144,1,1.0,1.0,1.0,1.0,1.0,9.083333333333334,12,0,0.0,0.0,1.0
gaussian_star,252,12,126,10965145,1,1.0,1.0,1.0,1.0,1.0,9.166666666666666,12,0,0.0,0.0,1.0
gaussian_star,252,12,127,10965146,1,1.0,1.0,1.0,1.0,1.0,8.75,12,0,0.0,0.0,1.0
gaussian_star,252,12,128,10965147,1,0.0,1.0,1.0,1.0,1.0,9.0,12,0,0.0,0.0,1.0
gaussian_star,252,12,129,10965148,1,1.0,1.0,1.0,1.0,1.0,9.083333333333334,12,0,0.0,0.0,1.0
gaussian_star,252,12,130,10965149,1,1.0,1.0,1.0,1.0,1.0,9.5,12,0,0.0,0.0,1.0
gaussian_star,252,12,131,10965150,1,1.0,1.0,1.0,1.0,1.0,9.0,12,0,0.0,0.0,1.0
gaussian_star,252,12,132,10965151,1,1.0,1.0,1.0,1.0,1.0,8.333333333333334,12,0,0.0,0.0,1.0
gaussian_star,252,12,133,10965152,1,1.0,1.0,1.0,1.0,1.0,9.0,12,0,0.0,0.0,1.0
gaussian_star,252,12,134,10965153,1,1.0,1.0,1.0,1.0,1.0,9.333333333333334,12,0,0.0,0.0,1.0
gaussian_star,252,12,135,10965154,1,1.0,1.0,1.0,1.0,1.0,8.083333333333334,12,0,0.0,0.0,1.0
gaussian_star,252,12,136,10965155,1,1.0,1.0,1.0,1.0,1.0,9.083333333333334,12,0,0.0,0.0,1.0
gaussian_star,252,12,137,10965156,1,1.0,1.0,1.0,1.0,1.0,8.583333333333334,12,0,0.0,0.0,1.0
gaussian_star,252,12,138,10965157,1,1.0,1.0,1.0,1.0,1.0,9.333333333333334,12,0,0.0,0.0,1.0
gaussian_star,252,12,139,10965158,1,1.0,1.0,1.0,1.0,1.0,9.333333333333334,12,0,0.0,0.0,1.0
gaussian_star,252,12,140,10965159,1,1.0,1.0,1.0,1.0,1.0,9.166666666666666,12,0,0.0,0.0,1.0
gaussian_star,252,12,141,10965160,1,1.0,1.0,1.0,1.0,1.0,8.75,12,0,0.0,0.0,1.0
gaussian_star,252,12,142,10965161,1,1.0,1.0,1.0,1.0,1.0,9.25,12,0,0.0,0.0,1.0
gaussian_star,252,12,143,10965162,1,1.0,1.0,1.0,1.0,1.0,9.083333333333334,12,0,0.0,0.0,1.0
gaussian_star,252,12,144,10965163,1,1.0,1.0,1.0,1.0,1.0,8.583333333333334,12,0,0.0,0.0,1.0
gaussian_star,252,12,145,10965164,1,1.0,1.0,1.0,1.0,1.0,9.583333333333334,12,0,0.0,0.0,1.0
gaussian_star,252,12,146,10965165,1,1.0,1.0,1.0,1.0,1.0,9.083333333333334,12,0,0.0,0.0,1.0
gaussian_star,252,12,147,10965166,1,1.0,1.0,1.0,1.0,1.0,9.166666666666666,12,0,0.0,0.0,1.0
gaussian_star,252,12,148,10965167,1,1.0,1.0,1.0,1.0,1.0,9.25,12,0,0.0,0.0,1.0
gaussian_star,252,12,149,10965168,1,1.0,1.0,1.0,1.0,1.0,8.666666666666666,12,0,0.0,0.0,1.0
gaussian_star,252,12,150,10965169,1,1.0,1.0,1.0,1.0,1.0,9.583333333333334,12,0,0.0,0.0,1.0
gaussian_star,252,12,151,10965170,1,1.0,1.0,1.0,1.0,1.0,8.5,12,0,0.0,0.0,1.0
gaussian_star,252,12,152,10965171,1,1.0,1.0,1.0,1.0,1.0,8.833333333333334,12,0,0.0,0.0,1.0
gaussian_star,252,12,153,10965172,1,1.0,1.0,1.0,1.0,1.0,8.833333333333334,12,0,0.0,0.0,1.0
gaussian_star,252,12,154,10965173,1,0.0,1.0,1.0,1.0,1.0,9.0,12,0,0.0,0.0,1.0
gaussian_star,252,12,155,10965174,1,1.0,1.0,1.0,1.0,1.0,8.75,12,0,0.0,0.0,1.0
gaussian_star,252,12,156,10965175,1,1.0,1.0,1.0,1.0,1.0,9.416666666666666,12,0,0.0,0.0,1.0
gaussian_star,252,12,157,10965176,1,1.0,1.0,1.0,1.0,1.0,9.25,12,0,0.0,0.0,1.0
gaussian_star,252,12,158,10965177,1,1.0,1.0,1.0,1.0,1.0,9.666666666666666,12,0,0.0,0.0,1.0
gaussian_star,252,12,159,10965178,1,1.0,1.0,1.0,1.0,1.0,9.416666666666666,12,0,0.0,0.0,1.0
gaussian_star,252,12,160,10965179,1,1.0,1.0,1.0,1.0,1.0,8.75,12,0,0.0,0.0,1.0
gaussian_star,252,12,161,10965180,1,1.0,1.0,1.0,1.0,1.0,8.583333333333334,12,0,0.0,0.0,1.0
gaussian_star,252,12,162,10965181,1,1.0,1.0,1.0,1.0,1.0,9.583333333333334,12,0,0.0,0.0,1.0
gaussian_star,252,12,163,10965182,1,1.0,1.0,1.0,1.0,1.0,9.0,12,0,0.0,0.0,1.0
gaussian_star,252,12,164,10965183,1,1.0,1.0,1.0,1.0,1.0,8.166666666666666,12,0,0.0,0.0,1.0
gaussian_star,252,12,165,10965184,1,1.0,1.0,1.0,1.0,1.0,9.583333333333334,12,0,0.0,0.0,1.0
gaussian_star,252,12,166,10965185,1,1.0,1.0,1.0,1.0,1.0,9.666666666666666,12,0,0.0,0.0,1.0
gaussian_star,252,12,167,10965186,1,1.0,1.0,1.0,1.0,1.0,8.583333333333334,12,0,0.0,0.0,1.0
gaussian_star,252,12,168,10965187,1,1.0,1.0,1.0,1.0,1.0,9.083333333333334,12,0,0.0,0.0,1.0
gaussian_star,252,12,169,10965188,1,1.0,1.0,1.0,1.0,1.0,9.333333333333334,12,0,0.0,0.0,1.0
gaussian_star,252,12,170,10965189,1,1.0,1.0,1.0,1.0,1.0,8.5,12,0,0.0,0.0,1.0
gaussian_star,252,12,171,10965190,1,1.0,1.0,1.0,1.0,1.0,8.916666666666666,12,0,0.0,0.0,1.0
gaussian_star,252,12,172,10965191,1,0.0,1.0,1.0,1.0,1.0,9.25,12,0,0.0,0.0,1.0
gaussian_star,252,12,173,10965192,1,1.0,1.0,1.0,1.0,1.0,9.416666666666666,12,0,0.0,0.0,1.0
gaussian_star,252,12,174,10965193,1,1.0,1.0,1.0,1.0,1.0,8.666666666666666,12,0,0.0,0.0,1.0
gaussian_star,252,12,175,10965194,1,1.0,1.0,1.0,1.0,1.0,8.416666666666666,12,0,0.0,0.0,1.0
gaussian_star,252,12,176,10965195,1,1.0,1.0,1.0,1.0,1.0,8.5,12,0,0.0,0.0,1.0
gaussian_star,252,12,177,10965196,1,1.0,1.0,1.0,1.0,1.0,9.166666666666666,12,0,0.0,0.0,1.0
gaussian_star,252,12,178,10965197,1,1.0,1.0,1.0,1.0,1.0,8.75,12,0,0.0,0.0,1.0
gaussian_star,252,12,179,10965198,1,1.0,1.0,1.0,1.0,1.0,9.166666666666666,12,0,0.0,0.0,1.0
gaussian_star,252,12,180,10965199,1,1.0,1.0,1.0,1.0,1.0,9.5,12,0,0.0,0.0,1.0
gaussian_star,252,12,181,10965200,1,1.0,1.0,1.0,1.0,1.0,9.166666666666666,12,0,0.0,0.0,1.0
gaussian_star,252,12,182,10965201,1,1.0,1.0,1.0,1.0,1.0,9.083333333333334,12,0,0.0,0.0,1.0
gaussian_star,252,12,183,10965202,1,1.0,1.0,1.0,1.0,1.0,9.416666666666666,12,0,0.0,0.0,1.0
gaussian_star,252,12,184,10965203,1,1.0,1.0,1.0,1.0,1.0,9.166666666666666,12,0,0.0,0.0,1.0
gaussian_star,252,12,185,10965204,1,1.0,1.0,1.0,1.0,1.0,8.833333333333334,12,0,0.0,0.0,1.0
gaussian_star,252,12,186,10965205,1,1.0,1.0,1.0,1.0,1.0,8.833333333333334,12,0,0.0,0.0,1.0
gaussian_star,252,12,187,10965206,1,1.0,1.0,1.0,1.0,1.0,9.166666666666666,12,0,0.0,0.0,1.0
gaussian_star,252,12,188,10965207,1,1.0,1.0,1.0,1.0,1.0,9.416666666666666,12,0,0.0,0.0,1.0
gaussian_star,252,12,189,10965208,1,1.0,1.0,1.0,1.0,1.0,8.666666666666666,12,0,0.0,0.0,1.0
gaussian_star,252,12,190,10965209,1,1.0,1.0,1.0,1.0,1.0,8.416666666666666,12,0,0.0,0.0,1.0
gaussian_star,252,12,191,10965210,1,1.0,1.0,1.0,1.0,1.0,9.166666666666666,12,0,0.0,0.0,1.0
gaussian_star,252,12,192,10965211,1,1.0,1.0,1.0,1.0,1.0,9.25,12,0,0.0,0.0,1.0
gaussian_star,252,12,193,10965212,1,1.0,1.0,1.0,1.0,1.0,8.916666666666666,12,0,0.0,0.0,1.0
gaussian_star,252,12,194,10965213,1,1.0,1.0,1.0,1.0,1.0,8.916666666666666,12,0,0.0,0.0,1.0
gaussian_star,252,12,195,10965214,1,0.0,1.0,1.0,1.0,1.0,8.666666666666666,12,0,0.0,0.0,1.0
gaussian_star,252,12,196,10965215,1,1.0,1.0,1.0,1.0,1.0,8.416666666666666,12,0,0.0,0.0,1.0
gaussian_star,252,12,197,10965216,1,1.0,1.0,1.0,1.0,1.0,9.5,12,0,0.0,0.0,1.0
gaussian_star,252,12,198,10965217,1,1.0,1.0,1.0,1.0,1.0,9.416666666666666,12,0,0.0,0.0,1.0
gaussian_star,252,12,199,10965218,1,1.0,1.0,1.0,1.0,1.0,9.583333333333334,12,0,0.0,0.0,1.0
gaussian_star,252,12,200,10965219,1,1.0,1.0,1.0,1.0,1.0,8.416666666666666,12,0,0.0,0.0,1.0
gaussian_star,252,12,201,10965220,1,1.0,1.0,1.0,1.0,1.0,9.083333333333334,12,0,0.0,0.0,1.0
gaussian_star,252,12,202,10965221,1,1.0,1.0,1.0,1.0,1.0,9.333333333333334,12,0,0.0,0.0,1.0
gaussian_star,252,12,203,10965222,1,1.0,1.0,1.0,1.0,1.0,9.0,12,0,0.0,0.0,1.0
gaussian_star,252,12,204,10965223,1,1.0,1.0,1.0,1.0,1.0,9.0,12,0,0.0,0.0,1.0
gaussian_star,252,12,205,10965224,1,1.0,1.0,1.0,1.0,1.0,8.416666666666666,12,0,0.0,0.0,1.0
gaussian_star,252,12,206,10965225,1,1.0,1.0,1.0,1.0,1.0,9.75,12,0,0.0,0.0,1.0
gaussian_star,252,12,207,10965226,1,1.0,1.0,1.0,1.0,1.0,8.333333333333334,12,0,0.0,0.0,1.0
gaussian_star,252,12,208,10965227,1,1.0,1.0,1.0,1.0,1.0,9.083333333333334,12,0,0.0,0.0,1.0
gaussian_star,252,12,209,10965228,1,1.0,1.0,1.0,1.0,1.0,9.083333333333334,12,0,0.0,0.0,1.0
gaussian_star,252,12,210,10965229,1,1.0,1.0,1.0,1.0,1.0,9.333333333333334,12,0,0.0,0.0,1.0
gaussian_star,252,12,211,10965230,1,1.0,1.0,1.0,1.0,1.0,8.833333333333334,12,0,0.0,0.0,1.0
gaussian_star,252,12,212,10965231,1,1.0,1.0,1.0,1.0,1.0,9.5,12,0,0.0,0.0,1.0
gaussian_star,252,12,213,10965232,1,1.0,1.0,1.0,1.0,1.0,9.583333333333334,12,0,0.0,0.0,1.0
gaussian_star,252,12,214,10965233,1,0.0,1.0,1.0,1.0,1.0,8.666666666666666,12,0,0.0,0.0,1.0
gaussian_star,252,12,215,10965234,1,1.0,1.0,1.0,1.0,1.0,8.916666666666666,12,0,0.0,0.0,1.0
gaussian_star,252,12,216,10965235,1,1.0,1.0,1.0,1.0,1.0,8.75,12,0,0.0,0.0,1.0
gaussian_star,252,12,217,10965236,1,1.0,1.0,1.0,1.0,1.0,8.666666666666666,12,0,0.0,0.0,1.0
gaussian_star,252,12,218,10965237,1,1.0,1.0,1.0,1.0,1.0,9.333333333333334,12,0,0.0,0.0,1.0
gaussian_star,252,12,219,10965238,1,1.0,1.0,1.0,1.0,1.0,9.666666666666666,12,0,0.0,0.0,1.0
gaussian_star,252,12,220,10965239,1,1.0,1.0,1.0,1.0,1.0,8.5,12,0,0.0,0.0,1.0
gaussian_star,252,12,221,10965240,1,1.0,1.0,1.0,1.0,1.0,9.0,12,0,0.0,0.0,1.0
gaussian_star,252,12,222,10965241,1,1.0,1.0,1.0,1.0,1.0,8.25,12,0,0.0,0.0,1.0
gaussian_star,252,12,223,10965242,1,0.0,1.0,1.0,1.0,1.0,8.5,12,0,0.0,0.0,1.0
gaussian_star,252,12,224,10965243,1,1.0,1.0,1.0,1.0,1.0,9.083333333333334,12,0,0.0,0.0,1.0
gaussian_star,252,12,225,10965244,1,1.0,1.0,1.0,1.0,1.0,8.666666666666666,12,0,0.0,0.0,1.0
gaussian_star,252,12,226,10965245,1,1.0,1.0,1.0,1.0,1.0,8.833333333333334,12,0,0.0,0.0,1.0
gaussian_star,252,12,227,10965246,1,0.0,1.0,1.0,1.0,1.0,8.833333333333334,12,0,0.0,0.0,1.0
gaussian_star,252,12,228,10965247,1,1.0,1.0,1.0,1.0,1.0,9.25,12,0,0.0,0.0,1.0
gaussian_star,252,12,229,10965248,1,1.0,1.0,1.0,1.0,1.0,9.083333333333334,12,0,0.0,0.0,1.0
gaussian_star,252,12,230,10965249,1,0.0,1.0,1.0,1.0,1.0,9.333333333333334,12,0,0.0,0.0,1.0
gaussian_star,252,12,231,10965250,1,1.0,1.0,1.0,1.0,1.0,8.25,12,0,0.0,0.0,1.0
gaussian_star,252,12,232,10965251,1,1.0,1.0,1.0,1.0,1.0,9.25,12,0,0.0,0.0,1.0
gaussian_star,252,12,233,10965252,1,1.0,1.0,1.0,1.0,1.0,8.833333333333334,12,0,0.0,0.0,1.0
gaussian_star,252,12,234,10965253,1,1.0,1.0,1.0,1.0,1.0,9.25,12,0,0.0,0.0,1.0
gaussian_star,252,12,235,10965254,1,1.0,1.0,1.0,1.0,1.0,9.25,12,0,0.0,0.0,1.0
gaussian_star,252,12,236,10965255,1,1.0,1.0,1.0,1.0,1.0,9.333333333333334,12,0,0.0,0.0,1.0
gaussian_star,252,12,237,10965256,1,1.0,1.0,1.0,1.0,1.0,9.75,12,0,0.0,0.0,1.0
gaussian_star,252,12,238,10965257,1,1.0,1.0,1.0,1.0,1.0,8.75,12,0,0.0,0.0,1.0
gaussian_star,252,12,239,10965258,1,1.0,1.0,1.0,1.0,1.0,8.5,12,0,0.0,0.0,1.0
gaussian_star,252,12,240,10965259,1,1.0,1.0,1.0,1.0,1.0,9.333333333333334,12,0,0.0,0.0,1.0
gaussian_star,252,12,241,10965260,1,1.0,1.0,1.0,1.0,1.0,9.0,12,0,0.0,0.0,1.0
gaussian_star,252,12,242,10965261,1,1.0,1.0,1.0,1.0,1.0,9.166666666666666,12,0,0.0,0.0,1.0
gaussian_star,252,12,243,10965262,1,1.0,1.0,1.0,1.0,1.0,8.583333333333334,12,0,0.0,0.0,1.0
gaussian_star,252,12,244,10965263,1,0.0,1.0,1.0,1.0,1.0,9.416666666666666,12,0,0.0,0.0,1.0
gaussian_star,252,12,245,10965264,1,1.0,1.0,1.0,1.0,1.0,8.916666666666666,12,0,0.0,0.0,1.0
gaussian_star,252,12,246,10965265,1,1.0,1.0,1.0,1.0,1.0,9.333333333333334,12,0,0.0,0.0,1.0
gaussian_star,252,12,247,10965266,1,1.0,1.0,1.0,1.0,1.0,8.75,12,0,0.0,0.0,1.0
gaussian_star,252,12,248,10965267,1,1.0,1.0,1.0,1.0,1.0,8.5,12,0,0.0,0.0,1.0
gaussian_star,252,12,249,10965268,1,1.0,1.0,1.0,1.0,1.0,8.833333333333334,12,0,0.0,0.0,1.0
gaussian_star,252,12,250,10965269,1,1.0,1.0,1.0,1.0,1.0,9.166666666666666,12,0,0.0,0.0,1.0
gaussian_star,252,12,251,10965270,1,1.0,1.0,1.0,1.0,1.0,8.916666666666666,12,0,0.0,0.0,1.0
gaussian_star,252,12,252,10965271,1,1.0,1.0,1.0,1.0,1.0,9.5,12,0,0.0,0.0,1.0
gaussian_star,252,12,253,10965272,1,1.0,1.0,1.0,1.0,1.0,8.583333333333334,12,0,0.0,0.0,1.0
gaussian_star,252,12,254,10965273,1,1.0,1.0,1.0,1.0,1.0,9.583333333333334,12,0,0.0,0.0,1.0
gaussian_star,252,12,255,10965274,1,1.0,1.0,1.0,1.0,1.0,9.333333333333334,12,0,0.0,0.0,1.0
gaussian_star,252,12,256,10965275,1,1.0,1.0,1.0,1.0,1.0,9.083333333333334,12,0,0.0,0.0,1.0
gaussian_star,252,12,257,10965276,1,1.0,1.0,1.0,1.0,1.0,9.083333333333334,12,0,0.0,0.0,1.0
gaussian_star,252,12,258,10965277,1,1.0,1.0,1.0,1.0,1.0,9.25,12,0,0.0,0.0,1.0
gaussian_star,252,12,259,10965278,1,1.0,1.0,1.0,1.0,1.0,8.25,12,0,0.0,0.0,1.0
gaussian_star,252,12,260,10965279,1,1.0,1.0,1.0,1.0,1.0,8.75,12,0,0.0,0.0,1.0
gaussian_star,252,12,261,10965280,1,1.0,1.0,1.0,1.0,1.0,9.0,12,0,0.0,0.0,1.0
gaussian_star,252,12,262,10965281,1,1.0,1.0,1.0,1.0,1.0,8.083333333333334,12,0,0.0,0.0,1.0
gaussian_star,252,12,263,10965282,1,1.0,1.0,1.0,1.0,1.0,8.833333333333334,12,0,0.0,0.0,1.0
gaussian_star,252,12,264,10965283,1,1.0,1.0,1.0,1.0,1.0,8.583333333333334,12,0,0.0,0.0,1.0
gaussian_star,252,12,265,10965284,1,1.0,1.0,1.0,1.0,1.0,9.416666666666666,12,0,0.0,0.0,1.0
gaussian_star,252,12,266,10965285,1,1.0,1.0,1.0,1.0,1.0,8.25,12,0,0.0,0.0,1.0
gaussian_star,252,12,267,10965286,1,0.0,1.0,1.0,1.0,1.0,8.916666666666666,12,0,0.0,0.0,1.0
gaussian_star,252,12,268,10965287,1,1.0,1.0,1.0,1.0,1.0,9.25,12,0,0.0,0.0,1.0
gaussian_star,252,12,269,10965288,1,1.0,1.0,1.0,1.0,1.0,9.75,12,0,0.0,0.0,1.0
gaussian_star,252,12,270,10965289,1,1.0,1.0,1.0,1.0,1.0,9.083333333333334,12,0,0.0,0.0,1.0
gaussian_star,252,12,271,10965290,1,1.0,1.0,1.0,1.0,1.0,9.416666666666666,12,0,0.0,0.0,1.0
gaussian_star,252,12,272,10965291,1,1.0,1.0,1.0,1.0,1.0,9.5,12,0,0.0,0.0,1.0
gaussian_star,252,12,273,10965292,1,1.0,1.0,1.0,1.0,1.0,8.083333333333334,12,0,0.0,0.0,1.0
gaussian_star,252,12,274,10965293,1,1.0,1.0,1.0,1.0,1.0,8.5,12,0,0.0,0.0,1.0
gaussian_star,252,12,275,10965294,1,1.0,1.0,1.0,1.0,1.0,8.916666666666666,12,0,0.0,0.0,1.0
gaussian_star,252,12,276,10965295,1,1.0,1.0,1.0,1.0,1.0,9.666666666666666,12,0,0.0,0.0,1.0
gaussian_star,252,12,277,10965296,1,1.0,1.0,1.0,1.0,1.0,9.166666666666666,12,0,0.0,0.0,1.0
gaussian_star,252,12,278,10965297,1,1.0,1.0,1.0,1.0,1.0,8.5,12,0,0.0,0.0,1.0
gaussian_star,252,12,279,10965298,1,1.0,1.0,1.0,1.0,1.0,9.083333333333334,12,0,0.0,0.0,1.0
gaussian_star,252,12,280,10965299,1,1.0,1.0,1.0,1.0,1.0,9.916666666666666,12,0,0.0,0.0,1.0
gaussian_star,252,12,281,10965300,1,1.0,1.0,1.0,1.0,1.0,9.666666666666666,12,0,0.0,0.0,1.0
gaussian_star,252,12,282,10965301,1,1.0,1.0,1.0,1.0,1.0,8.583333333333334,12,0,0.0,0.0,1.0
gaussian_star,252,12,283,10965302,1,1.0,1.0,1.0,1.0,1.0,8.916666666666666,12,0,0.0,0.0,1.0
gaussian_star,252,12,284,10965303,1,1.0,1.0,1.0,1.0,1.0,9.083333333333334,12,0,0.0,0.0,1.0
gaussian_star,252,12,285,10965304,1,1.0,1.0,1.0,1.0,1.0,9.166666666666666,12,0,0.0,0.0,1.0
gaussian_star,252,12,286,10965305,1,1.0,1.0,1.0,1.0,1.0,9.5,12,0,0.0,0.0,1.0
gaussian_star,252,12,287,10965306,1,1.0,1.0,1.0,1.0,1.0,9.25,12,0,0.0,0.0,1.0
gaussian_star,252,12,288,10965307,1,1.0,1.0,1.0,1.0,1.0,9.5,12,0,0.0,0.0,1.0
gaussian_star,252,12,289,10965308,1,1.0,1.0,1.0,1.0,1.0,8.25,12,0,0.0,0.0,1.0
gaussian_star,252,12,290,10965309,1,1.0,1.0,1.0,1.0,1.0,8.666666666666666,12,0,0.0,0.0,1.0
gaussian_star,252,12,291,10965310,1,1.0,1.0,1.0,1.0,1.0,9.25,12,0,0.0,0.0,1.0
gaussian_star,252,12,292,10965311,1,1.0,1.0,1.0,1.0,1.0,9.5,12,0,0.0,0.0,1.0
gaussian_star,252,12,293,10965312,1,1.0,1.0,1.0,1.0,1.0,8.916666666666666,12,0,0.0,0.0,1.0
gaussian_star,252,12,294,10965313,1,1.0,1.0,1.0,1.0,1.0,9.416666666666666,12,0,0.0,0.0,1.0
gaussian_star,252,12,295,10965314,1,1.0,1.0,1.0,1.0,1.0,8.833333333333334,12,0,0.0,0.0,1.0
gaussian_star,252,12,296,10965315,1,1.0,1.0,1.0,1.0,1.0,8.75,12,0,0.0,0.0,1.0
gaussian_star,252,12,297,10965316,1,1.0,1.0,1.0,1.0,1.0,9.333333333333334,12,0,0.0,0.0,1.0
gaussian_star,252,12,298,10965317,1,1.0,1.0,1.0,1.0,1.0,9.333333333333334,12,0,0.0,0.0,1.0
gaussian_star,252,12,299,10965318,1,1.0,1.0,1.0,1.0,1.0,9.083333333333334,12,0,0.0,0.0,1.0
gaussian_star,252,12,300,10965319,1,1.0,1.0,1.0,1.0,1.0,9.166666666666666,12,0,0.0,0.0,1.0
gaussian_star,252,12,301,10965320,1,1.0,1.0,1.0,1.0,1.0,8.333333333333334,12,0,0.0,0.0,1.0
gaussian_star,252,12,302,10965321,1,1.0,1.0,1.0,1.0,1.0,9.166666666666666,12,0,0.0,0.0,1.0
gaussian_star,252,12,303,10965322,1,1.0,1.0,1.0,1.0,1.0,8.583333333333334,12,0,0.0,0.0,1.0
gaussian_star,252,12,304,10965323,1,1.0,1.0,1.0,1.0,1.0,9.166666666666666,12,0,0.0,0.0,1.0
gaussian_star,252,12,305,10965324,1,1.0,1.0,1.0,1.0,1.0,9.416666666666666,12,0,0.0,0.0,1.0
gaussian_star,252,12,306,10965325,1,1.0,1.0,1.0,1.0,1.0,9.583333333333334,12,0,0.0,0.0,1.0
gaussian_star,252,12,307,10965326,1,1.0,1.0,1.0,1.0,1.0,8.75,12,0,0.0,0.0,1.0
gaussian_star,252,12,308,10965327,1,1.0,1.0,1.0,1.0,1.0,9.166666666666666,12,0,0.0,0.0,1.0
gaussian_star,252,12,309,10965328,1,1.0,1.0,1.0,1.0,1.0,8.583333333333334,12,0,0.0,0.0,1.0
gaussian_star,252,12,310,10965329,1,1.0,1.0,1.0,1.0,1.0,8.916666666666666,12,0,0.0,0.0,1.0
gaussian_star,252,12,311,10965330,1,1.0,1.0,1.0,1.0,1.0,8.833333333333334,12,0,0.0,0.0,1.0
gaussian_star,252,12,312,10965331,1,1.0,1.0,1.0,1.0,1.0,8.583333333333334,12,0,0.0,0.0,1.0
gaussian_star,252,12,313,10965332,1,1.0,1.0,1.0,1.0,1.0,9.5,12,0,0.0,0.0,1.0
gaussian_star,252,12,314,10965333,1,1.0,1.0,1.0,1.0,1.0,9.416666666666666,12,0,0.0,0.0,1.0
gaussian_star,252,12,315,10965334,1,1.0,1.0,1.0,1.0,1.0,8.416666666666666,12,0,0.0,0.0,1.0
gaussian_star,252,12,316,10965335,1,0.0,1.0,1.0,1.0,1.0,8.833333333333334,12,0,0.0,0.0,1.0
gaussian_star,252,12,317,10965336,1,1.0,1.0,1.0,1.0,1.0,9.25,12,0,0.0,0.0,1.0
gaussian_star,252,12,318,10965337,1,1.0,1.0,1.0,1.0,1.0,8.833333333333334,12,0,0.0,0.0,1.0
gaussian_star,252,12,319,10965338,1,1.0,1.0,1.0,1.0,1.0,9.166666666666666,12,0,0.0,0.0,1.0
gaussian_star,252,12,320,10965339,1,1.0,1.0,1.0,1.0,1.0,8.5,12,0,0.0,0.0,1.0
gaussian_star,252,12,321,10965340,1,1.0,1.0,1.0,1.0,1.0,9.25,12,0,0.0,0.0,1.0
gaussian_star,252,12,322,10965341,1,0.0,1.0,1.0,1.0,1.0,8.916666666666666,12,0,0.0,0.0,1.0
gaussian_star,252,12,323,10965342,1,1.0,1.0,1.0,1.0,1.0,9.333333333333334,12,0,0.0,0.0,1.0
gaussian_star,252,12,324,10965343,1,1.0,1.0,1.0,1.0,1.0,8.5,12,0,0.0,0.0,1.0
gaussian_star,252,12,325,10965344,1,1.0,1.0,1.0,1.0,1.0,9.166666666666666,12,0,0.0,0.0,1.0
gaussian_star,252,12,326,10965345,1,1.0,1.0,1.0,1.0,1.0,8.583333333333334,12,0,0.0,0.0,1.0
gaussian_star,252,12,327,10965346,1,1.0,1.0,1.0,1.0,1.0,9.833333333333334,12,0,0.0,0.0,1.0
gaussian_star,252,12,328,10965347,1,1.0,1.0,1.0,1.0,1.0,9.0,12,0,0.0,0.0,1.0
gaussian_star,252,12,329,10965348,1,1.0,1.0,1.0,1.0,1.0,9.416666666666666,12,0,0.0,0.0,1.0
gaussian_star,252,12,330,10965349,1,1.0,1.0,1.0,1.0,1.0,8.583333333333334,12,0,0.0,0.0,1.0
gaussian_star,252,12,331,10965350,1,1.0,1.0,1.0,1.0,1.0,9.25,12,0,0.0,0.0,1.0
gaussian_star,252,12,332,10965351,1,1.0,1.0,1.0,1.0,1.0,8.75,12,0,0.0,0.0,1.0
gaussian_star,252,12,333,10965352,1,1.0,1.0,1.0,1.0,1.0,9.166666666666666,12,0,0.0,0.0,1.0
gaussian_star,252,12,334,10965353,1,1.0,1.0,1.0,1.0,1.0,9.666666666666666,12,0,0.0,0.0,1.0
gaussian_star,252,12,335,10965354,1,1.0,1.0,1.0,1.0,1.0,9.75,12,0,0.0,0.0,1.0
gaussian_star,252,12,336,10965355,1,1.0,1.0,1.0,1.0,1.0,9.5,12,0,0.0,0.0,1.0
gaussian_star,252,12,337,10965356,1,1.0,1.0,1.0,1.0,1.0,8.333333333333334,12,0,0.0,0.0,1.0
gaussian_star,252,12,338,10965357,1,1.0,1.0,1.0,1.0,1.0,9.166666666666666,12,0,0.0,0.0,1.0
gaussian_star,252,12,339,10965358,1,1.0,1.0,1.0,1.0,1.0,9.0,12,0,0.0,0.0,1.0
gaussian_star,252,12,340,10965359,1,1.0,1.0,1.0,1.0,1.0,9.25,12,0,0.0,0.0,1.0
gaussian_star,252,12,341,10965360,1,1.0,1.0,1.0,1.0,1.0,9.0,12,0,0.0,0.0,1.0
gaussian_star,252,12,342,10965361,1,1.0,1.0,1.0,1.0,1.0,9.166666666666666,12,0,0.0,0.0,1.0
gaussian_star,252,12,343,10965362,1,1.0,1.0,1.0,1.0,1.0,8.083333333333334,12,0,0.0,0.0,1.0
gaussian_star,252,12,344,10965363,1,1.0,1.0,1.0,1.0,1.0,9.083333333333334,12,0,0.0,0.0,1.0
gaussian_star,252,12,345,10965364,1,1.0,1.0,1.0,1.0,1.0,8.25,12,0,0.0,0.0,1.0
gaussian_star,252,12,346,10965365,1,1.0,1.0,1.0,1.0,1.0,8.5,12,0,0.0,0.0,1.0
gaussian_star,252,12,347,10965366,1,1.0,1.0,1.0,1.0,1.0,9.416666666666666,12,0,0.0,0.0,1.0
gaussian_star,252,12,348,10965367,1,0.0,1.0,1.0,1.0,1.0,9.0,12,0,0.0,0.0,1.0
gaussian_star,252,12,349,10965368,1,1.0,1.0,1.0,1.0,1.0,9.166666666666666,12,0,0.0,0.0,1.0
gaussian_star,252,12,350,10965369,1,1.0,1.0,1.0,1.0,1.0,9.666666666666666,12,0,0.0,0.0,1.0
gaussian_star,252,12,351,10965370,1,1.0,1.0,1.0,1.0,1.0,9.25,12,0,0.0,0.0,1.0
gaussian_star,252,12,352,10965371,1,0.0,1.0,1.0,1.0,1.0,9.416666666666666,12,0,0.0,0.0,1.0
gaussian_star,252,12,353,10965372,1,1.0,1.0,1.0,1.0,1.0,9.25,12,0,0.0,0.0,1.0
gaussian_star,252,12,354,10965373,1,1.0,1.0,1.0,1.0,1.0,8.666666666666666,12,0,0.0,0.0,1.0
gaussian_star,252,12,355,10965374,1,1.0,1.0,1.0,1.0,1.0,9.083333333333334,12,0,0.0,0.0,1.0
gaussian_star,252,12,356,10965375,1,1.0,1.0,1.0,1.0,1.0,8.916666666666666,12,0,0.0,0.0,1.0
gaussian_star,252,12,357,10965376,1,1.0,1.0,1.0,1.0,1.0,8.333333333333334,12,0,0.0,0.0,1.0
gaussian_star,252,12,358,10965377,1,1.0,1.0,1.0,1.0,1.0,8.25,12,0,0.0,0.0,1.0
gaussian_star,252,12,359,10965378,1,1.0,1.0,1.0,1.0,1.0,8.583333333333334,12,0,0.0,0.0,1.0
gaussian_star,252,12,360,10965379,1,1.0,1.0,1.0,1.0,1.0,9.333333333333334,12,0,0.0,0.0,1.0
gaussian_star,252,12,361,10965380,1,1.0,1.0,1.0,1.0,1.0,9.0,12,0,0.0,0.0,1.0
gaussian_star,252,12,362,10965381,1,1.0,1.0,1.0,1.0,1.0,8.333333333333334,12,0,0.0,0.0,1.0
gaussian_star,252,12,363,10965382,1,1.0,1.0,1.0,1.0,1.0,9.583333333333334,12,0,0.0,0.0,1.0
gaussian_star,252,12,364,10965383,1,1.0,1.0,1.0,1.0,1.0,9.083333333333334,12,0,0.0,0.0,1.0
gaussian_star,252,12,365,10965384,1,1.0,1.0,1.0,1.0,1.0,9.583333333333334,12,0,0.0,0.0,1.0
gaussian_star,252,12,366,10965385,1,0.0,1.0,1.0,1.0,1.0,8.166666666666666,12,0,0.0,0.0,1.0
gaussian_star,252,12,367,10965386,1,1.0,1.0,1.0,1.0,1.0,9.75,12,0,0.0,0.0,1.0
gaussian_star,252,12,368,10965387,1,1.0,1.0,1.0,1.0,1.0,8.916666666666666,12,0,0.0,0.0,1.0
gaussian_star,252,12,369,10965388,1,1.0,1.0,1.0,1.0,1.0,8.833333333333334,12,0,0.0,0.0,1.0
gaussian_star,252,12,370,10965389,1,1.0,1.0,1.0,1.0,1.0,8.083333333333334,12,0,0.0,0.0,1.0
gaussian_star,252,12,371,10965390,1,1.0,1.0,1.0,1.0,1.0,9.083333333333334,12,0,0.0,0.0,1.0
gaussian_star,252,12,372,10965391,1,1.0,1.0,1.0,1.0,1.0,9.916666666666666,12,0,0.0,0.0,1.0
gaussian_star,252,12,373,10965392,1,1.0,1.0,1.0,1.0,1.0,9.416666666666666,12,0,0.0,0.0,1.0
gaussian_star,252,12,374,10965393,1,1.0,1.0,1.0,1.0,1.0,9.166666666666666,12,0,0.0,0.0,1.0
gaussian_star,252,12,375,10965394,1,1.0,1.0,1.0,1.0,1.0,9.333333333333334,12,0,0.0,0.0,1.0
gaussian_star,252,12,376,10965395,1,1.0,1.0,1.0,1.0,1.0,9.166666666666666,12,0,0.0,0.0,1.0
gaussian_star,252,12,377,10965396,1,1.0,1.0,1.0,1.0,1.0,8.833333333333334,12,0,0.0,0.0,1.0
gaussian_star,252,12,378,10965397,1,1.0,1.0,1.0,1.0,1.0,8.166666666666666,12,0,0.0,0.0,1.0
gaussian_star,252,12,379,10965398,1,1.0,1.0,1.0,1.0,1.0,9.583333333333334,12,0,0.0,0.0,1.0
gaussian_star,252,12,380,10965399,1,1.0,1.0,1.0,1.0,1.0,9.083333333333334,12,0,0.0,0.0,1.0
gaussian_star,252,12,381,10965400,1,1.0,1.0,1.0,1.0,1.0,9.25,12,0,0.0,0.0,1.0
gaussian_star,252,12,382,10965401,1,1.0,1.0,1.0,1.0,1.0,8.666666666666666,12,0,0.0,0.0,1.0
gaussian_star,252,12,383,10965402,1,1.0,1.0,1.0,1.0,1.0,8.75,12,0,0.0,0.0,1.0
gaussian_star,252,12,384,10965403,1,1.0,1.0,1.0,1.0,1.0,9.25,12,0,0.0,0.0,1.0
gaussian_star,252,12,385,10965404,1,1.0,1.0,1.0,1.0,1.0,8.5,12,0,0.0,0.0,1.0
gaussian_star,252,12,386,10965405,1,1.0,1.0,1.0,1.0,1.0,9.333333333333334,12,0,0.0,0.0,1.0
gaussian_star,252,12,387,10965406,1,1.0,1.0,1.0,1.0,1.0,9.25,12,0,0.0,0.0,1.0
gaussian_star,252,12,388,10965407,1,1.0,1.0,1.0,1.0,1.0,9.416666666666666,12,0,0.0,0.0,1.0
gaussian_star,252,12,389,10965408,1,1.0,1.0,1.0,1.0,1.0,9.166666666666666,12,0,0.0,0.0,1.0
gaussian_star,252,12,390,10965409,1,1.0,1.0,1.0,1.0,1.0,9.25,12,0,0.0,0.0,1.0
gaussian_star,252,12,391,10965410,1,1.0,1.0,1.0,1.0,1.0,9.0,12,0,0.0,0.0,1.0
gaussian_star,252,12,392,10965411,1,1.0,1.0,1.0,1.0,1.0,8.666666666666666,12,0,0.0,0.0,1.0
gaussian_star,252,12,393,10965412,1,1.0,1.0,1.0,1.0,1.0,9.083333333333334,12,0,0.0,0.0,1.0
gaussian_star,252,12,394,10965413,1,1.0,1.0,1.0,1.0,1.0,9.25,12,0,0.0,0.0,1.0
gaussian_star,252,12,395,10965414,1,1.0,1.0,1.0,1.0,1.0,9.333333333333334,12,0,0.0,0.0,1.0
gaussian_star,252,12,396,10965415,1,1.0,1.0,1.0,1.0,1.0,8.833333333333334,12,0,0.0,0.0,1.0
gaussian_star,252,12,397,10965416,1,0.0,1.0,1.0,1.0,1.0,8.75,12,0,0.0,0.0,1.0
gaussian_star,252,12,398,10965417,1,1.0,1.0,1.0,1.0,1.0,9.083333333333334,12,0,0.0,0.0,1.0
gaussian_star,252,12,399,10965418,1,1.0,1.0,1.0,1.0,1.0,9.333333333333334,12,0,0.0,0.0,1.0
gaussian_star,252,12,400,10965419,1,1.0,1.0,1.0,1.0,1.0,8.583333333333334,12,0,0.0,0.0,1.0
gaussian_star,252,12,401,10965420,1,1.0,1.0,1.0,1.0,1.0,8.666666666666666,12,0,0.0,0.0,1.0
gaussian_star,252,12,402,10965421,1,1.0,1.0,1.0,1.0,1.0,9.166666666666666,12,0,0.0,0.0,1.0
gaussian_star,252,12,403,10965422,1,1.0,1.0,1.0,1.0,1.0,8.916666666666666,12,0,0.0,0.0,1.0
gaussian_star,252,12,404,10965423,1,1.0,1.0,1.0,1.0,1.0,9.25,12,0,0.0,0.0,1.0
gaussian_star,252,12,405,10965424,1,1.0,1.0,1.0,1.0,1.0,8.75,12,0,0.0,0.0,1.0
gaussian_star,252,12,406,10965425,1,1.0,1.0,1.0,1.0,1.0,8.583333333333334,12,0,0.0,0.0,1.0
gaussian_star,252,12,407,10965426,1,1.0,1.0,1.0,1.0,1.0,9.083333333333334,12,0,0.0,0.0,1.0
gaussian_star,252,12,408,10965427,1,1.0,1.0,1.0,1.0,1.0,8.833333333333334,12,0,0.0,0.0,1.0
gaussian_star,252,12,409,10965428,1,1.0,1.0,1.0,1.0,1.0,9.083333333333334,12,0,0.0,0.0,1.0
gaussian_star,252,12,410,10965429,1,1.0,1.0,1.0,1.0,1.0,9.0,12,0,0.0,0.0,1.0
gaussian_star,252,12,411,10965430,1,1.0,1.0,1.0,1.0,1.0,9.083333333333334,12,0,0.0,0.0,1.0
gaussian_star,252,12,412,10965431,1,1.0,1.0,1.0,1.0,1.0,9.333333333333334,12,0,0.0,0.0,1.0
gaussian_star,252,12,413,10965432,1,1.0,1.0,1.0,1.0,1.0,9.083333333333334,12,0,0.0,0.0,1.0
gaussian_star,252,12,414,10965433,1,1.0,1.0,1.0,1.0,1.0,9.166666666666666,12,0,0.0,0.0,1.0
gaussian_star,252,12,415,10965434,1,1.0,1.0,1.0,1.0,1.0,9.5,12,0,0.0,0.0,1.0
gaussian_star,252,12,416,10965435,1,1.0,1.0,1.0,1.0,1.0,9.333333333333334,12,0,0.0,0.0,1.0
gaussian_star,252,12,417,10965436,1,1.0,1.0,1.0,1.0,1.0,8.0,12,0,0.0,0.0,1.0
gaussian_star,252,12,418,10965437,1,1.0,1.0,1.0,1.0,1.0,8.25,12,0,0.0,0.0,1.0
gaussian_star,252,12,419,10965438,1,1.0,1.0,1.0,1.0,1.0,9.25,12,0,0.0,0.0,1.0
gaussian_star,252,12,420,10965439,1,0.0,1.0,1.0,1.0,1.0,9.333333333333334,12,0,0.0,0.0,1.0
gaussian_star,252,12,421,10965440,1,1.0,1.0,1.0,1.0,1.0,8.333333333333334,12,0,0.0,0.0,1.0
gaussian_star,252,12,422,10965441,1,1.0,1.0,1.0,1.0,1.0,9.166666666666666,12,0,0.0,0.0,1.0
gaussian_star,252,12,423,10965442,1,0.0,1.0,1.0,1.0,1.0,8.75,12,0,0.0,0.0,1.0
gaussian_star,252,12,424,10965443,1,1.0,1.0,1.0,1.0,1.0,9.166666666666666,12,0,0.0,0.0,1.0
gaussian_star,252,12,425,10965444,1,1.0,1.0,1.0,1.0,1.0,8.833333333333334,12,0,0.0,0.0,1.0
gaussian_star,252,12,426,10965445,1,1.0,1.0,1.0,1.0,1.0,8.583333333333334,12,0,0.0,0.0,1.0
gaussian_star,252,12,427,10965446,1,1.0,1.0,1.0,1.0,1.0,9.0,12,0,0.0,0.0,1.0
gaussian_star,252,12,428,10965447,1,1.0,1.0,1.0,1.0,1.0,8.75,12,0,0.0,0.0,1.0
gaussian_star,252,12,429,10965448,1,1.0,1.0,1.0,1.0,1.0,9.333333333333334,12,0,0.0,0.0,1.0
gaussian_star,252,12,430,10965449,1,1.0,1.0,1.0,1.0,1.0,8.333333333333334,12,0,0.0,0.0,1.0
gaussian_star,252,12,431,10965450,1,1.0,1.0,1.0,1.0,1.0,8.666666666666666,12,0,0.0,0.0,1.0
gaussian_star,252,12,432,10965451,1,1.0,1.0,1.0,1.0,1.0,8.5,12,0,0.0,0.0,1.0
gaussian_star,252,12,433,10965452,1,1.0,1.0,1.0,1.0,1.0,9.0,12,0,0.0,0.0,1.0
gaussian_star,252,12,434,10965453,1,1.0,1.0,1.0,1.0,1.0,9.333333333333334,12,0,0.0,0.0,1.0
gaussian_star,252,12,435,10965454,1,1.0,1.0,1.0,1.0,1.0,8.916666666666666,12,0,0.0,0.0,1.0
gaussian_star,252,12,436,10965455,1,1.0,1.0,1.0,1.0,1.0,8.166666666666666,12,0,0.0,0.0,1.0
gaussian_star,252,12,437,10965456,1,1.0,1.0,1.0,1.0,1.0,9.0,12,0,0.0,0.0,1.0
gaussian_star,252,12,438,10965457,1,1.0,1.0,1.0,1.0,1.0,8.666666666666666,12,0,0.0,0.0,1.0
gaussian_star,252,12,439,10965458,1,1.0,1.0,1.0,1.0,1.0,9.5,12,0,0.0,0.0,1.0
gaussian_star,252,12,440,10965459,1,1.0,1.0,1.0,1.0,1.0,9.5,12,0,0.0,0.0,1.0
gaussian_star,252,12,441,10965460,1,1.0,1.0,1.0,1.0,1.0,9.666666666666666,12,0,0.0,0.0,1.0
gaussian_star,252,12,442,10965461,1,1.0,1.0,1.0,1.0,1.0,9.083333333333334,12,0,0.0,0.0,1.0
gaussian_star,252,12,443,10965462,1,1.0,1.0,1.0,1.0,1.0,8.916666666666666,12,0,0.0,0.0,1.0
gaussian_star,252,12,444,10965463,1,1.0,1.0,1.0,1.0,1.0,8.916666666666666,12,0,0.0,0.0,1.0
gaussian_star,252,12,445,10965464,1,1.0,1.0,1.0,1.0,1.0,8.666666666666666,12,0,0.0,0.0,1.0
gaussian_star,252,12,446,10965465,1,1.0,1.0,1.0,1.0,1.0,9.083333333333334,12,0,0.0,0.0,1.0
gaussian_star,252,12,447,10965466,1,1.0,1.0,1.0,1.0,1.0,8.5,12,0,0.0,0.0,1.0
gaussian_star,252,12,448,10965467,1,1.0,1.0,1.0,1.0,1.0,9.25,12,0,0.0,0.0,1.0
gaussian_star,252,12,449,10965468,1,1.0,1.0,1.0,1.0,1.0,9.333333333333334,12,0,0.0,0.0,1.0
gaussian_star,252,12,450,10965469,1,1.0,1.0,1.0,1.0,1.0,9.083333333333334,12,0,0.0,0.0,1.0
gaussian_star,252,12,451,10965470,1,1.0,1.0,1.0,1.0,1.0,8.583333333333334,12,0,0.0,0.0,1.0
gaussian_star,252,12,452,10965471,1,1.0,1.0,1.0,1.0,1.0,8.333333333333334,12,0,0.0,0.0,1.0
gaussian_star,252,12,453,10965472,1,1.0,1.0,1.0,1.0,1.0,9.25,12,0,0.0,0.0,1.0
gaussian_star,252,12,454,10965473,1,1.0,1.0,1.0,1.0,1.0,10.0,12,0,0.0,0.0,1.0
gaussian_star,252,12,455,10965474,1,1.0,1.0,1.0,1.0,1.0,9.083333333333334,12,0,0.0,0.0,1.0
gaussian_star,252,12,456,10965475,1,1.0,1.0,1.0,1.0,1.0,8.916666666666666,12,0,0.0,0.0,1.0
gaussian_star,252,12,457,10965476,1,1.0,1.0,1.0,1.0,1.0,8.25,12,0,0.0,0.0,1.0
gaussian_star,252,12,458,10965477,1,1.0,1.0,1.0,1.0,1.0,9.416666666666666,12,0,0.0,0.0,1.0
gaussian_star,252,12,459,10965478,1,1.0,1.0,1.0,1.0,1.0,9.5,12,0,0.0,0.0,1.0
gaussian_star,252,12,460,10965479,1,1.0,1.0,1.0,1.0,1.0,9.833333333333334,12,0,0.0,0.0,1.0
gaussian_star,252,12,461,10965480,1,1.0,1.0,1.0,1.0,1.0,9.583333333333334,12,0,0.0,0.0,1.0
gaussian_star,252,12,462,10965481,1,1.0,1.0,1.0,1.0,1.0,8.75,12,0,0.0,0.0,1.0
gaussian_star,252,12,463,10965482,1,1.0,1.0,1.0,1.0,1.0,9.5,12,0,0.0,0.0,1.0
gaussian_star,252,12,464,10965483,1,1.0,1.0,1.0,1.0,1.0,9.166666666666666,12,0,0.0,0.0,1.0
gaussian_star,252,12,465,10965484,1,1.0,1.0,1.0,1.0,1.0,8.916666666666666,12,0,0.0,0.0,1.0
gaussian_star,252,12,466,10965485,1,1.0,1.0,1.0,1.0,1.0,9.416666666666666,12,0,0.0,0.0,1.0
gaussian_star,252,12,467,10965486,1,1.0,1.0,1.0,1.0,1.0,7.916666666666667,12,0,0.0,0.0,1.0
gaussian_star,252,12,468,10965487,1,1.0,1.0,1.0,1.0,1.0,8.833333333333334,12,0,0.0,0.0,1.0
gaussian_star,252,12,469,10965488,1,0.0,1.0,1.0,1.0,1.0,8.583333333333334,12,0,0.0,0.0,1.0
gaussian_star,252,12,470,10965489,1,1.0,1.0,1.0,1.0,1.0,9.333333333333334,12,0,0.0,0.0,1.0
gaussian_star,252,12,471,10965490,1,1.0,1.0,1.0,1.0,1.0,9.25,12,0,0.0,0.0,1.0
gaussian_star,252,12,472,10965491,1,1.0,1.0,1.0,1.0,1.0,9.0,12,0,0.0,0.0,1.0
gaussian_star,252,12,473,10965492,1,1.0,1.0,1.0,1.0,1.0,9.166666666666666,12,0,0.0,0.0,1.0
gaussian_star,252,12,474,10965493,1,0.0,1.0,1.0,1.0,1.0,8.833333333333334,12,0,0.0,0.0,1.0
gaussian_star,252,12,475,10965494,1,1.0,1.0,1.0,1.0,1.0,9.416666666666666,12,0,0.0,0.0,1.0
gaussian_star,252,12,476,10965495,1,1.0,1.0,1.0,1.0,1.0,8.75,12,0,0.0,0.0,1.0
gaussian_star,252,12,477,10965496,1,1.0,1.0,1.0,1.0,1.0,8.583333333333334,12,0,0.0,0.0,1.0
gaussian_star,252,12,478,10965497,1,1.0,1.0,1.0,1.0,1.0,8.833333333333334,12,0,0.0,0.0,1.0
gaussian_star,252,12,479,10965498,1,1.0,1.0,1.0,1.0,1.0,9.083333333333334,12,0,0.0,0.0,1.0
gaussian_star,252,12,480,10965499,1,1.0,1.0,1.0,1.0,1.0,9.416666666666666,12,0,0.0,0.0,1.0
gaussian_star,252,12,481,10965500,1,1.0,1.0,1.0,1.0,1.0,8.583333333333334,12,0,0.0,0.0,1.0
gaussian_star,252,12,482,10965501,1,1.0,1.0,1.0,1.0,1.0,9.5,12,0,0.0,0.0,1.0
gaussian_star,252,12,483,10965502,1,1.0,1.0,1.0,1.0,1.0,8.75,12,0,0.0,0.0,1.0
gaussian_star,252,12,484,10965503,1,1.0,1.0,1.0,1.0,1.0,9.25,12,0,0.0,0.0,1.0
gaussian_star,252,12,485,10965504,1,1.0,1.0,1.0,1.0,1.0,9.083333333333334,12,0,0.0,0.0,1.0
gaussian_star,252,12,486,10965505,1,1.0,1.0,1.0,1.0,1.0,9.333333333333334,12,0,0.0,0.0,1.0
gaussian_star,252,12,487,10965506,1,1.0,1.0,1.0,1.0,1.0,8.416666666666666,12,0,0.0,0.0,1.0
gaussian_star,252,12,488,10965507,1,1.0,1.0,1.0,1.0,1.0,8.916666666666666,12,0,0.0,0.0,1.0
gaussian_star,252,12,489,10965508,1,1.0,1.0,1.0,1.0,1.0,8.666666666666666,12,0,0.0,0.0,1.0
gaussian_star,252,12,490,10965509,1,1.0,1.0,1.0,1.0,1.0,9.0,12,0,0.0,0.0,1.0
gaussian_star,252,12,491,10965510,1,1.0,1.0,1.0,1.0,1.0,9.333333333333334,12,0,0.0,0.0,1.0
gaussian_star,252,12,492,10965511,1,0.0,1.0,1.0,1.0,1.0,9.0,12,0,0.0,0.0,1.0
gaussian_star,252,12,493,10965512,1,1.0,1.0,1.0,1.0,1.0,9.166666666666666,12,0,0.0,0.0,1.0
gaussian_star,252,12,494,10965513,1,1.0,1.0,1.0,1.0,1.0,9.333333333333334,12,0,0.0,0.0,1.0
gaussian_star,252,12,495,10965514,1,1.0,1.0,1.0,1.0,1.0,9.25,12,0,0.0,0.0,1.0
gaussian_star,252,12,496,10965515,1,1.0,1.0,1.0,1.0,1.0,9.333333333333334,12,0,0.0,0.0,1.0
gaussian_star,252,12,497,10965516,1,1.0,1.0,1.0,1.0,1.0,9.0,12,0,0.0,0.0,1.0
gaussian_star,252,12,498,10965517,1,1.0,1.0,1.0,1.0,1.0,9.0,12,0,0.0,0.0,1.0
gaussian_star,252,12,499,10965518,1,1.0,1.0,1.0,1.0,1.0,8.833333333333334,12,0,0.0,0.0,1.0
gaussian_star,1008,12,0,11721019,1,1.0,1.0,1.0,1.0,1.0,0.16666666666666666,1,1,1.0,0.8333333333333334,1.0
gaussian_star,1008,12,1,11721020,1,1.0,1.0,1.0,1.0,1.0,0.5,1,1,1.0,0.5,1.0
gaussian_star,1008,12,2,11721021,1,1.0,1.0,1.0,1.0,1.0,0.0,1,1,1.0,1.0,1.0
gaussian_star,1008,12,3,11721022,1,0.0,1.0,1.0,1.0,1.0,0.0,1,1,1.0,1.0,1.0
gaussian_star,1008,12,4,11721023,1,1.0,1.0,1.0,1.0,1.0,0.75,1,1,1.0,0.5833333333333334,1.0
gaussian_star,1008,12,5,11721024,1,1.0,1.0,1.0,1.0,1.0,0.75,1,1,1.0,0.5833333333333334,1.0
gaussian_star,1008,12,6,11721025,1,0.0,1.0,1.0,1.0,1.0,0.0,1,1,1.0,1.0,1.0
gaussian_star,1008,12,7,11721026,1,1.0,1.0,1.0,1.0,1.0,0.0,1,1,1.0,1.0,1.0
gaussian_star,1008,12,8,11721027,1,1.0,1.0,1.0,1.0,1.0,0.16666666666666666,1,1,1.0,0.8333333333333334,1.0
gaussian_star,1008,12,9,11721028,1,1.0,1.0,1.0,1.0,1.0,0.6666666666666666,1,1,1.0,0.5833333333333334,1.0
gaussian_star,1008,12,10,11721029,1,0.0,1.0,1.0,1.0,1.0,0.5,1,1,1.0,0.5833333333333334,1.0
gaussian_star,1008,12,11,11721030,1,1.0,1.0,1.0,1.0,1.0,1.1666666666666667,1,1,1.0,0.3333333333333333,1.0
gaussian_star,1008,12,12,11721031,1,1.0,1.0,1.0,1.0,1.0,0.8333333333333334,1,1,1.0,0.5,1.0
gaussian_star,1008,12,13,11721032,1,1.0,1.0,1.0,1.0,1.0,0.5,1,1,1.0,0.75,1.0
gaussian_star,1008,12,14,11721033,1,1.0,1.0,1.0,1.0,1.0,0.0,1,1,1.0,1.0,1.0
gaussian_star,1008,12,15,11721034,1,1.0,1.0,1.0,1.0,1.0,0.3333333333333333,1,1,1.0,0.75,1.0
gaussian_star,1008,12,16,11721035,1,1.0,1.0,1.0,1.0,1.0,0.16666666666666666,1,1,1.0,0.8333333333333334,1.0
gaussian_star,1008,12,17,11721036,1,1.0,1.0,1.0,1.0,1.0,0.4166666666666667,1,1,1.0,0.6666666666666666,1.0
gaussian_star,1008,12,18,11721037,1,0.0,1.0,1.0,1.0,1.0,0.3333333333333333,1,1,1.0,0.75,1.0
gaussian_star,1008,12,19,11721038,1,1.0,1.0,1.0,1.0,1.0,0.3333333333333333,1,1,1.0,0.75,1.0
gaussian_star,1008,12,20,11721039,1,1.0,1.0,1.0,1.0,1.0,0.5,1,1,1.0,0.75,1.0
gaussian_star,1008,12,21,11721040,1,1.0,1.0,1.0,1.0,1.0,0.25,1,1,1.0,0.75,1.0
gaussian_star,1008,12,22,11721041,1,0.0,1.0,1.0,1.0,1.0,0.16666666666666666,1,1,1.0,0.8333333333333334,1.0
gaussian_star,1008,12,23,11721042,1,1.0,1.0,1.0,1.0,1.0,0.3333333333333333,1,1,1.0,0.75,1.0
gaussian_star,1008,12,24,11721043,1,1.0,1.0,1.0,1.0,1.0,0.16666666666666666,1,1,1.0,0.8333333333333334,1.0
gaussian_star,1008,12,25,11721044,1,1.0,1.0,1.0,1.0,1.0,1.1666666666666667,1,1,1.0,0.5833333333333334,1.0
gaussian_star,1008,12,26,11721045,1,1.0,1.0,1.0,1.0,1.0,0.16666666666666666,1,1,1.0,0.8333333333333334,1.0
gaussian_star,1008,12,27,11721046,1,1.0,1.0,1.0,1.0,1.0,0.3333333333333333,1,1,1.0,0.75,1.0
gaussian_star,1008,12,28,11721047,1,1.0,1.0,1.0,1.0,1.0,0.25,1,1,1.0,0.75,1.0
gaussian_star,1008,12,29,11721048,1,1.0,1.0,1.0,1.0,1.0,0.16666666666666666,1,1,1.0,0.8333333333333334,1.0
gaussian_star,1008,12,30,11721049,1,1.0,1.0,1.0,1.0,1.0,0.16666666666666666,1,1,1.0,0.8333333333333334,1.0
gaussian_star,1008,12,31,11721050,1,1.0,1.0,1.0,1.0,1.0,0.16666666666666666,1,1,1.0,0.8333333333333334,1.0
gaussian_star,1008,12,32,11721051,1,0.0,1.0,1.0,1.0,1.0,0.75,1,1,1.0,0.25,1.0
gaussian_star,1008,12,33,11721052,1,1.0,1.0,1.0,1.0,1.0,0.0,1,1,1.0,1.0,1.0
gaussian_star,1008,12,34,11721053,1,0.0,1.0,1.0,1.0,1.0,0.25,1,1,1.0,0.75,1.0
gaussian_star,1008,12,35,11721054,1,1.0,1.0,1.0,1.0,1.0,0.16666666666666666,1,1,1.0,0.8333333333333334,1.0
gaussian_star,1008,12,36,11721055,1,1.0,1.0,1.0,1.0,1.0,0.0,1,1,1.0,1.0,1.0
gaussian_star,1008,12,37,11721056,1,1.0,1.0,1.0,1.0,1.0,0.0,1,1,1.0,1.0,1.0
gaussian_star,1008,12,38,11721057,1,1.0,1.0,1.0,1.0,1.0,0.0,1,1,1.0,1.0,1.0
gaussian_star,1008,12,39,11721058,1,1.0,1.0,1.0,1.0,1.0,0.0,1,1,1.0,1.0,1.0
gaussian_star,1008,12,40,11721059,1,0.0,1.0,1.0,1.0,1.0,0.3333333333333333,1,1,1.0,0.75,1.0
gaussian_star,1008,12,41,11721060,1,1.0,1.0,1.0,1.0,1.0,0.6666666666666666,1,1,1.0,0.6666666666666666,1.0
gaussian_star,1008,12,42,11721061,1,0.0,1.0,1.0,1.0,1.0,0.3333333333333333,1,1,1.0,0.6666666666666666,1.0
gaussian_star,1008,12,43,11721062,1,1.0,1.0,1.0,1.0,1.0,0.4166666666666667,1,1,1.0,0.5833333333333334,1.0
gaussian_star,1008,12,44,11721063,1,1.0,1.0,1.0,1.0,1.0,0.16666666666666666,1,1,1.0,0.8333333333333334,1.0
gaussian_star,1008,12,45,11721064,1,1.0,1.0,1.0,1.0,1.0,0.16666666666666666,1,1,1.0,0.8333333333333334,1.0
gaussian_star,1008,12,46,11721065,1,1.0,1.0,1.0,1.0,1.0,0.0,1,1,1.0,1.0,1.0
gaussian_star,1008,12,47,11721066,1,1.0,1.0,1.0,1.0,1.0,0.16666666666666666,1,1,1.0,0.8333333333333334,1.0
gaussian_star,1008,12,48,11721067,1,1.0,1.0,1.0,1.0,1.0,0.5833333333333334,1,1,1.0,0.6666666666666666,1.0
gaussian_star,1008,12,49,11721068,1,1.0,1.0,1.0,1.0,1.0,0.0,1,1,1.0,1.0,1.0
gaussian_star,1008,12,50,11721069,1,1.0,1.0,1.0,1.0,1.0,0.16666666666666666,1,1,1.0,0.8333333333333334,1.0
gaussian_star,1008,12,51,11721070,1,1.0,1.0,1.0,1.0,1.0,0.16666666666666666,1,1,1.0,0.8333333333333334,1.0
gaussian_star,1008,12,52,11721071,1,1.0,1.0,1.0,1.0,1.0,0.5833333333333334,1,1,1.0,0.5833333333333334,1.0
gaussian_star,1008,12,53,11721072,1,1.0,1.0,1.0,1.0,1.0,0.0,1,1,1.0,1.0,1.0
gaussian_star,1008,12,54,11721073,1,1.0,1.0,1.0,1.0,1.0,0.0,1,1,1.0,1.0,1.0
gaussian_star,1008,12,55,11721074,1,1.0,1.0,1.0,1.0,1.0,0.5,1,1,1.0,0.6666666666666666,1.0
gaussian_star,1008,12,56,11721075,1,1.0,1.0,1.0,1.0,1.0,0.0,1,1,1.0,1.0,1.0
gaussian_star,1008,12,57,11721076,1,1.0,1.0,1.0,1.0,1.0,0.75,1,1,1.0,0.5833333333333334,1.0
gaussian_star,1008,12,58,11721077,1,1.0,1.0,1.0,1.0,1.0,0.4166666666666667,1,1,1.0,0.6666666666666666,1.0
gaussian_star,1008,12,59,11721078,1,1.0,1.0,1.0,1.0,1.0,0.5,1,1,1.0,0.6666666666666666,1.0
gaussian_star,1008,12,60,11721079,1,1.0,1.0,1.0,1.0,1.0,0.0,1,1,1.0,1.0,1.0
gaussian_star,1008,12,61,11721080,1,1.0,1.0,1.0,1.0,1.0,0.0,1,1,1.0,1.0,1.0
gaussian_star,1008,12,62,11721081,1,1.0,1.0,1.0,1.0,1.0,0.75,1,1,1.0,0.5,1.0
gaussian_star,1008,12,63,11721082,1,1.0,1.0,1.0,1.0,1.0,0.25,1,1,1.0,0.75,1.0
gaussian_star,1008,12,64,11721083,1,1.0,1.0,1.0,1.0,1.0,0.16666666666666666,1,1,1.0,0.8333333333333334,1.0
gaussian_star,1008,12,65,11721084,1,1.0,1.0,1.0,1.0,1.0,0.0,1,1,1.0,1.0,1.0
gaussian_star,1008,12,66,11721085,1,1.0,1.0,1.0,1.0,1.0,0.4166666666666667,1,1,1.0,0.6666666666666666,1.0
gaussian_star,1008,12,67,11721086,1,1.0,1.0,1.0,1.0,1.0,0.0,1,1,1.0,1.0,1.0
gaussian_star,1008,12,68,11721087,1,1.0,1.0,1.0,1.0,1.0,0.3333333333333333,1,1,1.0,0.75,1.0
gaussian_star,1008,12,69,11721088,1,1.0,1.0,1.0,1.0,1.0,0.0,1,1,1.0,1.0,1.0
gaussian_star,1008,12,70,11721089,1,0.0,1.0,1.0,1.0,1.0,0.16666666666666666,1,1,1.0,0.8333333333333334,1.0
gaussian_star,1008,12,71,11721090,1,1.0,1.0,1.0,1.0,1.0,0.16666666666666666,1,1,1.0,0.8333333333333334,1.0
gaussian_star,1008,12,72,11721091,1,1.0,1.0,1.0,1.0,1.0,0.16666666666666666,1,1,1.0,0.8333333333333334,1.0
gaussian_star,1008,12,73,11721092,1,1.0,1.0,1.0,1.0,1.0,0.3333333333333333,1,1,1.0,0.6666666666666666,1.0
gaussian_star,1008,12,74,11721093,1,0.0,1.0,1.0,1.0,1.0,0.75,1,1,1.0,0.5833333333333334,1.0
gaussian_star,1008,12,75,11721094,1,1.0,1.0,1.0,1.0,1.0,0.0,1,1,1.0,1.0,1.0
gaussian_star,1008,12,76,11721095,1,1.0,1.0,1.0,1.0,1.0,0.25,1,1,1.0,0.75,1.0
gaussian_star,1008,12,77,11721096,1,1.0,1.0,1.0,1.0,1.0,0.3333333333333333,1,1,1.0,0.75,1.0
gaussian_star,1008,12,78,11721097,1,1.0,1.0,1.0,1.0,1.0,0.0,1,1,1.0,1.0,1.0
gaussian_star,1008,12,79,11721098,1,1.0,1.0,1.0,1.0,1.0,0.0,1,1,1.0,1.0,1.0
gaussian_star,1008,12,80,11721099,1,0.0,1.0,1.0,1.0,1.0,0.16666666666666666,1,1,1.0,0.8333333333333334,1.0
gaussian_star,1008,12,81,11721100,1,1.0,1.0,1.0,1.0,1.0,0.0,1,1,1.0,1.0,1.0
gaussian_star,1008,12,82,11721101,1,1.0,1.0,1.0,1.0,1.0,0.3333333333333333,1,1,1.0,0.75,1.0
gaussian_star,1008,12,83,11721102,1,0.0,1.0,1.0,1.0,1.0,0.16666666666666666,1,1,1.0,0.8333333333333334,1.0
gaussian_star,1008,12,84,11721103,1,1.0,1.0,1.0,1.0,1.0,0.16666666666666666,1,1,1.0,0.8333333333333334,1.0
gaussian_star,1008,12,85,11721104,1,1.0,1.0,1.0,1.0,1.0,0.3333333333333333,1,1,1.0,0.8333333333333334,1.0
gaussian_star,1008,12,86,11721105,1,1.0,1.0,1.0,1.0,1.0,0.5833333333333334,1,1,1.0,0.6666666666666666,1.0
gaussian_star,1008,12,87,11721106,1,1.0,1.0,1.0,1.0,1.0,0.16666666666666666,1,1,1.0,0.8333333333333334,1.0
gaussian_star,1008,12,88,11721107,1,1.0,1.0,1.0,1.0,1.0,0.0,1,1,1.0,1.0,1.0
gaussian_star,1008,12,89,11721108,1,1.0,1.0,1.0,1.0,1.0,0.3333333333333333,1,1,1.0,0.6666666666666666,1.0
gaussian_star,1008,12,90,11721109,1,1.0,1.0,1.0,1.0,1.0,0.25,1,1,1.0,0.75,1.0
gaussian_star,1008,12,91,11721110,1,1.0,1.0,1.0,1.0,1.0,0.0,1,1,1.0,1.0,1.0
gaussian_star,1008,12,92,11721111,1,1.0,1.0,1.0,1.0,1.0,0.3333333333333333,1,1,1.0,0.6666666666666666,1.0
gaussian_star,1008,12,93,11721112,1,1.0,1.0,1.0,1.0,1.0,0.16666666666666666,1,1,1.0,0.8333333333333334,1.0
gaussian_star,1008,12,94,11721113,1,1.0,1.0,1.0,1.0,1.0,0.16666666666666666,1,1,1.0,0.8333333333333334,1.0
gaussian_star,1008,12,95,11721114,1,1.0,1.0,1.0,1.0,1.0,0.0,1,1,1.0,1.0,1.0
gaussian_star,1008,12,96,11721115,1,1.0,1.0,1.0,1.0,1.0,0.0,1,1,1.0,1.0,1.0
gaussian_star,1008,12,97,11721116,1,1.0,1.0,1.0,1.0,1.0,0.16666666666666666,1,1,1.0,0.8333333333333334,1.0
gaussian_star,1008,12,98,11721117,1,1.0,1.0,1.0,1.0,1.0,0.6666666666666666,1,1,1.0,0.6666666666666666,1.0
gaussian_star,1008,12,99,11721118,1,1.0,1.0,1.0,1.0,1.0,0.16666666666666666,1,1,1.0,0.8333333333333334,1.0
gaussian_star,1008,12,100,11721119,1,1.0,1.0,1.0,1.0,1.0,0.16666666666666666,1,1,1.0,0.8333333333333334,1.0
gaussian_star,1008,12,101,11721120,1,1.0,1.0,1.0,1.0,1.0,0.5,1,1,1.0,0.6666666666666666,1.0
gaussian_star,1008,12,102,11721121,1,1.0,1.0,1.0,1.0,1.0,0.0,1,1,1.0,1.0,1.0
gaussian_star,1008,12,103,11721122,1,1.0,1.0,1.0,1.0,1.0,0.5833333333333334,1,1,1.0,0.5833333333333334,1.0
gaussian_star,1008,12,104,11721123,1,1.0,1.0,1.0,1.0,1.0,0.25,1,1,1.0,0.75,1.0
gaussian_star,1008,12,105,11721124,1,1.0,1.0,1.0,1.0,1.0,0.0,1,1,1.0,1.0,1.0
gaussian_star,1008,12,106,11721125,1,1.0,1.0,1.0,1.0,1.0,0.0,1,1,1.0,1.0,1.0
gaussian_star,1008,12,107,11721126,1,1.0,1.0,1.0,1.0,1.0,0.6666666666666666,1,1,1.0,0.75,1.0
gaussian_star,1008,12,108,11721127,1,1.0,1.0,1.0,1.0,1.0,0.0,1,1,1.0,1.0,1.0
gaussian_star,1008,12,109,11721128,1,1.0,1.0,1.0,1.0,1.0,0.5,1,1,1.0,0.6666666666666666,1.0
gaussian_star,1008,12,110,11721129,1,1.0,1.0,1.0,1.0,1.0,0.16666666666666666,1,1,1.0,0.8333333333333334,1.0
gaussian_star,1008,12,111,11721130,1,1.0,1.0,1.0,1.0,1.0,0.16666666666666666,1,1,1.0,0.8333333333333334,1.0
gaussian_star,1008,12,112,11721131,1,1.0,1.0,1.0,1.0,1.0,0.0,1,1,1.0,1.0,1.0
gaussian_star,1008,12,113,11721132,1,1.0,1.0,1.0,1.0,1.0,0.16666666666666666,1,1,1.0,0.8333333333333334,1.0
gaussian_star,1008,12,114,11721133,1,1.0,1.0,1.0,1.0,1.0,0.0,1,1,1.0,1.0,1.0
gaussian_star,1008,12,115,11721134,1,1.0,1.0,1.0,1.0,1.0,0.25,1,1,1.0,0.75,1.0
gaussian_star,1008,12,116,11721135,1,1.0,1.0,1.0,1.0,1.0,0.5833333333333334,1,1,1.0,0.5,1.0
gaussian_star,1008,12,117,11721136,1,1.0,1.0,1.0,1.0,1.0,0.0,1,1,1.0,1.0,1.0
gaussian_star,1008,12,118,11721137,1,1.0,1.0,1.0,1.0,1.0,0.5,1,1,1.0,0.5833333333333334,1.0
gaussian_star,1008,12,119,11721138,1,1.0,1.0,1.0,1.0,1.0,0.3333333333333333,1,1,1.0,0.75,1.0
gaussian_star,1008,12,120,11721139,1,0.0,1.0,1.0,1.0,1.0,0.5833333333333334,1,1,1.0,0.4166666666666667,1.0
gaussian_star,1008,12,121,11721140,1,1.0,1.0,1.0,1.0,1.0,0.16666666666666666,1,1,1.0,0.8333333333333334,1.0
gaussian_star,1008,12,122,11721141,1,1.0,1.0,1.0,1.0,1.0,0.16666666666666666,1,1,1.0,0.8333333333333334,1.0
gaussian_star,1008,12,123,11721142,1,1.0,1.0,1.0,1.0,1.0,0.5,1,1,1.0,0.75,1.0
gaussian_star,1008,12,124,11721143,1,1.0,1.0,1.0,1.0,1.0,0.16666666666666666,1,1,1.0,0.8333333333333334,1.0
gaussian_star,1008,12,125,11721144,1,1.0,1.0,1.0,1.0,1.0,0.5833333333333334,1,1,1.0,0.6666666666666666,1.0
gaussian_star,1008,12,126,11721145,1,1.0,1.0,1.0,1.0,1.0,0.16666666666666666,1,1,1.0,0.8333333333333334,1.0
gaussian_star,1008,12,127,11721146,1,1.0,1.0,1.0,1.0,1.0,0.0,1,1,1.0,1.0,1.0
gaussian_star,1008,12,128,11721147,1,1.0,1.0,1.0,1.0,1.0,0.25,1,1,1.0,0.75,1.0
gaussian_star,1008,12,129,11721148,1,1.0,1.0,1.0,1.0,1.0,0.0,1,1,1.0,1.0,1.0
gaussian_star,1008,12,130,11721149,1,1.0,1.0,1.0,1.0,1.0,0.4166666666666667,1,1,1.0,0.5833333333333334,1.0
gaussian_star,1008,12,131,11721150,1,1.0,1.0,1.0,1.0,1.0,0.3333333333333333,1,1,1.0,0.8333333333333334,1.0
gaussian_star,1008,12,132,11721151,1,1.0,1.0,1.0,1.0,1.0,0.16666666666666666,1,1,1.0,0.8333333333333334,1.0
gaussian_star,1008,12,133,11721152,1,1.0,1.0,1.0,1.0,1.0,0.16666666666666666,1,1,1.0,0.8333333333333334,1.0
gaussian_star,1008,12,134,11721153,1,1.0,1.0,1.0,1.0,1.0,0.16666666666666666,1,1,1.0,0.8333333333333334,1.0
gaussian_star,1008,12,135,11721154,1,1.0,1.0,1.0,1.0,1.0,0.3333333333333333,1,1,1.0,0.75,1.0
gaussian_star,1008,12,136,11721155,1,1.0,1.0,1.0,1.0,1.0,0.0,1,1,1.0,1.0,1.0
gaussian_star,1008,12,137,11721156,1,1.0,1.0,1.0,1.0,1.0,0.0,1,1,1.0,1.0,1.0
gaussian_star,1008,12,138,11721157,1,1.0,1.0,1.0,1.0,1.0,0.25,1,1,1.0,0.75,1.0
gaussian_star,1008,12,139,11721158,1,1.0,1.0,1.0,1.0,1.0,0.3333333333333333,1,1,1.0,0.75,1.0
gaussian_star,1008,12,140,11721159,1,1.0,1.0,1.0,1.0,1.0,0.0,1,1,1.0,1.0,1.0
gaussian_star,1008,12,141,11721160,1,1.0,1.0,1.0,1.0,1.0,0.25,1,1,1.0,0.75,1.0
gaussian_star,1008,12,142,11721161,1,1.0,1.0,1.0,1.0,1.0,0.4166666666666667,1,1,1.0,0.6666666666666666,1.0
gaussian_star,1008,12,143,11721162,1,1.0,1.0,1.0,1.0,1.0,0.0,1,1,1.0,1.0,1.0
gaussian_star,1008,12,144,11721163,1,1.0,1.0,1.0,1.0,1.0,0.0,1,1,1.0,1.0,1.0
gaussian_star,1008,12,145,11721164,1,1.0,1.0,1.0,1.0,1.0,0.4166666666666667,1,1,1.0,0.6666666666666666,1.0
gaussian_star,1008,12,146,11721165,1,1.0,1.0,1.0,1.0,1.0,0.16666666666666666,1,1,1.0,0.8333333333333334,1.0
gaussian_star,1008,12,147,11721166,1,1.0,1.0,1.0,1.0,1.0,0.6666666666666666,1,1,1.0,0.5,1.0
gaussian_star,1008,12,148,11721167,1,1.0,1.0,1.0,1.0,1.0,0.0,1,1,1.0,1.0,1.0
gaussian_star,1008,12,149,11721168,1,1.0,1.0,1.0,1.0,1.0,0.0,1,1,1.0,1.0,1.0
gaussian_star,1008,12,150,11721169,1,1.0,1.0,1.0,1.0,1.0,0.0,1,1,1.0,1.0,1.0
gaussian_star,1008,12,151,11721170,1,1.0,1.0,1.0,1.0,1.0,0.25,1,1,1.0,0.75,1.0
gaussian_star,1008,12,152,11721171,1,1.0,1.0,1.0,1.0,1.0,0.16666666666666666,1,1,1.0,0.8333333333333334,1.0
gaussian_star,1008,12,153,11721172,1,1.0,1.0,1.0,1.0,1.0,0.0,1,1,1.0,1.0,1.0
gaussian_star,1008,12,154,11721173,1,1.0,1.0,1.0,1.0,1.0,0.4166666666666667,1,1,1.0,0.5833333333333334,1.0
gaussian_star,1008,12,155,11721174,1,1.0,1.0,1.0,1.0,1.0,0.4166666666666667,1,1,1.0,0.6666666666666666,1.0
gaussian_star,1008,12,156,11721175,1,1.0,1.0,1.0,1.0,1.0,0.0,1,1,1.0,1.0,1.0
gaussian_star,1008,12,157,11721176,1,1.0,1.0,1.0,1.0,1.0,0.0,1,1,1.0,1.0,1.0
gaussian_star,1008,12,158,11721177,1,1.0,1.0,1.0,1.0,1.0,0.5,1,1,1.0,0.75,1.0
gaussian_star,1008,12,159,11721178,1,1.0,1.0,1.0,1.0,1.0,0.0,1,1,1.0,1.0,1.0
gaussian_star,1008,12,160,11721179,1,1.0,1.0,1.0,1.0,1.0,0.75,1,1,1.0,0.5833333333333334,1.0
gaussian_star,1008,12,161,11721180,1,1.0,1.0,1.0,1.0,1.0,0.3333333333333333,1,1,1.0,0.6666666666666666,1.0
gaussian_star,1008,12,162,11721181,1,1.0,1.0,1.0,1.0,1.0,0.4166666666666667,1,1,1.0,0.6666666666666666,1.0
gaussian_star,1008,12,163,11721182,1,1.0,1.0,1.0,1.0,1.0,0.25,1,1,1.0,0.75,1.0
gaussian_star,1008,12,164,11721183,1,1.0,1.0,1.0,1.0,1.0,0.5833333333333334,1,1,1.0,0.6666666666666666,1.0
gaussian_star,1008,12,165,11721184,1,1.0,1.0,1.0,1.0,1.0,0.3333333333333333,1,1,1.0,0.75,1.0
gaussian_star,1008,12,166,11721185,1,1.0,1.0,1.0,1.0,1.0,0.0,1,1,1.0,1.0,1.0
gaussian_star,1008,12,167,11721186,1,1.0,1.0,1.0,1.0,1.0,0.3333333333333333,1,1,1.0,0.75,1.0
gaussian_star,1008,12,168,11721187,1,1.0,1.0,1.0,1.0,1.0,0.16666666666666666,1,1,1.0,0.8333333333333334,1.0
gaussian_star,1008,12,169,11721188,1,1.0,1.0,1.0,1.0,1.0,0.5,1,1,1.0,0.5,1.0
gaussian_star,1008,12,170,11721189,1,1.0,1.0,1.0,1.0,1.0,0.16666666666666666,1,1,1.0,0.8333333333333334,1.0
gaussian_star,1008,12,171,11721190,1,1.0,1.0,1.0,1.0,1.0,0.0,1,1,1.0,1.0,1.0
gaussian_star,1008,12,172,11721191,1,1.0,1.0,1.0,1.0,1.0,0.16666666666666666,1,1,1.0,0.8333333333333334,1.0
gaussian_star,1008,12,173,11721192,1,1.0,1.0,1.0,1.0,1.0,0.0,1,1,1.0,1.0,1.0
gaussian_star,1008,12,174,11721193,1,1.0,1.0,1.0,1.0,1.0,0.5,1,1,1.0,0.6666666666666666,1.0
gaussian_star,1008,12,175,11721194,1,1.0,1.0,1.0,1.0,1.0,0.4166666666666667,1,1,1.0,0.75,1.0
gaussian_star,1008,12,176,11721195,1,1.0,1.0,1.0,1.0,1.0,0.0,1,1,1.0,1.0,1.0
gaussian_star,1008,12,177,11721196,1,1.0,1.0,1.0,1.0,1.0,0.16666666666666666,1,1,1.0,0.8333333333333334,1.0
gaussian_star,1008,12,178,11721197,1,1.0,1.0,1.0,1.0,1.0,0.5,1,1,1.0,0.75,1.0
gaussian_star,1008,12,179,11721198,1,1.0,1.0,1.0,1.0,1.0,0.4166666666666667,1,1,1.0,0.6666666666666666,1.0
gaussian_star,1008,12,180,11721199,1,1.0,1.0,1.0,1.0,1.0,0.4166666666666667,1,1,1.0,0.5833333333333334,1.0
gaussian_star,1008,12,181,11721200,1,0.0,1.0,1.0,1.0,1.0,0.9166666666666666,1,1,1.0,0.5833333333333334,1.0
gaussian_star,1008,12,182,11721201,1,1.0,1.0,1.0,1.0,1.0,0.16666666666666666,1,1,1.0,0.8333333333333334,1.0
gaussian_star,1008,12,183,11721202,1,1.0,1.0,1.0,1.0,1.0,0.3333333333333333,1,1,1.0,0.6666666666666666,1.0
gaussian_star,1008,12,184,11721203,1,1.0,1.0,1.0,1.0,1.0,0.0,1,1,1.0,1.0,1.0
gaussian_star,1008,12,185,11721204,1,1.0,1.0,1.0,1.0,1.0,0.5833333333333334,1,1,1.0,0.5,1.0
gaussian_star,1008,12,186,11721205,1,1.0,1.0,1.0,1.0,1.0,0.4166666666666667,1,1,1.0,0.6666666666666666,1.0
gaussian_star,1008,12,187,11721206,1,1.0,1.0,1.0,1.0,1.0,0.16666666666666666,1,1,1.0,0.8333333333333334,1.0
gaussian_star,1008,12,188,11721207,1,1.0,1.0,1.0,1.0,1.0,0.3333333333333333,1,1,1.0,0.8333333333333334,1.0
gaussian_star,1008,12,189,11721208,1,1.0,1.0,1.0,1.0,1.0,0.3333333333333333,1,1,1.0,0.8333333333333334,1.0
gaussian_star,1008,12,190,11721209,1,1.0,1.0,1.0,1.0,1.0,0.0,1,1,1.0,1.0,1.0
gaussian_star,1008,12,191,11721210,1,1.0,1.0,1.0,1.0,1.0,0.16666666666666666,1,1,1.0,0.8333333333333334,1.0
gaussian_star,1008,12,192,11721211,1,1.0,1.0,1.0,1.0,1.0,0.3333333333333333,1,1,1.0,0.8333333333333334,1.0
gaussian_star,1008,12,193,11721212,1,1.0,1.0,1.0,1.0,1.0,0.8333333333333334,1,1,1.0,0.5833333333333334,1.0
gaussian_star,1008,12,194,11721213,1,1.0,1.0,1.0,1.0,1.0,0.0,1,1,1.0,1.0,1.0
gaussian_star,1008,12,195,11721214,1,1.0,1.0,1.0,1.0,1.0,0.16666666666666666,1,1,1.0,0.8333333333333334,1.0
gaussian_star,1008,12,196,11721215,1,1.0,1.0,1.0,1.0,1.0,0.3333333333333333,1,1,1.0,0.8333333333333334,1.0
gaussian_star,1008,12,197,11721216,1,1.0,1.0,1.0,1.0,1.0,0.3333333333333333,1,1,1.0,0.8333333333333334,1.0
gaussian_star,1008,12,198,11721217,1,1.0,1.0,1.0,1.0,1.0,0.16666666666666666,1,1,1.0,0.8333333333333334,1.0
gaussian_star,1008,12,199,11721218,1,1.0,1.0,1.0,1.0,1.0,0.3333333333333333,1,1,1.0,0.75,1.0
gaussian_star,1008,12,200,11721219,1,1.0,1.0,1.0,1.0,1.0,0.16666666666666666,1,1,1.0,0.8333333333333334,1.0
gaussian_star,1008,12,201,11721220,1,1.0,1.0,1.0,1.0,1.0,0.16666666666666666,1,1,1.0,0.8333333333333334,1.0
gaussian_star,1008,12,202,11721221,1,1.0,1.0,1.0,1.0,1.0,0.0,1,1,1.0,1.0,1.0
gaussian_star,1008,12,203,11721222,1,1.0,1.0,1.0,1.0,1.0,0.0,1,1,1.0,1.0,1.0
gaussian_star,1008,12,204,11721223,1,1.0,1.0,1.0,1.0,1.0,0.0,1,1,1.0,1.0,1.0
gaussian_star,1008,12,205,11721224,1,1.0,1.0,1.0,1.0,1.0,0.16666666666666666,1,1,1.0,0.8333333333333334,1.0
gaussian_star,1008,12,206,11721225,1,1.0,1.0,1.0,1.0,1.0,0.0,1,1,1.0,1.0,1.0
gaussian_star,1008,12,207,11721226,1,1.0,1.0,1.0,1.0,1.0,0.5,1,1,1.0,0.6666666666666666,1.0
gaussian_star,1008,12,208,11721227,1,1.0,1.0,1.0,1.0,1.0,0.0,1,1,1.0,1.0,1.0
gaussian_star,1008,12,209,11721228,1,1.0,1.0,1.0,1.0,1.0,0.0,1,1,1.0,1.0,1.0
gaussian_star,1008,12,210,11721229,1,1.0,1.0,1.0,1.0,1.0,0.16666666666666666,1,1,1.0,0.8333333333333334,1.0
gaussian_star,1008,12,211,11721230,1,1.0,1.0,1.0,1.0,1.0,0.0,1,1,1.0,1.0,1.0
gaussian_star,1008,12,212,11721231,1,1.0,1.0,1.0,1.0,1.0,0.16666666666666666,1,1,1.0,0.8333333333333334,1.0
gaussian_star,1008,12,213,11721232,1,1.0,1.0,1.0,1.0,1.0,0.9166666666666666,1,1,1.0,0.4166666666666667,1.0
gaussian_star,1008,12,214,11721233,1,1.0,1.0,1.0,1.0,1.0,0.16666666666666666,1,1,1.0,0.8333333333333334,1.0
gaussian_star,1008,12,215,11721234,1,1.0,1.0,1.0,1.0,1.0,0.3333333333333333,1,1,1.0,0.8333333333333334,1.0
gaussian_star,1008,12,216,11721235,1,1.0,1.0,1.0,1.0,1.0,0.0,1,1,1.0,1.0,1.0
gaussian_star,1008,12,217,11721236,1,1.0,1.0,1.0,1.0,1.0,0.16666666666666666,1,1,1.0,0.8333333333333334,1.0
gaussian_star,1008,12,218,11721237,1,1.0,1.0,1.0,1.0,1.0,0.16666666666666666,1,1,1.0,0.8333333333333334,1.0
gaussian_star,1008,12,219,11721238,1,1.0,1.0,1.0,1.0,1.0,0.3333333333333333,1,1,1.0,0.75,1.0
gaussian_star,1008,12,220,11721239,1,1.0,1.0,1.0,1.0,1.0,0.16666666666666666,1,1,1.0,0.8333333333333334,1.0
gaussian_star,1008,12,221,11721240,1,1.0,1.0,1.0,1.0,1.0,0.16666666666666666,1,1,1.0,0.8333333333333334,1.0
gaussian_star,1008,12,222,11721241,1,1.0,1.0,1.0,1.0,1.0,0.3333333333333333,1,1,1.0,0.8333333333333334,1.0
gaussian_star,1008,12,223,11721242,1,1.0,1.0,1.0,1.0,1.0,0.5833333333333334,1,1,1.0,0.5,1.0
gaussian_star,1008,12,224,11721243,1,1.0,1.0,1.0,1.0,1.0,0.16666666666666666,1,1,1.0,0.8333333333333334,1.0
gaussian_star,1008,12,225,11721244,1,0.0,1.0,1.0,1.0,1.0,0.75,1,1,1.0,0.4166666666666667,1.0
gaussian_star,1008,12,226,11721245,1,1.0,1.0,1.0,1.0,1.0,0.25,1,1,1.0,0.75,1.0
gaussian_star,1008,12,227,11721246,1,1.0,1.0,1.0,1.0,1.0,0.16666666666666666,1,1,1.0,0.8333333333333334,1.0
gaussian_star,1008,12,228,11721247,1,1.0,1.0,1.0,1.0,1.0,0.0,1,1,1.0,1.0,1.0
gaussian_star,1008,12,229,11721248,1,0.0,1.0,1.0,1.0,1.0,0.0,1,1,1.0,1.0,1.0
gaussian_star,1008,12,230,11721249,1,1.0,1.0,1.0,1.0,1.0,0.25,1,1,1.0,0.75,1.0
gaussian_star,1008,12,231,11721250,1,1.0,1.0,1.0,1.0,1.0,0.3333333333333333,1,1,1.0,0.75,1.0
gaussian_star,1008,12,232,11721251,1,0.0,1.0,1.0,1.0,1.0,0.0,1,1,1.0,1.0,1.0
gaussian_star,1008,12,233,11721252,1,1.0,1.0,1.0,1.0,1.0,0.0,1,1,1.0,1.0,1.0
gaussian_star,1008,12,234,11721253,1,1.0,1.0,1.0,1.0,1.0,0.4166666666666667,1,1,1.0,0.6666666666666666,1.0
gaussian_star,1008,12,235,11721254,1,1.0,1.0,1.0,1.0,1.0,0.6666666666666666,1,1,1.0,0.5,1.0
gaussian_star,1008,12,236,11721255,1,1.0,1.0,1.0,1.0,1.0,0.5,1,1,1.0,0.5833333333333334,1.0
gaussian_star,1008,12,237,11721256,1,1.0,1.0,1.0,1.0,1.0,0.0,1,1,1.0,1.0,1.0
gaussian_star,1008,12,238,11721257,1,1.0,1.0,1.0,1.0,1.0,0.16666666666666666,1,1,1.0,0.8333333333333334,1.0
gaussian_star,1008,12,239,11721258,1,1.0,1.0,1.0,1.0,1.0,0.16666666666666666,1,1,1.0,0.8333333333333334,1.0
gaussian_star,1008,12,240,11721259,1,1.0,1.0,1.0,1.0,1.0,0.16666666666666666,1,1,1.0,0.8333333333333334,1.0
gaussian_star,1008,12,241,11721260,1,1.0,1.0,1.0,1.0,1.0,0.16666666666666666,1,1,1.0,0.8333333333333334,1.0
gaussian_star,1008,12,242,11721261,1,1.0,1.0,1.0,1.0,1.0,0.0,1,1,1.0,1.0,1.0
gaussian_star,1008,12,243,11721262,1,1.0,1.0,1.0,1.0,1.0,0.3333333333333333,1,1,1.0,0.75,1.0
gaussian_star,1008,12,244,11721263,1,1.0,1.0,1.0,1.0,1.0,0.16666666666666666,1,1,1.0,0.8333333333333334,1.0
gaussian_star,1008,12,245,11721264,1,0.0,1.0,1.0,1.0,1.0,0.16666666666666666,1,1,1.0,0.8333333333333334,1.0
gaussian_star,1008,12,246,11721265,1,1.0,1.0,1.0,1.0,1.0,0.5833333333333334,1,1,1.0,0.75,1.0
gaussian_star,1008,12,247,11721266,1,1.0,1.0,1.0,1.0,1.0,0.5,1,1,1.0,0.6666666666666666,1.0
gaussian_star,1008,12,248,11721267,1,1.0,1.0,1.0,1.0,1.0,0.0,1,1,1.0,1.0,1.0
gaussian_star,1008,12,249,11721268,1,1.0,1.0,1.0,1.0,1.0,0.16666666666666666,1,1,1.0,0.8333333333333334,1.0
gaussian_star,1008,12,250,11721269,1,1.0,1.0,1.0,1.0,1.0,0.3333333333333333,1,1,1.0,0.75,1.0
gaussian_star,1008,12,251,11721270,1,1.0,1.0,1.0,1.0,1.0,0.3333333333333333,1,1,1.0,0.6666666666666666,1.0
gaussian_star,1008,12,252,11721271,1,1.0,1.0,1.0,1.0,1.0,0.0,1,1,1.0,1.0,1.0
gaussian_star,1008,12,253,11721272,1,1.0,1.0,1.0,1.0,1.0,0.16666666666666666,1,1,1.0,0.8333333333333334,1.0
gaussian_star,1008,12,254,11721273,1,1.0,1.0,1.0,1.0,1.0,0.5,1,1,1.0,0.75,1.0
gaussian_star,1008,12,255,11721274,1,1.0,1.0,1.0,1.0,1.0,0.0,1,1,1.0,1.0,1.0
gaussian_star,1008,12,256,11721275,1,1.0,1.0,1.0,1.0,1.0,0.16666666666666666,1,1,1.0,0.8333333333333334,1.0
gaussian_star,1008,12,257,11721276,1,1.0,1.0,1.0,1.0,1.0,0.0,1,1,1.0,1.0,1.0
gaussian_star,1008,12,258,11721277,1,1.0,1.0,1.0,1.0,1.0,0.25,1,1,1.0,0.75,1.0
gaussian_star,1008,12,259,11721278,1,1.0,1.0,1.0,1.0,1.0,0.16666666666666666,1,1,1.0,0.8333333333333334,1.0
gaussian_star,1008,12,260,11721279,1,1.0,1.0,1.0,1.0,1.0,0.3333333333333333,1,1,1.0,0.8333333333333334,1.0
gaussian_star,1008,12,261,11721280,1,1.0,1.0,1.0,1.0,1.0,0.0,1,1,1.0,1.0,1.0
gaussian_star,1008,12,262,11721281,1,1.0,1.0,1.0,1.0,1.0,0.0,1,1,1.0,1.0,1.0
gaussian_star,1008,12,263,11721282,1,1.0,1.0,1.0,1.0,1.0,0.3333333333333333,1,1,1.0,0.6666666666666666,1.0
gaussian_star,1008,12,264,11721283,1,1.0,1.0,1.0,1.0,1.0,0.0,1,1,1.0,1.0,1.0
gaussian_star,1008,12,265,11721284,1,1.0,1.0,1.0,1.0,1.0,0.75,1,1,1.0,0.5833333333333334,1.0
gaussian_star,1008,12,266,11721285,1,1.0,1.0,1.0,1.0,1.0,0.5833333333333334,1,1,1.0,0.5833333333333334,1.0
gaussian_star,1008,12,267,11721286,1,1.0,1.0,1.0,1.0,1.0,0.16666666666666666,1,1,1.0,0.8333333333333334,1.0
gaussian_star,1008,12,268,11721287,1,1.0,1.0,1.0,1.0,1.0,0.16666666666666666,1,1,1.0,0.8333333333333334,1.0
gaussian_star,1008,12,269,11721288,1,1.0,1.0,1.0,1.0,1.0,0.16666666666666666,1,1,1.0,0.8333333333333334,1.0
gaussian_star,1008,12,270,11721289,1,1.0,1.0,1.0,1.0,1.0,0.16666666666666666,1,1,1.0,0.8333333333333334,1.0
gaussian_star,1008,12,271,11721290,1,1.0,1.0,1.0,1.0,1.0,0.6666666666666666,1,1,1.0,0.5833333333333334,1.0
gaussian_star,1008,12,272,11721291,1,1.0,1.0,1.0,1.0,1.0,0.16666666666666666,1,1,1.0,0.8333333333333334,1.0
gaussian_star,1008,12,273,11721292,1,1.0,1.0,1.0,1.0,1.0,0.3333333333333333,1,1,1.0,0.6666666666666666,1.0
gaussian_star,1008,12,274,11721293,1,1.0,1.0,1.0,1.0,1.0,0.16666666666666666,1,1,1.0,0.8333333333333334,1.0
gaussian_star,1008,12,275,11721294,1,1.0,1.0,1.0,1.0,1.0,0.0,1,1,1.0,1.0,1.0
gaussian_star,1008,12,276,11721295,1,1.0,1.0,1.0,1.0,1.0,0.0,1,1,1.0,1.0,1.0
gaussian_star,1008,12,277,11721296,1,1.0,1.0,1.0,1.0,1.0,0.9166666666666666,1,1,1.0,0.4166666666666667,1.0
gaussian_star,1008,12,278,11721297,1,1.0,1.0,1.0,1.0,1.0,0.16666666666666666,1,1,1.0,0.8333333333333334,1.0
gaussian_star,1008,12,279,11721298,1,1.0,1.0,1.0,1.0,1.0,0.5,1,1,1.0,0.5833333333333334,1.0
gaussian_star,1008,12,280,11721299,1,1.0,1.0,1.0,1.0,1.0,0.0,1,1,1.0,1.0,1.0
gaussian_star,1008,12,281,11721300,1,1.0,1.0,1.0,1.0,1.0,0.16666666666666666,1,1,1.0,0.8333333333333334,1.0
gaussian_star,1008,12,282,11721301,1,1.0,1.0,1.0,1.0,1.0,0.16666666666666666,1,1,1.0,0.8333333333333334,1.0
gaussian_star,1008,12,283,11721302,1,1.0,1.0,1.0,1.0,1.0,0.16666666666666666,1,1,1.0,0.8333333333333334,1.0
gaussian_star,1008,12,284,11721303,1,1.0,1.0,1.0,1.0,1.0,0.25,1,1,1.0,0.75,1.0
gaussian_star,1008,12,285,11721304,1,1.0,1.0,1.0,1.0,1.0,0.16666666666666666,1,1,1.0,0.8333333333333334,1.0
gaussian_star,1008,12,286,11721305,1,1.0,1.0,1.0,1.0,1.0,0.16666666666666666,1,1,1.0,0.8333333333333334,1.0
gaussian_star,1008,12,287,11721306,1,1.0,1.0,1.0,1.0,1.0,0.16666666666666666,1,1,1.0,0.8333333333333334,1.0
gaussian_star,1008,12,288,11721307,1,1.0,1.0,1.0,1.0,1.0,0.5833333333333334,1,1,1.0,0.5833333333333334,1.0
gaussian_star,1008,12,289,11721308,1,1.0,1.0,1.0,1.0,1.0,0.4166666666666667,1,1,1.0,0.75,1.0
gaussian_star,1008,12,290,11721309,1,1.0,1.0,1.0,1.0,1.0,0.0,1,1,1.0,1.0,1.0
gaussian_star,1008,12,291,11721310,1,1.0,1.0,1.0,1.0,1.0,0.0,1,1,1.0,1.0,1.0
gaussian_star,1008,12,292,11721311,1,1.0,1.0,1.0,1.0,1.0,0.25,1,1,1.0,0.75,1.0
gaussian_star,1008,12,293,11721312,1,1.0,1.0,1.0,1.0,1.0,0.5,1,1,1.0,0.5833333333333334,1.0
gaussian_star,1008,12,294,11721313,1,1.0,1.0,1.0,1.0,1.0,0.0,1,1,1.0,1.0,1.0
gaussian_star,1008,12,295,11721314,1,1.0,1.0,1.0,1.0,1.0,0.5,1,1,1.0,0.5833333333333334,1.0
gaussian_star,1008,12,296,11721315,1,1.0,1.0,1.0,1.0,1.0,0.3333333333333333,1,1,1.0,0.75,1.0
gaussian_star,1008,12,297,11721316,1,1.0,1.0,1.0,1.0,1.0,0.6666666666666666,1,1,1.0,0.5,1.0
gaussian_star,1008,12,298,11721317,1,1.0,1.0,1.0,1.0,1.0,0.5,1,1,1.0,0.5833333333333334,1.0
gaussian_star,1008,12,299,11721318,1,1.0,1.0,1.0,1.0,1.0,0.5,1,1,1.0,0.5833333333333334,1.0
gaussian_star,1008,12,300,11721319,1,1.0,1.0,1.0,1.0,1.0,0.25,1,1,1.0,0.75,1.0
gaussian_star,1008,12,301,11721320,1,1.0,1.0,1.0,1.0,1.0,0.0,1,1,1.0,1.0,1.0
gaussian_star,1008,12,302,11721321,1,1.0,1.0,1.0,1.0,1.0,0.25,1,1,1.0,0.75,1.0
gaussian_star,1008,12,303,11721322,1,1.0,1.0,1.0,1.0,1.0,0.16666666666666666,1,1,1.0,0.8333333333333334,1.0
gaussian_star,1008,12,304,11721323,1,1.0,1.0,1.0,1.0,1.0,0.0,1,1,1.0,1.0,1.0
gaussian_star,1008,12,305,11721324,1,1.0,1.0,1.0,1.0,1.0,0.0,1,1,1.0,1.0,1.0
gaussian_star,1008,12,306,11721325,1,1.0,1.0,1.0,1.0,1.0,0.16666666666666666,1,1,1.0,0.8333333333333334,1.0
gaussian_star,1008,12,307,11721326,1,1.0,1.0,1.0,1.0,1.0,0.3333333333333333,1,1,1.0,0.75,1.0
gaussian_star,1008,12,308,11721327,1,0.0,1.0,1.0,1.0,1.0,0.16666666666666666,1,1,1.0,0.8333333333333334,1.0
gaussian_star,1008,12,309,11721328,1,1.0,1.0,1.0,1.0,1.0,0.4166666666666667,1,1,1.0,0.75,1.0
gaussian_star,1008,12,310,11721329,1,1.0,1.0,1.0,1.0,1.0,0.25,1,1,1.0,0.75,1.0
gaussian_star,1008,12,311,11721330,1,1.0,1.0,1.0,1.0,1.0,0.3333333333333333,1,1,1.0,0.75,1.0
gaussian_star,1008,12,312,11721331,1,1.0,1.0,1.0,1.0,1.0,0.0,1,1,1.0,1.0,1.0
gaussian_star,1008,12,313,11721332,1,1.0,1.0,1.0,1.0,1.0,0.0,1,1,1.0,1.0,1.0
gaussian_star,1008,12,314,11721333,1,1.0,1.0,1.0,1.0,1.0,0.4166666666666667,1,1,1.0,0.75,1.0
gaussian_star,1008,12,315,11721334,1,1.0,1.0,1.0,1.0,1.0,0.3333333333333333,1,1,1.0,0.75,1.0
gaussian_star,1008,12,316,11721335,1,1.0,1.0,1.0,1.0,1.0,0.16666666666666666,1,1,1.0,0.8333333333333334,1.0
gaussian_star,1008,12,317,11721336,1,1.0,1.0,1.0,1.0,1.0,0.16666666666666666,1,1,1.0,0.8333333333333334,1.0
gaussian_star,1008,12,318,11721337,1,1.0,1.0,1.0,1.0,1.0,0.3333333333333333,1,1,1.0,0.75,1.0
gaussian_star,1008,12,319,11721338,1,1.0,1.0,1.0,1.0,1.0,0.16666666666666666,1,1,1.0,0.8333333333333334,1.0
gaussian_star,1008,12,320,11721339,1,1.0,1.0,1.0,1.0,1.0,0.6666666666666666,1,1,1.0,0.5,1.0
gaussian_star,1008,12,321,11721340,1,1.0,1.0,1.0,1.0,1.0,0.16666666666666666,1,1,1.0,0.8333333333333334,1.0
gaussian_star,1008,12,322,11721341,1,1.0,1.0,1.0,1.0,1.0,0.16666666666666666,1,1,1.0,0.8333333333333334,1.0
gaussian_star,1008,12,323,11721342,1,1.0,1.0,1.0,1.0,1.0,0.5,1,1,1.0,0.6666666666666666,1.0
gaussian_star,1008,12,324,11721343,1,1.0,1.0,1.0,1.0,1.0,0.4166666666666667,1,1,1.0,0.6666666666666666,1.0
gaussian_star,1008,12,325,11721344,1,1.0,1.0,1.0,1.0,1.0,0.3333333333333333,1,1,1.0,0.75,1.0
gaussian_star,1008,12,326,11721345,1,1.0,1.0,1.0,1.0,1.0,0.0,1,1,1.0,1.0,1.0
gaussian_star,1008,12,327,11721346,1,1.0,1.0,1.0,1.0,1.0,0.0,1,1,1.0,1.0,1.0
gaussian_star,1008,12,328,11721347,1,1.0,1.0,1.0,1.0,1.0,0.16666666666666666,1,1,1.0,0.8333333333333334,1.0
gaussian_star,1008,12,329,11721348,1,1.0,1.0,1.0,1.0,1.0,0.0,1,1,1.0,1.0,1.0
gaussian_star,1008,12,330,11721349,1,1.0,1.0,1.0,1.0,1.0,0.0,1,1,1.0,1.0,1.0
gaussian_star,1008,12,331,11721350,1,1.0,1.0,1.0,1.0,1.0,0.16666666666666666,1,1,1.0,0.8333333333333334,1.0
gaussian_star,1008,12,332,11721351,1,1.0,1.0,1.0,1.0,1.0,0.3333333333333333,1,1,1.0,0.75,1.0
gaussian_star,1008,12,333,11721352,1,1.0,1.0,1.0,1.0,1.0,0.5833333333333334,1,1,1.0,0.5833333333333334,1.0
gaussian_star,1008,12,334,11721353,1,1.0,1.0,1.0,1.0,1.0,0.0,1,1,1.0,1.0,1.0
gaussian_star,1008,12,335,11721354,1,0.0,1.0,1.0,1.0,1.0,0.16666666666666666,1,1,1.0,0.8333333333333334,1.0
gaussian_star,1008,12,336,11721355,1,1.0,1.0,1.0,1.0,1.0,0.3333333333333333,1,1,1.0,0.75,1.0
gaussian_star,1008,12,337,11721356,1,1.0,1.0,1.0,1.0,1.0,0.0,1,1,1.0,1.0,1.0
gaussian_star,1008,12,338,11721357,1,1.0,1.0,1.0,1.0,1.0,0.3333333333333333,1,1,1.0,0.75,1.0
gaussian_star,1008,12,339,11721358,1,1.0,1.0,1.0,1.0,1.0,0.16666666666666666,1,1,1.0,0.8333333333333334,1.0
gaussian_star,1008,12,340,11721359,1,1.0,1.0,1.0,1.0,1.0,0.16666666666666666,1,1,1.0,0.8333333333333334,1.0
gaussian_star,1008,12,341,11721360,1,1.0,1.0,1.0,1.0,1.0,0.5833333333333334,1,1,1.0,0.5833333333333334,1.0
gaussian_star,1008,12,342,11721361,1,1.0,1.0,1.0,1.0,1.0,0.0,1,1,1.0,1.0,1.0
gaussian_star,1008,12,343,11721362,1,1.0,1.0,1.0,1.0,1.0,0.16666666666666666,1,1,1.0,0.8333333333333334,1.0
gaussian_star,1008,12,344,11721363,1,1.0,1.0,1.0,1.0,1.0,0.25,1,1,1.0,0.75,1.0
gaussian_star,1008,12,345,11721364,1,1.0,1.0,1.0,1.0,1.0,0.0,1,1,1.0,1.0,1.0
gaussian_star,1008,12,346,11721365,1,1.0,1.0,1.0,1.0,1.0,0.5833333333333334,1,1,1.0,0.6666666666666666,1.0
gaussian_star,1008,12,347,11721366,1,0.0,1.0,1.0,1.0,1.0,0.4166666666666667,1,1,1.0,0.6666666666666666,1.0
gaussian_star,1008,12,348,11721367,1,1.0,1.0,1.0,1.0,1.0,0.5,1,1,1.0,0.6666666666666666,1.0
gaussian_star,1008,12,349,11721368,1,1.0,1.0,1.0,1.0,1.0,0.3333333333333333,1,1,1.0,0.8333333333333334,1.0
gaussian_star,1008,12,350,11721369,1,1.0,1.0,1.0,1.0,1.0,0.25,1,1,1.0,0.75,1.0
gaussian_star,1008,12,351,11721370,1,1.0,1.0,1.0,1.0,1.0,0.5833333333333334,1,1,1.0,0.6666666666666666,1.0
gaussian_star,1008,12,352,11721371,1,1.0,1.0,1.0,1.0,1.0,0.3333333333333333,1,1,1.0,0.75,1.0
gaussian_star,1008,12,353,11721372,1,1.0,1.0,1.0,1.0,1.0,0.6666666666666666,1,1,1.0,0.5833333333333334,1.0
gaussian_star,1008,12,354,11721373,1,1.0,1.0,1.0,1.0,1.0,0.16666666666666666,1,1,1.0,0.8333333333333334,1.0
gaussian_star,1008,12,355,11721374,1,1.0,1.0,1.0,1.0,1.0,0.4166666666666667,1,1,1.0,0.75,1.0
gaussian_star,1008,12,356,11721375,1,1.0,1.0,1.0,1.0,1.0,0.3333333333333333,1,1,1.0,0.8333333333333334,1.0
gaussian_star,1008,12,357,11721376,1,1.0,1.0,1.0,1.0,1.0,0.5,1,1,1.0,0.6666666666666666,1.0
gaussian_star,1008,12,358,11721377,1,1.0,1.0,1.0,1.0,1.0,0.5,1,1,1.0,0.6666666666666666,1.0
gaussian_star,1008,12,359,11721378,1,1.0,1.0,1.0,1.0,1.0,0.5,1,1,1.0,0.5833333333333334,1.0
gaussian_star,1008,12,360,11721379,1,1.0,1.0,1.0,1.0,1.0,0.5833333333333334,1,1,1.0,0.6666666666666666,1.0
gaussian_star,1008,12,361,11721380,1,1.0,1.0,1.0,1.0,1.0,0.3333333333333333,1,1,1.0,0.75,1.0
gaussian_star,1008,12,362,11721381,1,0.0,1.0,1.0,1.0,1.0,0.4166666666666667,1,1,1.0,0.75,1.0
gaussian_star,1008,12,363,11721382,1,1.0,1.0,1.0,1.0,1.0,0.6666666666666666,1,1,1.0,0.5833333333333334,1.0
gaussian_star,1008,12,364,11721383,1,1.0,1.0,1.0,1.0,1.0,0.0,1,1,1.0,1.0,1.0
gaussian_star,1008,12,365,11721384,1,1.0,1.0,1.0,1.0,1.0,0.25,1,1,1.0,0.75,1.0
gaussian_star,1008,12,366,11721385,1,1.0,1.0,1.0,1.0,1.0,0.3333333333333333,1,1,1.0,0.8333333333333334,1.0
gaussian_star,1008,12,367,11721386,1,1.0,1.0,1.0,1.0,1.0,0.16666666666666666,1,1,1.0,0.8333333333333334,1.0
gaussian_star,1008,12,368,11721387,1,1.0,1.0,1.0,1.0,1.0,0.25,1,1,1.0,0.75,1.0
gaussian_star,1008,12,369,11721388,1,1.0,1.0,1.0,1.0,1.0,0.16666666666666666,1,1,1.0,0.8333333333333334,1.0
gaussian_star,1008,12,370,11721389,1,1.0,1.0,1.0,1.0,1.0,0.3333333333333333,1,1,1.0,0.75,1.0
gaussian_star,1008,12,371,11721390,1,1.0,1.0,1.0,1.0,1.0,0.0,1,1,1.0,1.0,1.0
gaussian_star,1008,12,372,11721391,1,1.0,1.0,1.0,1.0,1.0,0.0,1,1,1.0,1.0,1.0
gaussian_star,1008,12,373,11721392,1,1.0,1.0,1.0,1.0,1.0,0.0,1,1,1.0,1.0,1.0
gaussian_star,1008,12,374,11721393,1,1.0,1.0,1.0,1.0,1.0,0.0,1,1,1.0,1.0,1.0
gaussian_star,1008,12,375,11721394,1,1.0,1.0,1.0,1.0,1.0,0.5,1,1,1.0,0.75,1.0
gaussian_star,1008,12,376,11721395,1,1.0,1.0,1.0,1.0,1.0,0.0,1,1,1.0,1.0,1.0
gaussian_star,1008,12,377,11721396,1,1.0,1.0,1.0,1.0,1.0,0.3333333333333333,1,1,1.0,0.75,1.0
gaussian_star,1008,12,378,11721397,1,1.0,1.0,1.0,1.0,1.0,0.16666666666666666,1,1,1.0,0.8333333333333334,1.0
gaussian_star,1008,12,379,11721398,1,1.0,1.0,1.0,1.0,1.0,0.3333333333333333,1,1,1.0,0.75,1.0
gaussian_star,1008,12,380,11721399,1,1.0,1.0,1.0,1.0,1.0,0.16666666666666666,1,1,1.0,0.8333333333333334,1.0
gaussian_star,1008,12,381,11721400,1,1.0,1.0,1.0,1.0,1.0,0.16666666666666666,1,1,1.0,0.8333333333333334,1.0
gaussian_star,1008,12,382,11721401,1,1.0,1.0,1.0,1.0,1.0,0.16666666666666666,1,1,1.0,0.8333333333333334,1.0
gaussian_star,1008,12,383,11721402,1,1.0,1.0,1.0,1.0,1.0,0.0,1,1,1.0,1.0,1.0
gaussian_star,1008,12,384,11721403,1,1.0,1.0,1.0,1.0,1.0,0.0,1,1,1.0,1.0,1.0
gaussian_star,1008,12,385,11721404,1,1.0,1.0,1.0,1.0,1.0,0.5,1,1,1.0,0.75,1.0
gaussian_star,1008,12,386,11721405,1,1.0,1.0,1.0,1.0,1.0,0.0,1,1,1.0,1.0,1.0
gaussian_star,1008,12,387,11721406,1,1.0,1.0,1.0,1.0,1.0,0.0,1,1,1.0,1.0,1.0
gaussian_star,1008,12,388,11721407,1,1.0,1.0,1.0,1.0,1.0,0.16666666666666666,1,1,1.0,0.8333333333333334,1.0
gaussian_star,1008,12,389,11721408,1,1.0,1.0,1.0,1.0,1.0,0.16666666666666666,1,1,1.0,0.8333333333333334,1.0
gaussian_star,1008,12,390,11721409,1,1.0,1.0,1.0,1.0,1.0,0.8333333333333334,1,1,1.0,0.5,1.0
gaussian_star,1008,12,391,11721410,1,1.0,1.0,1.0,1.0,1.0,0.0,1,1,1.0,1.0,1.0
gaussian_star,1008,12,392,11721411,1,1.0,1.0,1.0,1.0,1.0,0.3333333333333333,1,1,1.0,0.75,1.0
gaussian_star,1008,12,393,11721412,1,1.0,1.0,1.0,1.0,1.0,0.0,1,1,1.0,1.0,1.0
gaussian_star,1008,12,394,11721413,1,1.0,1.0,1.0,1.0,1.0,0.0,1,1,1.0,1.0,1.0
gaussian_star,1008,12,395,11721414,1,1.0,1.0,1.0,1.0,1.0,0.16666666666666666,1,1,1.0,0.8333333333333334,1.0
gaussian_star,1008,12,396,11721415,1,1.0,1.0,1.0,1.0,1.0,0.25,1,1,1.0,0.75,1.0
gaussian_star,1008,12,397,11721416,1,1.0,1.0,1.0,1.0,1.0,0.4166666666666667,1,1,1.0,0.75,1.0
gaussian_star,1008,12,398,11721417,1,1.0,1.0,1.0,1.0,1.0,0.3333333333333333,1,1,1.0,0.75,1.0
gaussian_star,1008,12,399,11721418,1,1.0,1.0,1.0,1.0,1.0,0.16666666666666666,1,1,1.0,0.8333333333333334,1.0
gaussian_star,1008,12,400,11721419,1,1.0,1.0,1.0,1.0,1.0,0.3333333333333333,1,1,1.0,0.8333333333333334,1.0
gaussian_star,1008,12,401,11721420,1,1.0,1.0,1.0,1.0,1.0,0.25,1,1,1.0,0.75,1.0
gaussian_star,1008,12,402,11721421,1,1.0,1.0,1.0,1.0,1.0,0.5,1,1,1.0,0.6666666666666666,1.0
gaussian_star,1008,12,403,11721422,1,1.0,1.0,1.0,1.0,1.0,0.0,1,1,1.0,1.0,1.0
gaussian_star,1008,12,404,11721423,1,1.0,1.0,1.0,1.0,1.0,0.16666666666666666,1,1,1.0,0.8333333333333334,1.0
gaussian_star,1008,12,405,11721424,1,1.0,1.0,1.0,1.0,1.0,0.25,1,1,1.0,0.75,1.0
gaussian_star,1008,12,406,11721425,1,1.0,1.0,1.0,1.0,1.0,0.4166666666666667,1,1,1.0,0.6666666666666666,1.0
gaussian_star,1008,12,407,11721426,1,1.0,1.0,1.0,1.0,1.0,0.3333333333333333,1,1,1.0,0.75,1.0
gaussian_star,1008,12,408,11721427,1,1.0,1.0,1.0,1.0,1.0,0.16666666666666666,1,1,1.0,0.8333333333333334,1.0
gaussian_star,1008,12,409,11721428,1,1.0,1.0,1.0,1.0,1.0,0.3333333333333333,1,1,1.0,0.8333333333333334,1.0
gaussian_star,1008,12,410,11721429,1,1.0,1.0,1.0,1.0,1.0,0.6666666666666666,1,1,1.0,0.3333333333333333,1.0
gaussian_star,1008,12,411,11721430,1,1.0,1.0,1.0,1.0,1.0,0.16666666666666666,1,1,1.0,0.8333333333333334,1.0
gaussian_star,1008,12,412,11721431,1,0.0,1.0,1.0,1.0,1.0,0.25,1,1,1.0,0.75,1.0
gaussian_star,1008,12,413,11721432,1,1.0,1.0,1.0,1.0,1.0,0.0,1,1,1.0,1.0,1.0
gaussian_star,1008,12,414,11721433,1,1.0,1.0,1.0,1.0,1.0,0.16666666666666666,1,1,1.0,0.8333333333333334,1.0
gaussian_star,1008,12,415,11721434,1,1.0,1.0,1.0,1.0,1.0,0.16666666666666666,1,1,1.0,0.8333333333333334,1.0
gaussian_star,1008,12,416,11721435,1,1.0,1.0,1.0,1.0,1.0,0.16666666666666666,1,1,1.0,0.8333333333333334,1.0
gaussian_star,1008,12,417,11721436,1,1.0,1.0,1.0,1.0,1.0,0.25,1,1,1.0,0.75,1.0
gaussian_star,1008,12,418,11721437,1,1.0,1.0,1.0,1.0,1.0,0.5,1,1,1.0,0.5833333333333334,1.0
gaussian_star,1008,12,419,11721438,1,1.0,1.0,1.0,1.0,1.0,0.0,1,1,1.0,1.0,1.0
gaussian_star,1008,12,420,11721439,1,1.0,1.0,1.0,1.0,1.0,0.0,1,1,1.0,1.0,1.0
gaussian_star,1008,12,421,11721440,1,1.0,1.0,1.0,1.0,1.0,0.0,1,1,1.0,1.0,1.0
gaussian_star,1008,12,422,11721441,1,1.0,1.0,1.0,1.0,1.0,0.16666666666666666,1,1,1.0,0.8333333333333334,1.0
gaussian_star,1008,12,423,11721442,1,1.0,1.0,1.0,1.0,1.0,0.0,1,1,1.0,1.0,1.0
gaussian_star,1008,12,424,11721443,1,1.0,1.0,1.0,1.0,1.0,0.3333333333333333,1,1,1.0,0.8333333333333334,1.0
gaussian_star,1008,12,425,11721444,1,1.0,1.0,1.0,1.0,1.0,0.16666666666666666,1,1,1.0,0.8333333333333334,1.0
gaussian_star,1008,12,426,11721445,1,1.0,1.0,1.0,1.0,1.0,0.0,1,1,1.0,1.0,1.0
gaussian_star,1008,12,427,11721446,1,1.0,1.0,1.0,1.0,1.0,0.16666666666666666,1,1,1.0,0.8333333333333334,1.0
gaussian_star,1008,12,428,11721447,1,1.0,1.0,1.0,1.0,1.0,0.4166666666666667,1,1,1.0,0.5833333333333334,1.0
gaussian_star,1008,12,429,11721448,1,1.0,1.0,1.0,1.0,1.0,0.16666666666666666,1,1,1.0,0.8333333333333334,1.0
gaussian_star,1008,12,430,11721449,1,1.0,1.0,1.0,1.0,1.0,0.5,1,1,1.0,0.75,1.0
gaussian_star,1008,12,431,11721450,1,1.0,1.0,1.0,1.0,1.0,0.16666666666666666,1,1,1.0,0.8333333333333334,1.0
gaussian_star,1008,12,432,11721451,1,1.0,1.0,1.0,1.0,1.0,0.0,1,1,1.0,1.0,1.0
gaussian_star,1008,12,433,11721452,1,1.0,1.0,1.0,1.0,1.0,0.0,1,1,1.0,1.0,1.0
gaussian_star,1008,12,434,11721453,1,1.0,1.0,1.0,1.0,1.0,0.5833333333333334,1,1,1.0,0.6666666666666666,1.0
gaussian_star,1008,12,435,11721454,1,1.0,1.0,1.0,1.0,1.0,0.3333333333333333,1,1,1.0,0.75,1.0
gaussian_star,1008,12,436,11721455,1,1.0,1.0,1.0,1.0,1.0,0.0,1,1,1.0,1.0,1.0
gaussian_star,1008,12,437,11721456,1,1.0,1.0,1.0,1.0,1.0,0.0,1,1,1.0,1.0,1.0
gaussian_star,1008,12,438,11721457,1,1.0,1.0,1.0,1.0,1.0,0.3333333333333333,1,1,1.0,0.8333333333333334,1.0
gaussian_star,1008,12,439,11721458,1,1.0,1.0,1.0,1.0,1.0,0.3333333333333333,1,1,1.0,0.75,1.0
gaussian_star,1008,12,440,11721459,1,1.0,1.0,1.0,1.0,1.0,0.0,1,1,1.0,1.0,1.0
gaussian_star,1008,12,441,11721460,1,1.0,1.0,1.0,1.0,1.0,0.5,1,1,1.0,0.5833333333333334,1.0
gaussian_star,1008,12,442,11721461,1,1.0,1.0,1.0,1.0,1.0,0.16666666666666666,1,1,1.0,0.8333333333333334,1.0
gaussian_star,1008,12,443,11721462,1,1.0,1.0,1.0,1.0,1.0,0.3333333333333333,1,1,1.0,0.8333333333333334,1.0
gaussian_star,1008,12,444,11721463,1,1.0,1.0,1.0,1.0,1.0,0.5,1,1,1.0,0.5833333333333334,1.0
gaussian_star,1008,12,445,11721464,1,1.0,1.0,1.0,1.0,1.0,0.16666666666666666,1,1,1.0,0.8333333333333334,1.0
gaussian_star,1008,12,446,11721465,1,1.0,1.0,1.0,1.0,1.0,0.3333333333333333,1,1,1.0,0.75,1.0
gaussian_star,1008,12,447,11721466,1,1.0,1.0,1.0,1.0,1.0,0.0,1,1,1.0,1.0,1.0
gaussian_star,1008,12,448,11721467,1,1.0,1.0,1.0,1.0,1.0,0.0,1,1,1.0,1.0,1.0
gaussian_star,1008,12,449,11721468,1,1.0,1.0,1.0,1.0,1.0,0.4166666666666667,1,1,1.0,0.6666666666666666,1.0
gaussian_star,1008,12,450,11721469,1,1.0,1.0,1.0,1.0,1.0,0.0,1,1,1.0,1.0,1.0
gaussian_star,1008,12,451,11721470,1,1.0,1.0,1.0,1.0,1.0,0.4166666666666667,1,1,1.0,0.75,1.0
gaussian_star,1008,12,452,11721471,1,1.0,1.0,1.0,1.0,1.0,0.0,1,1,1.0,1.0,1.0
gaussian_star,1008,12,453,11721472,1,1.0,1.0,1.0,1.0,1.0,0.3333333333333333,1,1,1.0,0.8333333333333334,1.0
gaussian_star,1008,12,454,11721473,1,1.0,1.0,1.0,1.0,1.0,0.16666666666666666,1,1,1.0,0.8333333333333334,1.0
gaussian_star,1008,12,455,11721474,1,1.0,1.0,1.0,1.0,1.0,0.16666666666666666,1,1,1.0,0.8333333333333334,1.0
gaussian_star,1008,12,456,11721475,1,1.0,1.0,1.0,1.0,1.0,0.25,1,1,1.0,0.75,1.0
gaussian_star,1008,12,457,11721476,1,1.0,1.0,1.0,1.0,1.0,0.3333333333333333,1,1,1.0,0.75,1.0
gaussian_star,1008,12,458,11721477,1,1.0,1.0,1.0,1.0,1.0,0.4166666666666667,1,1,1.0,0.6666666666666666,1.0
gaussian_star,1008,12,459,11721478,1,1.0,1.0,1.0,1.0,1.0,0.16666666666666666,1,1,1.0,0.8333333333333334,1.0
gaussian_star,1008,12,460,11721479,1,1.0,1.0,1.0,1.0,1.0,0.25,1,1,1.0,0.75,1.0
gaussian_star,1008,12,461,11721480,1,1.0,1.0,1.0,1.0,1.0,0.16666666666666666,1,1,1.0,0.8333333333333334,1.0
gaussian_star,1008,12,462,11721481,1,1.0,1.0,1.0,1.0,1.0,0.16666666666666666,1,1,1.0,0.8333333333333334,1.0
gaussian_star,1008,12,463,11721482,1,1.0,1.0,1.0,1.0,1.0,0.16666666666666666,1,1,1.0,0.8333333333333334,1.0
gaussian_star,1008,12,464,11721483,1,1.0,1.0,1.0,1.0,1.0,0.0,1,1,1.0,1.0,1.0
gaussian_star,1008,12,465,11721484,1,1.0,1.0,1.0,1.0,1.0,0.4166666666666667,1,1,1.0,0.5833333333333334,1.0
gaussian_star,1008,12,466,11721485,1,1.0,1.0,1.0,1.0,1.0,0.3333333333333333,1,1,1.0,0.6666666666666666,1.0
gaussian_star,1008,12,467,11721486,1,1.0,1.0,1.0,1.0,1.0,0.25,1,1,1.0,0.75,1.0
gaussian_star,1008,12,468,11721487,1,1.0,1.0,1.0,1.0,1.0,0.0,1,1,1.0,1.0,1.0
gaussian_star,1008,12,469,11721488,1,1.0,1.0,1.0,1.0,1.0,0.0,1,1,1.0,1.0,1.0
gaussian_star,1008,12,470,11721489,1,1.0,1.0,1.0,1.0,1.0,0.25,1,1,1.0,0.75,1.0
gaussian_star,1008,12,471,11721490,1,1.0,1.0,1.0,1.0,1.0,0.3333333333333333,1,1,1.0,0.8333333333333334,1.0
gaussian_star,1008,12,472,11721491,1,1.0,1.0,1.0,1.0,1.0,1.0,1,1,1.0,0.5833333333333334,1.0
gaussian_star,1008,12,473,11721492,1,1.0,1.0,1.0,1.0,1.0,0.5833333333333334,1,1,1.0,0.5833333333333334,1.0
gaussian_star,1008,12,474,11721493,1,1.0,1.0,1.0,1.0,1.0,0.16666666666666666,1,1,1.0,0.8333333333333334,1.0
gaussian_star,1008,12,475,11721494,1,1.0,1.0,1.0,1.0,1.0,0.16666666666666666,1,1,1.0,0.8333333333333334,1.0
gaussian_star,1008,12,476,11721495,1,1.0,1.0,1.0,1.0,1.0,0.0,1,1,1.0,1.0,1.0
gaussian_star,1008,12,477,11721496,1,1.0,1.0,1.0,1.0,1.0,0.25,1,1,1.0,0.75,1.0
gaussian_star,1008,12,478,11721497,1,1.0,1.0,1.0,1.0,1.0,0.3333333333333333,1,1,1.0,0.8333333333333334,1.0
gaussian_star,1008,12,479,11721498,1,1.0,1.0,1.0,1.0,1.0,0.3333333333333333,1,1,1.0,0.75,1.0
gaussian_star,1008,12,480,11721499,1,1.0,1.0,1.0,1.0,1.0,0.0,1,1,1.0,1.0,1.0
gaussian_star,1008,12,481,11721500,1,1.0,1.0,1.0,1.0,1.0,0.3333333333333333,1,1,1.0,0.8333333333333334,1.0
gaussian_star,1008,12,482,11721501,1,1.0,1.0,1.0,1.0,1.0,0.0,1,1,1.0,1.0,1.0
gaussian_star,1008,12,483,11721502,1,1.0,1.0,1.0,1.0,1.0,0.0,1,1,1.0,1.0,1.0
gaussian_star,1008,12,484,11721503,1,1.0,1.0,1.0,1.0,1.0,0.16666666666666666,1,1,1.0,0.8333333333333334,1.0
gaussian_star,1008,12,485,11721504,1,1.0,1.0,1.0,1.0,1.0,0.25,1,1,1.0,0.75,1.0
gaussian_star,1008,12,486,11721505,1,1.0,1.0,1.0,1.0,1.0,0.0,1,1,1.0,1.0,1.0
gaussian_star,1008,12,487,11721506,1,1.0,1.0,1.0,1.0,1.0,0.16666666666666666,1,1,1.0,0.8333333333333334,1.0
gaussian_star,1008,12,488,11721507,1,1.0,1.0,1.0,1.0,1.0,0.0,1,1,1.0,1.0,1.0
gaussian_star,1008,12,489,11721508,1,1.0,1.0,1.0,1.0,1.0,0.3333333333333333,1,1,1.0,0.6666666666666666,1.0
gaussian_star,1008,12,490,11721509,1,1.0,1.0,1.0,1.0,1.0,0.6666666666666666,1,1,1.0,0.5,1.0
gaussian_star,1008,12,491,11721510,1,1.0,1.0,1.0,1.0,1.0,0.0,1,1,1.0,1.0,1.0
gaussian_star,1008,12,492,11721511,1,1.0,1.0,1.0,1.0,1.0,0.3333333333333333,1,1,1.0,0.75,1.0
gaussian_star,1008,12,493,11721512,1,1.0,1.0,1.0,1.0,1.0,0.16666666666666666,1,1,1.0,0.8333333333333334,1.0
gaussian_star,1008,12,494,11721513,1,1.0,1.0,1.0,1.0,1.0,0.0,1,1,1.0,1.0,1.0
gaussian_star,1008,12,495,11721514,1,1.0,1.0,1.0,1.0,1.0,0.8333333333333334,1,1,1.0,0.5833333333333334,1.0
gaussian_star,1008,12,496,11721515,1,1.0,1.0,1.0,1.0,1.0,0.16666666666666666,1,1,1.0,0.8333333333333334,1.0
gaussian_star,1008,12,497,11721516,1,1.0,1.0,1.0,1.0,1.0,0.3333333333333333,1,1,1.0,0.8333333333333334,1.0
gaussian_star,1008,12,498,11721517,1,1.0,1.0,1.0,1.0,1.0,0.3333333333333333,1,1,1.0,0.75,1.0
gaussian_star,1008,12,499,11721518,1,1.0,1.0,1.0,1.0,1.0,0.3333333333333333,1,1,1.0,0.75,1.0
near_tie,126,12,0,20839019,1,1.0,1.0,1.0,1.0,0.0,9.583333333333334,12,0,0.0,0.0,0.9799799799799799
near_tie,126,12,1,20839020,1,1.0,1.0,1.0,1.0,0.0,9.583333333333334,12,0,0.0,0.0,0.8496830163496829
near_tie,126,12,2,20839021,1,0.0,1.0,1.0,1.0,0.0,9.75,12,0,0.0,0.0,0.9227477477477479
near_tie,126,12,3,20839022,1,1.0,1.0,1.0,1.0,0.0,9.333333333333334,12,0,0.0,0.0,0.9800133466800134
near_tie,126,12,4,20839023,1,1.0,1.0,1.0,1.0,0.0,9.583333333333334,12,0,0.0,0.0,0.958541875208542
near_tie,126,12,5,20839024,1,1.0,1.0,1.0,1.0,0.0,10.0,12,0,0.0,0.0,0.9906573239906572
near_tie,126,12,6,20839025,1,1.0,1.0,1.0,1.0,0.0,10.0,12,0,0.0,0.0,0.9967467467467468
near_tie,126,12,7,20839026,1,1.0,1.0,1.0,1.0,0.0,9.916666666666666,12,0,0.0,0.0,0.984517851184518
near_tie,126,12,8,20839027,1,1.0,1.0,1.0,1.0,0.0,9.666666666666666,12,0,0.0,0.0,0.9566399733066402
near_tie,126,12,9,20839028,1,1.0,1.0,1.0,1.0,0.0,9.916666666666666,12,0,0.0,0.0,1.0
near_tie,126,12,10,20839029,1,1.0,1.0,1.0,1.0,0.0,9.75,12,0,0.0,0.0,0.9716716716716717
near_tie,126,12,11,20839030,1,1.0,1.0,1.0,1.0,0.0,9.916666666666666,12,0,0.0,0.0,0.9788455121788455
near_tie,126,12,12,20839031,1,1.0,1.0,1.0,1.0,0.0,9.75,12,0,0.0,0.0,0.9780947614280947
near_tie,126,12,13,20839032,1,1.0,1.0,1.0,1.0,0.0,9.75,12,0,0.0,0.0,0.96332999666333
near_tie,126,12,14,20839033,1,0.0,1.0,1.0,1.0,0.0,9.916666666666666,12,0,0.0,0.0,1.0
near_tie,126,12,15,20839034,1,1.0,1.0,1.0,1.0,0.0,9.833333333333334,12,0,0.0,0.0,1.0
near_tie,126,12,16,20839035,1,1.0,1.0,1.0,1.0,0.0,9.416666666666666,12,0,0.0,0.0,0.9614948281614948
near_tie,126,12,17,20839036,1,1.0,1.0,1.0,1.0,0.0,9.916666666666666,12,0,0.0,0.0,0.993576910243577
near_tie,126,12,18,20839037,1,1.0,1.0,1.0,1.0,0.0,9.916666666666666,12,0,0.0,0.0,0.9838171504838172
near_tie,126,12,19,20839038,1,1.0,1.0,1.0,1.0,0.0,10.0,12,0,0.0,0.0,0.9513275179941845
near_tie,126,12,20,20839039,1,1.0,1.0,1.0,1.0,0.0,10.0,12,0,0.0,0.0,0.9983316649983316
near_tie,126,12,21,20839040,1,1.0,1.0,1.0,1.0,0.0,10.0,12,0,0.0,0.0,0.9971638304971638
near_tie,126,12,22,20839041,1,1.0,1.0,1.0,1.0,0.0,10.0,12,0,0.0,0.0,0.9406072739406074
near_tie,126,12,23,20839042,1,1.0,1.0,1.0,1.0,0.0,10.0,12,0,0.0,0.0,0.9249916583249916
near_tie,126,12,24,20839043,1,1.0,1.0,1.0,1.0,0.0,9.666666666666666,12,0,0.0,0.0,0.9817984651317985
near_tie,126,12,25,20839044,1,0.0,1.0,1.0,1.0,0.0,9.916666666666666,12,0,0.0,0.0,0.9356856856856856
near_tie,126,12,26,20839045,1,1.0,1.0,1.0,1.0,0.0,9.916666666666666,12,0,0.0,0.0,0.9588755422088756
near_tie,126,12,27,20839046,1,1.0,1.0,1.0,1.0,0.0,9.416666666666666,12,0,0.0,0.0,0.9817984651317985
near_tie,126,12,28,20839047,1,1.0,1.0,1.0,1.0,0.0,9.916666666666666,12,0,0.0,0.0,0.9828495161828495
near_tie,126,12,29,20839048,1,1.0,1.0,1.0,1.0,0.0,10.0,12,0,0.0,0.0,0.986353019686353
near_tie,126,12,30,20839049,1,1.0,1.0,1.0,1.0,0.0,10.0,12,0,0.0,0.0,0.9668764002097336
near_tie,126,12,31,20839050,1,1.0,1.0,1.0,1.0,0.0,9.25,12,0,0.0,0.0,0.9994994994994995
near_tie,126,12,32,20839051,1,1.0,1.0,1.0,1.0,0.0,9.416666666666666,12,0,0.0,0.0,0.9269269269269271
near_tie,126,12,33,20839052,1,1.0,1.0,1.0,1.0,0.0,9.833333333333334,12,0,0.0,0.0,0.9880714047380713
near_tie,126,12,34,20839053,1,1.0,1.0,1.0,1.0,1.0,9.75,12,0,0.0,0.0,0.9993326659993327
near_tie,126,12,35,20839054,1,1.0,1.0,1.0,1.0,0.0,9.75,12,0,0.0,0.0,0.9973306639973306
near_tie,126,12,36,20839055,1,1.0,1.0,1.0,1.0,0.0,9.416666666666666,12,0,0.0,0.0,0.858274941608275
near_tie,126,12,37,20839056,1,1.0,1.0,1.0,1.0,0.0,9.916666666666666,12,0,0.0,0.0,0.9938605271938606
near_tie,126,12,38,20839057,1,1.0,1.0,1.0,1.0,0.0,9.75,12,0,0.0,0.0,0.9348181514848182
near_tie,126,12,39,20839058,1,1.0,1.0,1.0,1.0,0.0,9.833333333333334,12,0,0.0,0.0,0.8711973878640545
near_tie,126,12,40,20839059,1,1.0,1.0,1.0,1.0,0.0,9.666666666666666,12,0,0.0,0.0,0.9868201534868201
near_tie,126,12,41,20839060,1,1.0,1.0,1.0,1.0,0.0,9.916666666666666,12,0,0.0,0.0,0.9909909909909907
near_tie,126,12,42,20839061,1,1.0,1.0,1.0,1.0,0.0,9.833333333333334,12,0,0.0,0.0,0.9912412412412412
near_tie,126,12,43,20839062,1,1.0,1.0,1.0,1.0,0.0,10.0,12,0,0.0,0.0,0.984984984984985
near_tie,126,12,44,20839063,1,1.0,1.0,1.0,1.0,0.0,9.75,12,0,0.0,0.0,0.9630797464130798
near_tie,126,12,45,20839064,1,1.0,1.0,1.0,1.0,0.0,9.916666666666666,12,0,0.0,0.0,0.9556556556556556
near_tie,126,12,46,20839065,1,1.0,1.0,1.0,1.0,0.0,9.75,12,0,0.0,0.0,0.997997997997998
near_tie,126,12,47,20839066,1,1.0,1.0,1.0,1.0,0.0,9.833333333333334,12,0,0.0,0.0,0.8928428428428429
near_tie,126,12,48,20839067,1,1.0,1.0,1.0,1.0,0.0,9.833333333333334,12,0,0.0,0.0,0.9048810715477381
near_tie,126,12,49,20839068,1,1.0,1.0,1.0,1.0,0.0,9.833333333333334,12,0,0.0,0.0,0.9914914914914915
near_tie,126,12,50,20839069,1,1.0,1.0,1.0,1.0,0.0,9.833333333333334,12,0,0.0,0.0,0.9793126459793128
near_tie,126,12,51,20839070,1,1.0,1.0,1.0,1.0,0.0,10.0,12,0,0.0,0.0,0.8290123456790126
near_tie,126,12,52,20839071,1,0.0,1.0,1.0,1.0,0.0,9.25,12,0,0.0,0.0,0.9973306639973306
near_tie,126,12,53,20839072,1,1.0,1.0,1.0,1.0,0.0,10.0,12,0,0.0,0.0,0.9363863863863863
near_tie,126,12,54,20839073,1,0.0,1.0,1.0,1.0,0.0,9.833333333333334,12,0,0.0,0.0,0.8781690781690783
near_tie,126,12,55,20839074,1,1.0,1.0,1.0,1.0,0.0,9.833333333333334,12,0,0.0,0.0,0.9536036036036036
near_tie,126,12,56,20839075,1,1.0,1.0,1.0,1.0,0.0,9.583333333333334,12,0,0.0,0.0,0.9991658324991658
near_tie,126,12,57,20839076,1,0.0,1.0,1.0,1.0,0.0,9.916666666666666,12,0,0.0,0.0,0.9961628294961629
near_tie,126,12,58,20839077,1,1.0,1.0,1.0,1.0,0.0,10.0,12,0,0.0,0.0,0.9171504838171505
near_tie,126,12,59,20839078,1,1.0,1.0,1.0,1.0,0.0,10.0,12,0,0.0,0.0,0.9934100767434101
near_tie,126,12,60,20839079,1,1.0,1.0,1.0,1.0,0.0,9.75,12,0,0.0,0.0,0.9228919395586064
near_tie,126,12,61,20839080,1,1.0,1.0,1.0,1.0,0.0,9.5,12,0,0.0,0.0,0.9430597263930597
near_tie,126,12,62,20839081,1,1.0,1.0,1.0,1.0,0.0,9.833333333333334,12,0,0.0,0.0,0.971805138471805
near_tie,126,12,63,20839082,1,0.0,1.0,1.0,1.0,0.0,10.0,12,0,0.0,0.0,0.9738405071738406
near_tie,126,12,64,20839083,1,1.0,1.0,1.0,1.0,0.0,10.0,12,0,0.0,0.0,0.9804804804804805
near_tie,126,12,65,20839084,1,1.0,1.0,1.0,1.0,0.0,9.916666666666666,12,0,0.0,0.0,0.9186186186186187
near_tie,126,12,66,20839085,1,1.0,1.0,1.0,1.0,0.0,9.75,12,0,0.0,0.0,0.9760093426760095
near_tie,126,12,67,20839086,1,1.0,1.0,1.0,1.0,0.0,10.0,12,0,0.0,0.0,0.9817317317317318
near_tie,126,12,68,20839087,1,1.0,1.0,1.0,1.0,0.0,9.916666666666666,12,0,0.0,0.0,0.9954954954954955
near_tie,126,12,69,20839088,1,1.0,1.0,1.0,1.0,0.0,10.0,12,0,0.0,0.0,0.9830663997330664
near_tie,126,12,70,20839089,1,1.0,1.0,1.0,1.0,0.0,10.0,12,0,0.0,0.0,0.8360026693360028
near_tie,126,12,71,20839090,1,1.0,1.0,1.0,1.0,0.0,10.0,12,0,0.0,0.0,0.9958291624958292
near_tie,126,12,72,20839091,1,1.0,1.0,1.0,1.0,0.0,9.833333333333334,12,0,0.0,0.0,0.9956623289956624
near_tie,126,12,73,20839092,1,1.0,1.0,1.0,1.0,0.0,10.0,12,0,0.0,0.0,0.9931598264931598
near_tie,126,12,74,20839093,1,1.0,1.0,1.0,1.0,0.0,9.916666666666666,12,0,0.0,0.0,0.9956623289956623
near_tie,126,12,75,20839094,1,1.0,1.0,1.0,1.0,0.0,9.916666666666666,12,0,0.0,0.0,0.9846513179846512
near_tie,126,12,76,20839095,1,1.0,1.0,1.0,1.0,0.0,9.666666666666666,12,0,0.0,0.0,0.958324991658325
near_tie,126,12,77,20839096,1,1.0,1.0,1.0,1.0,0.0,9.916666666666666,12,0,0.0,0.0,0.9846513179846512
near_tie,126,12,78,20839097,1,1.0,1.0,1.0,1.0,0.0,10.0,12,0,0.0,0.0,0.9840507173840508
near_tie,126,12,79,20839098,1,1.0,1.0,1.0,1.0,0.0,10.0,12,0,0.0,0.0,0.9848181514848182
near_tie,126,12,80,20839099,1,0.0,1.0,1.0,1.0,0.0,9.916666666666666,12,0,0.0,0.0,0.9714714714714714
near_tie,126,12,81,20839100,1,1.0,1.0,1.0,1.0,0.0,9.916666666666666,12,0,0.0,0.0,0.9397564230897567
near_tie,126,12,82,20839101,1,1.0,1.0,1.0,1.0,0.0,10.0,12,0,0.0,0.0,0.9681014347681015
near_tie,126,12,83,20839102,1,1.0,1.0,1.0,1.0,0.0,9.916666666666666,12,0,0.0,0.0,0.9736403069736402
near_tie,126,12,84,20839103,1,0.0,1.0,1.0,1.0,0.0,9.666666666666666,12,0,0.0,0.0,0.9390390390390391
near_tie,126,12,85,20839104,1,1.0,1.0,1.0,1.0,0.0,10.0,12,0,0.0,0.0,0.9053720387053722
near_tie,126,12,86,20839105,1,1.0,1.0,1.0,1.0,0.0,10.0,12,0,0.0,0.0,0.979813146479813
near_tie,126,12,87,20839106,1,1.0,1.0,1.0,1.0,0.0,10.0,12,0,0.0,0.0,0.9413913913913912
near_tie,126,12,88,20839107,1,1.0,1.0,1.0,1.0,0.0,10.0,12,0,0.0,0.0,0.9971638304971638
near_tie,126,12,89,20839108,1,1.0,1.0,1.0,1.0,0.0,9.916666666666666,12,0,0.0,0.0,0.9823823823823824
near_tie,126,12,90,20839109,1,1.0,1.0,1.0,1.0,0.0,9.916666666666666,12,0,0.0,0.0,0.9850517183850516
near_tie,126,12,91,20839110,1,1.0,1.0,1.0,1.0,0.0,10.0,12,0,0.0,0.0,0.9918585251918587
near_tie,126,12,92,20839111,1,1.0,1.0,1.0,1.0,0.0,9.916666666666666,12,0,0.0,0.0,0.9764764764764764
near_tie,126,12,93,20839112,1,1.0,1.0,1.0,1.0,0.0,10.0,12,0,0.0,0.0,0.9309142475809142
near_tie,126,12,94,20839113,1,1.0,1.0,1.0,1.0,0.0,10.0,12,0,0.0,0.0,0.9818485151818486
near_tie,126,12,95,20839114,1,1.0,1.0,1.0,1.0,0.0,10.0,12,0,0.0,0.0,0.9479979979979981
near_tie,126,12,96,20839115,1,1.0,1.0,1.0,1.0,0.0,10.0,12,0,0.0,0.0,0.9921921921921922
near_tie,126,12,97,20839116,1,1.0,1.0,1.0,1.0,0.0,9.833333333333334,12,0,0.0,0.0,0.9890223556890222
near_tie,126,12,98,20839117,1,1.0,1.0,1.0,1.0,0.0,10.0,12,0,0.0,0.0,0.9774774774774775
near_tie,126,12,99,20839118,1,1.0,1.0,1.0,1.0,0.0,9.583333333333334,12,0,0.0,0.0,0.9025692359025693
near_tie,126,12,100,20839119,1,1.0,1.0,1.0,1.0,0.0,10.0,12,0,0.0,0.0,0.8860694027360697
near_tie,126,12,101,20839120,1,1.0,1.0,1.0,1.0,0.0,9.75,12,0,0.0,0.0,0.9968301634968302
near_tie,126,12,102,20839121,1,0.0,1.0,1.0,1.0,0.0,9.916666666666666,12,0,0.0,0.0,0.914907764907765
near_tie,126,12,103,20839122,1,1.0,1.0,1.0,1.0,0.0,9.5,12,0,0.0,0.0,0.9848181514848181
near_tie,126,12,104,20839123,1,1.0,1.0,1.0,1.0,0.0,9.666666666666666,12,0,0.0,0.0,0.9168835502168835
near_tie,126,12,105,20839124,1,0.0,1.0,1.0,1.0,0.0,9.75,12,0,0.0,0.0,0.9798131464798131
near_tie,126,12,106,20839125,1,1.0,1.0,1.0,1.0,0.0,10.0,12,0,0.0,0.0,0.9817317317317319
near_tie,126,12,107,20839126,1,1.0,1.0,1.0,1.0,0.0,9.75,12,0,0.0,0.0,0.9752085418752086
near_tie,126,12,108,20839127,1,1.0,1.0,1.0,1.0,0.0,10.0,12,0,0.0,0.0,0.9746746746746746
near_tie,126,12,109,20839128,1,1.0,1.0,1.0,1.0,0.0,9.833333333333334,12,0,0.0,0.0,0.9773106439773107
near_tie,126,12,110,20839129,1,1.0,1.0,1.0,1.0,0.0,10.0,12,0,0.0,0.0,0.9343176509843178
near_tie,126,12,111,20839130,1,1.0,1.0,1.0,1.0,0.0,9.916666666666666,12,0,0.0,0.0,0.9853186519853186
near_tie,126,12,112,20839131,1,1.0,1.0,1.0,1.0,0.0,10.0,12,0,0.0,0.0,0.956056056056056
near_tie,126,12,113,20839132,1,1.0,1.0,1.0,1.0,0.0,9.916666666666666,12,0,0.0,0.0,0.9828161494828163
near_tie,126,12,114,20839133,1,1.0,1.0,1.0,1.0,0.0,10.0,12,0,0.0,0.0,0.9344344344344343
near_tie,126,12,115,20839134,1,1.0,1.0,1.0,1.0,0.0,10.0,12,0,0.0,0.0,0.9527861194527859
near_tie,126,12,116,20839135,1,1.0,1.0,1.0,1.0,0.0,9.916666666666666,12,0,0.0,0.0,0.9961628294961627
near_tie,126,12,117,20839136,1,0.0,1.0,1.0,1.0,0.0,9.916666666666666,12,0,0.0,0.0,0.8806639973306639
near_tie,126,12,118,20839137,1,1.0,1.0,1.0,1.0,0.0,9.666666666666666,12,0,0.0,0.0,0.9994994994994995
near_tie,126,12,119,20839138,1,1.0,1.0,1.0,1.0,0.0,9.916666666666666,12,0,0.0,0.0,0.9668668668668668
near_tie,126,12,120,20839139,1,1.0,1.0,1.0,1.0,0.0,10.0,12,0,0.0,0.0,0.9416416416416413
near_tie,126,12,121,20839140,1,1.0,1.0,1.0,1.0,0.0,10.0,12,0,0.0,0.0,0.9711211211211213
near_tie,126,12,122,20839141,1,0.0,1.0,1.0,1.0,0.0,10.0,12,0,0.0,0.0,0.8381548214881552
near_tie,126,12,123,20839142,1,1.0,1.0,1.0,1.0,0.0,9.916666666666666,12,0,0.0,0.0,0.9859025692359027
near_tie,126,12,124,20839143,1,1.0,1.0,1.0,1.0,0.0,10.0,12,0,0.0,0.0,0.895729062395729
near_tie,126,12,125,20839144,1,1.0,1.0,1.0,1.0,0.0,9.416666666666666,12,0,0.0,0.0,0.9475141808475142
near_tie,126,12,126,20839145,1,1.0,1.0,1.0,1.0,0.0,9.916666666666666,12,0,0.0,0.0,0.946312979646313
near_tie,126,12,127,20839146,1,1.0,1.0,1.0,1.0,0.0,10.0,12,0,0.0,0.0,0.9841508174841508
near_tie,126,12,128,20839147,1,1.0,1.0,1.0,1.0,0.0,9.75,12,0,0.0,0.0,0.9636136136136136
near_tie,126,12,129,20839148,1,1.0,1.0,1.0,1.0,0.0,10.0,12,0,0.0,0.0,0.9571237904571235
near_tie,126,12,130,20839149,1,1.0,1.0,1.0,1.0,0.0,9.916666666666666,12,0,0.0,0.0,0.9967467467467468
near_tie,126,12,131,20839150,1,1.0,1.0,1.0,1.0,0.0,10.0,12,0,0.0,0.0,0.9692192192192193
near_tie,126,12,132,20839151,1,1.0,1.0,1.0,1.0,0.0,9.75,12,0,0.0,0.0,0.9771438104771438
near_tie,126,12,133,20839152,1,1.0,1.0,1.0,1.0,0.0,9.916666666666666,12,0,0.0,0.0,0.9751418084751419
near_tie,126,12,134,20839153,1,1.0,1.0,1.0,1.0,0.0,9.75,12,0,0.0,0.0,0.9861528194861526
near_tie,126,12,135,20839154,1,1.0,1.0,1.0,1.0,0.0,9.833333333333334,12,0,0.0,0.0,0.9382144048810714
near_tie,126,12,136,20839155,1,1.0,1.0,1.0,1.0,0.0,9.833333333333334,12,0,0.0,0.0,0.9806473139806472
near_tie,126,12,137,20839156,1,1.0,1.0,1.0,1.0,0.0,10.0,12,0,0.0,0.0,0.9958291624958292
near_tie,126,12,138,20839157,1,1.0,1.0,1.0,1.0,0.0,10.0,12,0,0.0,0.0,0.9118618618618618
near_tie,126,12,139,20839158,1,1.0,1.0,1.0,1.0,0.0,9.75,12,0,0.0,0.0,0.8972305638972304
near_tie,126,12,140,20839159,1,1.0,1.0,1.0,1.0,0.0,10.0,12,0,0.0,0.0,0.9052052052052054
near_tie,126,12,141,20839160,1,0.0,1.0,1.0,1.0,0.0,10.0,12,0,0.0,0.0,0.9542542542542543
near_tie,126,12,142,20839161,1,1.0,1.0,1.0,1.0,0.0,10.0,12,0,0.0,0.0,0.9974974974974975
near_tie,126,12,143,20839162,1,1.0,1.0,1.0,1.0,0.0,10.0,12,0,0.0,0.0,0.9292625959292625
near_tie,126,12,144,20839163,1,1.0,1.0,1.0,1.0,0.0,9.916666666666666,12,0,0.0,0.0,0.9132465799132469
near_tie,126,12,145,20839164,1,1.0,1.0,1.0,1.0,0.0,9.916666666666666,12,0,0.0,0.0,0.980980980980981
near_tie,126,12,146,20839165,1,1.0,1.0,1.0,1.0,0.0,9.916666666666666,12,0,0.0,0.0,0.9968301634968301
near_tie,126,12,147,20839166,1,1.0,1.0,1.0,1.0,0.0,9.75,12,0,0.0,0.0,0.978194861528195
near_tie,126,12,148,20839167,1,1.0,1.0,1.0,1.0,0.0,10.0,12,0,0.0,0.0,0.9515682349015683
near_tie,126,12,149,20839168,1,1.0,1.0,1.0,1.0,0.0,9.833333333333334,12,0,0.0,0.0,0.8907907907907908
near_tie,126,12,150,20839169,1,1.0,1.0,1.0,1.0,0.0,10.0,12,0,0.0,0.0,0.9951618284951619
near_tie,126,12,151,20839170,1,1.0,1.0,1.0,1.0,0.0,9.916666666666666,12,0,0.0,0.0,0.7896563229896566
near_tie,126,12,152,20839171,1,1.0,1.0,1.0,1.0,0.0,9.416666666666666,12,0,0.0,0.0,0.9618284951618286
near_tie,126,12,153,20839172,1,1.0,1.0,1.0,1.0,0.0,9.916666666666666,12,0,0.0,0.0,0.9936364936364936
near_tie,126,12,154,20839173,1,0.0,1.0,1.0,1.0,0.0,9.75,12,0,0.0,0.0,0.9786453119786452
near_tie,126,12,155,20839174,1,1.0,1.0,1.0,1.0,0.0,10.0,12,0,0.0,0.0,0.973757090423757
near_tie,126,12,156,20839175,1,1.0,1.0,1.0,1.0,0.0,10.0,12,0,0.0,0.0,0.9527789694456362
near_tie,126,12,157,20839176,1,0.0,1.0,1.0,1.0,0.0,10.0,12,0,0.0,0.0,0.8693193193193188
near_tie,126,12,158,20839177,1,1.0,1.0,1.0,1.0,0.0,10.0,12,0,0.0,0.0,0.9684684684684685
near_tie,126,12,159,20839178,1,1.0,1.0,1.0,1.0,0.0,9.833333333333334,12,0,0.0,0.0,0.998998998998999
near_tie,126,12,160,20839179,1,1.0,1.0,1.0,1.0,0.0,10.0,12,0,0.0,0.0,0.9898231564898231
near_tie,126,12,161,20839180,1,1.0,1.0,1.0,1.0,0.0,9.833333333333334,12,0,0.0,0.0,0.955905905905906
near_tie,126,12,162,20839181,1,1.0,1.0,1.0,1.0,0.0,9.833333333333334,12,0,0.0,0.0,0.9848181514848181
near_tie,126,12,163,20839182,1,1.0,1.0,1.0,1.0,0.0,9.583333333333334,12,0,0.0,0.0,0.8425782925782926
near_tie,126,12,164,20839183,1,0.0,1.0,1.0,1.0,0.0,9.666666666666666,12,0,0.0,0.0,0.9926593259926593
near_tie,126,12,165,20839184,1,1.0,1.0,1.0,1.0,0.0,9.916666666666666,12,0,0.0,0.0,0.9944944944944945
near_tie,126,12,166,20839185,1,1.0,1.0,1.0,1.0,0.0,10.0,12,0,0.0,0.0,0.9769269269269271
near_tie,126,12,167,20839186,1,1.0,1.0,1.0,1.0,0.0,9.75,12,0,0.0,0.0,0.995995995995996
near_tie,126,12,168,20839187,1,1.0,1.0,1.0,1.0,0.0,9.5,12,0,0.0,0.0,0.9496496496496498
near_tie,126,12,169,20839188,1,1.0,1.0,1.0,1.0,0.0,9.833333333333334,12,0,0.0,0.0,0.9986653319986654
near_tie,126,12,170,20839189,1,1.0,1.0,1.0,1.0,0.0,9.666666666666666,12,0,0.0,0.0,0.9661995328661994
near_tie,126,12,171,20839190,1,1.0,1.0,1.0,1.0,0.0,9.833333333333334,12,0,0.0,0.0,0.9545712379045714
near_tie,126,12,172,20839191,1,0.0,1.0,1.0,1.0,0.0,9.833333333333334,12,0,0.0,0.0,0.9954954954954957
near_tie,126,12,173,20839192,1,1.0,1.0,1.0,1.0,0.0,10.0,12,0,0.0,0.0,0.9540707374040708
near_tie,126,12,174,20839193,1,1.0,1.0,1.0,1.0,0.0,9.916666666666666,12,0,0.0,0.0,0.9971638304971638
near_tie,126,12,175,20839194,1,1.0,1.0,1.0,1.0,0.0,9.583333333333334,12,0,0.0,0.0,0.9716716716716716
near_tie,126,12,176,20839195,1,1.0,1.0,1.0,1.0,0.0,10.0,12,0,0.0,0.0,0.9983316649983316
near_tie,126,12,177,20839196,1,1.0,1.0,1.0,1.0,0.0,10.0,12,0,0.0,0.0,0.9754754754754753
near_tie,126,12,178,20839197,1,0.0,1.0,1.0,1.0,0.0,9.833333333333334,12,0,0.0,0.0,0.9849849849849849
near_tie,126,12,179,20839198,1,1.0,1.0,1.0,1.0,0.0,10.0,12,0,0.0,0.0,0.9630463797130465
near_tie,126,12,180,20839199,1,1.0,1.0,1.0,1.0,0.0,10.0,12,0,0.0,0.0,0.9938271604938271
near_tie,126,12,181,20839200,1,1.0,1.0,1.0,1.0,0.0,9.75,12,0,0.0,0.0,0.6879903713237044
near_tie,126,12,182,20839201,1,1.0,1.0,1.0,1.0,0.0,9.75,12,0,0.0,0.0,0.9082773249439917
near_tie,126,12,183,20839202,1,1.0,1.0,1.0,1.0,0.0,9.25,12,0,0.0,0.0,0.9809809809809807
near_tie,126,12,184,20839203,1,1.0,1.0,1.0,1.0,0.0,9.5,12,0,0.0,0.0,0.9788955622288956
near_tie,126,12,185,20839204,1,1.0,1.0,1.0,1.0,0.0,10.0,12,0,0.0,0.0,0.9709209209209211
near_tie,126,12,186,20839205,1,0.0,1.0,1.0,1.0,0.0,9.916666666666666,12,0,0.0,0.0,0.9896563229896564
near_tie,126,12,187,20839206,1,1.0,1.0,1.0,1.0,0.0,10.0,12,0,0.0,0.0,0.975875875875876
near_tie,126,12,188,20839207,1,1.0,1.0,1.0,1.0,0.0,10.0,12,0,0.0,0.0,0.8778945612278942
near_tie,126,12,189,20839208,1,1.0,1.0,1.0,1.0,0.0,9.583333333333334,12,0,0.0,0.0,0.919276852610186
near_tie,126,12,190,20839209,1,1.0,1.0,1.0,1.0,0.0,9.833333333333334,12,0,0.0,0.0,0.9793626960293627
near_tie,126,12,191,20839210,1,1.0,1.0,1.0,1.0,0.0,9.833333333333334,12,0,0.0,0.0,0.9933266599933266
near_tie,126,12,192,20839211,1,0.0,1.0,1.0,1.0,0.0,9.833333333333334,12,0,0.0,0.0,0.9926593259926594
near_tie,126,12,193,20839212,1,1.0,1.0,1.0,1.0,0.0,9.833333333333334,12,0,0.0,0.0,0.9873206539873207
near_tie,126,12,194,20839213,1,1.0,1.0,1.0,1.0,0.0,10.0,12,0,0.0,0.0,0.996996996996997
near_tie,126,12,195,20839214,1,1.0,1.0,1.0,1.0,0.0,9.833333333333334,12,0,0.0,0.0,0.9973306639973306
near_tie,126,12,196,20839215,1,1.0,1.0,1.0,1.0,0.0,9.666666666666666,12,0,0.0,0.0,0.9618785452118785
near_tie,126,12,197,20839216,1,1.0,1.0,1.0,1.0,0.0,9.916666666666666,12,0,0.0,0.0,0.9321905238571906
near_tie,126,12,198,20839217,1,1.0,1.0,1.0,1.0,0.0,9.916666666666666,12,0,0.0,0.0,0.997831164497831
near_tie,126,12,199,20839218,1,1.0,1.0,1.0,1.0,0.0,9.916666666666666,12,0,0.0,0.0,0.8669502836169503
near_tie,126,12,200,20839219,1,1.0,1.0,1.0,1.0,0.0,9.916666666666666,12,0,0.0,0.0,0.9953286619953285
near_tie,126,12,201,20839220,1,1.0,1.0,1.0,1.0,0.0,10.0,12,0,0.0,0.0,0.9563063063063063
near_tie,126,12,202,20839221,1,1.0,1.0,1.0,1.0,0.0,10.0,12,0,0.0,0.0,0.8744756661423326
near_tie,126,12,203,20839222,1,1.0,1.0,1.0,1.0,0.0,10.0,12,0,0.0,0.0,0.9983316649983316
near_tie,126,12,204,20839223,1,1.0,1.0,1.0,1.0,0.0,9.833333333333334,12,0,0.0,0.0,0.9864030697364028
near_tie,126,12,205,20839224,1,1.0,1.0,1.0,1.0,0.0,9.25,12,0,0.0,0.0,0.98314981648315
near_tie,126,12,206,20839225,1,1.0,1.0,1.0,1.0,0.0,10.0,12,0,0.0,0.0,0.9202035368702035
near_tie,126,12,207,20839226,1,1.0,1.0,1.0,1.0,0.0,9.5,12,0,0.0,0.0,0.9984984984984985
near_tie,126,12,208,20839227,1,1.0,1.0,1.0,1.0,0.0,9.833333333333334,12,0,0.0,0.0,0.9848515181848515
near_tie,126,12,209,20839228,1,1.0,1.0,1.0,1.0,0.0,9.75,12,0,0.0,0.0,0.9551051051051053
near_tie,126,12,210,20839229,1,1.0,1.0,1.0,1.0,0.0,9.833333333333334,12,0,0.0,0.0,0.9851518184851518
near_tie,126,12,211,20839230,1,1.0,1.0,1.0,1.0,0.0,10.0,12,0,0.0,0.0,0.9951618284951618
near_tie,126,12,212,20839231,1,1.0,1.0,1.0,1.0,0.0,9.916666666666666,12,0,0.0,0.0,0.7125720959054291
near_tie,126,12,213,20839232,1,1.0,1.0,1.0,1.0,0.0,9.75,12,0,0.0,0.0,0.9670337003670338
near_tie,126,12,214,20839233,1,0.0,1.0,1.0,1.0,0.0,10.0,12,0,0.0,0.0,0.9830663997330665
near_tie,126,12,215,20839234,1,1.0,1.0,1.0,1.0,0.0,10.0,12,0,0.0,0.0,0.9783950617283952
near_tie,126,12,216,20839235,1,0.0,1.0,1.0,1.0,0.0,9.833333333333334,12,0,0.0,0.0,0.9262595929262597
near_tie,126,12,217,20839236,1,1.0,1.0,1.0,1.0,0.0,9.75,12,0,0.0,0.0,0.9492992992992992
near_tie,126,12,218,20839237,1,1.0,1.0,1.0,1.0,0.0,9.916666666666666,12,0,0.0,0.0,0.9653820487153821
near_tie,126,12,219,20839238,1,1.0,1.0,1.0,1.0,0.0,10.0,12,0,0.0,0.0,0.9824586491253158
near_tie,126,12,220,20839239,1,1.0,1.0,1.0,1.0,0.0,9.75,12,0,0.0,0.0,0.9991658324991659
near_tie,126,12,221,20839240,1,1.0,1.0,1.0,1.0,0.0,10.0,12,0,0.0,0.0,0.9671266504599837
near_tie,126,12,222,20839241,1,1.0,1.0,1.0,1.0,0.0,10.0,12,0,0.0,0.0,0.9968301634968301
near_tie,126,12,223,20839242,1,1.0,1.0,1.0,1.0,0.0,9.833333333333334,12,0,0.0,0.0,0.9953286619953287
near_tie,126,12,224,20839243,1,1.0,1.0,1.0,1.0,0.0,9.5,12,0,0.0,0.0,0.9808975642308976
near_tie,126,12,225,20839244,1,1.0,1.0,1.0,1.0,0.0,9.75,12,0,0.0,0.0,0.9639973306639974
near_tie,126,12,226,20839245,1,1.0,1.0,1.0,1.0,0.0,10.0,12,0,0.0,0.0,0.932882882882883
near_tie,126,12,227,20839246,1,1.0,1.0,1.0,1.0,0.0,10.0,12,0,0.0,0.0,0.9944944944944945
near_tie,126,12,228,20839247,1,1.0,1.0,1.0,1.0,0.0,9.916666666666666,12,0,0.0,0.0,0.9368868868868869
near_tie,126,12,229,20839248,1,1.0,1.0,1.0,1.0,0.0,9.75,12,0,0.0,0.0,0.9685852519185851
near_tie,126,12,230,20839249,1,1.0,1.0,1.0,1.0,0.0,9.666666666666666,12,0,0.0,0.0,0.987987987987988
near_tie,126,12,231,20839250,1,1.0,1.0,1.0,1.0,0.0,10.0,12,0,0.0,0.0,0.9906573239906573
near_tie,126,12,232,20839251,1,1.0,1.0,1.0,1.0,0.0,9.916666666666666,12,0,0.0,0.0,0.9906573239906574
near_tie,126,12,233,20839252,1,1.0,1.0,1.0,1.0,0.0,9.25,12,0,0.0,0.0,0.9859025692359028
near_tie,126,12,234,20839253,1,1.0,1.0,1.0,1.0,0.0,10.0,12,0,0.0,0.0,0.9861528194861529
near_tie,126,12,235,20839254,1,1.0,1.0,1.0,1.0,0.0,9.583333333333334,12,0,0.0,0.0,0.997997997997998
near_tie,126,12,236,20839255,1,1.0,1.0,1.0,1.0,0.0,10.0,12,0,0.0,0.0,0.9891558224891559
near_tie,126,12,237,20839256,1,1.0,1.0,1.0,1.0,0.0,10.0,12,0,0.0,0.0,0.9148815482148814
near_tie,126,12,238,20839257,1,1.0,1.0,1.0,1.0,0.0,10.0,12,0,0.0,0.0,0.9948281614948282
near_tie,126,12,239,20839258,1,1.0,1.0,1.0,1.0,0.0,10.0,12,0,0.0,0.0,0.9712212212212211
near_tie,126,12,240,20839259,1,1.0,1.0,1.0,1.0,0.0,9.75,12,0,0.0,0.0,0.998998998998999
near_tie,126,12,241,20839260,1,1.0,1.0,1.0,1.0,1.0,9.666666666666666,12,0,0.0,0.0,1.0
near_tie,126,12,242,20839261,1,1.0,1.0,1.0,1.0,0.0,10.0,12,0,0.0,0.0,0.9946613279946613
near_tie,126,12,243,20839262,1,1.0,1.0,1.0,1.0,0.0,10.0,12,0,0.0,0.0,0.8998998998998999
near_tie,126,12,244,20839263,1,1.0,1.0,1.0,1.0,0.0,10.0,12,0,0.0,0.0,0.9485985985985984
near_tie,126,12,245,20839264,1,1.0,1.0,1.0,1.0,0.0,9.5,12,0,0.0,0.0,0.9710043376710044
near_tie,126,12,246,20839265,1,1.0,1.0,1.0,1.0,0.0,9.916666666666666,12,0,0.0,0.0,0.8956635206635206
near_tie,126,12,247,20839266,1,1.0,1.0,1.0,1.0,0.0,10.0,12,0,0.0,0.0,0.9917417417417419
near_tie,126,12,248,20839267,1,1.0,1.0,1.0,1.0,0.0,9.666666666666666,12,0,0.0,0.0,0.9607941274607942
near_tie,126,12,249,20839268,1,1.0,1.0,1.0,1.0,0.0,9.833333333333334,12,0,0.0,0.0,0.9740573907240573
near_tie,126,12,250,20839269,1,1.0,1.0,1.0,1.0,0.0,9.666666666666666,12,0,0.0,0.0,0.9823490156823491
near_tie,126,12,251,20839270,1,0.0,1.0,1.0,1.0,0.0,9.666666666666666,12,0,0.0,0.0,0.9461294627961293
near_tie,126,12,252,20839271,1,1.0,1.0,1.0,1.0,0.0,9.25,12,0,0.0,0.0,0.9219481386148055
near_tie,126,12,253,20839272,1,1.0,1.0,1.0,1.0,0.0,10.0,12,0,0.0,0.0,0.9831831831831832
near_tie,126,12,254,20839273,1,1.0,1.0,1.0,1.0,0.0,9.666666666666666,12,0,0.0,0.0,0.9971971971971972
near_tie,126,12,255,20839274,1,1.0,1.0,1.0,1.0,0.0,9.666666666666666,12,0,0.0,0.0,0.9832499165832499
near_tie,126,12,256,20839275,1,1.0,1.0,1.0,1.0,0.0,9.75,12,0,0.0,0.0,0.9952452452452453
near_tie,126,12,257,20839276,1,1.0,1.0,1.0,1.0,0.0,10.0,12,0,0.0,0.0,0.9806306306306306
near_tie,126,12,258,20839277,1,0.0,1.0,1.0,1.0,0.0,9.666666666666666,12,0,0.0,0.0,0.9953286619953287
near_tie,126,12,259,20839278,1,1.0,1.0,1.0,1.0,0.0,9.666666666666666,12,0,0.0,0.0,0.9499332665999332
near_tie,126,12,260,20839279,1,1.0,1.0,1.0,1.0,0.0,10.0,12,0,0.0,0.0,0.9396896896896896
near_tie,126,12,261,20839280,1,1.0,1.0,1.0,1.0,0.0,10.0,12,0,0.0,0.0,0.9895562228895561
near_tie,126,12,262,20839281,1,1.0,1.0,1.0,1.0,0.0,9.916666666666666,12,0,0.0,0.0,0.9953286619953287
near_tie,126,12,263,20839282,1,1.0,1.0,1.0,1.0,0.0,10.0,12,0,0.0,0.0,0.985352018685352
near_tie,126,12,264,20839283,1,1.0,1.0,1.0,1.0,0.0,10.0,12,0,0.0,0.0,0.9941608274941607
near_tie,126,12,265,20839284,1,1.0,1.0,1.0,1.0,0.0,10.0,12,0,0.0,0.0,0.9726393059726394
near_tie,126,12,266,20839285,1,1.0,1.0,1.0,1.0,0.0,9.916666666666666,12,0,0.0,0.0,0.9400233566900236
near_tie,126,12,267,20839286,1,1.0,1.0,1.0,1.0,0.0,10.0,12,0,0.0,0.0,0.9906573239906573
near_tie,126,12,268,20839287,1,1.0,1.0,1.0,1.0,0.0,9.916666666666666,12,0,0.0,0.0,0.9429596262929596
near_tie,126,12,269,20839288,1,1.0,1.0,1.0,1.0,0.0,10.0,12,0,0.0,0.0,0.9715548882215549
near_tie,126,12,270,20839289,1,1.0,1.0,1.0,1.0,0.0,10.0,12,0,0.0,0.0,0.9870704037370704
near_tie,126,12,271,20839290,1,1.0,1.0,1.0,1.0,0.0,9.833333333333334,12,0,0.0,0.0,0.9781448114781449
near_tie,126,12,272,20839291,1,1.0,1.0,1.0,1.0,0.0,9.75,12,0,0.0,0.0,0.9896563229896563
near_tie,126,12,273,20839292,1,1.0,1.0,1.0,1.0,0.0,10.0,12,0,0.0,0.0,0.9994994994994995
near_tie,126,12,274,20839293,1,1.0,1.0,1.0,1.0,0.0,10.0,12,0,0.0,0.0,0.9703370036703372
near_tie,126,12,275,20839294,1,1.0,1.0,1.0,1.0,0.0,10.0,12,0,0.0,0.0,0.9435935935935935
near_tie,126,12,276,20839295,1,1.0,1.0,1.0,1.0,0.0,10.0,12,0,0.0,0.0,0.9602936269602935
near_tie,126,12,277,20839296,1,0.0,1.0,1.0,1.0,0.0,9.833333333333334,12,0,0.0,0.0,0.9866032699366033
near_tie,126,12,278,20839297,1,1.0,1.0,1.0,1.0,0.0,10.0,12,0,0.0,0.0,0.9888221554888221
near_tie,126,12,279,20839298,1,1.0,1.0,1.0,1.0,0.0,10.0,12,0,0.0,0.0,0.9578745412078746
near_tie,126,12,280,20839299,1,1.0,1.0,1.0,1.0,0.0,10.0,12,0,0.0,0.0,0.936028886028886
near_tie,126,12,281,20839300,1,1.0,1.0,1.0,1.0,0.0,10.0,12,0,0.0,0.0,0.9856439773106439
near_tie,126,12,282,20839301,1,1.0,1.0,1.0,1.0,0.0,9.833333333333334,12,0,0.0,0.0,0.9968635301968636
near_tie,126,12,283,20839302,1,1.0,1.0,1.0,1.0,0.0,9.75,12,0,0.0,0.0,0.9221554888221556
near_tie,126,12,284,20839303,1,1.0,1.0,1.0,1.0,0.0,10.0,12,0,0.0,0.0,0.9894894894894894
near_tie,126,12,285,20839304,1,1.0,1.0,1.0,1.0,0.0,9.25,12,0,0.0,0.0,0.9706039372706041
near_tie,126,12,286,20839305,1,1.0,1.0,1.0,1.0,0.0,9.5,12,0,0.0,0.0,0.9690357023690358
near_tie,126,12,287,20839306,1,1.0,1.0,1.0,1.0,0.0,9.916666666666666,12,0,0.0,0.0,0.9677177177177175
near_tie,126,12,288,20839307,1,1.0,1.0,1.0,1.0,0.0,10.0,12,0,0.0,0.0,0.9986653319986653
near_tie,126,12,289,20839308,1,1.0,1.0,1.0,1.0,0.0,9.5,12,0,0.0,0.0,0.9262262262262264
near_tie,126,12,290,20839309,1,1.0,1.0,1.0,1.0,0.0,9.916666666666666,12,0,0.0,0.0,0.9601267934601267
near_tie,126,12,291,20839310,1,1.0,1.0,1.0,1.0,0.0,10.0,12,0,0.0,0.0,0.983983983983984
near_tie,126,12,292,20839311,1,1.0,1.0,1.0,1.0,0.0,9.916666666666666,12,0,0.0,0.0,0.9237570904237571
near_tie,126,12,293,20839312,1,1.0,1.0,1.0,1.0,0.0,9.833333333333334,12,0,0.0,0.0,0.8533295199961866
near_tie,126,12,294,20839313,1,1.0,1.0,1.0,1.0,0.0,10.0,12,0,0.0,0.0,0.961277944611278
near_tie,126,12,295,20839314,1,1.0,1.0,1.0,1.0,0.0,10.0,12,0,0.0,0.0,0.9968968968968969
near_tie,126,12,296,20839315,1,1.0,1.0,1.0,1.0,0.0,10.0,12,0,0.0,0.0,0.8938462271795606
near_tie,126,12,297,20839316,1,1.0,1.0,1.0,1.0,0.0,10.0,12,0,0.0,0.0,0.9954954954954955
near_tie,126,12,298,20839317,1,1.0,1.0,1.0,1.0,0.0,10.0,12,0,0.0,0.0,0.9733900567233899
near_tie,126,12,299,20839318,1,1.0,1.0,1.0,1.0,0.0,9.666666666666666,12,0,0.0,0.0,0.9062062062062063
near_tie,126,12,300,20839319,1,1.0,1.0,1.0,1.0,0.0,9.833333333333334,12,0,0.0,0.0,0.9341675008341676
near_tie,126,12,301,20839320,1,1.0,1.0,1.0,1.0,0.0,9.583333333333334,12,0,0.0,0.0,0.8917417417417419
near_tie,126,12,302,20839321,1,1.0,1.0,1.0,1.0,0.0,10.0,12,0,0.0,0.0,0.9715548882215549
near_tie,126,12,303,20839322,1,1.0,1.0,1.0,1.0,0.0,9.75,12,0,0.0,0.0,0.9826826826826829
near_tie,126,12,304,20839323,1,1.0,1.0,1.0,1.0,0.0,10.0,12,0,0.0,0.0,0.9386386386386386
near_tie,126,12,305,20839324,1,1.0,1.0,1.0,1.0,0.0,9.666666666666666,12,0,0.0,0.0,0.9924090757424089
near_tie,126,12,306,20839325,1,1.0,1.0,1.0,1.0,0.0,10.0,12,0,0.0,0.0,0.979813146479813
near_tie,126,12,307,20839326,1,1.0,1.0,1.0,1.0,0.0,9.916666666666666,12,0,0.0,0.0,0.9968301634968301
near_tie,126,12,308,20839327,1,1.0,1.0,1.0,1.0,0.0,9.916666666666666,12,0,0.0,0.0,0.987987987987988
near_tie,126,12,309,20839328,1,0.0,1.0,1.0,1.0,0.0,9.833333333333334,12,0,0.0,0.0,0.9807974641307974
near_tie,126,12,310,20839329,1,1.0,1.0,1.0,1.0,0.0,9.916666666666666,12,0,0.0,0.0,0.9398064731398067
near_tie,126,12,311,20839330,1,1.0,1.0,1.0,1.0,0.0,10.0,12,0,0.0,0.0,0.972972972972973
near_tie,126,12,312,20839331,1,1.0,1.0,1.0,1.0,0.0,9.833333333333334,12,0,0.0,0.0,0.9881548214881548
near_tie,126,12,313,20839332,1,1.0,1.0,1.0,1.0,0.0,9.916666666666666,12,0,0.0,0.0,0.9845679012345679
near_tie,126,12,314,20839333,1,1.0,1.0,1.0,1.0,0.0,10.0,12,0,0.0,0.0,0.9928928928928928
near_tie,126,12,315,20839334,1,1.0,1.0,1.0,1.0,0.0,10.0,12,0,0.0,0.0,0.958575241908575
near_tie,126,12,316,20839335,1,1.0,1.0,1.0,1.0,0.0,10.0,12,0,0.0,0.0,0.8808808808808808
near_tie,126,12,317,20839336,1,1.0,1.0,1.0,1.0,0.0,9.833333333333334,12,0,0.0,0.0,0.9971638304971638
near_tie,126,12,318,20839337,1,1.0,1.0,1.0,1.0,0.0,9.416666666666666,12,0,0.0,0.0,0.9719719719719718
near_tie,126,12,319,20839338,1,1.0,1.0,1.0,1.0,0.0,10.0,12,0,0.0,0.0,0.9356189522856191
near_tie,126,12,320,20839339,1,1.0,1.0,1.0,1.0,0.0,9.916666666666666,12,0,0.0,0.0,0.9784784784784785
near_tie,126,12,321,20839340,1,0.0,1.0,1.0,1.0,0.0,9.75,12,0,0.0,0.0,0.8721411888078555
near_tie,126,12,322,20839341,1,1.0,1.0,1.0,1.0,0.0,10.0,12,0,0.0,0.0,0.9964964964964964
near_tie,126,12,323,20839342,1,1.0,1.0,1.0,1.0,0.0,9.75,12,0,0.0,0.0,0.9759759759759757
near_tie,126,12,324,20839343,1,1.0,1.0,1.0,1.0,0.0,10.0,12,0,0.0,0.0,0.9756423089756422
near_tie,126,12,325,20839344,1,1.0,1.0,1.0,1.0,0.0,9.833333333333334,12,0,0.0,0.0,0.9982482482482482
near_tie,126,12,326,20839345,1,1.0,1.0,1.0,1.0,0.0,9.833333333333334,12,0,0.0,0.0,0.9780947614280947
near_tie,126,12,327,20839346,1,1.0,1.0,1.0,1.0,0.0,10.0,12,0,0.0,0.0,0.9780613947280614
near_tie,126,12,328,20839347,1,1.0,1.0,1.0,1.0,0.0,9.583333333333334,12,0,0.0,0.0,0.959275942609276
near_tie,126,12,329,20839348,1,1.0,1.0,1.0,1.0,0.0,9.916666666666666,12,0,0.0,0.0,0.9896896896896897
near_tie,126,12,330,20839349,1,1.0,1.0,1.0,1.0,0.0,10.0,12,0,0.0,0.0,0.997997997997998
near_tie,126,12,331,20839350,1,1.0,1.0,1.0,1.0,0.0,10.0,12,0,0.0,0.0,0.938505171838505
near_tie,126,12,332,20839351,1,1.0,1.0,1.0,1.0,0.0,10.0,12,0,0.0,0.0,0.9112445779112447
near_tie,126,12,333,20839352,1,1.0,1.0,1.0,1.0,0.0,9.75,12,0,0.0,0.0,0.9964964964964965
near_tie,126,12,334,20839353,1,1.0,1.0,1.0,1.0,0.0,9.833333333333334,12,0,0.0,0.0,0.9986653319986654
near_tie,126,12,335,20839354,1,1.0,1.0,1.0,1.0,0.0,10.0,12,0,0.0,0.0,0.9768435101768436
near_tie,126,12,336,20839355,1,1.0,1.0,1.0,1.0,0.0,9.583333333333334,12,0,0.0,0.0,0.9367701034367703
near_tie,126,12,337,20839356,1,1.0,1.0,1.0,1.0,0.0,10.0,12,0,0.0,0.0,0.9598932265598932
near_tie,126,12,338,20839357,1,1.0,1.0,1.0,1.0,0.0,9.833333333333334,12,0,0.0,0.0,0.9044473044473046
near_tie,126,12,339,20839358,1,0.0,1.0,1.0,1.0,0.0,9.916666666666666,12,0,0.0,0.0,0.9006006006006008
near_tie,126,12,340,20839359,1,1.0,1.0,1.0,1.0,0.0,9.916666666666666,12,0,0.0,0.0,0.9878545211878546
near_tie,126,12,341,20839360,1,1.0,1.0,1.0,1.0,0.0,9.833333333333334,12,0,0.0,0.0,0.967334000667334
near_tie,126,12,342,20839361,1,1.0,1.0,1.0,1.0,0.0,9.916666666666666,12,0,0.0,0.0,0.9195123695123695
near_tie,126,12,343,20839362,1,1.0,1.0,1.0,1.0,0.0,10.0,12,0,0.0,0.0,0.9928261594928262
near_tie,126,12,344,20839363,1,1.0,1.0,1.0,1.0,0.0,9.833333333333334,12,0,0.0,0.0,0.9582415749082416
near_tie,126,12,345,20839364,1,1.0,1.0,1.0,1.0,0.0,9.583333333333334,12,0,0.0,0.0,0.9983316649983317
near_tie,126,12,346,20839365,1,1.0,1.0,1.0,1.0,0.0,9.583333333333334,12,0,0.0,0.0,0.9498164831498165
near_tie,126,12,347,20839366,1,1.0,1.0,1.0,1.0,0.0,9.916666666666666,12,0,0.0,0.0,0.9608775442108776
near_tie,126,12,348,20839367,1,1.0,1.0,1.0,1.0,0.0,9.833333333333334,12,0,0.0,0.0,0.9893226559893226
near_tie,126,12,349,20839368,1,1.0,1.0,1.0,1.0,0.0,9.75,12,0,0.0,0.0,0.9763096429763097
near_tie,126,12,350,20839369,1,1.0,1.0,1.0,1.0,0.0,10.0,12,0,0.0,0.0,0.9878962295628962
near_tie,126,12,351,20839370,1,1.0,1.0,1.0,1.0,0.0,10.0,12,0,0.0,0.0,0.9797297297297297
near_tie,126,12,352,20839371,1,1.0,1.0,1.0,1.0,0.0,9.833333333333334,12,0,0.0,0.0,0.9647981314647981
near_tie,126,12,353,20839372,1,1.0,1.0,1.0,1.0,0.0,10.0,12,0,0.0,0.0,0.9626626626626628
near_tie,126,12,354,20839373,1,1.0,1.0,1.0,1.0,0.0,10.0,12,0,0.0,0.0,0.8951618284951619
near_tie,126,12,355,20839374,1,1.0,1.0,1.0,1.0,0.0,10.0,12,0,0.0,0.0,0.9988321654988321
near_tie,126,12,356,20839375,1,1.0,1.0,1.0,1.0,0.0,10.0,12,0,0.0,0.0,0.9072572572572573
near_tie,126,12,357,20839376,1,1.0,1.0,1.0,1.0,0.0,10.0,12,0,0.0,0.0,0.9229229229229228
near_tie,126,12,358,20839377,1,1.0,1.0,1.0,1.0,0.0,10.0,12,0,0.0,0.0,0.8656990323656991
near_tie,126,12,359,20839378,1,1.0,1.0,1.0,1.0,0.0,9.916666666666666,12,0,0.0,0.0,0.997163830497164
near_tie,126,12,360,20839379,1,1.0,1.0,1.0,1.0,0.0,10.0,12,0,0.0,0.0,0.989139139139139
near_tie,126,12,361,20839380,1,1.0,1.0,1.0,1.0,0.0,9.416666666666666,12,0,0.0,0.0,0.9984984984984985
near_tie,126,12,362,20839381,1,1.0,1.0,1.0,1.0,0.0,9.75,12,0,0.0,0.0,0.9967467467467468
near_tie,126,12,363,20839382,1,1.0,1.0,1.0,1.0,0.0,9.833333333333334,12,0,0.0,0.0,0.9941608274941608
near_tie,126,12,364,20839383,1,1.0,1.0,1.0,1.0,0.0,9.916666666666666,12,0,0.0,0.0,0.9844678011344679
near_tie,126,12,365,20839384,1,1.0,1.0,1.0,1.0,0.0,9.833333333333334,12,0,0.0,0.0,0.9936603269936604
near_tie,126,12,366,20839385,1,1.0,1.0,1.0,1.0,0.0,9.583333333333334,12,0,0.0,0.0,0.9692192192192194
near_tie,126,12,367,20839386,1,1.0,1.0,1.0,1.0,0.0,10.0,12,0,0.0,0.0,0.9355689022355688
near_tie,126,12,368,20839387,1,1.0,1.0,1.0,1.0,0.0,10.0,12,0,0.0,0.0,0.9994994994994995
near_tie,126,12,369,20839388,1,1.0,1.0,1.0,1.0,0.0,9.916666666666666,12,0,0.0,0.0,0.9625792459125793
near_tie,126,12,370,20839389,1,1.0,1.0,1.0,1.0,0.0,9.333333333333334,12,0,0.0,0.0,0.992409075742409
near_tie,126,12,371,20839390,1,1.0,1.0,1.0,1.0,0.0,10.0,12,0,0.0,0.0,0.9389222555889224
near_tie,126,12,372,20839391,1,1.0,1.0,1.0,1.0,0.0,10.0,12,0,0.0,0.0,0.9924924924924925
near_tie,126,12,373,20839392,1,1.0,1.0,1.0,1.0,0.0,9.916666666666666,12,0,0.0,0.0,0.9906573239906574
near_tie,126,12,374,20839393,1,1.0,1.0,1.0,1.0,0.0,9.666666666666666,12,0,0.0,0.0,0.9954954954954955
near_tie,126,12,375,20839394,1,0.0,1.0,1.0,1.0,0.0,9.833333333333334,12,0,0.0,0.0,0.9115949282615953
near_tie,126,12,376,20839395,1,1.0,1.0,1.0,1.0,0.0,9.75,12,0,0.0,0.0,0.9768101434768102
near_tie,126,12,377,20839396,1,1.0,1.0,1.0,1.0,0.0,10.0,12,0,0.0,0.0,0.9948281614948282
near_tie,126,12,378,20839397,1,1.0,1.0,1.0,1.0,0.0,9.666666666666666,12,0,0.0,0.0,0.9683350016683352
near_tie,126,12,379,20839398,1,1.0,1.0,1.0,1.0,0.0,9.916666666666666,12,0,0.0,0.0,0.9980814147480814
near_tie,126,12,380,20839399,1,1.0,1.0,1.0,1.0,0.0,9.916666666666666,12,0,0.0,0.0,0.9146575146575147
near_tie,126,12,381,20839400,1,1.0,1.0,1.0,1.0,0.0,9.666666666666666,12,0,0.0,0.0,0.9931598264931598
near_tie,126,12,382,20839401,1,1.0,1.0,1.0,1.0,0.0,10.0,12,0,0.0,0.0,0.9925759092425759
near_tie,126,12,383,20839402,1,1.0,1.0,1.0,1.0,0.0,9.5,12,0,0.0,0.0,0.9643309976643312
near_tie,126,12,384,20839403,1,1.0,1.0,1.0,1.0,0.0,9.916666666666666,12,0,0.0,0.0,1.0
near_tie,126,12,385,20839404,1,1.0,1.0,1.0,1.0,0.0,10.0,12,0,0.0,0.0,0.9969969969969968
near_tie,126,12,386,20839405,1,1.0,1.0,1.0,1.0,0.0,10.0,12,0,0.0,0.0,0.9601601601601603
near_tie,126,12,387,20839406,1,1.0,1.0,1.0,1.0,0.0,9.75,12,0,0.0,0.0,0.9961961961961963
near_tie,126,12,388,20839407,1,1.0,1.0,1.0,1.0,0.0,10.0,12,0,0.0,0.0,0.9933266599933267
near_tie,126,12,389,20839408,1,1.0,1.0,1.0,1.0,0.0,9.75,12,0,0.0,0.0,0.9994994994994995
near_tie,126,12,390,20839409,1,1.0,1.0,1.0,1.0,0.0,9.75,12,0,0.0,0.0,0.9624624624624624
near_tie,126,12,391,20839410,1,1.0,1.0,1.0,1.0,0.0,10.0,12,0,0.0,0.0,0.9701201201201199
near_tie,126,12,392,20839411,1,1.0,1.0,1.0,1.0,0.0,10.0,12,0,0.0,0.0,0.8627627627627629
near_tie,126,12,393,20839412,1,1.0,1.0,1.0,1.0,0.0,9.833333333333334,12,0,0.0,0.0,0.9893226559893226
near_tie,126,12,394,20839413,1,0.0,1.0,1.0,1.0,0.0,10.0,12,0,0.0,0.0,0.975975975975976
near_tie,126,12,395,20839414,1,1.0,1.0,1.0,1.0,0.0,9.916666666666666,12,0,0.0,0.0,0.9079412746079415
near_tie,126,12,396,20839415,1,1.0,1.0,1.0,1.0,0.0,9.916666666666666,12,0,0.0,0.0,0.9335502168835504
near_tie,126,12,397,20839416,1,1.0,1.0,1.0,1.0,0.0,9.416666666666666,12,0,0.0,0.0,0.8998498498498501
near_tie,126,12,398,20839417,1,1.0,1.0,1.0,1.0,0.0,9.583333333333334,12,0,0.0,0.0,0.8900400400400401
near_tie,126,12,399,20839418,1,1.0,1.0,1.0,1.0,0.0,10.0,12,0,0.0,0.0,0.96363029696363
near_tie,126,12,400,20839419,1,1.0,1.0,1.0,1.0,0.0,9.75,12,0,0.0,0.0,0.9270437103770436
near_tie,126,12,401,20839420,1,1.0,1.0,1.0,1.0,0.0,9.916666666666666,12,0,0.0,0.0,0.9795628962295628
near_tie,126,12,402,20839421,1,1.0,1.0,1.0,1.0,0.0,10.0,12,0,0.0,0.0,0.951944801944802
near_tie,126,12,403,20839422,1,1.0,1.0,1.0,1.0,0.0,10.0,12,0,0.0,0.0,0.9858858858858859
near_tie,126,12,404,20839423,1,1.0,1.0,1.0,1.0,0.0,9.833333333333334,12,0,0.0,0.0,0.9880714047380714
near_tie,126,12,405,20839424,1,1.0,1.0,1.0,1.0,0.0,10.0,12,0,0.0,0.0,0.9458792125458793
near_tie,126,12,406,20839425,1,1.0,1.0,1.0,1.0,0.0,9.75,12,0,0.0,0.0,0.978020878020878
near_tie,126,12,407,20839426,1,1.0,1.0,1.0,1.0,0.0,10.0,12,0,0.0,0.0,0.980980980980981
near_tie,126,12,408,20839427,1,1.0,1.0,1.0,1.0,0.0,9.833333333333334,12,0,0.0,0.0,0.9946946946946946
near_tie,126,12,409,20839428,1,1.0,1.0,1.0,1.0,0.0,9.833333333333334,12,0,0.0,0.0,0.9521187854521186
near_tie,126,12,410,20839429,1,1.0,1.0,1.0,1.0,0.0,10.0,12,0,0.0,0.0,0.9994994994994995
near_tie,126,12,411,20839430,1,1.0,1.0,1.0,1.0,0.0,9.833333333333334,12,0,0.0,0.0,0.9028862195528863
near_tie,126,12,412,20839431,1,1.0,1.0,1.0,1.0,0.0,10.0,12,0,0.0,0.0,0.894961628294962
near_tie,126,12,413,20839432,1,1.0,1.0,1.0,1.0,0.0,9.916666666666666,12,0,0.0,0.0,0.9660660660660659
near_tie,126,12,414,20839433,1,1.0,1.0,1.0,1.0,0.0,9.75,12,0,0.0,0.0,0.9943610276943611
near_tie,126,12,415,20839434,1,1.0,1.0,1.0,1.0,0.0,9.833333333333334,12,0,0.0,0.0,0.9877973211306544
near_tie,126,12,416,20839435,1,1.0,1.0,1.0,1.0,0.0,10.0,12,0,0.0,0.0,0.9704204204204204
near_tie,126,12,417,20839436,1,1.0,1.0,1.0,1.0,0.0,9.75,12,0,0.0,0.0,0.9956623289956622
near_tie,126,12,418,20839437,1,1.0,1.0,1.0,1.0,0.0,9.833333333333334,12,0,0.0,0.0,0.9994994994994995
near_tie,126,12,419,20839438,1,0.0,1.0,1.0,1.0,0.0,9.916666666666666,12,0,0.0,0.0,0.9498998998999
near_tie,126,12,420,20839439,1,1.0,1.0,1.0,1.0,0.0,10.0,12,0,0.0,0.0,0.9373873873873877
near_tie,126,12,421,20839440,1,1.0,1.0,1.0,1.0,0.0,9.75,12,0,0.0,0.0,0.9121621621621623
near_tie,126,12,422,20839441,1,1.0,1.0,1.0,1.0,0.0,10.0,12,0,0.0,0.0,0.997997997997998
near_tie,126,12,423,20839442,1,1.0,1.0,1.0,1.0,0.0,9.666666666666666,12,0,0.0,0.0,0.9905238571905239
near_tie,126,12,424,20839443,1,1.0,1.0,1.0,1.0,0.0,10.0,12,0,0.0,0.0,0.9908241574908242
near_tie,126,12,425,20839444,1,1.0,1.0,1.0,1.0,0.0,9.916666666666666,12,0,0.0,0.0,0.993727060393727
near_tie,126,12,426,20839445,1,1.0,1.0,1.0,1.0,0.0,10.0,12,0,0.0,0.0,0.9671171171171172
near_tie,126,12,427,20839446,1,1.0,1.0,1.0,1.0,0.0,10.0,12,0,0.0,0.0,0.9195195195195196
near_tie,126,12,428,20839447,1,1.0,1.0,1.0,1.0,0.0,9.916666666666666,12,0,0.0,0.0,0.9964130797464131
near_tie,126,12,429,20839448,1,0.0,1.0,1.0,1.0,0.0,9.916666666666666,12,0,0.0,0.0,0.9831831831831833
near_tie,126,12,430,20839449,1,1.0,1.0,1.0,1.0,0.0,10.0,12,0,0.0,0.0,0.9864030697364031
near_tie,126,12,431,20839450,1,1.0,1.0,1.0,1.0,0.0,10.0,12,0,0.0,0.0,0.9848181514848182
near_tie,126,12,432,20839451,1,1.0,1.0,1.0,1.0,0.0,9.666666666666666,12,0,0.0,0.0,0.9906573239906573
near_tie,126,12,433,20839452,1,1.0,1.0,1.0,1.0,0.0,10.0,12,0,0.0,0.0,0.9382215548882219
near_tie,126,12,434,20839453,1,1.0,1.0,1.0,1.0,0.0,10.0,12,0,0.0,0.0,0.9583249916583252
near_tie,126,12,435,20839454,1,0.0,1.0,1.0,1.0,0.0,10.0,12,0,0.0,0.0,0.946146146146146
near_tie,126,12,436,20839455,1,1.0,1.0,1.0,1.0,0.0,9.916666666666666,12,0,0.0,0.0,0.9919919919919918
near_tie,126,12,437,20839456,1,1.0,1.0,1.0,1.0,0.0,9.75,12,0,0.0,0.0,0.9574074074074074
near_tie,126,12,438,20839457,1,1.0,1.0,1.0,1.0,0.0,9.75,12,0,0.0,0.0,0.9751418084751418
near_tie,126,12,439,20839458,1,1.0,1.0,1.0,1.0,0.0,9.916666666666666,12,0,0.0,0.0,0.922849039515706
near_tie,126,12,440,20839459,1,1.0,1.0,1.0,1.0,0.0,10.0,12,0,0.0,0.0,0.9705538872205537
near_tie,126,12,441,20839460,1,1.0,1.0,1.0,1.0,0.0,9.666666666666666,12,0,0.0,0.0,0.9994994994994995
near_tie,126,12,442,20839461,1,1.0,1.0,1.0,1.0,0.0,9.666666666666666,12,0,0.0,0.0,0.9966633299966634
near_tie,126,12,443,20839462,1,0.0,1.0,1.0,1.0,0.0,9.666666666666666,12,0,0.0,0.0,0.9778278278278278
near_tie,126,12,444,20839463,1,1.0,1.0,1.0,1.0,0.0,10.0,12,0,0.0,0.0,0.9178011344678011
near_tie,126,12,445,20839464,1,0.0,1.0,1.0,1.0,0.0,9.833333333333334,12,0,0.0,0.0,0.9960794127460794
near_tie,126,12,446,20839465,1,1.0,1.0,1.0,1.0,0.0,9.666666666666666,12,0,0.0,0.0,0.9719719719719719
near_tie,126,12,447,20839466,1,1.0,1.0,1.0,1.0,0.0,9.916666666666666,12,0,0.0,0.0,0.9981648314981649
near_tie,126,12,448,20839467,1,1.0,1.0,1.0,1.0,0.0,9.833333333333334,12,0,0.0,0.0,0.9540874207540876
near_tie,126,12,449,20839468,1,1.0,1.0,1.0,1.0,0.0,9.916666666666666,12,0,0.0,0.0,0.9707874541207874
near_tie,126,12,450,20839469,1,1.0,1.0,1.0,1.0,0.0,9.916666666666666,12,0,0.0,0.0,0.9971971971971972
near_tie,126,12,451,20839470,1,1.0,1.0,1.0,1.0,0.0,10.0,12,0,0.0,0.0,0.8919753086419755
near_tie,126,12,452,20839471,1,1.0,1.0,1.0,1.0,0.0,9.833333333333334,12,0,0.0,0.0,0.9757924591257925
near_tie,126,12,453,20839472,1,1.0,1.0,1.0,1.0,0.0,9.75,12,0,0.0,0.0,0.8130725964059295
near_tie,126,12,454,20839473,1,1.0,1.0,1.0,1.0,0.0,9.916666666666666,12,0,0.0,0.0,0.9514848181514848
near_tie,126,12,455,20839474,1,1.0,1.0,1.0,1.0,0.0,9.833333333333334,12,0,0.0,0.0,0.980814147480814
near_tie,126,12,456,20839475,1,1.0,1.0,1.0,1.0,0.0,9.916666666666666,12,0,0.0,0.0,0.9445612278945612
near_tie,126,12,457,20839476,1,1.0,1.0,1.0,1.0,0.0,10.0,12,0,0.0,0.0,0.8807807807807807
near_tie,126,12,458,20839477,1,0.0,1.0,1.0,1.0,0.0,9.333333333333334,12,0,0.0,0.0,0.9497664330997665
near_tie,126,12,459,20839478,1,0.0,1.0,1.0,1.0,0.0,9.916666666666666,12,0,0.0,0.0,1.0
near_tie,126,12,460,20839479,1,1.0,1.0,1.0,1.0,0.0,10.0,12,0,0.0,0.0,0.9296796796796796
near_tie,126,12,461,20839480,1,1.0,1.0,1.0,1.0,0.0,10.0,12,0,0.0,0.0,0.9417083750417083
near_tie,126,12,462,20839481,1,0.0,1.0,1.0,1.0,0.0,9.916666666666666,12,0,0.0,0.0,0.9857357357357358
near_tie,126,12,463,20839482,1,1.0,1.0,1.0,1.0,0.0,9.333333333333334,12,0,0.0,0.0,0.9609609609609612
near_tie,126,12,464,20839483,1,1.0,1.0,1.0,1.0,0.0,10.0,12,0,0.0,0.0,0.998998998998999
near_tie,126,12,465,20839484,1,1.0,1.0,1.0,1.0,0.0,9.916666666666666,12,0,0.0,0.0,0.9973640306973641
near_tie,126,12,466,20839485,1,1.0,1.0,1.0,1.0,0.0,10.0,12,0,0.0,0.0,0.9045140378473713
near_tie,126,12,467,20839486,1,1.0,1.0,1.0,1.0,0.0,10.0,12,0,0.0,0.0,0.9986653319986654
near_tie,126,12,468,20839487,1,1.0,1.0,1.0,1.0,0.0,9.833333333333334,12,0,0.0,0.0,0.9618284951618283
near_tie,126,12,469,20839488,1,1.0,1.0,1.0,1.0,0.0,10.0,12,0,0.0,0.0,0.8682682682682686
near_tie,126,12,470,20839489,1,1.0,1.0,1.0,1.0,0.0,10.0,12,0,0.0,0.0,0.9650650650650651
near_tie,126,12,471,20839490,1,1.0,1.0,1.0,1.0,0.0,9.416666666666666,12,0,0.0,0.0,0.9933266599933266
near_tie,126,12,472,20839491,1,1.0,1.0,1.0,1.0,0.0,10.0,12,0,0.0,0.0,0.8831498164831496
near_tie,126,12,473,20839492,1,1.0,1.0,1.0,1.0,0.0,9.416666666666666,12,0,0.0,0.0,0.9180513847180514
near_tie,126,12,474,20839493,1,1.0,1.0,1.0,1.0,0.0,9.833333333333334,12,0,0.0,0.0,0.9884884884884886
near_tie,126,12,475,20839494,1,1.0,1.0,1.0,1.0,0.0,9.75,12,0,0.0,0.0,0.9756923590256925
near_tie,126,12,476,20839495,1,1.0,1.0,1.0,1.0,0.0,9.916666666666666,12,0,0.0,0.0,0.9651985318651986
near_tie,126,12,477,20839496,1,0.0,1.0,1.0,1.0,0.0,9.916666666666666,12,0,0.0,0.0,0.8934196100862768
near_tie,126,12,478,20839497,1,1.0,1.0,1.0,1.0,0.0,9.916666666666666,12,0,0.0,0.0,0.9402068735402072
near_tie,126,12,479,20839498,1,1.0,1.0,1.0,1.0,0.0,9.916666666666666,12,0,0.0,0.0,0.9632298965632299
near_tie,126,12,480,20839499,1,0.0,1.0,1.0,1.0,0.0,9.916666666666666,12,0,0.0,0.0,0.9913246579913247
near_tie,126,12,481,20839500,1,1.0,1.0,1.0,1.0,0.0,9.75,12,0,0.0,0.0,0.9918251584918251
near_tie,126,12,482,20839501,1,1.0,1.0,1.0,1.0,0.0,9.916666666666666,12,0,0.0,0.0,0.9365865865865867
near_tie,126,12,483,20839502,1,1.0,1.0,1.0,1.0,0.0,9.833333333333334,12,0,0.0,0.0,0.9946946946946947
near_tie,126,12,484,20839503,1,1.0,1.0,1.0,1.0,0.0,9.833333333333334,12,0,0.0,0.0,0.9885885885885886
near_tie,126,12,485,20839504,1,1.0,1.0,1.0,1.0,0.0,9.75,12,0,0.0,0.0,0.874524524524525
near_tie,126,12,486,20839505,1,1.0,1.0,1.0,1.0,0.0,9.666666666666666,12,0,0.0,0.0,0.9863196529863197
near_tie,126,12,487,20839506,1,1.0,1.0,1.0,1.0,0.0,9.916666666666666,12,0,0.0,0.0,0.996996996996997
near_tie,126,12,488,20839507,1,1.0,1.0,1.0,1.0,0.0,10.0,12,0,0.0,0.0,0.9892225558892226
near_tie,126,12,489,20839508,1,1.0,1.0,1.0,1.0,0.0,9.916666666666666,12,0,0.0,0.0,0.968134801468135
near_tie,126,12,490,20839509,1,1.0,1.0,1.0,1.0,0.0,9.583333333333334,12,0,0.0,0.0,0.885735735735736
near_tie,126,12,491,20839510,1,1.0,1.0,1.0,1.0,0.0,9.916666666666666,12,0,0.0,0.0,0.9768101434768102
near_tie,126,12,492,20839511,1,1.0,1.0,1.0,1.0,0.0,10.0,12,0,0.0,0.0,0.934501167834501
near_tie,126,12,493,20839512,1,1.0,1.0,1.0,1.0,0.0,9.833333333333334,12,0,0.0,0.0,0.9941608274941609
near_tie,126,12,494,20839513,1,1.0,1.0,1.0,1.0,0.0,10.0,12,0,0.0,0.0,0.9873206539873207
near_tie,126,12,495,20839514,1,1.0,1.0,1.0,1.0,0.0,9.75,12,0,0.0,0.0,0.9676843510176845
near_tie,126,12,496,20839515,1,1.0,1.0,1.0,1.0,0.0,10.0,12,0,0.0,0.0,0.9986653319986653
near_tie,126,12,497,20839516,1,1.0,1.0,1.0,1.0,0.0,10.0,12,0,0.0,0.0,0.998998998998999
near_tie,126,12,498,20839517,1,1.0,1.0,1.0,1.0,0.0,10.0,12,0,0.0,0.0,0.9568735402068735
near_tie,126,12,499,20839518,1,1.0,1.0,1.0,1.0,0.0,9.666666666666666,12,0,0.0,0.0,0.9983316649983317
near_tie,252,12,0,20965019,1,1.0,1.0,1.0,1.0,0.0,9.75,12,0,0.0,0.0,0.998998998998999
near_tie,252,12,1,20965020,1,1.0,1.0,1.0,1.0,0.0,9.416666666666666,12,0,0.0,0.0,0.9855689022355688
near_tie,252,12,2,20965021,1,1.0,1.0,1.0,1.0,0.0,9.166666666666666,12,0,0.0,0.0,0.9984984984984985
near_tie,252,12,3,20965022,1,1.0,1.0,1.0,1.0,0.0,9.333333333333334,12,0,0.0,0.0,0.9669169169169168
near_tie,252,12,4,20965023,1,1.0,1.0,1.0,1.0,0.0,9.916666666666666,12,0,0.0,0.0,0.9912412412412412
near_tie,252,12,5,20965024,1,1.0,1.0,1.0,1.0,0.0,9.416666666666666,12,0,0.0,0.0,0.9780947614280949
near_tie,252,12,6,20965025,1,1.0,1.0,1.0,1.0,0.0,9.25,12,0,0.0,0.0,0.9913246579913246
near_tie,252,12,7,20965026,1,1.0,1.0,1.0,1.0,0.0,9.166666666666666,12,0,0.0,0.0,1.0
near_tie,252,12,8,20965027,1,1.0,1.0,1.0,1.0,0.0,9.416666666666666,12,0,0.0,0.0,0.9905739072405738
near_tie,252,12,9,20965028,1,0.0,1.0,1.0,1.0,0.0,9.666666666666666,12,0,0.0,0.0,0.9784784784784787
near_tie,252,12,10,20965029,1,1.0,1.0,1.0,1.0,0.0,9.416666666666666,12,0,0.0,0.0,0.9968301634968301
near_tie,252,12,11,20965030,1,1.0,1.0,1.0,1.0,0.0,9.833333333333334,12,0,0.0,0.0,0.9958291624958292
near_tie,252,12,12,20965031,1,1.0,1.0,1.0,1.0,0.0,9.416666666666666,12,0,0.0,0.0,0.9916158582825251
near_tie,252,12,13,20965032,1,1.0,1.0,1.0,1.0,0.0,9.5,12,0,0.0,0.0,0.992826159492826
near_tie,252,12,14,20965033,1,1.0,1.0,1.0,1.0,0.0,9.166666666666666,12,0,0.0,0.0,0.9984984984984985
near_tie,252,12,15,20965034,1,1.0,1.0,1.0,1.0,0.0,9.25,12,0,0.0,0.0,0.9921921921921921
near_tie,252,12,16,20965035,1,1.0,1.0,1.0,0.0,0.0,9.416666666666666,12,0,0.0,0.0,0.998998998998999
near_tie,252,12,17,20965036,1,1.0,1.0,1.0,1.0,0.0,9.666666666666666,12,0,0.0,0.0,0.9901901901901903
near_tie,252,12,18,20965037,1,1.0,1.0,1.0,1.0,0.0,9.333333333333334,12,0,0.0,0.0,0.996996996996997
near_tie,252,12,19,20965038,1,1.0,1.0,1.0,1.0,0.0,9.833333333333334,12,0,0.0,0.0,1.0
near_tie,252,12,20,20965039,1,1.0,1.0,1.0,1.0,0.0,9.333333333333334,12,0,0.0,0.0,0.998998998998999
near_tie,252,12,21,20965040,1,1.0,1.0,1.0,1.0,0.0,9.666666666666666,12,0,0.0,0.0,0.998998998998999
near_tie,252,12,22,20965041,1,1.0,1.0,1.0,1.0,1.0,9.916666666666666,12,0,0.0,0.0,0.9976643309976643
near_tie,252,12,23,20965042,1,1.0,1.0,1.0,1.0,0.0,9.25,12,0,0.0,0.0,0.9963296629963297
near_tie,252,12,24,20965043,1,1.0,1.0,1.0,1.0,0.0,9.5,12,0,0.0,0.0,0.993993993993994
near_tie,252,12,25,20965044,1,1.0,1.0,1.0,1.0,0.0,9.416666666666666,12,0,0.0,0.0,0.9944944944944945
near_tie,252,12,26,20965045,1,1.0,1.0,1.0,1.0,0.0,9.333333333333334,12,0,0.0,0.0,0.9953286619953287
near_tie,252,12,27,20965046,1,1.0,1.0,1.0,1.0,0.0,9.416666666666666,12,0,0.0,0.0,0.998998998998999
near_tie,252,12,28,20965047,1,1.0,1.0,1.0,1.0,0.0,9.75,12,0,0.0,0.0,1.0
near_tie,252,12,29,20965048,1,1.0,1.0,1.0,1.0,0.0,9.583333333333334,12,0,0.0,0.0,0.9968301634968301
near_tie,252,12,30,20965049,1,1.0,1.0,1.0,1.0,0.0,9.083333333333334,12,0,0.0,0.0,0.9944944944944945
near_tie,252,12,31,20965050,1,1.0,1.0,1.0,1.0,0.0,9.25,12,0,0.0,0.0,0.9951618284951618
near_tie,252,12,32,20965051,1,1.0,1.0,1.0,1.0,0.0,9.916666666666666,12,0,0.0,0.0,0.9801468134801468
near_tie,252,12,33,20965052,1,1.0,1.0,1.0,1.0,0.0,9.416666666666666,12,0,0.0,0.0,0.9932432432432432
near_tie,252,12,34,20965053,1,1.0,1.0,1.0,1.0,0.0,9.666666666666666,12,0,0.0,0.0,0.9920829920829922
near_tie,252,12,35,20965054,1,1.0,1.0,1.0,1.0,0.0,9.583333333333334,12,0,0.0,0.0,0.969753086419753
near_tie,252,12,36,20965055,1,1.0,1.0,1.0,1.0,0.0,9.0,12,0,0.0,0.0,0.998998998998999
near_tie,252,12,37,20965056,1,1.0,1.0,1.0,1.0,0.0,9.75,12,0,0.0,0.0,0.9855689022355688
near_tie,252,12,38,20965057,1,1.0,1.0,1.0,1.0,0.0,9.583333333333334,12,0,0.0,0.0,0.9994994994994995
near_tie,252,12,39,20965058,1,1.0,1.0,1.0,1.0,0.0,9.166666666666666,12,0,0.0,0.0,1.0
near_tie,252,12,40,20965059,1,1.0,1.0,1.0,1.0,0.0,9.333333333333334,12,0,0.0,0.0,0.9961628294961629
near_tie,252,12,41,20965060,1,1.0,1.0,1.0,1.0,0.0,9.583333333333334,12,0,0.0,0.0,0.9962462462462462
near_tie,252,12,42,20965061,1,1.0,1.0,1.0,1.0,0.0,9.75,12,0,0.0,0.0,0.9186853520186856
near_tie,252,12,43,20965062,1,1.0,1.0,1.0,1.0,0.0,9.5,12,0,0.0,0.0,0.9974974974974975
near_tie,252,12,44,20965063,1,1.0,1.0,1.0,1.0,0.0,9.416666666666666,12,0,0.0,0.0,0.995995995995996
near_tie,252,12,45,20965064,1,1.0,1.0,1.0,1.0,0.0,9.75,12,0,0.0,0.0,1.0
near_tie,252,12,46,20965065,1,1.0,1.0,1.0,1.0,0.0,9.166666666666666,12,0,0.0,0.0,0.9987487487487487
near_tie,252,12,47,20965066,1,1.0,1.0,1.0,1.0,0.0,9.166666666666666,12,0,0.0,0.0,0.9933266599933266
near_tie,252,12,48,20965067,1,1.0,1.0,1.0,1.0,0.0,9.0,12,0,0.0,0.0,1.0
near_tie,252,12,49,20965068,1,1.0,1.0,1.0,1.0,0.0,9.083333333333334,12,0,0.0,0.0,0.9984984984984985
near_tie,252,12,50,20965069,1,1.0,1.0,1.0,1.0,0.0,9.333333333333334,12,0,0.0,0.0,0.9994994994994995
near_tie,252,12,51,20965070,1,1.0,1.0,1.0,1.0,0.0,9.666666666666666,12,0,0.0,0.0,0.9931598264931599
near_tie,252,12,52,20965071,1,1.0,1.0,1.0,1.0,0.0,9.583333333333334,12,0,0.0,0.0,0.9954954954954955
near_tie,252,12,53,20965072,1,1.0,1.0,1.0,1.0,0.0,9.333333333333334,12,0,0.0,0.0,0.9891558224891559
near_tie,252,12,54,20965073,1,1.0,1.0,1.0,1.0,0.0,9.75,12,0,0.0,0.0,0.9789622956289624
near_tie,252,12,55,20965074,1,1.0,1.0,1.0,1.0,0.0,9.083333333333334,12,0,0.0,0.0,0.998998998998999
near_tie,252,12,56,20965075,1,1.0,1.0,1.0,1.0,0.0,9.416666666666666,12,0,0.0,0.0,0.9908241574908241
near_tie,252,12,57,20965076,1,1.0,1.0,1.0,1.0,0.0,9.083333333333334,12,0,0.0,0.0,0.990990990990991
near_tie,252,12,58,20965077,1,1.0,1.0,1.0,1.0,0.0,9.5,12,0,0.0,0.0,0.9996663329996663
near_tie,252,12,59,20965078,1,1.0,1.0,1.0,1.0,0.0,9.583333333333334,12,0,0.0,0.0,0.9994994994994995
near_tie,252,12,60,20965079,1,1.0,1.0,1.0,1.0,0.0,9.25,12,0,0.0,0.0,1.0
near_tie,252,12,61,20965080,1,1.0,1.0,1.0,1.0,0.0,9.333333333333334,12,0,0.0,0.0,0.9984984984984985
near_tie,252,12,62,20965081,1,1.0,1.0,1.0,1.0,0.0,9.166666666666666,12,0,0.0,0.0,0.9894894894894893
near_tie,252,12,63,20965082,1,1.0,1.0,1.0,1.0,0.0,9.583333333333334,12,0,0.0,0.0,1.0
near_tie,252,12,64,20965083,1,1.0,1.0,1.0,1.0,0.0,9.583333333333334,12,0,0.0,0.0,0.9972472472472472
near_tie,252,12,65,20965084,1,0.0,1.0,1.0,1.0,0.0,9.25,12,0,0.0,0.0,0.9944944944944943
near_tie,252,12,66,20965085,1,1.0,1.0,1.0,1.0,0.0,9.666666666666666,12,0,0.0,0.0,0.9984984984984985
near_tie,252,12,67,20965086,1,1.0,1.0,1.0,1.0,0.0,9.416666666666666,12,0,0.0,0.0,0.9642809476142808
near_tie,252,12,68,20965087,1,1.0,1.0,1.0,1.0,0.0,9.333333333333334,12,0,0.0,0.0,0.9804804804804806
near_tie,252,12,69,20965088,1,1.0,1.0,1.0,1.0,0.0,9.75,12,0,0.0,0.0,0.9964206630873298
near_tie,252,12,70,20965089,1,1.0,1.0,1.0,1.0,0.0,9.083333333333334,12,0,0.0,0.0,1.0
near_tie,252,12,71,20965090,1,1.0,1.0,1.0,1.0,0.0,9.083333333333334,12,0,0.0,0.0,0.9988321654988321
near_tie,252,12,72,20965091,1,1.0,1.0,1.0,1.0,0.0,9.75,12,0,0.0,0.0,0.9906573239906573
near_tie,252,12,73,20965092,1,1.0,1.0,1.0,1.0,0.0,9.666666666666666,12,0,0.0,0.0,0.9904070737404072
near_tie,252,12,74,20965093,1,1.0,1.0,1.0,1.0,0.0,9.25,12,0,0.0,0.0,0.997997997997998
near_tie,252,12,75,20965094,1,1.0,1.0,1.0,1.0,0.0,9.5,12,0,0.0,0.0,0.9993326659993326
near_tie,252,12,76,20965095,1,1.0,1.0,1.0,1.0,0.0,9.25,12,0,0.0,0.0,0.9788121454788121
near_tie,252,12,77,20965096,1,1.0,1.0,1.0,1.0,0.0,9.5,12,0,0.0,0.0,1.0
near_tie,252,12,78,20965097,1,1.0,1.0,1.0,1.0,1.0,9.333333333333334,12,0,0.0,0.0,1.0
near_tie,252,12,79,20965098,1,1.0,1.0,1.0,1.0,0.0,9.166666666666666,12,0,0.0,0.0,1.0
near_tie,252,12,80,20965099,1,1.0,1.0,1.0,1.0,0.0,9.333333333333334,12,0,0.0,0.0,0.979145812479146
near_tie,252,12,81,20965100,1,1.0,1.0,1.0,1.0,0.0,9.666666666666666,12,0,0.0,0.0,0.9993326659993327
near_tie,252,12,82,20965101,1,0.0,1.0,1.0,1.0,1.0,8.833333333333334,12,0,0.0,0.0,1.0
near_tie,252,12,83,20965102,1,1.0,1.0,1.0,1.0,0.0,9.75,12,0,0.0,0.0,0.9938271604938274
near_tie,252,12,84,20965103,1,1.0,1.0,1.0,1.0,0.0,9.166666666666666,12,0,0.0,0.0,0.9994994994994995
near_tie,252,12,85,20965104,1,1.0,1.0,1.0,1.0,0.0,9.25,12,0,0.0,0.0,0.9904070737404072
near_tie,252,12,86,20965105,1,1.0,1.0,1.0,1.0,0.0,9.5,12,0,0.0,0.0,0.995995995995996
near_tie,252,12,87,20965106,1,1.0,1.0,1.0,1.0,0.0,9.583333333333334,12,0,0.0,0.0,0.9787287287287287
near_tie,252,12,88,20965107,1,1.0,1.0,1.0,1.0,0.0,9.833333333333334,12,0,0.0,0.0,0.9804804804804805
near_tie,252,12,89,20965108,1,1.0,1.0,1.0,1.0,0.0,9.166666666666666,12,0,0.0,0.0,0.9944944944944945
near_tie,252,12,90,20965109,1,1.0,1.0,1.0,1.0,0.0,9.583333333333334,12,0,0.0,0.0,0.998998998998999
near_tie,252,12,91,20965110,1,1.0,1.0,1.0,1.0,1.0,9.833333333333334,12,0,0.0,0.0,1.0
near_tie,252,12,92,20965111,1,1.0,1.0,1.0,1.0,0.0,9.25,12,0,0.0,0.0,0.9851518184851518
near_tie,252,12,93,20965112,1,1.0,1.0,1.0,1.0,0.0,9.416666666666666,12,0,0.0,0.0,0.992575909242576
near_tie,252,12,94,20965113,1,1.0,1.0,1.0,1.0,0.0,9.75,12,0,0.0,0.0,0.9984984984984985
near_tie,252,12,95,20965114,1,1.0,1.0,1.0,1.0,0.0,9.75,12,0,0.0,0.0,0.9877453210786545
near_tie,252,12,96,20965115,1,1.0,1.0,1.0,1.0,0.0,9.916666666666666,12,0,0.0,0.0,0.9813146479813146
near_tie,252,12,97,20965116,1,1.0,1.0,1.0,1.0,0.0,9.416666666666666,12,0,0.0,0.0,1.0
near_tie,252,12,98,20965117,1,1.0,1.0,1.0,1.0,0.0,9.5,12,0,0.0,0.0,0.9813146479813146
near_tie,252,12,99,20965118,1,1.0,1.0,1.0,1.0,0.0,9.416666666666666,12,0,0.0,0.0,0.9994994994994995
near_tie,252,12,100,20965119,1,0.0,1.0,1.0,1.0,0.0,9.0,12,0,0.0,0.0,0.9826826826826828
near_tie,252,12,101,20965120,1,1.0,1.0,1.0,1.0,0.0,9.583333333333334,12,0,0.0,0.0,0.9897473230806565
near_tie,252,12,102,20965121,1,1.0,1.0,1.0,1.0,0.0,9.583333333333334,12,0,0.0,0.0,0.9837337337337337
near_tie,252,12,103,20965122,1,1.0,1.0,1.0,1.0,0.0,9.333333333333334,12,0,0.0,0.0,0.9968301634968302
near_tie,252,12,104,20965123,1,1.0,1.0,1.0,1.0,0.0,9.333333333333334,12,0,0.0,0.0,0.9966633299966633
near_tie,252,12,105,20965124,1,1.0,1.0,1.0,1.0,0.0,9.083333333333334,12,0,0.0,0.0,1.0
near_tie,252,12,106,20965125,1,1.0,1.0,1.0,1.0,0.0,9.333333333333334,12,0,0.0,0.0,0.9994994994994995
near_tie,252,12,107,20965126,1,1.0,1.0,1.0,1.0,1.0,9.166666666666666,12,0,0.0,0.0,0.998998998998999
near_tie,252,12,108,20965127,1,1.0,1.0,1.0,1.0,0.0,9.583333333333334,12,0,0.0,0.0,0.9958291624958291
near_tie,252,12,109,20965128,1,1.0,1.0,1.0,1.0,0.0,9.166666666666666,12,0,0.0,0.0,0.9936603269936604
near_tie,252,12,110,20965129,1,1.0,1.0,1.0,1.0,0.0,9.166666666666666,12,0,0.0,0.0,0.9994994994994995
near_tie,252,12,111,20965130,1,1.0,1.0,1.0,1.0,0.0,9.666666666666666,12,0,0.0,0.0,1.0
near_tie,252,12,112,20965131,1,1.0,1.0,1.0,1.0,1.0,9.0,12,0,0.0,0.0,1.0
near_tie,252,12,113,20965132,1,1.0,1.0,1.0,1.0,0.0,9.25,12,0,0.0,0.0,0.9847681014347681
near_tie,252,12,114,20965133,1,1.0,1.0,1.0,1.0,0.0,9.083333333333334,12,0,0.0,0.0,0.9933266599933267
near_tie,252,12,115,20965134,1,1.0,1.0,1.0,1.0,0.0,9.25,12,0,0.0,0.0,0.998998998998999
near_tie,252,12,116,20965135,1,1.0,1.0,1.0,1.0,0.0,9.416666666666666,12,0,0.0,0.0,0.9954954954954955
near_tie,252,12,117,20965136,1,1.0,1.0,1.0,1.0,0.0,9.416666666666666,12,0,0.0,0.0,0.9629129129129129
near_tie,252,12,118,20965137,1,1.0,1.0,1.0,1.0,0.0,9.166666666666666,12,0,0.0,0.0,1.0
near_tie,252,12,119,20965138,1,1.0,1.0,1.0,1.0,0.0,9.333333333333334,12,0,0.0,0.0,0.995995995995996
near_tie,252,12,120,20965139,1,1.0,1.0,1.0,1.0,0.0,9.333333333333334,12,0,0.0,0.0,0.9933266599933266
near_tie,252,12,121,20965140,1,1.0,1.0,1.0,1.0,0.0,9.333333333333334,12,0,0.0,0.0,0.9937437437437436
near_tie,252,12,122,20965141,1,1.0,1.0,1.0,1.0,0.0,9.333333333333334,12,0,0.0,0.0,0.9924924924924925
near_tie,252,12,123,20965142,1,1.0,1.0,1.0,1.0,0.0,9.333333333333334,12,0,0.0,0.0,0.9993326659993326
near_tie,252,12,124,20965143,1,1.0,1.0,1.0,1.0,0.0,9.333333333333334,12,0,0.0,0.0,0.9994994994994995
near_tie,252,12,125,20965144,1,1.0,1.0,1.0,1.0,0.0,9.333333333333334,12,0,0.0,0.0,0.9815982649315983
near_tie,252,12,126,20965145,1,1.0,1.0,1.0,1.0,0.0,9.5,12,0,0.0,0.0,0.9988321654988322
near_tie,252,12,127,20965146,1,1.0,1.0,1.0,1.0,0.0,9.333333333333334,12,0,0.0,0.0,1.0
near_tie,252,12,128,20965147,1,1.0,1.0,1.0,1.0,0.0,9.25,12,0,0.0,0.0,0.9956623289956623
near_tie,252,12,129,20965148,1,1.0,1.0,1.0,1.0,0.0,9.833333333333334,12,0,0.0,0.0,0.9911578244911577
near_tie,252,12,130,20965149,1,1.0,1.0,1.0,1.0,0.0,9.166666666666666,12,0,0.0,0.0,0.9611277944611278
near_tie,252,12,131,20965150,1,0.0,1.0,1.0,1.0,0.0,9.583333333333334,12,0,0.0,0.0,0.9678011344678011
near_tie,252,12,132,20965151,1,1.0,1.0,1.0,1.0,0.0,9.5,12,0,0.0,0.0,0.9914914914914915
near_tie,252,12,133,20965152,1,1.0,1.0,1.0,1.0,0.0,9.083333333333334,12,0,0.0,0.0,0.9773940607273941
near_tie,252,12,134,20965153,1,1.0,1.0,1.0,1.0,1.0,9.833333333333334,12,0,0.0,0.0,0.9994994994994995
near_tie,252,12,135,20965154,1,1.0,1.0,1.0,1.0,0.0,9.916666666666666,12,0,0.0,0.0,0.9982482482482482
near_tie,252,12,136,20965155,1,1.0,1.0,1.0,1.0,0.0,9.5,12,0,0.0,0.0,0.9994994994994995
near_tie,252,12,137,20965156,1,1.0,1.0,1.0,1.0,0.0,9.166666666666666,12,0,0.0,0.0,0.991991991991992
near_tie,252,12,138,20965157,1,1.0,1.0,1.0,1.0,0.0,9.333333333333334,12,0,0.0,0.0,0.9894894894894894
near_tie,252,12,139,20965158,1,1.0,1.0,1.0,1.0,0.0,9.333333333333334,12,0,0.0,0.0,0.9726393059726394
near_tie,252,12,140,20965159,1,1.0,1.0,1.0,1.0,0.0,9.166666666666666,12,0,0.0,0.0,0.9994994994994995
near_tie,252,12,141,20965160,1,1.0,1.0,1.0,1.0,0.0,9.75,12,0,0.0,0.0,0.9984984984984985
near_tie,252,12,142,20965161,1,1.0,1.0,1.0,1.0,0.0,9.333333333333334,12,0,0.0,0.0,0.9950784117450784
near_tie,252,12,143,20965162,1,1.0,1.0,1.0,1.0,0.0,9.583333333333334,12,0,0.0,0.0,0.9836670003336672
near_tie,252,12,144,20965163,1,1.0,1.0,1.0,1.0,0.0,9.333333333333334,12,0,0.0,0.0,0.9873540206873541
near_tie,252,12,145,20965164,1,0.0,1.0,1.0,1.0,0.0,9.166666666666666,12,0,0.0,0.0,0.9950784117450785
near_tie,252,12,146,20965165,1,1.0,1.0,1.0,1.0,0.0,9.916666666666666,12,0,0.0,0.0,0.9906573239906574
near_tie,252,12,147,20965166,1,1.0,1.0,1.0,1.0,0.0,9.25,12,0,0.0,0.0,0.9994994994994995
near_tie,252,12,148,20965167,1,1.0,1.0,1.0,1.0,0.0,10.0,12,0,0.0,0.0,1.0
near_tie,252,12,149,20965168,1,1.0,1.0,1.0,1.0,0.0,9.5,12,0,0.0,0.0,1.0
near_tie,252,12,150,20965169,1,1.0,1.0,1.0,1.0,0.0,9.583333333333334,12,0,0.0,0.0,0.9994994994994995
near_tie,252,12,151,20965170,1,0.0,1.0,1.0,1.0,0.0,9.333333333333334,12,0,0.0,0.0,0.9994994994994995
near_tie,252,12,152,20965171,1,1.0,1.0,1.0,1.0,0.0,9.333333333333334,12,0,0.0,0.0,0.9887387387387389
near_tie,252,12,153,20965172,1,1.0,1.0,1.0,1.0,0.0,9.666666666666666,12,0,0.0,0.0,0.9193288526621861
near_tie,252,12,154,20965173,1,1.0,1.0,1.0,1.0,0.0,9.083333333333334,12,0,0.0,0.0,0.9976643309976644
near_tie,252,12,155,20965174,1,1.0,1.0,1.0,1.0,0.0,9.416666666666666,12,0,0.0,0.0,0.9952452452452453
near_tie,252,12,156,20965175,1,1.0,1.0,1.0,1.0,0.0,9.083333333333334,12,0,0.0,0.0,0.9958291624958292
near_tie,252,12,157,20965176,1,1.0,1.0,1.0,1.0,0.0,9.333333333333334,12,0,0.0,0.0,0.9983316649983317
near_tie,252,12,158,20965177,1,1.0,1.0,1.0,1.0,0.0,9.166666666666666,12,0,0.0,0.0,0.9943276609943277
near_tie,252,12,159,20965178,1,1.0,1.0,1.0,1.0,0.0,9.583333333333334,12,0,0.0,0.0,0.9808975642308977
near_tie,252,12,160,20965179,1,1.0,1.0,1.0,1.0,0.0,9.333333333333334,12,0,0.0,0.0,0.9988321654988322
near_tie,252,12,161,20965180,1,1.0,1.0,1.0,1.0,0.0,9.5,12,0,0.0,0.0,0.9820653987320654
near_tie,252,12,162,20965181,1,1.0,1.0,1.0,1.0,1.0,9.166666666666666,12,0,0.0,0.0,0.9971638304971638
near_tie,252,12,163,20965182,1,1.0,1.0,1.0,1.0,0.0,9.833333333333334,12,0,0.0,0.0,0.9891558224891559
near_tie,252,12,164,20965183,1,1.0,1.0,1.0,1.0,0.0,9.333333333333334,12,0,0.0,0.0,0.9928261594928262
near_tie,252,12,165,20965184,1,1.0,1.0,1.0,1.0,0.0,9.166666666666666,12,0,0.0,0.0,1.0
near_tie,252,12,166,20965185,1,1.0,1.0,1.0,1.0,0.0,9.416666666666666,12,0,0.0,0.0,0.9996663329996663
near_tie,252,12,167,20965186,1,1.0,1.0,1.0,1.0,0.0,10.0,12,0,0.0,0.0,0.9756423089756423
near_tie,252,12,168,20965187,1,1.0,1.0,1.0,1.0,0.0,9.583333333333334,12,0,0.0,0.0,0.9959959959959961
near_tie,252,12,169,20965188,1,1.0,1.0,1.0,1.0,0.0,9.416666666666666,12,0,0.0,0.0,0.9934934934934934
near_tie,252,12,170,20965189,1,1.0,1.0,1.0,1.0,0.0,9.583333333333334,12,0,0.0,0.0,1.0
near_tie,252,12,171,20965190,1,1.0,1.0,1.0,1.0,0.0,9.0,12,0,0.0,0.0,0.9954954954954955
near_tie,252,12,172,20965191,1,1.0,1.0,1.0,1.0,0.0,9.25,12,0,0.0,0.0,0.9833166499833166
near_tie,252,12,173,20965192,1,1.0,1.0,1.0,1.0,0.0,9.583333333333334,12,0,0.0,0.0,0.980930930930931
near_tie,252,12,174,20965193,1,1.0,1.0,1.0,1.0,0.0,9.333333333333334,12,0,0.0,0.0,0.993576910243577
near_tie,252,12,175,20965194,1,1.0,1.0,1.0,1.0,0.0,9.75,12,0,0.0,0.0,0.9978311644978312
near_tie,252,12,176,20965195,1,1.0,1.0,1.0,1.0,0.0,9.666666666666666,12,0,0.0,0.0,0.9928261594928262
near_tie,252,12,177,20965196,1,1.0,1.0,1.0,1.0,0.0,9.333333333333334,12,0,0.0,0.0,1.0
near_tie,252,12,178,20965197,1,1.0,1.0,1.0,1.0,0.0,9.5,12,0,0.0,0.0,0.9951618284951618
near_tie,252,12,179,20965198,1,1.0,1.0,1.0,1.0,0.0,9.666666666666666,12,0,0.0,0.0,0.9906573239906574
near_tie,252,12,180,20965199,1,1.0,1.0,1.0,1.0,0.0,9.583333333333334,12,0,0.0,0.0,0.9994994994994995
near_tie,252,12,181,20965200,1,1.0,1.0,1.0,1.0,0.0,9.083333333333334,12,0,0.0,0.0,0.997997997997998
near_tie,252,12,182,20965201,1,1.0,1.0,1.0,1.0,0.0,10.0,12,0,0.0,0.0,0.9930263596930263
near_tie,252,12,183,20965202,1,1.0,1.0,1.0,1.0,0.0,9.75,12,0,0.0,0.0,0.8847847847847847
near_tie,252,12,184,20965203,1,1.0,1.0,1.0,1.0,0.0,9.083333333333334,12,0,0.0,0.0,0.9964964964964965
near_tie,252,12,185,20965204,1,1.0,1.0,1.0,1.0,0.0,9.5,12,0,0.0,0.0,0.9994994994994995
near_tie,252,12,186,20965205,1,1.0,1.0,1.0,1.0,0.0,9.5,12,0,0.0,0.0,0.9965799132465799
near_tie,252,12,187,20965206,1,1.0,1.0,1.0,1.0,0.0,9.583333333333334,12,0,0.0,0.0,0.9941608274941609
near_tie,252,12,188,20965207,1,0.0,1.0,1.0,1.0,0.0,9.166666666666666,12,0,0.0,0.0,0.9903236569903235
near_tie,252,12,189,20965208,1,1.0,1.0,1.0,1.0,0.0,9.75,12,0,0.0,0.0,0.9961628294961627
near_tie,252,12,190,20965209,1,1.0,1.0,1.0,1.0,0.0,9.25,12,0,0.0,0.0,0.998998998998999
near_tie,252,12,191,20965210,1,1.0,1.0,1.0,1.0,0.0,9.5,12,0,0.0,0.0,0.995995995995996
near_tie,252,12,192,20965211,1,1.0,1.0,1.0,1.0,0.0,9.166666666666666,12,0,0.0,0.0,0.9854854854854856
near_tie,252,12,193,20965212,1,1.0,1.0,1.0,1.0,0.0,9.333333333333334,12,0,0.0,0.0,0.998998998998999
near_tie,252,12,194,20965213,1,1.0,1.0,1.0,1.0,0.0,9.75,12,0,0.0,0.0,0.997997997997998
near_tie,252,12,195,20965214,1,1.0,1.0,1.0,1.0,0.0,9.333333333333334,12,0,0.0,0.0,0.9795628962295629
near_tie,252,12,196,20965215,1,1.0,1.0,1.0,1.0,0.0,8.833333333333334,12,0,0.0,0.0,1.0
near_tie,252,12,197,20965216,1,1.0,1.0,1.0,1.0,0.0,9.75,12,0,0.0,0.0,1.0
near_tie,252,12,198,20965217,1,0.0,1.0,1.0,1.0,0.0,10.0,12,0,0.0,0.0,0.9885218551885219
near_tie,252,12,199,20965218,1,1.0,1.0,1.0,1.0,0.0,9.75,12,0,0.0,0.0,1.0
near_tie,252,12,200,20965219,1,1.0,1.0,1.0,1.0,0.0,9.5,12,0,0.0,0.0,0.9994994994994995
near_tie,252,12,201,20965220,1,1.0,1.0,1.0,1.0,0.0,9.166666666666666,12,0,0.0,0.0,1.0
near_tie,252,12,202,20965221,1,1.0,1.0,1.0,1.0,0.0,9.583333333333334,12,0,0.0,0.0,0.991358024691358
near_tie,252,12,203,20965222,1,1.0,1.0,1.0,1.0,0.0,9.583333333333334,12,0,0.0,0.0,1.0
near_tie,252,12,204,20965223,1,1.0,1.0,1.0,1.0,0.0,9.5,12,0,0.0,0.0,0.9967467467467468
near_tie,252,12,205,20965224,1,1.0,1.0,1.0,1.0,0.0,9.75,12,0,0.0,0.0,0.998998998998999
near_tie,252,12,206,20965225,1,1.0,1.0,1.0,1.0,0.0,9.25,12,0,0.0,0.0,0.992992992992993
near_tie,252,12,207,20965226,1,1.0,1.0,1.0,1.0,0.0,9.583333333333334,12,0,0.0,0.0,0.9723890557223891
near_tie,252,12,208,20965227,1,1.0,1.0,1.0,1.0,0.0,9.833333333333334,12,0,0.0,0.0,0.9941608274941608
near_tie,252,12,209,20965228,1,1.0,1.0,1.0,1.0,0.0,9.416666666666666,12,0,0.0,0.0,0.9914914914914916
near_tie,252,12,210,20965229,1,1.0,1.0,1.0,1.0,0.0,9.416666666666666,12,0,0.0,0.0,0.9938605271938605
near_tie,252,12,211,20965230,1,1.0,1.0,1.0,1.0,0.0,9.5,12,0,0.0,0.0,0.9966633299966634
near_tie,252,12,212,20965231,1,1.0,1.0,1.0,1.0,0.0,9.333333333333334,12,0,0.0,0.0,1.0
near_tie,252,12,213,20965232,1,1.0,1.0,1.0,1.0,0.0,9.333333333333334,12,0,0.0,0.0,0.9994994994994995
near_tie,252,12,214,20965233,1,1.0,1.0,1.0,1.0,0.0,9.166666666666666,12,0,0.0,0.0,0.995995995995996
near_tie,252,12,215,20965234,1,1.0,1.0,1.0,1.0,0.0,9.5,12,0,0.0,0.0,0.9985819152485819
near_tie,252,12,216,20965235,1,1.0,1.0,1.0,1.0,0.0,9.833333333333334,12,0,0.0,0.0,0.9968301634968302
near_tie,252,12,217,20965236,1,1.0,1.0,1.0,1.0,0.0,9.833333333333334,12,0,0.0,0.0,0.9565732399065734
near_tie,252,12,218,20965237,1,1.0,1.0,1.0,1.0,0.0,9.166666666666666,12,0,0.0,0.0,0.987570904237571
near_tie,252,12,219,20965238,1,1.0,1.0,1.0,1.0,0.0,9.333333333333334,12,0,0.0,0.0,0.9748415081748416
near_tie,252,12,220,20965239,1,1.0,1.0,1.0,1.0,0.0,9.333333333333334,12,0,0.0,0.0,0.9953286619953285
near_tie,252,12,221,20965240,1,1.0,1.0,1.0,1.0,0.0,9.416666666666666,12,0,0.0,0.0,1.0
near_tie,252,12,222,20965241,1,1.0,1.0,1.0,1.0,0.0,9.333333333333334,12,0,0.0,0.0,0.9976643309976643
near_tie,252,12,223,20965242,1,1.0,1.0,1.0,1.0,0.0,9.5,12,0,0.0,0.0,0.9994994994994995
near_tie,252,12,224,20965243,1,1.0,1.0,1.0,1.0,0.0,9.416666666666666,12,0,0.0,0.0,0.9983316649983316
near_tie,252,12,225,20965244,1,1.0,1.0,1.0,1.0,0.0,8.916666666666666,12,0,0.0,0.0,0.998998998998999
near_tie,252,12,226,20965245,1,1.0,1.0,1.0,1.0,0.0,9.583333333333334,12,0,0.0,0.0,0.9911578244911579
near_tie,252,12,227,20965246,1,1.0,1.0,1.0,1.0,0.0,9.416666666666666,12,0,0.0,0.0,0.9755588922255587
near_tie,252,12,228,20965247,1,1.0,1.0,1.0,1.0,0.0,9.083333333333334,12,0,0.0,0.0,0.9978311644978312
near_tie,252,12,229,20965248,1,1.0,1.0,1.0,1.0,0.0,9.333333333333334,12,0,0.0,0.0,1.0
near_tie,252,12,230,20965249,1,0.0,1.0,1.0,1.0,0.0,9.583333333333334,12,0,0.0,0.0,0.9974974974974975
near_tie,252,12,231,20965250,1,1.0,1.0,1.0,1.0,0.0,9.083333333333334,12,0,0.0,0.0,0.9994994994994995
near_tie,252,12,232,20965251,1,1.0,1.0,1.0,1.0,0.0,10.0,12,0,0.0,0.0,0.9969969969969971
near_tie,252,12,233,20965252,1,1.0,1.0,1.0,1.0,0.0,9.083333333333334,12,0,0.0,0.0,0.9961628294961627
near_tie,252,12,234,20965253,1,1.0,1.0,1.0,1.0,0.0,9.666666666666666,12,0,0.0,0.0,0.994577911244578
near_tie,252,12,235,20965254,1,1.0,1.0,1.0,1.0,0.0,9.25,12,0,0.0,0.0,0.9978311644978312
near_tie,252,12,236,20965255,1,1.0,1.0,1.0,1.0,0.0,9.416666666666666,12,0,0.0,0.0,0.9924924924924926
near_tie,252,12,237,20965256,1,1.0,1.0,1.0,1.0,0.0,9.25,12,0,0.0,0.0,0.995995995995996
near_tie,252,12,238,20965257,1,1.0,1.0,1.0,1.0,0.0,9.333333333333334,12,0,0.0,0.0,0.9853186519853186
near_tie,252,12,239,20965258,1,1.0,1.0,1.0,1.0,0.0,9.416666666666666,12,0,0.0,0.0,0.9976643309976643
near_tie,252,12,240,20965259,1,1.0,1.0,1.0,1.0,0.0,9.583333333333334,12,0,0.0,0.0,0.99325082658416
near_tie,252,12,241,20965260,1,1.0,1.0,1.0,1.0,0.0,9.583333333333334,12,0,0.0,0.0,0.9991658324991658
near_tie,252,12,242,20965261,1,1.0,1.0,1.0,1.0,0.0,9.5,12,0,0.0,0.0,0.9556818723485391
near_tie,252,12,243,20965262,1,1.0,1.0,1.0,1.0,0.0,9.25,12,0,0.0,0.0,0.9830163496830164
near_tie,252,12,244,20965263,1,1.0,1.0,1.0,1.0,0.0,9.583333333333334,12,0,0.0,0.0,0.9924924924924925
near_tie,252,12,245,20965264,1,1.0,1.0,1.0,1.0,0.0,9.75,12,0,0.0,0.0,0.9891558224891558
near_tie,252,12,246,20965265,1,1.0,1.0,1.0,1.0,0.0,9.166666666666666,12,0,0.0,0.0,0.9938271604938271
near_tie,252,12,247,20965266,1,1.0,1.0,1.0,1.0,0.0,9.333333333333334,12,0,0.0,0.0,0.9974974974974975
near_tie,252,12,248,20965267,1,1.0,1.0,1.0,1.0,0.0,9.75,12,0,0.0,0.0,0.9976643309976644
near_tie,252,12,249,20965268,1,1.0,1.0,1.0,1.0,0.0,9.833333333333334,12,0,0.0,0.0,1.0
near_tie,252,12,250,20965269,1,1.0,1.0,1.0,1.0,0.0,9.25,12,0,0.0,0.0,0.9889965723299057
near_tie,252,12,251,20965270,1,1.0,1.0,1.0,1.0,0.0,9.583333333333334,12,0,0.0,0.0,0.9903236569903237
near_tie,252,12,252,20965271,1,1.0,1.0,1.0,1.0,0.0,9.583333333333334,12,0,0.0,0.0,0.9968301634968301
near_tie,252,12,253,20965272,1,1.0,1.0,1.0,1.0,0.0,9.416666666666666,12,0,0.0,0.0,0.9994994994994995
near_tie,252,12,254,20965273,1,0.0,1.0,1.0,1.0,0.0,9.75,12,0,0.0,0.0,0.9489823156489824
near_tie,252,12,255,20965274,1,1.0,1.0,1.0,1.0,0.0,9.833333333333334,12,0,0.0,0.0,0.9953286619953287
near_tie,252,12,256,20965275,1,1.0,1.0,1.0,1.0,0.0,9.25,12,0,0.0,0.0,1.0
near_tie,252,12,257,20965276,1,0.0,1.0,1.0,1.0,0.0,9.833333333333334,12,0,0.0,0.0,0.9879379379379378
near_tie,252,12,258,20965277,1,1.0,1.0,1.0,1.0,0.0,9.833333333333334,12,0,0.0,0.0,1.0
near_tie,252,12,259,20965278,1,1.0,1.0,1.0,1.0,0.0,9.25,12,0,0.0,0.0,0.9967467467467468
near_tie,252,12,260,20965279,1,1.0,1.0,1.0,1.0,1.0,9.083333333333334,12,0,0.0,0.0,1.0
near_tie,252,12,261,20965280,1,1.0,1.0,1.0,1.0,0.0,9.416666666666666,12,0,0.0,0.0,0.994994994994995
near_tie,252,12,262,20965281,1,1.0,1.0,1.0,1.0,0.0,9.166666666666666,12,0,0.0,0.0,0.992992992992993
near_tie,252,12,263,20965282,1,1.0,1.0,1.0,1.0,0.0,9.166666666666666,12,0,0.0,0.0,0.9794036460703127
near_tie,252,12,264,20965283,1,1.0,1.0,1.0,1.0,0.0,9.75,12,0,0.0,0.0,0.9954954954954955
near_tie,252,12,265,20965284,1,1.0,1.0,1.0,1.0,0.0,9.25,12,0,0.0,0.0,0.9924924924924926
near_tie,252,12,266,20965285,1,1.0,1.0,1.0,1.0,0.0,9.25,12,0,0.0,0.0,0.9941941941941941
near_tie,252,12,267,20965286,1,1.0,1.0,1.0,1.0,0.0,9.0,12,0,0.0,0.0,0.9994994994994995
near_tie,252,12,268,20965287,1,1.0,1.0,1.0,1.0,0.0,9.333333333333334,12,0,0.0,0.0,0.9993326659993327
near_tie,252,12,269,20965288,1,1.0,1.0,1.0,1.0,0.0,9.916666666666666,12,0,0.0,0.0,1.0
near_tie,252,12,270,20965289,1,1.0,1.0,1.0,1.0,0.0,9.666666666666666,12,0,0.0,0.0,0.9739815573148907
near_tie,252,12,271,20965290,1,1.0,1.0,1.0,1.0,0.0,9.583333333333334,12,0,0.0,0.0,0.9988321654988322
near_tie,252,12,272,20965291,1,1.0,1.0,1.0,1.0,0.0,9.416666666666666,12,0,0.0,0.0,0.9879045712379045
near_tie,252,12,273,20965292,1,1.0,1.0,1.0,1.0,0.0,9.5,12,0,0.0,0.0,0.9933600266933599
near_tie,252,12,274,20965293,1,1.0,1.0,1.0,1.0,0.0,9.583333333333334,12,0,0.0,0.0,0.9906573239906573
near_tie,252,12,275,20965294,1,1.0,1.0,1.0,1.0,0.0,9.5,12,0,0.0,0.0,0.988938938938939
near_tie,252,12,276,20965295,1,1.0,1.0,1.0,1.0,0.0,9.583333333333334,12,0,0.0,0.0,0.9985894985894986
near_tie,252,12,277,20965296,1,1.0,1.0,1.0,1.0,0.0,9.166666666666666,12,0,0.0,0.0,0.9688688688688689
near_tie,252,12,278,20965297,1,1.0,1.0,1.0,1.0,0.0,9.583333333333334,12,0,0.0,0.0,0.9877377377377378
near_tie,252,12,279,20965298,1,1.0,1.0,1.0,1.0,0.0,9.083333333333334,12,0,0.0,0.0,0.9974974974974975
near_tie,252,12,280,20965299,1,1.0,1.0,1.0,1.0,0.0,9.416666666666666,12,0,0.0,0.0,0.9974974974974975
near_tie,252,12,281,20965300,1,1.0,1.0,1.0,1.0,0.0,9.5,12,0,0.0,0.0,0.965489732156399
near_tie,252,12,282,20965301,1,1.0,1.0,1.0,1.0,0.0,9.583333333333334,12,0,0.0,0.0,0.9991658324991658
near_tie,252,12,283,20965302,1,1.0,1.0,1.0,1.0,0.0,9.833333333333334,12,0,0.0,0.0,1.0
near_tie,252,12,284,20965303,1,0.0,1.0,1.0,1.0,1.0,9.166666666666666,12,0,0.0,0.0,1.0
near_tie,252,12,285,20965304,1,1.0,1.0,1.0,1.0,0.0,9.166666666666666,12,0,0.0,0.0,1.0
near_tie,252,12,286,20965305,1,1.0,1.0,1.0,1.0,0.0,10.0,12,0,0.0,0.0,1.0
near_tie,252,12,287,20965306,1,1.0,1.0,1.0,1.0,0.0,9.416666666666666,12,0,0.0,0.0,0.9886052719386054
near_tie,252,12,288,20965307,1,0.0,1.0,1.0,1.0,0.0,9.416666666666666,12,0,0.0,0.0,0.9634968301634969
near_tie,252,12,289,20965308,1,1.0,1.0,1.0,1.0,0.0,9.0,12,0,0.0,0.0,1.0
near_tie,252,12,290,20965309,1,1.0,1.0,1.0,1.0,0.0,9.75,12,0,0.0,0.0,0.9911578244911577
near_tie,252,12,291,20965310,1,1.0,1.0,1.0,1.0,0.0,9.666666666666666,12,0,0.0,0.0,0.9954954954954955
near_tie,252,12,292,20965311,1,1.0,1.0,1.0,1.0,0.0,9.416666666666666,12,0,0.0,0.0,0.9722889556222888
near_tie,252,12,293,20965312,1,1.0,1.0,1.0,1.0,0.0,9.166666666666666,12,0,0.0,0.0,0.9948281614948282
near_tie,252,12,294,20965313,1,1.0,1.0,1.0,1.0,1.0,9.166666666666666,12,0,0.0,0.0,1.0
near_tie,252,12,295,20965314,1,1.0,1.0,1.0,1.0,0.0,9.166666666666666,12,0,0.0,0.0,0.998998998998999
near_tie,252,12,296,20965315,1,1.0,1.0,1.0,1.0,0.0,9.583333333333334,12,0,0.0,0.0,0.9984984984984985
near_tie,252,12,297,20965316,1,0.0,1.0,1.0,1.0,0.0,9.0,12,0,0.0,0.0,1.0
near_tie,252,12,298,20965317,1,1.0,1.0,1.0,1.0,0.0,9.166666666666666,12,0,0.0,0.0,1.0
near_tie,252,12,299,20965318,1,1.0,1.0,1.0,1.0,0.0,9.416666666666666,12,0,0.0,0.0,0.9994994994994995
near_tie,252,12,300,20965319,1,1.0,1.0,1.0,1.0,0.0,9.166666666666666,12,0,0.0,0.0,0.9978311644978312
near_tie,252,12,301,20965320,1,1.0,1.0,1.0,1.0,0.0,9.75,12,0,0.0,0.0,0.997580914247581
near_tie,252,12,302,20965321,1,1.0,1.0,1.0,1.0,0.0,9.166666666666666,12,0,0.0,0.0,1.0
near_tie,252,12,303,20965322,1,1.0,1.0,1.0,1.0,0.0,9.583333333333334,12,0,0.0,0.0,0.9966633299966634
near_tie,252,12,304,20965323,1,0.0,1.0,1.0,1.0,0.0,8.75,12,0,0.0,0.0,1.0
near_tie,252,12,305,20965324,1,1.0,1.0,1.0,1.0,0.0,9.166666666666666,12,0,0.0,0.0,0.9994994994994995
near_tie,252,12,306,20965325,1,1.0,1.0,1.0,1.0,0.0,9.25,12,0,0.0,0.0,0.9968301634968301
near_tie,252,12,307,20965326,1,1.0,1.0,1.0,1.0,0.0,9.333333333333334,12,0,0.0,0.0,0.9994994994994995
near_tie,252,12,308,20965327,1,1.0,1.0,1.0,1.0,0.0,9.666666666666666,12,0,0.0,0.0,0.9939105772439105
near_tie,252,12,309,20965328,1,1.0,1.0,1.0,1.0,0.0,9.666666666666666,12,0,0.0,0.0,0.998998998998999
near_tie,252,12,310,20965329,1,1.0,1.0,1.0,1.0,0.0,9.25,12,0,0.0,0.0,0.9967467467467468
near_tie,252,12,311,20965330,1,1.0,1.0,1.0,1.0,0.0,9.583333333333334,12,0,0.0,0.0,0.9934934934934935
near_tie,252,12,312,20965331,1,0.0,1.0,1.0,1.0,0.0,9.416666666666666,12,0,0.0,0.0,0.997997997997998
near_tie,252,12,313,20965332,1,1.0,1.0,1.0,1.0,0.0,9.583333333333334,12,0,0.0,0.0,0.9916583249916584
near_tie,252,12,314,20965333,1,1.0,1.0,1.0,1.0,0.0,9.333333333333334,12,0,0.0,0.0,0.9923256589923256
near_tie,252,12,315,20965334,1,1.0,1.0,1.0,1.0,0.0,9.083333333333334,12,0,0.0,0.0,0.9994994994994995
near_tie,252,12,316,20965335,1,1.0,1.0,1.0,1.0,0.0,9.75,12,0,0.0,0.0,0.997997997997998
near_tie,252,12,317,20965336,1,1.0,1.0,1.0,1.0,0.0,9.333333333333334,12,0,0.0,0.0,1.0
near_tie,252,12,318,20965337,1,1.0,1.0,1.0,1.0,0.0,9.0,12,0,0.0,0.0,0.9994994994994995
near_tie,252,12,319,20965338,1,1.0,1.0,1.0,1.0,0.0,9.166666666666666,12,0,0.0,0.0,0.998998998998999
near_tie,252,12,320,20965339,1,1.0,1.0,1.0,1.0,0.0,9.583333333333334,12,0,0.0,0.0,0.9930764097430764
near_tie,252,12,321,20965340,1,1.0,1.0,1.0,1.0,0.0,9.25,12,0,0.0,0.0,0.9993326659993327
near_tie,252,12,322,20965341,1,1.0,1.0,1.0,1.0,0.0,9.083333333333334,12,0,0.0,0.0,0.9952452452452454
near_tie,252,12,323,20965342,1,1.0,1.0,1.0,1.0,0.0,9.666666666666666,12,0,0.0,0.0,0.961294627961295
near_tie,252,12,324,20965343,1,1.0,1.0,1.0,1.0,0.0,9.666666666666666,12,0,0.0,0.0,0.9981648314981648
near_tie,252,12,325,20965344,1,1.0,1.0,1.0,1.0,0.0,9.583333333333334,12,0,0.0,0.0,0.9934934934934936
near_tie,252,12,326,20965345,1,1.0,1.0,1.0,1.0,0.0,10.0,12,0,0.0,0.0,0.9737646737646738
near_tie,252,12,327,20965346,1,1.0,1.0,1.0,1.0,0.0,9.166666666666666,12,0,0.0,0.0,1.0
near_tie,252,12,328,20965347,1,1.0,1.0,1.0,1.0,0.0,9.166666666666666,12,0,0.0,0.0,0.9804804804804805
near_tie,252,12,329,20965348,1,1.0,1.0,1.0,1.0,0.0,9.166666666666666,12,0,0.0,0.0,0.9837337337337339
near_tie,252,12,330,20965349,1,1.0,1.0,1.0,1.0,0.0,9.166666666666666,12,0,0.0,0.0,0.9915749082415749
near_tie,252,12,331,20965350,1,1.0,1.0,1.0,1.0,0.0,9.416666666666666,12,0,0.0,0.0,1.0
near_tie,252,12,332,20965351,1,1.0,1.0,1.0,1.0,1.0,9.5,12,0,0.0,0.0,1.0
near_tie,252,12,333,20965352,1,1.0,1.0,1.0,1.0,0.0,9.666666666666666,12,0,0.0,0.0,0.9994994994994995
near_tie,252,12,334,20965353,1,1.0,1.0,1.0,1.0,0.0,9.416666666666666,12,0,0.0,0.0,0.9610777444110779
near_tie,252,12,335,20965354,1,1.0,1.0,1.0,1.0,0.0,9.25,12,0,0.0,0.0,0.9896563229896563
near_tie,252,12,336,20965355,1,1.0,1.0,1.0,1.0,0.0,9.5,12,0,0.0,0.0,0.9871538204871539
near_tie,252,12,337,20965356,1,1.0,1.0,1.0,1.0,0.0,9.166666666666666,12,0,0.0,0.0,0.9932432432432432
near_tie,252,12,338,20965357,1,1.0,1.0,1.0,1.0,0.0,9.416666666666666,12,0,0.0,0.0,1.0
near_tie,252,12,339,20965358,1,1.0,1.0,1.0,1.0,0.0,9.25,12,0,0.0,0.0,0.9928261594928262
near_tie,252,12,340,20965359,1,1.0,1.0,1.0,1.0,0.0,9.083333333333334,12,0,0.0,0.0,0.9988321654988322
near_tie,252,12,341,20965360,1,1.0,1.0,1.0,1.0,0.0,9.916666666666666,12,0,0.0,0.0,0.9815648982315648
near_tie,252,12,342,20965361,1,1.0,1.0,1.0,1.0,0.0,9.416666666666666,12,0,0.0,0.0,0.9879879879879879
near_tie,252,12,343,20965362,1,1.0,1.0,1.0,1.0,0.0,9.5,12,0,0.0,0.0,0.989572906239573
near_tie,252,12,344,20965363,1,1.0,1.0,1.0,1.0,0.0,9.75,12,0,0.0,0.0,1.0
near_tie,252,12,345,20965364,1,1.0,1.0,1.0,1.0,0.0,9.333333333333334,12,0,0.0,0.0,0.9984984984984985
near_tie,252,12,346,20965365,1,1.0,1.0,1.0,1.0,0.0,9.333333333333334,12,0,0.0,0.0,0.9994994994994995
near_tie,252,12,347,20965366,1,1.0,1.0,1.0,1.0,0.0,9.0,12,0,0.0,0.0,0.996996996996997
near_tie,252,12,348,20965367,1,1.0,1.0,1.0,1.0,0.0,9.25,12,0,0.0,0.0,0.9951618284951619
near_tie,252,12,349,20965368,1,1.0,1.0,1.0,1.0,0.0,9.166666666666666,12,0,0.0,0.0,0.9968301634968302
near_tie,252,12,350,20965369,1,0.0,1.0,1.0,1.0,0.0,9.333333333333334,12,0,0.0,0.0,0.9994994994994995
near_tie,252,12,351,20965370,1,1.0,1.0,1.0,1.0,0.0,9.666666666666666,12,0,0.0,0.0,1.0
near_tie,252,12,352,20965371,1,1.0,1.0,1.0,1.0,0.0,9.333333333333334,12,0,0.0,0.0,0.9953286619953285
near_tie,252,12,353,20965372,1,1.0,1.0,1.0,1.0,0.0,9.166666666666666,12,0,0.0,0.0,0.9986653319986653
near_tie,252,12,354,20965373,1,0.0,1.0,1.0,1.0,0.0,8.916666666666666,12,0,0.0,0.0,0.9988321654988321
near_tie,252,12,355,20965374,1,1.0,1.0,1.0,1.0,0.0,9.25,12,0,0.0,0.0,1.0
near_tie,252,12,356,20965375,1,1.0,1.0,1.0,1.0,0.0,9.25,12,0,0.0,0.0,0.9964964964964965
near_tie,252,12,357,20965376,1,1.0,1.0,1.0,1.0,0.0,9.5,12,0,0.0,0.0,0.9984984984984985
near_tie,252,12,358,20965377,1,1.0,1.0,1.0,1.0,0.0,9.833333333333334,12,0,0.0,0.0,0.9886553219886552
near_tie,252,12,359,20965378,1,1.0,1.0,1.0,1.0,0.0,9.916666666666666,12,0,0.0,0.0,0.968702035368702
near_tie,252,12,360,20965379,1,1.0,1.0,1.0,1.0,0.0,9.25,12,0,0.0,0.0,0.9934934934934936
near_tie,252,12,361,20965380,1,1.0,1.0,1.0,1.0,0.0,9.333333333333334,12,0,0.0,0.0,0.9974974974974975
near_tie,252,12,362,20965381,1,1.0,1.0,1.0,1.0,0.0,9.166666666666666,12,0,0.0,0.0,0.994994994994995
near_tie,252,12,363,20965382,1,1.0,1.0,1.0,1.0,0.0,9.5,12,0,0.0,0.0,0.9986653319986654
near_tie,252,12,364,20965383,1,1.0,1.0,1.0,1.0,0.0,9.25,12,0,0.0,0.0,0.9994994994994995
near_tie,252,12,365,20965384,1,1.0,1.0,1.0,1.0,0.0,9.416666666666666,12,0,0.0,0.0,0.9984984984984985
near_tie,252,12,366,20965385,1,1.0,1.0,1.0,1.0,0.0,9.583333333333334,12,0,0.0,0.0,0.9932432432432432
near_tie,252,12,367,20965386,1,1.0,1.0,1.0,1.0,0.0,9.583333333333334,12,0,0.0,0.0,0.998998998998999
near_tie,252,12,368,20965387,1,1.0,1.0,1.0,1.0,0.0,9.25,12,0,0.0,0.0,0.998998998998999
near_tie,252,12,369,20965388,1,1.0,1.0,1.0,1.0,0.0,9.166666666666666,12,0,0.0,0.0,0.9983316649983316
near_tie,252,12,370,20965389,1,1.0,1.0,1.0,1.0,0.0,9.333333333333334,12,0,0.0,0.0,0.9919919919919921
near_tie,252,12,371,20965390,1,1.0,1.0,1.0,1.0,0.0,9.5,12,0,0.0,0.0,0.9867443200776534
near_tie,252,12,372,20965391,1,1.0,1.0,1.0,1.0,0.0,9.833333333333334,12,0,0.0,0.0,0.9919085752419086
near_tie,252,12,373,20965392,1,1.0,1.0,1.0,1.0,0.0,9.166666666666666,12,0,0.0,0.0,1.0
near_tie,252,12,374,20965393,1,1.0,1.0,1.0,1.0,0.0,9.25,12,0,0.0,0.0,0.9884884884884885
near_tie,252,12,375,20965394,1,1.0,1.0,1.0,1.0,0.0,9.333333333333334,12,0,0.0,0.0,0.978443595110262
near_tie,252,12,376,20965395,1,1.0,1.0,1.0,1.0,0.0,9.25,12,0,0.0,0.0,1.0
near_tie,252,12,377,20965396,1,0.0,1.0,1.0,1.0,0.0,9.333333333333334,12,0,0.0,0.0,0.9940774107440774
near_tie,252,12,378,20965397,1,1.0,1.0,1.0,1.0,0.0,9.833333333333334,12,0,0.0,0.0,0.9960794127460794
near_tie,252,12,379,20965398,1,1.0,1.0,1.0,1.0,0.0,9.333333333333334,12,0,0.0,0.0,0.998998998998999
near_tie,252,12,380,20965399,1,1.0,1.0,1.0,1.0,0.0,9.25,12,0,0.0,0.0,0.9984226650893318
near_tie,252,12,381,20965400,1,1.0,1.0,1.0,1.0,0.0,9.166666666666666,12,0,0.0,0.0,1.0
near_tie,252,12,382,20965401,1,1.0,1.0,1.0,1.0,0.0,9.666666666666666,12,0,0.0,0.0,0.9754754754754756
near_tie,252,12,383,20965402,1,1.0,1.0,1.0,1.0,0.0,9.416666666666666,12,0,0.0,0.0,0.9994994994994995
near_tie,252,12,384,20965403,1,1.0,1.0,1.0,1.0,0.0,9.666666666666666,12,0,0.0,0.0,0.9977477477477478
near_tie,252,12,385,20965404,1,1.0,1.0,1.0,1.0,0.0,9.833333333333334,12,0,0.0,0.0,0.9984984984984985
near_tie,252,12,386,20965405,1,1.0,1.0,1.0,1.0,0.0,9.166666666666666,12,0,0.0,0.0,1.0
near_tie,252,12,387,20965406,1,1.0,1.0,1.0,1.0,0.0,9.333333333333334,12,0,0.0,0.0,0.9887387387387386
near_tie,252,12,388,20965407,1,1.0,1.0,1.0,1.0,0.0,9.833333333333334,12,0,0.0,0.0,0.989472806139473
near_tie,252,12,389,20965408,1,1.0,1.0,1.0,1.0,0.0,9.25,12,0,0.0,0.0,0.996996996996997
near_tie,252,12,390,20965409,1,1.0,1.0,1.0,1.0,0.0,9.416666666666666,12,0,0.0,0.0,1.0
near_tie,252,12,391,20965410,1,1.0,1.0,1.0,1.0,0.0,9.333333333333334,12,0,0.0,0.0,0.9876543209876544
near_tie,252,12,392,20965411,1,1.0,1.0,1.0,1.0,0.0,9.166666666666666,12,0,0.0,0.0,0.9986653319986653
near_tie,252,12,393,20965412,1,1.0,1.0,1.0,1.0,0.0,9.166666666666666,12,0,0.0,0.0,0.9975884975884977
near_tie,252,12,394,20965413,1,1.0,1.0,1.0,1.0,0.0,9.583333333333334,12,0,0.0,0.0,1.0
near_tie,252,12,395,20965414,1,1.0,1.0,1.0,1.0,0.0,9.083333333333334,12,0,0.0,0.0,1.0
near_tie,252,12,396,20965415,1,1.0,1.0,1.0,1.0,1.0,9.166666666666666,12,0,0.0,0.0,1.0
near_tie,252,12,397,20965416,1,1.0,1.0,1.0,1.0,0.0,9.833333333333334,12,0,0.0,0.0,0.9820653987320652
near_tie,252,12,398,20965417,1,1.0,1.0,1.0,1.0,0.0,9.083333333333334,12,0,0.0,0.0,0.9974974974974975
near_tie,252,12,399,20965418,1,1.0,1.0,1.0,1.0,0.0,9.833333333333334,12,0,0.0,0.0,0.9954954954954955
near_tie,252,12,400,20965419,1,1.0,1.0,1.0,1.0,0.0,9.666666666666666,12,0,0.0,0.0,0.9974974974974975
near_tie,252,12,401,20965420,1,1.0,1.0,1.0,1.0,0.0,9.75,12,0,0.0,0.0,0.9847347347347348
near_tie,252,12,402,20965421,1,1.0,1.0,1.0,1.0,0.0,9.583333333333334,12,0,0.0,0.0,0.9956623289956623
near_tie,252,12,403,20965422,1,1.0,1.0,1.0,1.0,0.0,9.5,12,0,0.0,0.0,0.969734886401553
near_tie,252,12,404,20965423,1,1.0,1.0,1.0,1.0,0.0,9.416666666666666,12,0,0.0,0.0,0.9968301634968302
near_tie,252,12,405,20965424,1,1.0,1.0,1.0,1.0,0.0,9.166666666666666,12,0,0.0,0.0,0.988571905238572
near_tie,252,12,406,20965425,1,0.0,1.0,1.0,1.0,0.0,9.333333333333334,12,0,0.0,0.0,0.9905572238905572
near_tie,252,12,407,20965426,1,1.0,1.0,1.0,1.0,0.0,9.666666666666666,12,0,0.0,0.0,0.9894894894894894
near_tie,252,12,408,20965427,1,1.0,1.0,1.0,1.0,0.0,9.583333333333334,12,0,0.0,0.0,0.993576910243577
near_tie,252,12,409,20965428,1,1.0,1.0,1.0,1.0,0.0,9.083333333333334,12,0,0.0,0.0,0.998998998998999
near_tie,252,12,410,20965429,1,1.0,1.0,1.0,1.0,0.0,9.416666666666666,12,0,0.0,0.0,0.9968301634968301
near_tie,252,12,411,20965430,1,1.0,1.0,1.0,1.0,0.0,9.5,12,0,0.0,0.0,1.0
near_tie,252,12,412,20965431,1,1.0,1.0,1.0,1.0,1.0,9.583333333333334,12,0,0.0,0.0,0.9994994994994995
near_tie,252,12,413,20965432,1,1.0,1.0,1.0,1.0,0.0,9.5,12,0,0.0,0.0,0.9994994994994995
near_tie,252,12,414,20965433,1,1.0,1.0,1.0,1.0,0.0,9.25,12,0,0.0,0.0,0.9891558224891559
near_tie,252,12,415,20965434,1,1.0,1.0,1.0,1.0,0.0,9.666666666666666,12,0,0.0,0.0,0.9991658324991658
near_tie,252,12,416,20965435,1,1.0,1.0,1.0,1.0,0.0,9.5,12,0,0.0,0.0,0.995995995995996
near_tie,252,12,417,20965436,1,1.0,1.0,1.0,1.0,0.0,9.5,12,0,0.0,0.0,0.995412078745412
near_tie,252,12,418,20965437,1,1.0,1.0,1.0,1.0,0.0,9.666666666666666,12,0,0.0,0.0,0.997997997997998
near_tie,252,12,419,20965438,1,1.0,1.0,1.0,1.0,0.0,9.583333333333334,12,0,0.0,0.0,0.9993326659993327
near_tie,252,12,420,20965439,1,0.0,1.0,1.0,1.0,0.0,9.5,12,0,0.0,0.0,0.9974974974974975
near_tie,252,12,421,20965440,1,1.0,1.0,1.0,1.0,0.0,9.583333333333334,12,0,0.0,0.0,0.9967467467467468
near_tie,252,12,422,20965441,1,1.0,1.0,1.0,1.0,0.0,9.333333333333334,12,0,0.0,0.0,0.9965874965874965
near_tie,252,12,423,20965442,1,1.0,1.0,1.0,1.0,0.0,9.583333333333334,12,0,0.0,0.0,0.9946613279946613
near_tie,252,12,424,20965443,1,1.0,1.0,1.0,1.0,0.0,9.916666666666666,12,0,0.0,0.0,0.993993993993994
near_tie,252,12,425,20965444,1,1.0,1.0,1.0,1.0,0.0,9.416666666666666,12,0,0.0,0.0,0.997163830497164
near_tie,252,12,426,20965445,1,0.0,1.0,1.0,1.0,0.0,9.083333333333334,12,0,0.0,0.0,0.9994994994994995
near_tie,252,12,427,20965446,1,1.0,1.0,1.0,1.0,0.0,9.0,12,0,0.0,0.0,0.9908241574908241
near_tie,252,12,428,20965447,1,0.0,1.0,1.0,1.0,0.0,9.333333333333334,12,0,0.0,0.0,0.9994994994994995
near_tie,252,12,429,20965448,1,1.0,1.0,1.0,1.0,0.0,9.666666666666666,12,0,0.0,0.0,1.0
near_tie,252,12,430,20965449,1,1.0,1.0,1.0,1.0,0.0,9.5,12,0,0.0,0.0,1.0
near_tie,252,12,431,20965450,1,1.0,1.0,1.0,1.0,0.0,9.416666666666666,12,0,0.0,0.0,0.9873206539873207
near_tie,252,12,432,20965451,1,0.0,1.0,1.0,1.0,0.0,9.0,12,0,0.0,0.0,0.9929095762429097
near_tie,252,12,433,20965452,1,1.0,1.0,1.0,1.0,1.0,9.833333333333334,12,0,0.0,0.0,1.0
near_tie,252,12,434,20965453,1,1.0,1.0,1.0,1.0,0.0,9.916666666666666,12,0,0.0,0.0,0.9994994994994995
near_tie,252,12,435,20965454,1,1.0,1.0,1.0,1.0,0.0,10.0,12,0,0.0,0.0,0.9937437437437437
near_tie,252,12,436,20965455,1,1.0,1.0,1.0,1.0,0.0,9.416666666666666,12,0,0.0,0.0,0.9888221554888222
near_tie,252,12,437,20965456,1,0.0,1.0,1.0,1.0,0.0,8.916666666666666,12,0,0.0,0.0,1.0
near_tie,252,12,438,20965457,1,1.0,1.0,1.0,1.0,0.0,9.416666666666666,12,0,0.0,0.0,0.9984984984984985
near_tie,252,12,439,20965458,1,1.0,1.0,1.0,1.0,0.0,9.333333333333334,12,0,0.0,0.0,0.998998998998999
near_tie,252,12,440,20965459,1,1.0,1.0,1.0,1.0,0.0,9.5,12,0,0.0,0.0,0.997831164497831
near_tie,252,12,441,20965460,1,1.0,1.0,1.0,1.0,0.0,9.166666666666666,12,0,0.0,0.0,0.9994994994994995
near_tie,252,12,442,20965461,1,1.0,1.0,1.0,1.0,0.0,9.666666666666666,12,0,0.0,0.0,0.9974974974974975
near_tie,252,12,443,20965462,1,1.0,1.0,1.0,1.0,0.0,9.666666666666666,12,0,0.0,0.0,0.9916583249916583
near_tie,252,12,444,20965463,1,1.0,1.0,1.0,1.0,0.0,9.416666666666666,12,0,0.0,0.0,1.0
near_tie,252,12,445,20965464,1,1.0,1.0,1.0,1.0,0.0,9.416666666666666,12,0,0.0,0.0,0.9994994994994995
near_tie,252,12,446,20965465,1,1.0,1.0,1.0,1.0,0.0,9.333333333333334,12,0,0.0,0.0,0.9976643309976643
near_tie,252,12,447,20965466,1,1.0,1.0,1.0,1.0,0.0,9.416666666666666,12,0,0.0,0.0,0.9994994994994995
near_tie,252,12,448,20965467,1,1.0,1.0,1.0,1.0,0.0,9.25,12,0,0.0,0.0,0.9968301634968301
near_tie,252,12,449,20965468,1,1.0,1.0,1.0,1.0,0.0,9.5,12,0,0.0,0.0,0.995995995995996
near_tie,252,12,450,20965469,1,1.0,1.0,1.0,1.0,0.0,9.583333333333334,12,0,0.0,0.0,0.9854020687354019
near_tie,252,12,451,20965470,1,1.0,1.0,1.0,1.0,0.0,9.5,12,0,0.0,0.0,0.9934934934934934
near_tie,252,12,452,20965471,1,1.0,1.0,1.0,1.0,0.0,9.916666666666666,12,0,0.0,0.0,0.9968301634968301
near_tie,252,12,453,20965472,1,1.0,1.0,1.0,1.0,0.0,9.583333333333334,12,0,0.0,0.0,0.9412412412412414
near_tie,252,12,454,20965473,1,1.0,1.0,1.0,1.0,0.0,9.333333333333334,12,0,0.0,0.0,1.0
near_tie,252,12,455,20965474,1,1.0,1.0,1.0,1.0,0.0,9.75,12,0,0.0,0.0,0.9204537871204537
near_tie,252,12,456,20965475,1,1.0,1.0,1.0,1.0,0.0,9.333333333333334,12,0,0.0,0.0,0.9969135802469136
near_tie,252,12,457,20965476,1,1.0,1.0,1.0,1.0,0.0,9.25,12,0,0.0,0.0,1.0
near_tie,252,12,458,20965477,1,1.0,1.0,1.0,1.0,0.0,10.0,12,0,0.0,0.0,0.9943276609943276
near_tie,252,12,459,20965478,1,1.0,1.0,1.0,1.0,0.0,9.083333333333334,12,0,0.0,0.0,0.9951951951951953
near_tie,252,12,460,20965479,1,1.0,1.0,1.0,1.0,0.0,9.333333333333334,12,0,0.0,0.0,0.9911578244911579
near_tie,252,12,461,20965480,1,1.0,1.0,1.0,1.0,0.0,9.75,12,0,0.0,0.0,0.9994994994994995
near_tie,252,12,462,20965481,1,1.0,1.0,1.0,1.0,0.0,9.583333333333334,12,0,0.0,0.0,0.9994994994994995
near_tie,252,12,463,20965482,1,1.0,1.0,1.0,1.0,0.0,9.666666666666666,12,0,0.0,0.0,0.9963296629963297
near_tie,252,12,464,20965483,1,1.0,1.0,1.0,1.0,0.0,9.75,12,0,0.0,0.0,0.9979145812479145
near_tie,252,12,465,20965484,1,1.0,1.0,1.0,1.0,0.0,9.583333333333334,12,0,0.0,0.0,0.9894060727394062
near_tie,252,12,466,20965485,1,1.0,1.0,1.0,1.0,0.0,9.583333333333334,12,0,0.0,0.0,0.9914914914914915
near_tie,252,12,467,20965486,1,1.0,1.0,1.0,1.0,0.0,9.25,12,0,0.0,0.0,0.998998998998999
near_tie,252,12,468,20965487,1,1.0,1.0,1.0,1.0,0.0,9.583333333333334,12,0,0.0,0.0,0.9849849849849851
near_tie,252,12,469,20965488,1,1.0,1.0,1.0,1.0,0.0,9.5,12,0,0.0,0.0,0.9891891891891892
near_tie,252,12,470,20965489,1,1.0,1.0,1.0,1.0,0.0,9.25,12,0,0.0,0.0,1.0
near_tie,252,12,471,20965490,1,1.0,1.0,1.0,1.0,0.0,9.833333333333334,12,0,0.0,0.0,0.9869111535778203
near_tie,252,12,472,20965491,1,1.0,1.0,1.0,1.0,0.0,10.0,12,0,0.0,0.0,0.9911578244911576
near_tie,252,12,473,20965492,1,1.0,1.0,1.0,1.0,0.0,8.916666666666666,12,0,0.0,0.0,0.9936603269936604
near_tie,252,12,474,20965493,1,1.0,1.0,1.0,1.0,0.0,9.75,12,0,0.0,0.0,0.9863196529863196
near_tie,252,12,475,20965494,1,1.0,1.0,1.0,1.0,0.0,9.583333333333334,12,0,0.0,0.0,0.997997997997998
near_tie,252,12,476,20965495,1,1.0,1.0,1.0,1.0,0.0,9.25,12,0,0.0,0.0,1.0
near_tie,252,12,477,20965496,1,1.0,1.0,1.0,1.0,0.0,9.25,12,0,0.0,0.0,0.9996663329996665
near_tie,252,12,478,20965497,1,1.0,1.0,1.0,1.0,0.0,9.666666666666666,12,0,0.0,0.0,0.9984984984984985
near_tie,252,12,479,20965498,1,1.0,1.0,1.0,1.0,0.0,9.166666666666666,12,0,0.0,0.0,0.998998998998999
near_tie,252,12,480,20965499,1,1.0,1.0,1.0,1.0,0.0,9.416666666666666,12,0,0.0,0.0,0.9984984984984985
near_tie,252,12,481,20965500,1,1.0,1.0,1.0,1.0,0.0,9.5,12,0,0.0,0.0,0.9944110777444112
near_tie,252,12,482,20965501,1,1.0,1.0,1.0,1.0,0.0,9.75,12,0,0.0,0.0,0.9884050717384051
near_tie,252,12,483,20965502,1,1.0,1.0,1.0,1.0,0.0,9.416666666666666,12,0,0.0,0.0,0.9931598264931599
near_tie,252,12,484,20965503,1,1.0,1.0,1.0,1.0,0.0,10.0,12,0,0.0,0.0,0.992666909333576
near_tie,252,12,485,20965504,1,1.0,1.0,1.0,1.0,0.0,9.25,12,0,0.0,0.0,0.9939105772439106
near_tie,252,12,486,20965505,1,1.0,1.0,1.0,1.0,0.0,9.416666666666666,12,0,0.0,0.0,0.9982482482482482
near_tie,252,12,487,20965506,1,1.0,1.0,1.0,1.0,0.0,9.666666666666666,12,0,0.0,0.0,1.0
near_tie,252,12,488,20965507,1,1.0,1.0,1.0,1.0,0.0,9.75,12,0,0.0,0.0,1.0
near_tie,252,12,489,20965508,1,1.0,1.0,1.0,1.0,0.0,9.25,12,0,0.0,0.0,0.9957457457457458
near_tie,252,12,490,20965509,1,1.0,1.0,1.0,1.0,0.0,9.333333333333334,12,0,0.0,0.0,0.9907407407407408
near_tie,252,12,491,20965510,1,1.0,1.0,1.0,1.0,0.0,9.916666666666666,12,0,0.0,0.0,0.9852686019352687
near_tie,252,12,492,20965511,1,1.0,1.0,1.0,1.0,0.0,9.5,12,0,0.0,0.0,0.9821821821821822
near_tie,252,12,493,20965512,1,1.0,1.0,1.0,1.0,0.0,8.916666666666666,12,0,0.0,0.0,0.9924924924924925
near_tie,252,12,494,20965513,1,1.0,1.0,1.0,1.0,0.0,9.166666666666666,12,0,0.0,0.0,1.0
near_tie,252,12,495,20965514,1,1.0,1.0,1.0,1.0,0.0,9.666666666666666,12,0,0.0,0.0,0.9925759092425759
near_tie,252,12,496,20965515,1,1.0,1.0,1.0,1.0,0.0,9.166666666666666,12,0,0.0,0.0,0.996996996996997
near_tie,252,12,497,20965516,1,1.0,1.0,1.0,1.0,0.0,9.583333333333334,12,0,0.0,0.0,0.997831164497831
near_tie,252,12,498,20965517,1,1.0,1.0,1.0,1.0,0.0,9.666666666666666,12,0,0.0,0.0,0.9973306639973306
near_tie,252,12,499,20965518,1,1.0,1.0,1.0,1.0,0.0,9.333333333333334,12,0,0.0,0.0,0.996996996996997
near_tie,1008,12,0,21721019,1,1.0,1.0,1.0,1.0,1.0,6.333333333333333,12,0,0.0,0.0,1.0
near_tie,1008,12,1,21721020,1,1.0,1.0,1.0,1.0,0.0,6.0,12,0,0.0,0.0,1.0
near_tie,1008,12,2,21721021,1,1.0,1.0,1.0,1.0,1.0,6.75,12,0,0.0,0.0,1.0
near_tie,1008,12,3,21721022,1,1.0,1.0,1.0,1.0,0.0,6.0,12,0,0.0,0.08333333333333333,0.9990899990899991
near_tie,1008,12,4,21721023,1,1.0,1.0,1.0,1.0,0.0,5.0,12,0,0.0,0.08333333333333333,1.0
near_tie,1008,12,5,21721024,1,1.0,1.0,1.0,1.0,0.0,5.75,12,0,0.0,0.0,1.0
near_tie,1008,12,6,21721025,1,1.0,1.0,1.0,1.0,0.0,5.5,12,0,0.0,0.08333333333333333,1.0
near_tie,1008,12,7,21721026,1,1.0,1.0,1.0,1.0,0.0,6.25,12,0,0.0,0.0,1.0
near_tie,1008,12,8,21721027,1,1.0,1.0,1.0,1.0,1.0,5.916666666666667,12,0,0.0,0.0,1.0
near_tie,1008,12,9,21721028,1,1.0,1.0,1.0,1.0,1.0,6.0,12,0,0.0,0.0,1.0
near_tie,1008,12,10,21721029,1,1.0,1.0,1.0,1.0,0.0,7.333333333333333,12,0,0.0,0.0,0.9990899990899991
near_tie,1008,12,11,21721030,1,1.0,1.0,1.0,1.0,0.0,5.5,12,0,0.0,0.08333333333333333,1.0
near_tie,1008,12,12,21721031,1,1.0,1.0,1.0,1.0,0.0,6.916666666666667,12,0,0.0,0.0,1.0
near_tie,1008,12,13,21721032,1,1.0,1.0,1.0,1.0,1.0,5.083333333333333,12,0,0.0,0.08333333333333333,1.0
near_tie,1008,12,14,21721033,1,1.0,1.0,1.0,1.0,0.0,5.083333333333333,12,0,0.0,0.0,1.0
near_tie,1008,12,15,21721034,1,1.0,1.0,1.0,1.0,0.0,5.75,12,0,0.0,0.0,1.0
near_tie,1008,12,16,21721035,1,1.0,1.0,1.0,1.0,0.0,6.166666666666667,12,0,0.0,0.0,1.0
near_tie,1008,12,17,21721036,1,1.0,1.0,1.0,1.0,1.0,5.5,12,0,0.0,0.0,1.0
near_tie,1008,12,18,21721037,1,1.0,1.0,1.0,1.0,0.0,4.833333333333333,12,0,0.0,0.08333333333333333,1.0
near_tie,1008,12,19,21721038,1,1.0,1.0,1.0,1.0,0.0,5.5,12,0,0.0,0.0,1.0
near_tie,1008,12,20,21721039,1,1.0,1.0,1.0,1.0,0.0,6.666666666666667,12,0,0.0,0.0,0.9994994994994995
near_tie,1008,12,21,21721040,1,1.0,1.0,1.0,1.0,1.0,6.166666666666667,12,0,0.0,0.0,1.0
near_tie,1008,12,22,21721041,1,1.0,1.0,1.0,1.0,1.0,5.5,12,0,0.0,0.0,1.0
near_tie,1008,12,23,21721042,1,1.0,1.0,1.0,1.0,1.0,6.166666666666667,12,0,0.0,0.08333333333333333,1.0
near_tie,1008,12,24,21721043,1,1.0,1.0,1.0,1.0,0.0,6.833333333333333,12,0,0.0,0.0,1.0
near_tie,1008,12,25,21721044,1,1.0,1.0,1.0,1.0,1.0,5.416666666666667,12,0,0.0,0.08333333333333333,1.0
near_tie,1008,12,26,21721045,1,1.0,1.0,1.0,1.0,0.0,6.166666666666667,12,0,0.0,0.0,1.0
near_tie,1008,12,27,21721046,1,1.0,1.0,1.0,1.0,0.0,5.833333333333333,12,0,0.0,0.0,1.0
near_tie,1008,12,28,21721047,1,1.0,1.0,1.0,1.0,0.0,6.5,12,0,0.0,0.0,0.9981799981799983
near_tie,1008,12,29,21721048,1,1.0,1.0,1.0,1.0,0.0,5.583333333333333,12,0,0.0,0.0,1.0
near_tie,1008,12,30,21721049,1,1.0,1.0,1.0,1.0,0.0,6.25,12,0,0.0,0.0,1.0
near_tie,1008,12,31,21721050,1,1.0,1.0,1.0,1.0,0.0,5.5,12,0,0.0,0.0,0.999089999089999
near_tie,1008,12,32,21721051,1,1.0,1.0,1.0,1.0,1.0,6.25,12,0,0.0,0.0,1.0
near_tie,1008,12,33,21721052,1,1.0,1.0,1.0,1.0,0.0,5.75,12,0,0.0,0.0,1.0
near_tie,1008,12,34,21721053,1,1.0,1.0,1.0,1.0,0.0,5.333333333333333,12,0,0.0,0.0,1.0
near_tie,1008,12,35,21721054,1,1.0,1.0,1.0,1.0,0.0,6.5,12,0,0.0,0.0,1.0
near_tie,1008,12,36,21721055,1,1.0,1.0,1.0,1.0,1.0,6.583333333333333,12,0,0.0,0.0,1.0
near_tie,1008,12,37,21721056,1,1.0,1.0,1.0,1.0,0.0,6.333333333333333,12,0,0.0,0.0,1.0
near_tie,1008,12,38,21721057,1,1.0,1.0,1.0,1.0,0.0,6.0,12,0,0.0,0.0,1.0
near_tie,1008,12,39,21721058,1,1.0,1.0,1.0,1.0,0.0,5.0,12,0,0.0,0.0,1.0
near_tie,1008,12,40,21721059,1,1.0,1.0,1.0,1.0,0.0,6.583333333333333,12,0,0.0,0.0,0.9994994994994995
near_tie,1008,12,41,21721060,1,1.0,1.0,1.0,1.0,0.0,5.25,12,0,0.0,0.08333333333333333,1.0
near_tie,1008,12,42,21721061,1,1.0,1.0,1.0,1.0,0.0,6.333333333333333,12,0,0.0,0.0,1.0
near_tie,1008,12,43,21721062,1,1.0,1.0,1.0,1.0,1.0,6.0,12,0,0.0,0.0,1.0
near_tie,1008,12,44,21721063,1,1.0,1.0,1.0,1.0,0.0,4.916666666666667,12,0,0.0,0.08333333333333333,1.0
near_tie,1008,12,45,21721064,1,0.0,1.0,1.0,1.0,0.0,4.833333333333333,12,0,0.0,0.08333333333333333,1.0
near_tie,1008,12,46,21721065,1,1.0,1.0,1.0,1.0,0.0,6.0,12,0,0.0,0.0,1.0
near_tie,1008,12,47,21721066,1,1.0,1.0,1.0,1.0,0.0,5.333333333333333,12,0,0.0,0.08333333333333333,1.0
near_tie,1008,12,48,21721067,1,1.0,1.0,1.0,1.0,0.0,6.333333333333333,12,0,0.0,0.0,1.0
near_tie,1008,12,49,21721068,1,1.0,1.0,1.0,1.0,1.0,5.5,12,0,0.0,0.0,1.0
near_tie,1008,12,50,21721069,1,1.0,1.0,1.0,1.0,0.0,6.833333333333333,12,0,0.0,0.0,1.0
near_tie,1008,12,51,21721070,1,1.0,1.0,1.0,1.0,0.0,7.5,12,0,0.0,0.0,1.0
near_tie,1008,12,52,21721071,1,1.0,1.0,1.0,1.0,0.0,6.916666666666667,12,0,0.0,0.0,1.0
near_tie,1008,12,53,21721072,1,1.0,1.0,1.0,1.0,0.0,5.583333333333333,12,0,0.0,0.0,1.0
near_tie,1008,12,54,21721073,1,1.0,1.0,1.0,1.0,0.0,5.25,12,0,0.0,0.0,1.0
near_tie,1008,12,55,21721074,1,1.0,1.0,1.0,1.0,0.0,5.25,12,0,0.0,0.08333333333333333,1.0
near_tie,1008,12,56,21721075,1,1.0,1.0,1.0,1.0,1.0,5.166666666666667,12,0,0.0,0.08333333333333333,1.0
near_tie,1008,12,57,21721076,1,0.0,1.0,1.0,1.0,0.0,5.666666666666667,12,0,0.0,0.16666666666666666,1.0
near_tie,1008,12,58,21721077,1,1.0,1.0,1.0,1.0,0.0,7.25,12,0,0.0,0.0,1.0
near_tie,1008,12,59,21721078,1,1.0,1.0,1.0,1.0,0.0,6.166666666666667,12,0,0.0,0.0,1.0
near_tie,1008,12,60,21721079,1,1.0,1.0,1.0,1.0,0.0,6.083333333333333,12,0,0.0,0.0,1.0
near_tie,1008,12,61,21721080,1,1.0,1.0,1.0,1.0,0.0,5.083333333333333,12,0,0.0,0.0,1.0
near_tie,1008,12,62,21721081,1,1.0,1.0,1.0,1.0,0.0,6.0,12,0,0.0,0.0,1.0
near_tie,1008,12,63,21721082,1,1.0,1.0,1.0,1.0,0.0,5.833333333333333,12,0,0.0,0.0,1.0
near_tie,1008,12,64,21721083,1,1.0,1.0,1.0,1.0,0.0,5.5,12,0,0.0,0.0,1.0
near_tie,1008,12,65,21721084,1,1.0,1.0,1.0,1.0,0.0,6.0,12,0,0.0,0.0,1.0
near_tie,1008,12,66,21721085,1,1.0,1.0,1.0,1.0,0.0,5.5,12,0,0.0,0.0,1.0
near_tie,1008,12,67,21721086,1,1.0,1.0,1.0,1.0,0.0,6.75,12,0,0.0,0.0,1.0
near_tie,1008,12,68,21721087,1,1.0,1.0,1.0,1.0,0.0,5.916666666666667,12,0,0.0,0.0,1.0
near_tie,1008,12,69,21721088,1,1.0,1.0,1.0,1.0,0.0,6.666666666666667,12,0,0.0,0.0,1.0
near_tie,1008,12,70,21721089,1,1.0,1.0,1.0,1.0,1.0,5.833333333333333,12,0,0.0,0.08333333333333333,1.0
near_tie,1008,12,71,21721090,1,1.0,1.0,1.0,1.0,0.0,5.916666666666667,12,0,0.0,0.0,1.0
near_tie,1008,12,72,21721091,1,1.0,1.0,1.0,1.0,0.0,5.75,12,0,0.0,0.0,1.0
near_tie,1008,12,73,21721092,1,1.0,1.0,1.0,1.0,0.0,6.5,12,0,0.0,0.0,1.0
near_tie,1008,12,74,21721093,1,1.0,1.0,1.0,1.0,0.0,6.25,12,0,0.0,0.0,1.0
near_tie,1008,12,75,21721094,1,1.0,1.0,1.0,1.0,0.0,6.0,12,0,0.0,0.0,1.0
near_tie,1008,12,76,21721095,1,1.0,1.0,1.0,1.0,0.0,5.916666666666667,12,0,0.0,0.0,1.0
near_tie,1008,12,77,21721096,1,1.0,1.0,1.0,1.0,1.0,6.833333333333333,12,0,0.0,0.0,1.0
near_tie,1008,12,78,21721097,1,1.0,1.0,1.0,1.0,0.0,5.5,12,0,0.0,0.08333333333333333,1.0
near_tie,1008,12,79,21721098,1,1.0,1.0,1.0,1.0,0.0,7.083333333333333,12,0,0.0,0.0,1.0
near_tie,1008,12,80,21721099,1,1.0,1.0,1.0,1.0,0.0,5.833333333333333,12,0,0.0,0.0,1.0
near_tie,1008,12,81,21721100,1,1.0,1.0,1.0,1.0,0.0,6.25,12,0,0.0,0.0,0.9990899990899991
near_tie,1008,12,82,21721101,1,1.0,1.0,1.0,1.0,0.0,6.333333333333333,12,0,0.0,0.0,1.0
near_tie,1008,12,83,21721102,1,1.0,1.0,1.0,1.0,0.0,5.0,12,0,0.0,0.08333333333333333,1.0
near_tie,1008,12,84,21721103,1,1.0,1.0,1.0,1.0,0.0,6.333333333333333,12,0,0.0,0.0,1.0
near_tie,1008,12,85,21721104,1,1.0,1.0,1.0,1.0,1.0,6.5,12,0,0.0,0.0,1.0
near_tie,1008,12,86,21721105,1,1.0,1.0,1.0,1.0,0.0,5.083333333333333,12,0,0.0,0.08333333333333333,1.0
near_tie,1008,12,87,21721106,1,1.0,1.0,1.0,1.0,0.0,5.333333333333333,12,0,0.0,0.0,1.0
near_tie,1008,12,88,21721107,1,1.0,1.0,1.0,1.0,0.0,5.5,12,0,0.0,0.0,0.9990899990899991
near_tie,1008,12,89,21721108,1,1.0,1.0,1.0,1.0,0.0,5.333333333333333,12,0,0.0,0.0,1.0
near_tie,1008,12,90,21721109,1,1.0,1.0,1.0,1.0,0.0,6.583333333333333,12,0,0.0,0.0,1.0
near_tie,1008,12,91,21721110,1,1.0,1.0,1.0,1.0,0.0,6.166666666666667,12,0,0.0,0.0,1.0
near_tie,1008,12,92,21721111,1,1.0,1.0,1.0,1.0,0.0,5.416666666666667,12,0,0.0,0.0,1.0
near_tie,1008,12,93,21721112,1,1.0,1.0,1.0,1.0,0.0,5.25,12,0,0.0,0.0,1.0
near_tie,1008,12,94,21721113,1,1.0,1.0,1.0,1.0,0.0,6.333333333333333,12,0,0.0,0.0,0.999089999089999
near_tie,1008,12,95,21721114,1,1.0,1.0,1.0,1.0,1.0,4.833333333333333,12,0,0.0,0.0,1.0
near_tie,1008,12,96,21721115,1,1.0,1.0,1.0,1.0,0.0,6.0,12,0,0.0,0.0,1.0
near_tie,1008,12,97,21721116,1,1.0,1.0,1.0,1.0,0.0,6.0,12,0,0.0,0.0,1.0
near_tie,1008,12,98,21721117,1,1.0,1.0,1.0,1.0,0.0,5.916666666666667,12,0,0.0,0.0,1.0
near_tie,1008,12,99,21721118,1,0.0,1.0,1.0,1.0,0.0,6.333333333333333,12,0,0.0,0.0,1.0
near_tie,1008,12,100,21721119,1,1.0,1.0,1.0,1.0,0.0,5.333333333333333,12,0,0.0,0.0,1.0
near_tie,1008,12,101,21721120,1,1.0,1.0,1.0,1.0,0.0,5.416666666666667,12,0,0.0,0.0,1.0
near_tie,1008,12,102,21721121,1,1.0,1.0,1.0,1.0,1.0,6.166666666666667,12,0,0.0,0.0,1.0
near_tie,1008,12,103,21721122,1,1.0,1.0,1.0,1.0,0.0,5.25,12,0,0.0,0.08333333333333333,0.999089999089999
near_tie,1008,12,104,21721123,1,1.0,1.0,1.0,1.0,0.0,6.333333333333333,12,0,0.0,0.0,0.9981799981799983
near_tie,1008,12,105,21721124,1,1.0,1.0,1.0,1.0,1.0,6.916666666666667,12,0,0.0,0.0,1.0
near_tie,1008,12,106,21721125,1,1.0,1.0,1.0,1.0,0.0,6.083333333333333,12,0,0.0,0.0,1.0
near_tie,1008,12,107,21721126,1,1.0,1.0,1.0,1.0,0.0,6.166666666666667,12,0,0.0,0.0,1.0
near_tie,1008,12,108,21721127,1,1.0,1.0,1.0,1.0,0.0,6.166666666666667,12,0,0.0,0.0,1.0
near_tie,1008,12,109,21721128,1,1.0,1.0,1.0,1.0,0.0,6.75,12,0,0.0,0.0,1.0
near_tie,1008,12,110,21721129,1,0.0,1.0,1.0,1.0,0.0,5.25,12,0,0.0,0.0,1.0
near_tie,1008,12,111,21721130,1,1.0,1.0,1.0,1.0,0.0,5.583333333333333,12,0,0.0,0.0,1.0
near_tie,1008,12,112,21721131,1,1.0,1.0,1.0,1.0,0.0,6.416666666666667,12,0,0.0,0.0,1.0
near_tie,1008,12,113,21721132,1,1.0,1.0,1.0,1.0,0.0,5.583333333333333,12,0,0.0,0.08333333333333333,1.0
near_tie,1008,12,114,21721133,1,1.0,1.0,1.0,1.0,1.0,5.333333333333333,12,0,0.0,0.16666666666666666,1.0
near_tie,1008,12,115,21721134,1,1.0,1.0,1.0,1.0,0.0,6.666666666666667,12,0,0.0,0.0,1.0
near_tie,1008,12,116,21721135,1,1.0,1.0,1.0,1.0,0.0,6.0,12,0,0.0,0.0,1.0
near_tie,1008,12,117,21721136,1,1.0,1.0,1.0,1.0,0.0,6.666666666666667,12,0,0.0,0.0,1.0
near_tie,1008,12,118,21721137,1,1.0,1.0,1.0,1.0,0.0,6.083333333333333,12,0,0.0,0.08333333333333333,1.0
near_tie,1008,12,119,21721138,1,1.0,1.0,1.0,1.0,0.0,6.25,12,0,0.0,0.0,1.0
near_tie,1008,12,120,21721139,1,1.0,1.0,1.0,1.0,0.0,6.0,12,0,0.0,0.0,0.999089999089999
near_tie,1008,12,121,21721140,1,1.0,1.0,1.0,1.0,0.0,5.083333333333333,12,0,0.0,0.0,1.0
near_tie,1008,12,122,21721141,1,1.0,1.0,1.0,1.0,0.0,6.333333333333333,12,0,0.0,0.0,1.0
near_tie,1008,12,123,21721142,1,1.0,1.0,1.0,1.0,0.0,6.25,12,0,0.0,0.0,1.0
near_tie,1008,12,124,21721143,1,1.0,1.0,1.0,1.0,1.0,4.833333333333333,12,0,0.0,0.16666666666666666,1.0
near_tie,1008,12,125,21721144,1,1.0,1.0,1.0,1.0,0.0,6.5,12,0,0.0,0.0,1.0
near_tie,1008,12,126,21721145,1,1.0,1.0,1.0,1.0,0.0,5.833333333333333,12,0,0.0,0.0,1.0
near_tie,1008,12,127,21721146,1,1.0,1.0,1.0,1.0,0.0,5.5,12,0,0.0,0.08333333333333333,1.0
near_tie,1008,12,128,21721147,1,1.0,1.0,1.0,1.0,0.0,5.083333333333333,12,0,0.0,0.08333333333333333,1.0
near_tie,1008,12,129,21721148,1,1.0,1.0,1.0,1.0,0.0,7.583333333333333,12,0,0.0,0.0,1.0
near_tie,1008,12,130,21721149,1,1.0,1.0,1.0,1.0,0.0,5.666666666666667,12,0,0.0,0.0,1.0
near_tie,1008,12,131,21721150,1,1.0,1.0,1.0,1.0,0.0,5.0,12,0,0.0,0.0,1.0
near_tie,1008,12,132,21721151,1,1.0,1.0,1.0,1.0,1.0,6.083333333333333,12,0,0.0,0.0,1.0
near_tie,1008,12,133,21721152,1,1.0,1.0,1.0,1.0,0.0,6.083333333333333,12,0,0.0,0.0,1.0
near_tie,1008,12,134,21721153,1,1.0,1.0,1.0,1.0,0.0,6.166666666666667,12,0,0.0,0.0,1.0
near_tie,1008,12,135,21721154,1,1.0,1.0,1.0,1.0,0.0,6.166666666666667,12,0,0.0,0.0,1.0
near_tie,1008,12,136,21721155,1,1.0,1.0,1.0,1.0,0.0,5.916666666666667,12,0,0.0,0.0,0.9990899990899991
near_tie,1008,12,137,21721156,1,1.0,1.0,1.0,1.0,0.0,5.833333333333333,12,0,0.0,0.08333333333333333,1.0
near_tie,1008,12,138,21721157,1,1.0,1.0,1.0,1.0,0.0,5.666666666666667,12,0,0.0,0.0,1.0
near_tie,1008,12,139,21721158,1,1.0,1.0,1.0,1.0,0.0,6.583333333333333,12,0,0.0,0.0,1.0
near_tie,1008,12,140,21721159,1,1.0,1.0,1.0,1.0,0.0,6.083333333333333,12,0,0.0,0.0,0.9985894985894986
near_tie,1008,12,141,21721160,1,1.0,1.0,1.0,1.0,0.0,5.0,12,0,0.0,0.0,1.0
near_tie,1008,12,142,21721161,1,1.0,1.0,1.0,1.0,0.0,6.166666666666667,12,0,0.0,0.0,1.0
near_tie,1008,12,143,21721162,1,1.0,1.0,1.0,1.0,0.0,5.833333333333333,12,0,0.0,0.0,1.0
near_tie,1008,12,144,21721163,1,1.0,1.0,1.0,1.0,0.0,5.916666666666667,12,0,0.0,0.0,1.0
near_tie,1008,12,145,21721164,1,1.0,1.0,1.0,1.0,0.0,5.75,12,0,0.0,0.0,1.0
near_tie,1008,12,146,21721165,1,1.0,1.0,1.0,1.0,0.0,5.833333333333333,12,0,0.0,0.0,1.0
near_tie,1008,12,147,21721166,1,1.0,1.0,1.0,1.0,0.0,5.583333333333333,12,0,0.0,0.0,1.0
near_tie,1008,12,148,21721167,1,1.0,1.0,1.0,1.0,0.0,6.083333333333333,12,0,0.0,0.0,0.9994994994994995
near_tie,1008,12,149,21721168,1,1.0,1.0,1.0,1.0,0.0,7.0,12,0,0.0,0.0,0.9981799981799983
near_tie,1008,12,150,21721169,1,1.0,1.0,1.0,1.0,0.0,6.25,12,0,0.0,0.0,1.0
near_tie,1008,12,151,21721170,1,1.0,1.0,1.0,1.0,0.0,5.916666666666667,12,0,0.0,0.0,1.0
near_tie,1008,12,152,21721171,1,1.0,1.0,1.0,1.0,0.0,6.75,12,0,0.0,0.0,1.0
near_tie,1008,12,153,21721172,1,1.0,1.0,1.0,1.0,1.0,6.416666666666667,12,0,0.0,0.0,1.0
near_tie,1008,12,154,21721173,1,1.0,1.0,1.0,1.0,0.0,6.083333333333333,12,0,0.0,0.0,1.0
near_tie,1008,12,155,21721174,1,1.0,1.0,1.0,1.0,0.0,6.333333333333333,12,0,0.0,0.0,1.0
near_tie,1008,12,156,21721175,1,1.0,1.0,1.0,1.0,0.0,5.5,12,0,0.0,0.0,1.0
near_tie,1008,12,157,21721176,1,1.0,1.0,1.0,1.0,0.0,5.25,12,0,0.0,0.08333333333333333,1.0
near_tie,1008,12,158,21721177,1,0.0,1.0,1.0,1.0,0.0,6.25,12,0,0.0,0.08333333333333333,1.0
near_tie,1008,12,159,21721178,1,1.0,1.0,1.0,1.0,0.0,6.916666666666667,12,0,0.0,0.0,0.9994994994994995
near_tie,1008,12,160,21721179,1,1.0,1.0,1.0,1.0,0.0,6.333333333333333,12,0,0.0,0.0,0.998998998998999
near_tie,1008,12,161,21721180,1,1.0,1.0,1.0,1.0,1.0,6.0,12,0,0.0,0.0,1.0
near_tie,1008,12,162,21721181,1,1.0,1.0,1.0,1.0,0.0,6.166666666666667,12,0,0.0,0.0,1.0
near_tie,1008,12,163,21721182,1,1.0,1.0,1.0,1.0,0.0,5.916666666666667,12,0,0.0,0.0,1.0
near_tie,1008,12,164,21721183,1,1.0,1.0,1.0,1.0,0.0,6.333333333333333,12,0,0.0,0.0,1.0
near_tie,1008,12,165,21721184,1,1.0,1.0,1.0,1.0,0.0,5.583333333333333,12,0,0.0,0.0,1.0
near_tie,1008,12,166,21721185,1,1.0,1.0,1.0,1.0,0.0,5.666666666666667,12,0,0.0,0.0,1.0
near_tie,1008,12,167,21721186,1,1.0,1.0,1.0,1.0,0.0,6.666666666666667,12,0,0.0,0.0,1.0
near_tie,1008,12,168,21721187,1,1.0,1.0,1.0,1.0,1.0,5.5,12,0,0.0,0.08333333333333333,1.0
near_tie,1008,12,169,21721188,1,1.0,1.0,1.0,1.0,0.0,5.083333333333333,12,0,0.0,0.0,1.0
near_tie,1008,12,170,21721189,1,1.0,1.0,1.0,1.0,0.0,6.166666666666667,12,0,0.0,0.0,1.0
near_tie,1008,12,171,21721190,1,1.0,1.0,1.0,1.0,1.0,5.916666666666667,12,0,0.0,0.0,1.0
near_tie,1008,12,172,21721191,1,1.0,1.0,1.0,1.0,1.0,5.583333333333333,12,0,0.0,0.0,1.0
near_tie,1008,12,173,21721192,1,1.0,1.0,1.0,1.0,0.0,6.0,12,0,0.0,0.0,1.0
near_tie,1008,12,174,21721193,1,1.0,1.0,1.0,1.0,0.0,5.75,12,0,0.0,0.0,1.0
near_tie,1008,12,175,21721194,1,1.0,1.0,1.0,1.0,0.0,7.166666666666667,12,0,0.0,0.0,1.0
near_tie,1008,12,176,21721195,1,1.0,1.0,1.0,1.0,0.0,5.5,12,0,0.0,0.0,1.0
near_tie,1008,12,177,21721196,1,0.0,1.0,1.0,1.0,0.0,5.5,12,0,0.0,0.0,1.0
near_tie,1008,12,178,21721197,1,1.0,1.0,1.0,1.0,0.0,6.0,12,0,0.0,0.0,1.0
near_tie,1008,12,179,21721198,1,1.0,1.0,1.0,1.0,1.0,6.416666666666667,12,0,0.0,0.0,1.0
near_tie,1008,12,180,21721199,1,0.0,1.0,1.0,1.0,0.0,5.75,12,0,0.0,0.0,0.999089999089999
near_tie,1008,12,181,21721200,1,1.0,1.0,1.0,1.0,0.0,6.666666666666667,12,0,0.0,0.0,1.0
near_tie,1008,12,182,21721201,1,1.0,1.0,1.0,1.0,0.0,5.666666666666667,12,0,0.0,0.08333333333333333,1.0
near_tie,1008,12,183,21721202,1,1.0,1.0,1.0,1.0,0.0,6.583333333333333,12,0,0.0,0.0,1.0
near_tie,1008,12,184,21721203,1,1.0,1.0,1.0,1.0,0.0,6.0,12,0,0.0,0.0,1.0
near_tie,1008,12,185,21721204,1,1.0,1.0,1.0,1.0,0.0,5.916666666666667,12,0,0.0,0.0,1.0
near_tie,1008,12,186,21721205,1,0.0,1.0,1.0,1.0,0.0,6.083333333333333,12,0,0.0,0.0,1.0
near_tie,1008,12,187,21721206,1,1.0,1.0,1.0,1.0,0.0,7.0,12,0,0.0,0.0,1.0
near_tie,1008,12,188,21721207,1,1.0,1.0,1.0,1.0,0.0,5.25,12,0,0.0,0.0,1.0
near_tie,1008,12,189,21721208,1,1.0,1.0,1.0,1.0,0.0,6.833333333333333,12,0,0.0,0.0,1.0
near_tie,1008,12,190,21721209,1,1.0,1.0,1.0,1.0,0.0,5.25,12,0,0.0,0.0,1.0
near_tie,1008,12,191,21721210,1,1.0,1.0,1.0,1.0,0.0,6.5,12,0,0.0,0.0,1.0
near_tie,1008,12,192,21721211,1,1.0,1.0,1.0,1.0,0.0,6.5,12,0,0.0,0.0,1.0
near_tie,1008,12,193,21721212,1,1.0,1.0,1.0,1.0,0.0,6.0,12,0,0.0,0.0,1.0
near_tie,1008,12,194,21721213,1,1.0,1.0,1.0,1.0,0.0,6.333333333333333,12,0,0.0,0.0,1.0
near_tie,1008,12,195,21721214,1,1.0,1.0,1.0,1.0,1.0,6.083333333333333,12,0,0.0,0.0,1.0
near_tie,1008,12,196,21721215,1,1.0,1.0,1.0,1.0,0.0,6.666666666666667,12,0,0.0,0.0,0.998998998998999
near_tie,1008,12,197,21721216,1,1.0,1.0,1.0,1.0,0.0,5.416666666666667,12,0,0.0,0.0,1.0
near_tie,1008,12,198,21721217,1,1.0,1.0,1.0,1.0,0.0,5.583333333333333,12,0,0.0,0.0,1.0
near_tie,1008,12,199,21721218,1,1.0,1.0,1.0,1.0,0.0,5.333333333333333,12,0,0.0,0.0,1.0
near_tie,1008,12,200,21721219,1,1.0,1.0,1.0,1.0,0.0,6.916666666666667,12,0,0.0,0.0,1.0
near_tie,1008,12,201,21721220,1,1.0,1.0,1.0,1.0,0.0,5.916666666666667,12,0,0.0,0.0,1.0
near_tie,1008,12,202,21721221,1,1.0,1.0,1.0,1.0,0.0,6.583333333333333,12,0,0.0,0.0,1.0
near_tie,1008,12,203,21721222,1,1.0,1.0,1.0,1.0,1.0,5.666666666666667,12,0,0.0,0.0,1.0
near_tie,1008,12,204,21721223,1,1.0,1.0,1.0,1.0,0.0,5.5,12,0,0.0,0.0,1.0
near_tie,1008,12,205,21721224,1,1.0,1.0,1.0,1.0,0.0,6.333333333333333,12,0,0.0,0.0,0.9990899990899991
near_tie,1008,12,206,21721225,1,1.0,1.0,1.0,1.0,0.0,5.0,12,0,0.0,0.0,1.0
near_tie,1008,12,207,21721226,1,1.0,1.0,1.0,1.0,0.0,6.416666666666667,12,0,0.0,0.0,1.0
near_tie,1008,12,208,21721227,1,1.0,1.0,1.0,1.0,0.0,6.083333333333333,12,0,0.0,0.0,0.9990899990899991
near_tie,1008,12,209,21721228,1,1.0,1.0,1.0,1.0,0.0,6.333333333333333,12,0,0.0,0.0,1.0
near_tie,1008,12,210,21721229,1,1.0,1.0,1.0,1.0,0.0,5.583333333333333,12,0,0.0,0.08333333333333333,1.0
near_tie,1008,12,211,21721230,1,1.0,1.0,1.0,1.0,0.0,6.75,12,0,0.0,0.0,1.0
near_tie,1008,12,212,21721231,1,1.0,1.0,1.0,1.0,0.0,4.916666666666667,12,0,0.0,0.08333333333333333,1.0
near_tie,1008,12,213,21721232,1,1.0,1.0,1.0,1.0,0.0,6.75,12,0,0.0,0.0,1.0
near_tie,1008,12,214,21721233,1,1.0,1.0,1.0,1.0,0.0,5.0,12,0,0.0,0.08333333333333333,1.0
near_tie,1008,12,215,21721234,1,1.0,1.0,1.0,1.0,0.0,5.75,12,0,0.0,0.0,1.0
near_tie,1008,12,216,21721235,1,1.0,1.0,1.0,1.0,0.0,5.75,12,0,0.0,0.0,1.0
near_tie,1008,12,217,21721236,1,1.0,1.0,1.0,1.0,0.0,5.833333333333333,12,0,0.0,0.0,1.0
near_tie,1008,12,218,21721237,1,1.0,1.0,1.0,1.0,0.0,5.916666666666667,12,0,0.0,0.0,1.0
near_tie,1008,12,219,21721238,1,1.0,1.0,1.0,1.0,0.0,5.833333333333333,12,0,0.0,0.0,1.0
near_tie,1008,12,220,21721239,1,1.0,1.0,1.0,1.0,0.0,6.166666666666667,12,0,0.0,0.0,1.0
near_tie,1008,12,221,21721240,1,1.0,1.0,1.0,1.0,0.0,6.166666666666667,12,0,0.0,0.0,1.0
near_tie,1008,12,222,21721241,1,1.0,1.0,1.0,1.0,0.0,6.666666666666667,12,0,0.0,0.0,1.0
near_tie,1008,12,223,21721242,1,1.0,1.0,1.0,1.0,0.0,5.0,12,0,0.0,0.08333333333333333,1.0
near_tie,1008,12,224,21721243,1,1.0,1.0,1.0,1.0,0.0,6.333333333333333,12,0,0.0,0.08333333333333333,1.0
near_tie,1008,12,225,21721244,1,1.0,1.0,1.0,1.0,1.0,5.583333333333333,12,0,0.0,0.16666666666666666,0.9990899990899991
near_tie,1008,12,226,21721245,1,1.0,1.0,1.0,1.0,0.0,6.333333333333333,12,0,0.0,0.0,1.0
near_tie,1008,12,227,21721246,1,1.0,1.0,1.0,1.0,0.0,5.583333333333333,12,0,0.0,0.0,0.9990899990899991
near_tie,1008,12,228,21721247,1,1.0,1.0,1.0,1.0,0.0,7.583333333333333,12,0,0.0,0.0,1.0
near_tie,1008,12,229,21721248,1,1.0,1.0,1.0,1.0,1.0,6.416666666666667,12,0,0.0,0.0,1.0
near_tie,1008,12,230,21721249,1,1.0,1.0,1.0,1.0,0.0,6.416666666666667,12,0,0.0,0.0,1.0
near_tie,1008,12,231,21721250,1,1.0,1.0,1.0,1.0,0.0,6.166666666666667,12,0,0.0,0.0,1.0
near_tie,1008,12,232,21721251,1,0.0,1.0,1.0,1.0,0.0,5.666666666666667,12,0,0.0,0.08333333333333333,1.0
near_tie,1008,12,233,21721252,1,1.0,1.0,1.0,1.0,0.0,7.083333333333333,12,0,0.0,0.0,1.0
near_tie,1008,12,234,21721253,1,1.0,1.0,1.0,1.0,0.0,5.583333333333333,12,0,0.0,0.0,1.0
near_tie,1008,12,235,21721254,1,1.0,1.0,1.0,1.0,0.0,7.0,12,0,0.0,0.0,1.0
near_tie,1008,12,236,21721255,1,1.0,1.0,1.0,1.0,0.0,6.166666666666667,12,0,0.0,0.0,1.0
near_tie,1008,12,237,21721256,1,1.0,1.0,1.0,1.0,0.0,6.333333333333333,12,0,0.0,0.0,0.9994994994994995
near_tie,1008,12,238,21721257,1,1.0,1.0,1.0,1.0,0.0,6.333333333333333,12,0,0.0,0.0,1.0
near_tie,1008,12,239,21721258,1,1.0,1.0,1.0,1.0,0.0,5.416666666666667,12,0,0.0,0.0,1.0
near_tie,1008,12,240,21721259,1,1.0,1.0,1.0,1.0,0.0,5.25,12,0,0.0,0.0,0.9990899990899991
near_tie,1008,12,241,21721260,1,1.0,1.0,1.0,1.0,1.0,4.916666666666667,12,0,0.0,0.0,1.0
near_tie,1008,12,242,21721261,1,1.0,1.0,1.0,1.0,0.0,6.583333333333333,12,0,0.0,0.0,1.0
near_tie,1008,12,243,21721262,1,1.0,1.0,1.0,1.0,0.0,5.833333333333333,12,0,0.0,0.0,1.0
near_tie,1008,12,244,21721263,1,1.0,1.0,1.0,1.0,1.0,5.916666666666667,12,0,0.0,0.0,1.0
near_tie,1008,12,245,21721264,1,1.0,1.0,1.0,1.0,0.0,5.833333333333333,12,0,0.0,0.0,1.0
near_tie,1008,12,246,21721265,1,1.0,1.0,1.0,1.0,0.0,5.583333333333333,12,0,0.0,0.0,1.0
near_tie,1008,12,247,21721266,1,1.0,1.0,1.0,1.0,0.0,4.333333333333333,12,0,0.0,0.08333333333333333,1.0
near_tie,1008,12,248,21721267,1,1.0,1.0,1.0,1.0,0.0,5.5,12,0,0.0,0.08333333333333333,1.0
near_tie,1008,12,249,21721268,1,1.0,1.0,1.0,1.0,1.0,5.666666666666667,12,0,0.0,0.0,1.0
near_tie,1008,12,250,21721269,1,1.0,1.0,1.0,1.0,0.0,5.666666666666667,12,0,0.0,0.0,1.0
near_tie,1008,12,251,21721270,1,1.0,1.0,1.0,1.0,0.0,6.583333333333333,12,0,0.0,0.0,1.0
near_tie,1008,12,252,21721271,1,1.0,1.0,1.0,1.0,0.0,6.333333333333333,12,0,0.0,0.08333333333333333,1.0
near_tie,1008,12,253,21721272,1,1.0,1.0,1.0,1.0,0.0,6.333333333333333,12,0,0.0,0.0,1.0
near_tie,1008,12,254,21721273,1,1.0,1.0,1.0,1.0,0.0,6.666666666666667,12,0,0.0,0.0,1.0
near_tie,1008,12,255,21721274,1,1.0,1.0,1.0,1.0,0.0,5.416666666666667,12,0,0.0,0.16666666666666666,1.0
near_tie,1008,12,256,21721275,1,1.0,1.0,1.0,1.0,0.0,6.416666666666667,12,0,0.0,0.08333333333333333,1.0
near_tie,1008,12,257,21721276,1,1.0,1.0,1.0,1.0,0.0,4.583333333333333,12,0,0.0,0.08333333333333333,1.0
near_tie,1008,12,258,21721277,1,1.0,1.0,1.0,1.0,0.0,6.166666666666667,12,0,0.0,0.0,1.0
near_tie,1008,12,259,21721278,1,1.0,1.0,1.0,1.0,0.0,5.083333333333333,12,0,0.0,0.08333333333333333,1.0
near_tie,1008,12,260,21721279,1,1.0,1.0,1.0,1.0,0.0,6.166666666666667,12,0,0.0,0.0,1.0
near_tie,1008,12,261,21721280,1,1.0,1.0,1.0,1.0,0.0,6.083333333333333,12,0,0.0,0.0,1.0
near_tie,1008,12,262,21721281,1,1.0,1.0,1.0,1.0,0.0,6.25,12,0,0.0,0.0,1.0
near_tie,1008,12,263,21721282,1,1.0,1.0,1.0,1.0,1.0,6.666666666666667,12,0,0.0,0.0,1.0
near_tie,1008,12,264,21721283,1,1.0,1.0,1.0,1.0,0.0,5.916666666666667,12,0,0.0,0.0,1.0
near_tie,1008,12,265,21721284,1,1.0,1.0,1.0,1.0,0.0,6.25,12,0,0.0,0.0,1.0
near_tie,1008,12,266,21721285,1,0.0,1.0,1.0,1.0,1.0,6.583333333333333,12,0,0.0,0.0,1.0
near_tie,1008,12,267,21721286,1,1.0,1.0,1.0,1.0,0.0,5.583333333333333,12,0,0.0,0.0,1.0
near_tie,1008,12,268,21721287,1,1.0,1.0,1.0,1.0,0.0,6.333333333333333,12,0,0.0,0.0,1.0
near_tie,1008,12,269,21721288,1,1.0,1.0,1.0,1.0,0.0,6.5,12,0,0.0,0.0,1.0
near_tie,1008,12,270,21721289,1,0.0,1.0,1.0,1.0,0.0,6.25,12,0,0.0,0.0,1.0
near_tie,1008,12,271,21721290,1,0.0,1.0,1.0,1.0,0.0,6.0,12,0,0.0,0.0,1.0
near_tie,1008,12,272,21721291,1,1.0,1.0,1.0,1.0,0.0,6.416666666666667,12,0,0.0,0.0,1.0
near_tie,1008,12,273,21721292,1,0.0,1.0,1.0,1.0,0.0,6.083333333333333,12,0,0.0,0.08333333333333333,1.0
near_tie,1008,12,274,21721293,1,1.0,1.0,1.0,1.0,0.0,7.166666666666667,12,0,0.0,0.0,1.0
near_tie,1008,12,275,21721294,1,1.0,1.0,1.0,1.0,0.0,5.583333333333333,12,0,0.0,0.0,1.0
near_tie,1008,12,276,21721295,1,1.0,1.0,1.0,1.0,0.0,5.416666666666667,12,0,0.0,0.0,1.0
near_tie,1008,12,277,21721296,1,1.0,1.0,1.0,1.0,0.0,6.583333333333333,12,0,0.0,0.0,1.0
near_tie,1008,12,278,21721297,1,1.0,1.0,1.0,1.0,0.0,5.0,12,0,0.0,0.0,1.0
near_tie,1008,12,279,21721298,1,1.0,1.0,1.0,1.0,0.0,6.416666666666667,12,0,0.0,0.0,0.998998998998999
near_tie,1008,12,280,21721299,1,1.0,1.0,1.0,1.0,0.0,6.416666666666667,12,0,0.0,0.0,1.0
near_tie,1008,12,281,21721300,1,1.0,1.0,1.0,1.0,0.0,5.666666666666667,12,0,0.0,0.08333333333333333,0.9994994994994995
near_tie,1008,12,282,21721301,1,1.0,1.0,1.0,1.0,0.0,5.833333333333333,12,0,0.0,0.0,1.0
near_tie,1008,12,283,21721302,1,1.0,1.0,1.0,1.0,0.0,5.75,12,0,0.0,0.0,1.0
near_tie,1008,12,284,21721303,1,0.0,1.0,1.0,1.0,0.0,5.833333333333333,12,0,0.0,0.0,1.0
near_tie,1008,12,285,21721304,1,1.0,1.0,1.0,1.0,0.0,5.75,12,0,0.0,0.0,1.0
near_tie,1008,12,286,21721305,1,1.0,1.0,1.0,1.0,0.0,6.0,12,0,0.0,0.0,1.0
near_tie,1008,12,287,21721306,1,1.0,1.0,1.0,1.0,0.0,6.5,12,0,0.0,0.0,1.0
near_tie,1008,12,288,21721307,1,1.0,1.0,1.0,1.0,0.0,6.0,12,0,0.0,0.0,1.0
near_tie,1008,12,289,21721308,1,1.0,1.0,1.0,1.0,0.0,6.583333333333333,12,0,0.0,0.0,1.0
near_tie,1008,12,290,21721309,1,1.0,1.0,1.0,1.0,0.0,4.666666666666667,12,0,0.0,0.16666666666666666,1.0
near_tie,1008,12,291,21721310,1,1.0,1.0,1.0,1.0,0.0,4.75,12,0,0.0,0.08333333333333333,1.0
near_tie,1008,12,292,21721311,1,1.0,1.0,1.0,1.0,1.0,6.5,12,0,0.0,0.0,1.0
near_tie,1008,12,293,21721312,1,1.0,1.0,1.0,1.0,0.0,6.916666666666667,12,0,0.0,0.0,0.9990899990899991
near_tie,1008,12,294,21721313,1,1.0,1.0,1.0,1.0,0.0,6.416666666666667,12,0,0.0,0.0,1.0
near_tie,1008,12,295,21721314,1,1.0,1.0,1.0,1.0,0.0,7.083333333333333,12,0,0.0,0.0,1.0
near_tie,1008,12,296,21721315,1,1.0,1.0,1.0,1.0,0.0,5.75,12,0,0.0,0.0,1.0
near_tie,1008,12,297,21721316,1,1.0,1.0,1.0,1.0,0.0,5.333333333333333,12,0,0.0,0.0,1.0
near_tie,1008,12,298,21721317,1,0.0,1.0,1.0,1.0,0.0,5.416666666666667,12,0,0.0,0.0,1.0
near_tie,1008,12,299,21721318,1,1.0,1.0,1.0,1.0,0.0,6.416666666666667,12,0,0.0,0.0,0.998998998998999
near_tie,1008,12,300,21721319,1,1.0,1.0,1.0,1.0,0.0,5.75,12,0,0.0,0.0,1.0
near_tie,1008,12,301,21721320,1,1.0,1.0,1.0,1.0,1.0,5.5,12,0,0.0,0.08333333333333333,1.0
near_tie,1008,12,302,21721321,1,1.0,1.0,1.0,1.0,1.0,6.5,12,0,0.0,0.0,1.0
near_tie,1008,12,303,21721322,1,1.0,1.0,1.0,1.0,0.0,6.0,12,0,0.0,0.0,1.0
near_tie,1008,12,304,21721323,1,1.0,1.0,1.0,1.0,0.0,5.0,12,0,0.0,0.0,1.0
near_tie,1008,12,305,21721324,1,1.0,1.0,1.0,1.0,0.0,6.583333333333333,12,0,0.0,0.0,1.0
near_tie,1008,12,306,21721325,1,1.0,1.0,1.0,1.0,0.0,5.333333333333333,12,0,0.0,0.0,1.0
near_tie,1008,12,307,21721326,1,1.0,1.0,1.0,1.0,0.0,7.25,12,0,0.0,0.0,0.999089999089999
near_tie,1008,12,308,21721327,1,1.0,1.0,1.0,1.0,0.0,5.333333333333333,12,0,0.0,0.0,1.0
near_tie,1008,12,309,21721328,1,1.0,1.0,1.0,1.0,0.0,4.75,12,0,0.0,0.0,1.0
near_tie,1008,12,310,21721329,1,1.0,1.0,1.0,1.0,0.0,5.416666666666667,12,0,0.0,0.0,1.0
near_tie,1008,12,311,21721330,1,1.0,1.0,1.0,1.0,1.0,5.333333333333333,12,0,0.0,0.0,1.0
near_tie,1008,12,312,21721331,1,1.0,1.0,1.0,1.0,0.0,4.25,12,0,0.0,0.0,1.0
near_tie,1008,12,313,21721332,1,1.0,1.0,1.0,1.0,1.0,5.0,12,0,0.0,0.0,1.0
near_tie,1008,12,314,21721333,1,1.0,1.0,1.0,1.0,0.0,5.916666666666667,12,0,0.0,0.0,1.0
near_tie,1008,12,315,21721334,1,1.0,1.0,1.0,1.0,1.0,5.75,12,0,0.0,0.0,1.0
near_tie,1008,12,316,21721335,1,1.0,1.0,1.0,1.0,1.0,5.833333333333333,12,0,0.0,0.0,1.0
near_tie,1008,12,317,21721336,1,1.0,1.0,1.0,1.0,0.0,4.916666666666667,12,0,0.0,0.16666666666666666,1.0
near_tie,1008,12,318,21721337,1,1.0,1.0,1.0,1.0,0.0,6.75,12,0,0.0,0.0,0.9990899990899991
near_tie,1008,12,319,21721338,1,1.0,1.0,1.0,1.0,0.0,6.666666666666667,12,0,0.0,0.0,1.0
near_tie,1008,12,320,21721339,1,1.0,1.0,1.0,1.0,0.0,5.75,12,0,0.0,0.0,1.0
near_tie,1008,12,321,21721340,1,1.0,1.0,1.0,1.0,0.0,5.583333333333333,12,0,0.0,0.0,1.0
near_tie,1008,12,322,21721341,1,1.0,1.0,1.0,1.0,0.0,6.666666666666667,12,0,0.0,0.0,1.0
near_tie,1008,12,323,21721342,1,1.0,1.0,1.0,1.0,0.0,6.083333333333333,12,0,0.0,0.0,0.9994994994994995
near_tie,1008,12,324,21721343,1,1.0,1.0,1.0,1.0,1.0,4.583333333333333,12,0,0.0,0.08333333333333333,1.0
near_tie,1008,12,325,21721344,1,1.0,1.0,1.0,1.0,0.0,5.916666666666667,12,0,0.0,0.0,1.0
near_tie,1008,12,326,21721345,1,1.0,1.0,1.0,1.0,0.0,6.166666666666667,12,0,0.0,0.0,1.0
near_tie,1008,12,327,21721346,1,1.0,1.0,1.0,1.0,0.0,5.083333333333333,12,0,0.0,0.0,0.9981799981799981
near_tie,1008,12,328,21721347,1,1.0,1.0,1.0,1.0,1.0,5.333333333333333,12,0,0.0,0.0,1.0
near_tie,1008,12,329,21721348,1,1.0,1.0,1.0,1.0,0.0,5.916666666666667,12,0,0.0,0.0,1.0
near_tie,1008,12,330,21721349,1,1.0,1.0,1.0,1.0,0.0,5.333333333333333,12,0,0.0,0.0,1.0
near_tie,1008,12,331,21721350,1,1.0,1.0,1.0,1.0,0.0,6.833333333333333,12,0,0.0,0.0,1.0
near_tie,1008,12,332,21721351,1,1.0,1.0,1.0,1.0,0.0,5.75,12,0,0.0,0.0,1.0
near_tie,1008,12,333,21721352,1,1.0,1.0,1.0,1.0,0.0,4.916666666666667,12,0,0.0,0.0,1.0
near_tie,1008,12,334,21721353,1,1.0,1.0,1.0,1.0,0.0,6.333333333333333,12,0,0.0,0.0,1.0
near_tie,1008,12,335,21721354,1,1.0,1.0,1.0,1.0,0.0,6.75,12,0,0.0,0.0,1.0
near_tie,1008,12,336,21721355,1,1.0,1.0,1.0,1.0,1.0,6.5,12,0,0.0,0.0,1.0
near_tie,1008,12,337,21721356,1,1.0,1.0,1.0,1.0,0.0,6.0,12,0,0.0,0.08333333333333333,1.0
near_tie,1008,12,338,21721357,1,1.0,1.0,1.0,1.0,0.0,6.166666666666667,12,0,0.0,0.0,1.0
near_tie,1008,12,339,21721358,1,1.0,1.0,1.0,1.0,0.0,6.083333333333333,12,0,0.0,0.0,1.0
near_tie,1008,12,340,21721359,1,1.0,1.0,1.0,1.0,0.0,6.333333333333333,12,0,0.0,0.0,1.0
near_tie,1008,12,341,21721360,1,1.0,1.0,1.0,1.0,0.0,5.333333333333333,12,0,0.0,0.08333333333333333,1.0
near_tie,1008,12,342,21721361,1,1.0,1.0,1.0,1.0,0.0,6.5,12,0,0.0,0.0,0.9985894985894985
near_tie,1008,12,343,21721362,1,1.0,1.0,1.0,1.0,0.0,6.666666666666667,12,0,0.0,0.0,1.0
near_tie,1008,12,344,21721363,1,1.0,1.0,1.0,1.0,0.0,5.916666666666667,12,0,0.0,0.0,1.0
near_tie,1008,12,345,21721364,1,1.0,1.0,1.0,1.0,0.0,5.916666666666667,12,0,0.0,0.08333333333333333,1.0
near_tie,1008,12,346,21721365,1,1.0,1.0,1.0,1.0,1.0,6.75,12,0,0.0,0.0,0.9990899990899991
near_tie,1008,12,347,21721366,1,1.0,1.0,1.0,1.0,0.0,6.25,12,0,0.0,0.0,1.0
near_tie,1008,12,348,21721367,1,1.0,1.0,1.0,1.0,0.0,5.75,12,0,0.0,0.0,1.0
near_tie,1008,12,349,21721368,1,1.0,1.0,1.0,1.0,0.0,5.916666666666667,12,0,0.0,0.0,1.0
near_tie,1008,12,350,21721369,1,1.0,1.0,1.0,1.0,0.0,5.833333333333333,12,0,0.0,0.0,1.0
near_tie,1008,12,351,21721370,1,1.0,1.0,1.0,1.0,0.0,5.25,12,0,0.0,0.0,1.0
near_tie,1008,12,352,21721371,1,1.0,1.0,1.0,1.0,0.0,5.083333333333333,12,0,0.0,0.0,1.0
near_tie,1008,12,353,21721372,1,1.0,1.0,1.0,1.0,0.0,4.916666666666667,12,0,0.0,0.0,1.0
near_tie,1008,12,354,21721373,1,1.0,1.0,1.0,1.0,0.0,6.25,12,0,0.0,0.0,1.0
near_tie,1008,12,355,21721374,1,1.0,1.0,1.0,1.0,0.0,5.916666666666667,12,0,0.0,0.0,1.0
near_tie,1008,12,356,21721375,1,1.0,1.0,1.0,1.0,0.0,5.833333333333333,12,0,0.0,0.0,0.9990899990899991
near_tie,1008,12,357,21721376,1,1.0,1.0,1.0,1.0,0.0,6.333333333333333,12,0,0.0,0.0,1.0
near_tie,1008,12,358,21721377,1,1.0,1.0,1.0,1.0,0.0,6.166666666666667,12,0,0.0,0.0,1.0
near_tie,1008,12,359,21721378,1,1.0,1.0,1.0,1.0,1.0,7.166666666666667,12,0,0.0,0.0,1.0
near_tie,1008,12,360,21721379,1,1.0,1.0,1.0,1.0,0.0,7.166666666666667,12,0,0.0,0.0,1.0
near_tie,1008,12,361,21721380,1,1.0,1.0,1.0,1.0,0.0,7.5,12,0,0.0,0.0,1.0
near_tie,1008,12,362,21721381,1,1.0,1.0,1.0,1.0,1.0,6.916666666666667,12,0,0.0,0.0,1.0
near_tie,1008,12,363,21721382,1,1.0,1.0,1.0,1.0,0.0,5.916666666666667,12,0,0.0,0.0,1.0
near_tie,1008,12,364,21721383,1,1.0,1.0,1.0,1.0,0.0,6.333333333333333,12,0,0.0,0.0,1.0
near_tie,1008,12,365,21721384,1,1.0,1.0,1.0,1.0,0.0,5.416666666666667,12,0,0.0,0.0,1.0
near_tie,1008,12,366,21721385,1,1.0,1.0,1.0,1.0,0.0,4.25,12,0,0.0,0.0,1.0
near_tie,1008,12,367,21721386,1,1.0,1.0,1.0,1.0,0.0,6.666666666666667,12,0,0.0,0.0,1.0
near_tie,1008,12,368,21721387,1,1.0,1.0,1.0,1.0,1.0,6.666666666666667,12,0,0.0,0.0,1.0
near_tie,1008,12,369,21721388,1,1.0,1.0,1.0,1.0,0.0,6.5,12,0,0.0,0.0,1.0
near_tie,1008,12,370,21721389,1,1.0,1.0,1.0,1.0,0.0,7.083333333333333,12,0,0.0,0.0,1.0
near_tie,1008,12,371,21721390,1,1.0,1.0,1.0,1.0,0.0,6.166666666666667,12,0,0.0,0.0,1.0
near_tie,1008,12,372,21721391,1,1.0,1.0,1.0,1.0,0.0,5.833333333333333,12,0,0.0,0.0,1.0
near_tie,1008,12,373,21721392,1,1.0,1.0,1.0,1.0,0.0,6.083333333333333,12,0,0.0,0.0,1.0
near_tie,1008,12,374,21721393,1,0.0,1.0,1.0,1.0,0.0,6.583333333333333,12,0,0.0,0.08333333333333333,1.0
near_tie,1008,12,375,21721394,1,1.0,1.0,1.0,1.0,0.0,4.75,12,0,0.0,0.16666666666666666,1.0
near_tie,1008,12,376,21721395,1,1.0,1.0,1.0,1.0,0.0,6.583333333333333,12,0,0.0,0.0,1.0
near_tie,1008,12,377,21721396,1,1.0,1.0,1.0,1.0,0.0,7.25,12,0,0.0,0.0,1.0
near_tie,1008,12,378,21721397,1,1.0,1.0,1.0,1.0,0.0,5.666666666666667,12,0,0.0,0.0,1.0
near_tie,1008,12,379,21721398,1,1.0,1.0,1.0,1.0,0.0,6.0,12,0,0.0,0.0,1.0
near_tie,1008,12,380,21721399,1,1.0,1.0,1.0,1.0,0.0,6.75,12,0,0.0,0.0,1.0
near_tie,1008,12,381,21721400,1,1.0,1.0,1.0,1.0,0.0,5.583333333333333,12,0,0.0,0.0,1.0
near_tie,1008,12,382,21721401,1,1.0,1.0,1.0,1.0,0.0,4.75,12,0,0.0,0.08333333333333333,1.0
near_tie,1008,12,383,21721402,1,0.0,1.0,1.0,1.0,0.0,6.333333333333333,12,0,0.0,0.0,1.0
near_tie,1008,12,384,21721403,1,1.0,1.0,1.0,1.0,0.0,5.416666666666667,12,0,0.0,0.0,1.0
near_tie,1008,12,385,21721404,1,1.0,1.0,1.0,1.0,0.0,6.083333333333333,12,0,0.0,0.0,1.0
near_tie,1008,12,386,21721405,1,1.0,1.0,1.0,1.0,1.0,6.166666666666667,12,0,0.0,0.0,1.0
near_tie,1008,12,387,21721406,1,1.0,1.0,1.0,1.0,1.0,5.5,12,0,0.0,0.0,1.0
near_tie,1008,12,388,21721407,1,1.0,1.0,1.0,1.0,0.0,5.25,12,0,0.0,0.0,1.0
near_tie,1008,12,389,21721408,1,1.0,1.0,1.0,1.0,1.0,5.083333333333333,12,0,0.0,0.08333333333333333,1.0
near_tie,1008,12,390,21721409,1,0.0,1.0,1.0,1.0,0.0,6.416666666666667,12,0,0.0,0.0,1.0
near_tie,1008,12,391,21721410,1,1.0,1.0,1.0,1.0,0.0,4.166666666666667,12,0,0.0,0.08333333333333333,1.0
near_tie,1008,12,392,21721411,1,1.0,1.0,1.0,1.0,0.0,5.833333333333333,12,0,0.0,0.0,1.0
near_tie,1008,12,393,21721412,1,0.0,1.0,1.0,1.0,0.0,6.916666666666667,12,0,0.0,0.0,1.0
near_tie,1008,12,394,21721413,1,1.0,1.0,1.0,1.0,0.0,4.583333333333333,12,0,0.0,0.08333333333333333,1.0
near_tie,1008,12,395,21721414,1,1.0,1.0,1.0,1.0,0.0,6.0,12,0,0.0,0.0,1.0
near_tie,1008,12,396,21721415,1,1.0,1.0,1.0,1.0,0.0,5.5,12,0,0.0,0.08333333333333333,1.0
near_tie,1008,12,397,21721416,1,1.0,1.0,1.0,1.0,0.0,6.333333333333333,12,0,0.0,0.0,1.0
near_tie,1008,12,398,21721417,1,1.0,1.0,1.0,1.0,0.0,6.833333333333333,12,0,0.0,0.0,1.0
near_tie,1008,12,399,21721418,1,1.0,1.0,1.0,1.0,0.0,4.916666666666667,12,0,0.0,0.08333333333333333,1.0
near_tie,1008,12,400,21721419,1,1.0,1.0,1.0,1.0,0.0,5.083333333333333,12,0,0.0,0.08333333333333333,1.0
near_tie,1008,12,401,21721420,1,1.0,1.0,1.0,1.0,0.0,5.833333333333333,12,0,0.0,0.0,1.0
near_tie,1008,12,402,21721421,1,1.0,1.0,1.0,1.0,0.0,6.166666666666667,12,0,0.0,0.0,1.0
near_tie,1008,12,403,21721422,1,1.0,1.0,1.0,1.0,0.0,6.666666666666667,12,0,0.0,0.0,1.0
near_tie,1008,12,404,21721423,1,1.0,1.0,1.0,1.0,1.0,5.5,12,0,0.0,0.08333333333333333,1.0
near_tie,1008,12,405,21721424,1,1.0,1.0,1.0,1.0,0.0,6.916666666666667,12,0,0.0,0.0,1.0
near_tie,1008,12,406,21721425,1,1.0,1.0,1.0,1.0,1.0,5.666666666666667,12,0,0.0,0.0,1.0
near_tie,1008,12,407,21721426,1,1.0,1.0,1.0,1.0,1.0,4.333333333333333,12,0,0.0,0.0,1.0
near_tie,1008,12,408,21721427,1,1.0,1.0,1.0,1.0,0.0,5.833333333333333,12,0,0.0,0.0,1.0
near_tie,1008,12,409,21721428,1,1.0,1.0,1.0,1.0,0.0,5.666666666666667,12,0,0.0,0.0,1.0
near_tie,1008,12,410,21721429,1,1.0,1.0,1.0,1.0,0.0,6.5,12,0,0.0,0.0,0.9972699972699973
near_tie,1008,12,411,21721430,1,1.0,1.0,1.0,1.0,0.0,5.333333333333333,12,0,0.0,0.0,1.0
near_tie,1008,12,412,21721431,1,1.0,1.0,1.0,1.0,0.0,5.583333333333333,12,0,0.0,0.0,1.0
near_tie,1008,12,413,21721432,1,1.0,1.0,1.0,1.0,0.0,6.083333333333333,12,0,0.0,0.0,1.0
near_tie,1008,12,414,21721433,1,1.0,1.0,1.0,1.0,0.0,6.083333333333333,12,0,0.0,0.0,1.0
near_tie,1008,12,415,21721434,1,1.0,1.0,1.0,1.0,1.0,6.083333333333333,12,0,0.0,0.08333333333333333,1.0
near_tie,1008,12,416,21721435,1,1.0,1.0,1.0,1.0,0.0,6.916666666666667,12,0,0.0,0.0,1.0
near_tie,1008,12,417,21721436,1,1.0,1.0,1.0,1.0,0.0,5.916666666666667,12,0,0.0,0.0,1.0
near_tie,1008,12,418,21721437,1,1.0,1.0,1.0,1.0,1.0,6.0,12,0,0.0,0.0,1.0
near_tie,1008,12,419,21721438,1,1.0,1.0,1.0,1.0,0.0,6.083333333333333,12,0,0.0,0.0,1.0
near_tie,1008,12,420,21721439,1,1.0,1.0,1.0,1.0,0.0,7.0,12,0,0.0,0.0,1.0
near_tie,1008,12,421,21721440,1,1.0,1.0,1.0,1.0,0.0,6.416666666666667,12,0,0.0,0.0,1.0
near_tie,1008,12,422,21721441,1,1.0,1.0,1.0,1.0,1.0,5.916666666666667,12,0,0.0,0.0,1.0
near_tie,1008,12,423,21721442,1,1.0,1.0,1.0,1.0,0.0,5.833333333333333,12,0,0.0,0.0,1.0
near_tie,1008,12,424,21721443,1,1.0,1.0,1.0,1.0,0.0,6.083333333333333,12,0,0.0,0.0,0.9994994994994995
near_tie,1008,12,425,21721444,1,1.0,1.0,1.0,1.0,0.0,6.5,12,0,0.0,0.0,1.0
near_tie,1008,12,426,21721445,1,0.0,1.0,1.0,1.0,0.0,6.25,12,0,0.0,0.0,1.0
near_tie,1008,12,427,21721446,1,1.0,1.0,1.0,1.0,0.0,5.416666666666667,12,0,0.0,0.0,1.0
near_tie,1008,12,428,21721447,1,1.0,1.0,1.0,1.0,0.0,6.833333333333333,12,0,0.0,0.0,1.0
near_tie,1008,12,429,21721448,1,1.0,1.0,1.0,1.0,0.0,7.083333333333333,12,0,0.0,0.0,1.0
near_tie,1008,12,430,21721449,1,1.0,1.0,1.0,1.0,0.0,6.5,12,0,0.0,0.0,1.0
near_tie,1008,12,431,21721450,1,1.0,1.0,1.0,1.0,0.0,5.916666666666667,12,0,0.0,0.0,1.0
near_tie,1008,12,432,21721451,1,1.0,1.0,1.0,1.0,0.0,6.0,12,0,0.0,0.0,1.0
near_tie,1008,12,433,21721452,1,1.0,1.0,1.0,1.0,0.0,6.583333333333333,12,0,0.0,0.0,1.0
near_tie,1008,12,434,21721453,1,1.0,1.0,1.0,1.0,0.0,6.833333333333333,12,0,0.0,0.0,1.0
near_tie,1008,12,435,21721454,1,1.0,1.0,1.0,1.0,0.0,6.583333333333333,12,0,0.0,0.0,1.0
near_tie,1008,12,436,21721455,1,1.0,1.0,1.0,1.0,0.0,5.833333333333333,12,0,0.0,0.0,1.0
near_tie,1008,12,437,21721456,1,0.0,1.0,1.0,1.0,0.0,4.916666666666667,12,0,0.0,0.0,1.0
near_tie,1008,12,438,21721457,1,1.0,1.0,1.0,1.0,0.0,6.666666666666667,12,0,0.0,0.0,1.0
near_tie,1008,12,439,21721458,1,1.0,1.0,1.0,1.0,0.0,5.833333333333333,12,0,0.0,0.0,1.0
near_tie,1008,12,440,21721459,1,1.0,1.0,1.0,1.0,0.0,6.166666666666667,12,0,0.0,0.0,1.0
near_tie,1008,12,441,21721460,1,1.0,1.0,1.0,1.0,0.0,6.916666666666667,12,0,0.0,0.0,1.0
near_tie,1008,12,442,21721461,1,1.0,1.0,1.0,1.0,0.0,6.0,12,0,0.0,0.0,1.0
near_tie,1008,12,443,21721462,1,1.0,1.0,1.0,1.0,0.0,5.75,12,0,0.0,0.0,1.0
near_tie,1008,12,444,21721463,1,1.0,1.0,1.0,1.0,0.0,6.416666666666667,12,0,0.0,0.0,1.0
near_tie,1008,12,445,21721464,1,1.0,1.0,1.0,1.0,0.0,6.0,12,0,0.0,0.0,1.0
near_tie,1008,12,446,21721465,1,1.0,1.0,1.0,1.0,0.0,4.833333333333333,12,0,0.0,0.0,1.0
near_tie,1008,12,447,21721466,1,1.0,1.0,1.0,1.0,0.0,6.0,12,0,0.0,0.0,1.0
near_tie,1008,12,448,21721467,1,1.0,1.0,1.0,1.0,0.0,5.583333333333333,12,0,0.0,0.0,1.0
near_tie,1008,12,449,21721468,1,1.0,1.0,1.0,1.0,0.0,6.166666666666667,12,0,0.0,0.0,1.0
near_tie,1008,12,450,21721469,1,1.0,1.0,1.0,1.0,0.0,6.0,12,0,0.0,0.0,1.0
near_tie,1008,12,451,21721470,1,1.0,1.0,1.0,1.0,0.0,5.0,12,0,0.0,0.0,1.0
near_tie,1008,12,452,21721471,1,1.0,1.0,1.0,1.0,0.0,5.916666666666667,12,0,0.0,0.08333333333333333,1.0
near_tie,1008,12,453,21721472,1,1.0,1.0,1.0,1.0,0.0,5.083333333333333,12,0,0.0,0.0,1.0
near_tie,1008,12,454,21721473,1,1.0,1.0,1.0,1.0,0.0,6.916666666666667,12,0,0.0,0.0,1.0
near_tie,1008,12,455,21721474,1,1.0,1.0,1.0,1.0,1.0,6.666666666666667,12,0,0.0,0.0,1.0
near_tie,1008,12,456,21721475,1,1.0,1.0,1.0,1.0,0.0,6.25,12,0,0.0,0.0,1.0
near_tie,1008,12,457,21721476,1,1.0,1.0,1.0,1.0,1.0,6.583333333333333,12,0,0.0,0.0,1.0
near_tie,1008,12,458,21721477,1,1.0,1.0,1.0,1.0,0.0,5.416666666666667,12,0,0.0,0.08333333333333333,1.0
near_tie,1008,12,459,21721478,1,1.0,1.0,1.0,1.0,1.0,5.833333333333333,12,0,0.0,0.0,1.0
near_tie,1008,12,460,21721479,1,1.0,1.0,1.0,1.0,0.0,6.916666666666667,12,0,0.0,0.0,1.0
near_tie,1008,12,461,21721480,1,1.0,1.0,1.0,1.0,0.0,5.5,12,0,0.0,0.0,1.0
near_tie,1008,12,462,21721481,1,1.0,1.0,1.0,1.0,0.0,6.416666666666667,12,0,0.0,0.0,1.0
near_tie,1008,12,463,21721482,1,1.0,1.0,1.0,1.0,0.0,5.083333333333333,12,0,0.0,0.0,0.999089999089999
near_tie,1008,12,464,21721483,1,1.0,1.0,1.0,1.0,0.0,5.25,12,0,0.0,0.0,1.0
near_tie,1008,12,465,21721484,1,1.0,1.0,1.0,1.0,0.0,6.416666666666667,12,0,0.0,0.0,1.0
near_tie,1008,12,466,21721485,1,1.0,1.0,1.0,1.0,0.0,5.083333333333333,12,0,0.0,0.0,1.0
near_tie,1008,12,467,21721486,1,1.0,1.0,1.0,1.0,0.0,6.916666666666667,12,0,0.0,0.0,1.0
near_tie,1008,12,468,21721487,1,1.0,1.0,1.0,1.0,0.0,6.0,12,0,0.0,0.0,1.0
near_tie,1008,12,469,21721488,1,1.0,1.0,1.0,1.0,1.0,5.583333333333333,12,0,0.0,0.08333333333333333,1.0
near_tie,1008,12,470,21721489,1,1.0,1.0,1.0,1.0,0.0,5.5,12,0,0.0,0.0,1.0
near_tie,1008,12,471,21721490,1,1.0,1.0,1.0,1.0,0.0,5.666666666666667,12,0,0.0,0.0,1.0
near_tie,1008,12,472,21721491,1,1.0,1.0,1.0,1.0,0.0,5.083333333333333,12,0,0.0,0.0,1.0
near_tie,1008,12,473,21721492,1,1.0,1.0,1.0,1.0,0.0,5.5,12,0,0.0,0.0,1.0
near_tie,1008,12,474,21721493,1,1.0,1.0,1.0,1.0,0.0,5.0,12,0,0.0,0.08333333333333333,1.0
near_tie,1008,12,475,21721494,1,1.0,1.0,1.0,1.0,0.0,5.833333333333333,12,0,0.0,0.0,1.0
near_tie,1008,12,476,21721495,1,1.0,1.0,1.0,1.0,1.0,5.166666666666667,12,0,0.0,0.08333333333333333,1.0
near_tie,1008,12,477,21721496,1,1.0,1.0,1.0,1.0,0.0,6.0,12,0,0.0,0.0,1.0
near_tie,1008,12,478,21721497,1,0.0,1.0,1.0,1.0,0.0,5.333333333333333,12,0,0.0,0.08333333333333333,1.0
near_tie,1008,12,479,21721498,1,1.0,1.0,1.0,1.0,0.0,6.333333333333333,12,0,0.0,0.0,1.0
near_tie,1008,12,480,21721499,1,1.0,1.0,1.0,1.0,0.0,6.416666666666667,12,0,0.0,0.0,1.0
near_tie,1008,12,481,21721500,1,0.0,1.0,1.0,1.0,0.0,5.0,12,0,0.0,0.08333333333333333,1.0
near_tie,1008,12,482,21721501,1,1.0,1.0,1.0,1.0,0.0,5.416666666666667,12,0,0.0,0.0,0.9990899990899991
near_tie,1008,12,483,21721502,1,1.0,1.0,1.0,1.0,0.0,7.083333333333333,12,0,0.0,0.0,0.9994994994994995
near_tie,1008,12,484,21721503,1,1.0,1.0,1.0,1.0,0.0,6.416666666666667,12,0,0.0,0.0,1.0
near_tie,1008,12,485,21721504,1,1.0,1.0,1.0,1.0,0.0,5.833333333333333,12,0,0.0,0.0,1.0
near_tie,1008,12,486,21721505,1,1.0,1.0,1.0,1.0,1.0,6.166666666666667,12,0,0.0,0.0,1.0
near_tie,1008,12,487,21721506,1,1.0,1.0,1.0,1.0,1.0,7.0,12,0,0.0,0.0,1.0
near_tie,1008,12,488,21721507,1,1.0,1.0,1.0,1.0,1.0,5.166666666666667,12,0,0.0,0.08333333333333333,1.0
near_tie,1008,12,489,21721508,1,1.0,1.0,1.0,1.0,0.0,5.166666666666667,12,0,0.0,0.08333333333333333,1.0
near_tie,1008,12,490,21721509,1,1.0,1.0,1.0,1.0,0.0,4.75,12,0,0.0,0.0,1.0
near_tie,1008,12,491,21721510,1,1.0,1.0,1.0,1.0,0.0,6.333333333333333,12,0,0.0,0.0,0.9990899990899991
near_tie,1008,12,492,21721511,1,1.0,1.0,1.0,1.0,0.0,6.833333333333333,12,0,0.0,0.0,1.0
near_tie,1008,12,493,21721512,1,0.0,1.0,1.0,1.0,0.0,5.333333333333333,12,0,0.0,0.08333333333333333,0.999089999089999
near_tie,1008,12,494,21721513,1,1.0,1.0,1.0,1.0,0.0,6.583333333333333,12,0,0.0,0.0,1.0
near_tie,1008,12,495,21721514,1,1.0,1.0,1.0,1.0,1.0,6.25,12,0,0.0,0.0,1.0
near_tie,1008,12,496,21721515,1,1.0,1.0,1.0,1.0,0.0,5.75,12,0,0.0,0.08333333333333333,1.0
near_tie,1008,12,497,21721516,1,1.0,1.0,1.0,1.0,1.0,5.666666666666667,12,0,0.0,0.0,1.0
near_tie,1008,12,498,21721517,1,1.0,1.0,1.0,1.0,0.0,6.583333333333333,12,0,0.0,0.0,1.0
near_tie,1008,12,499,21721518,1,0.0,1.0,1.0,1.0,1.0,5.583333333333333,12,0,0.0,0.0,1.0
ar_star,126,12,0,30839019,5,1.0,1.0,1.0,1.0,1.0,10.0,12,0,0.0,0.0,1.0
ar_star,126,12,1,30839020,5,0.0,1.0,1.0,1.0,1.0,10.0,12,0,0.0,0.0,1.0
ar_star,126,12,2,30839021,5,1.0,1.0,1.0,1.0,1.0,9.833333333333334,12,0,0.0,0.0,1.0
ar_star,126,12,3,30839022,5,1.0,1.0,1.0,1.0,0.0,9.833333333333334,12,0,0.0,0.0,0.9996663329996663
ar_star,126,12,4,30839023,5,0.0,1.0,1.0,1.0,0.0,10.0,12,0,0.0,0.0,1.0
ar_star,126,12,5,30839024,5,1.0,1.0,1.0,1.0,1.0,10.0,12,0,0.0,0.0,1.0
ar_star,126,12,6,30839025,5,0.0,1.0,1.0,1.0,0.0,9.666666666666666,12,0,0.0,0.0,1.0
ar_star,126,12,7,30839026,5,1.0,1.0,1.0,1.0,1.0,10.0,12,0,0.0,0.0,1.0
ar_star,126,12,8,30839027,5,0.0,1.0,1.0,1.0,0.0,9.916666666666666,12,0,0.0,0.0,1.0
ar_star,126,12,9,30839028,5,0.0,1.0,1.0,1.0,1.0,10.0,12,0,0.0,0.0,1.0
ar_star,126,12,10,30839029,5,1.0,1.0,1.0,1.0,1.0,9.916666666666666,12,0,0.0,0.0,1.0
ar_star,126,12,11,30839030,5,1.0,1.0,1.0,1.0,1.0,10.0,12,0,0.0,0.0,1.0
ar_star,126,12,12,30839031,5,1.0,1.0,1.0,1.0,1.0,9.916666666666666,12,0,0.0,0.0,1.0
ar_star,126,12,13,30839032,5,1.0,1.0,1.0,1.0,1.0,10.0,12,0,0.0,0.0,1.0
ar_star,126,12,14,30839033,5,1.0,1.0,1.0,1.0,1.0,10.0,12,0,0.0,0.0,1.0
ar_star,126,12,15,30839034,5,0.0,1.0,1.0,1.0,1.0,9.916666666666666,12,0,0.0,0.0,1.0
ar_star,126,12,16,30839035,5,1.0,1.0,1.0,1.0,1.0,10.0,12,0,0.0,0.0,1.0
ar_star,126,12,17,30839036,5,1.0,1.0,1.0,1.0,1.0,10.0,12,0,0.0,0.0,1.0
ar_star,126,12,18,30839037,5,1.0,1.0,1.0,1.0,1.0,10.0,12,0,0.0,0.0,1.0
ar_star,126,12,19,30839038,5,1.0,1.0,1.0,1.0,1.0,9.583333333333334,12,0,0.0,0.0,1.0
ar_star,126,12,20,30839039,5,1.0,1.0,1.0,1.0,1.0,9.833333333333334,12,0,0.0,0.0,1.0
ar_star,126,12,21,30839040,5,0.0,1.0,1.0,1.0,0.0,9.916666666666666,12,0,0.0,0.0,1.0
ar_star,126,12,22,30839041,5,1.0,1.0,1.0,1.0,1.0,10.0,12,0,0.0,0.0,1.0
ar_star,126,12,23,30839042,5,1.0,1.0,1.0,1.0,1.0,9.916666666666666,12,0,0.0,0.0,0.998998998998999
ar_star,126,12,24,30839043,5,1.0,1.0,1.0,1.0,0.0,10.0,12,0,0.0,0.0,1.0
ar_star,126,12,25,30839044,5,1.0,1.0,1.0,1.0,0.0,9.833333333333334,12,0,0.0,0.0,1.0
ar_star,126,12,26,30839045,5,1.0,1.0,1.0,1.0,1.0,9.916666666666666,12,0,0.0,0.0,1.0
ar_star,126,12,27,30839046,5,1.0,1.0,1.0,1.0,1.0,9.75,12,0,0.0,0.0,1.0
ar_star,126,12,28,30839047,5,1.0,1.0,1.0,1.0,1.0,9.916666666666666,12,0,0.0,0.0,1.0
ar_star,126,12,29,30839048,5,1.0,1.0,1.0,1.0,1.0,9.666666666666666,12,0,0.0,0.0,1.0
ar_star,126,12,30,30839049,5,1.0,1.0,1.0,1.0,1.0,10.0,12,0,0.0,0.0,1.0
ar_star,126,12,31,30839050,5,1.0,1.0,1.0,1.0,1.0,10.0,12,0,0.0,0.0,1.0
ar_star,126,12,32,30839051,5,1.0,1.0,1.0,1.0,1.0,9.916666666666666,12,0,0.0,0.0,1.0
ar_star,126,12,33,30839052,5,1.0,1.0,1.0,1.0,1.0,9.833333333333334,12,0,0.0,0.0,1.0
ar_star,126,12,34,30839053,5,1.0,1.0,1.0,1.0,1.0,9.916666666666666,12,0,0.0,0.0,1.0
ar_star,126,12,35,30839054,5,1.0,1.0,1.0,1.0,1.0,9.916666666666666,12,0,0.0,0.0,1.0
ar_star,126,12,36,30839055,5,0.0,1.0,1.0,1.0,0.0,9.833333333333334,12,0,0.0,0.0,1.0
ar_star,126,12,37,30839056,5,0.0,1.0,1.0,1.0,0.0,9.583333333333334,12,0,0.0,0.0,0.9994994994994995
ar_star,126,12,38,30839057,5,1.0,1.0,1.0,1.0,1.0,9.916666666666666,12,0,0.0,0.0,1.0
ar_star,126,12,39,30839058,5,1.0,1.0,1.0,1.0,1.0,9.75,12,0,0.0,0.0,1.0
ar_star,126,12,40,30839059,5,0.0,1.0,1.0,1.0,0.0,9.666666666666666,12,0,0.0,0.0,0.9994994994994995
ar_star,126,12,41,30839060,5,1.0,1.0,1.0,1.0,1.0,9.583333333333334,12,0,0.0,0.0,1.0
ar_star,126,12,42,30839061,5,1.0,1.0,1.0,1.0,1.0,9.916666666666666,12,0,0.0,0.0,1.0
ar_star,126,12,43,30839062,5,1.0,1.0,1.0,1.0,1.0,9.916666666666666,12,0,0.0,0.0,0.9996663329996663
ar_star,126,12,44,30839063,5,1.0,1.0,1.0,1.0,1.0,9.916666666666666,12,0,0.0,0.0,1.0
ar_star,126,12,45,30839064,5,1.0,1.0,1.0,1.0,0.0,9.916666666666666,12,0,0.0,0.0,1.0
ar_star,126,12,46,30839065,5,1.0,1.0,1.0,1.0,0.0,9.833333333333334,12,0,0.0,0.0,1.0
ar_star,126,12,47,30839066,5,1.0,1.0,1.0,1.0,1.0,10.0,12,0,0.0,0.0,1.0
ar_star,126,12,48,30839067,5,1.0,1.0,1.0,1.0,1.0,10.0,12,0,0.0,0.0,1.0
ar_star,126,12,49,30839068,5,1.0,1.0,1.0,1.0,1.0,9.833333333333334,12,0,0.0,0.0,1.0
ar_star,126,12,50,30839069,5,1.0,1.0,1.0,1.0,1.0,9.75,12,0,0.0,0.0,1.0
ar_star,126,12,51,30839070,5,1.0,1.0,1.0,1.0,1.0,10.0,12,0,0.0,0.0,1.0
ar_star,126,12,52,30839071,5,1.0,1.0,1.0,1.0,1.0,10.0,12,0,0.0,0.0,1.0
ar_star,126,12,53,30839072,5,0.0,1.0,1.0,1.0,1.0,9.916666666666666,12,0,0.0,0.0,1.0
ar_star,126,12,54,30839073,5,1.0,1.0,1.0,1.0,0.0,10.0,12,0,0.0,0.0,1.0
ar_star,126,12,55,30839074,5,1.0,1.0,1.0,1.0,1.0,10.0,12,0,0.0,0.0,1.0
ar_star,126,12,56,30839075,5,1.0,1.0,1.0,1.0,1.0,10.0,12,0,0.0,0.0,1.0
ar_star,126,12,57,30839076,5,0.0,1.0,1.0,1.0,1.0,9.833333333333334,12,0,0.0,0.0,1.0
ar_star,126,12,58,30839077,5,1.0,1.0,1.0,1.0,1.0,9.916666666666666,12,0,0.0,0.0,1.0
ar_star,126,12,59,30839078,5,1.0,1.0,1.0,1.0,0.0,9.666666666666666,12,0,0.0,0.0,1.0
ar_star,126,12,60,30839079,5,0.0,1.0,1.0,1.0,1.0,9.916666666666666,12,0,0.0,0.0,1.0
ar_star,126,12,61,30839080,5,1.0,1.0,1.0,1.0,1.0,9.916666666666666,12,0,0.0,0.0,1.0
ar_star,126,12,62,30839081,5,1.0,1.0,1.0,1.0,0.0,9.75,12,0,0.0,0.0,1.0
ar_star,126,12,63,30839082,5,1.0,1.0,1.0,1.0,1.0,9.833333333333334,12,0,0.0,0.0,1.0
ar_star,126,12,64,30839083,5,1.0,1.0,1.0,1.0,1.0,10.0,12,0,0.0,0.0,1.0
ar_star,126,12,65,30839084,5,1.0,1.0,1.0,1.0,1.0,9.916666666666666,12,0,0.0,0.0,1.0
ar_star,126,12,66,30839085,5,0.0,1.0,1.0,1.0,1.0,9.583333333333334,12,0,0.0,0.0,1.0
ar_star,126,12,67,30839086,5,1.0,1.0,1.0,1.0,1.0,10.0,12,0,0.0,0.0,1.0
ar_star,126,12,68,30839087,5,1.0,1.0,1.0,1.0,1.0,10.0,12,0,0.0,0.0,1.0
ar_star,126,12,69,30839088,5,0.0,1.0,1.0,1.0,1.0,9.833333333333334,12,0,0.0,0.0,1.0
ar_star,126,12,70,30839089,5,1.0,1.0,1.0,1.0,1.0,9.666666666666666,12,0,0.0,0.0,1.0
ar_star,126,12,71,30839090,5,1.0,1.0,1.0,1.0,1.0,9.916666666666666,12,0,0.0,0.0,1.0
ar_star,126,12,72,30839091,5,1.0,1.0,1.0,1.0,1.0,9.75,12,0,0.0,0.0,1.0
ar_star,126,12,73,30839092,5,1.0,1.0,1.0,1.0,1.0,10.0,12,0,0.0,0.0,1.0
ar_star,126,12,74,30839093,5,1.0,1.0,1.0,1.0,0.0,10.0,12,0,0.0,0.0,1.0
ar_star,126,12,75,30839094,5,1.0,1.0,1.0,1.0,1.0,9.666666666666666,12,0,0.0,0.0,1.0
ar_star,126,12,76,30839095,5,1.0,1.0,1.0,1.0,1.0,9.833333333333334,12,0,0.0,0.0,1.0
ar_star,126,12,77,30839096,5,1.0,1.0,1.0,1.0,0.0,9.916666666666666,12,0,0.0,0.0,1.0
ar_star,126,12,78,30839097,5,0.0,1.0,1.0,1.0,1.0,9.833333333333334,12,0,0.0,0.0,1.0
ar_star,126,12,79,30839098,5,1.0,1.0,1.0,1.0,0.0,10.0,12,0,0.0,0.0,1.0
ar_star,126,12,80,30839099,5,0.0,1.0,1.0,1.0,0.0,10.0,12,0,0.0,0.0,1.0
ar_star,126,12,81,30839100,5,1.0,1.0,1.0,1.0,1.0,10.0,12,0,0.0,0.0,1.0
ar_star,126,12,82,30839101,5,1.0,1.0,1.0,1.0,1.0,10.0,12,0,0.0,0.0,1.0
ar_star,126,12,83,30839102,5,1.0,1.0,1.0,1.0,1.0,9.916666666666666,12,0,0.0,0.0,1.0
ar_star,126,12,84,30839103,5,1.0,1.0,1.0,1.0,1.0,9.916666666666666,12,0,0.0,0.0,1.0
ar_star,126,12,85,30839104,5,0.0,1.0,1.0,1.0,1.0,9.833333333333334,12,0,0.0,0.0,1.0
ar_star,126,12,86,30839105,5,1.0,1.0,1.0,1.0,0.0,10.0,12,0,0.0,0.0,1.0
ar_star,126,12,87,30839106,5,0.0,1.0,1.0,1.0,1.0,9.5,12,0,0.0,0.0,1.0
ar_star,126,12,88,30839107,5,1.0,1.0,1.0,1.0,1.0,10.0,12,0,0.0,0.0,1.0
ar_star,126,12,89,30839108,5,1.0,1.0,1.0,1.0,1.0,10.0,12,0,0.0,0.0,1.0
ar_star,126,12,90,30839109,5,1.0,1.0,1.0,1.0,1.0,9.916666666666666,12,0,0.0,0.0,1.0
ar_star,126,12,91,30839110,5,1.0,1.0,1.0,1.0,0.0,9.833333333333334,12,0,0.0,0.0,1.0
ar_star,126,12,92,30839111,5,1.0,1.0,1.0,1.0,1.0,10.0,12,0,0.0,0.0,1.0
ar_star,126,12,93,30839112,5,1.0,1.0,1.0,1.0,1.0,10.0,12,0,0.0,0.0,1.0
ar_star,126,12,94,30839113,5,0.0,1.0,1.0,1.0,0.0,9.833333333333334,12,0,0.0,0.0,1.0
ar_star,126,12,95,30839114,5,0.0,1.0,1.0,1.0,1.0,9.75,12,0,0.0,0.0,1.0
ar_star,126,12,96,30839115,5,1.0,1.0,1.0,1.0,1.0,10.0,12,0,0.0,0.0,1.0
ar_star,126,12,97,30839116,5,1.0,1.0,1.0,1.0,1.0,10.0,12,0,0.0,0.0,1.0
ar_star,126,12,98,30839117,5,1.0,1.0,1.0,1.0,1.0,10.0,12,0,0.0,0.0,1.0
ar_star,126,12,99,30839118,5,1.0,1.0,1.0,1.0,0.0,9.916666666666666,12,0,0.0,0.0,1.0
ar_star,126,12,100,30839119,5,1.0,1.0,1.0,1.0,1.0,9.666666666666666,12,0,0.0,0.0,1.0
ar_star,126,12,101,30839120,5,0.0,1.0,1.0,1.0,1.0,9.833333333333334,12,0,0.0,0.0,1.0
ar_star,126,12,102,30839121,5,1.0,1.0,1.0,1.0,1.0,9.916666666666666,12,0,0.0,0.0,1.0
ar_star,126,12,103,30839122,5,0.0,1.0,1.0,1.0,1.0,9.916666666666666,12,0,0.0,0.0,1.0
ar_star,126,12,104,30839123,5,0.0,1.0,1.0,1.0,1.0,9.833333333333334,12,0,0.0,0.0,1.0
ar_star,126,12,105,30839124,5,0.0,1.0,1.0,1.0,1.0,10.0,12,0,0.0,0.0,1.0
ar_star,126,12,106,30839125,5,1.0,1.0,1.0,1.0,1.0,10.0,12,0,0.0,0.0,1.0
ar_star,126,12,107,30839126,5,1.0,1.0,1.0,1.0,1.0,10.0,12,0,0.0,0.0,1.0
ar_star,126,12,108,30839127,5,0.0,1.0,1.0,1.0,1.0,9.5,12,0,0.0,0.0,1.0
ar_star,126,12,109,30839128,5,1.0,1.0,1.0,1.0,1.0,9.75,12,0,0.0,0.0,1.0
ar_star,126,12,110,30839129,5,1.0,1.0,1.0,1.0,1.0,9.916666666666666,12,0,0.0,0.0,1.0
ar_star,126,12,111,30839130,5,1.0,1.0,1.0,1.0,1.0,10.0,12,0,0.0,0.0,1.0
ar_star,126,12,112,30839131,5,1.0,1.0,1.0,1.0,1.0,10.0,12,0,0.0,0.0,0.9994994994994995
ar_star,126,12,113,30839132,5,1.0,1.0,1.0,1.0,1.0,9.666666666666666,12,0,0.0,0.0,1.0
ar_star,126,12,114,30839133,5,1.0,1.0,1.0,1.0,1.0,10.0,12,0,0.0,0.0,1.0
ar_star,126,12,115,30839134,5,1.0,1.0,1.0,1.0,1.0,10.0,12,0,0.0,0.0,1.0
ar_star,126,12,116,30839135,5,0.0,1.0,1.0,1.0,1.0,10.0,12,0,0.0,0.0,1.0
ar_star,126,12,117,30839136,5,1.0,1.0,1.0,1.0,1.0,10.0,12,0,0.0,0.0,1.0
ar_star,126,12,118,30839137,5,1.0,1.0,1.0,1.0,1.0,10.0,12,0,0.0,0.0,1.0
ar_star,126,12,119,30839138,5,1.0,1.0,1.0,1.0,1.0,10.0,12,0,0.0,0.0,1.0
ar_star,126,12,120,30839139,5,1.0,1.0,1.0,1.0,1.0,9.916666666666666,12,0,0.0,0.0,1.0
ar_star,126,12,121,30839140,5,1.0,1.0,1.0,1.0,1.0,9.583333333333334,12,0,0.0,0.0,1.0
ar_star,126,12,122,30839141,5,1.0,1.0,1.0,1.0,0.0,9.916666666666666,12,0,0.0,0.0,1.0
ar_star,126,12,123,30839142,5,1.0,1.0,1.0,1.0,0.0,10.0,12,0,0.0,0.0,0.9996663329996663
ar_star,126,12,124,30839143,5,0.0,1.0,1.0,1.0,0.0,9.916666666666666,12,0,0.0,0.0,1.0
ar_star,126,12,125,30839144,5,0.0,1.0,1.0,1.0,1.0,9.666666666666666,12,0,0.0,0.0,1.0
ar_star,126,12,126,30839145,5,1.0,1.0,1.0,1.0,0.0,10.0,12,0,0.0,0.0,1.0
ar_star,126,12,127,30839146,5,0.0,1.0,1.0,1.0,0.0,9.75,12,0,0.0,0.0,1.0
ar_star,126,12,128,30839147,5,0.0,1.0,1.0,1.0,1.0,9.416666666666666,12,0,0.0,0.0,1.0
ar_star,126,12,129,30839148,5,1.0,1.0,1.0,1.0,1.0,10.0,12,0,0.0,0.0,1.0
ar_star,126,12,130,30839149,5,0.0,1.0,1.0,1.0,0.0,9.75,12,0,0.0,0.0,1.0
ar_star,126,12,131,30839150,5,1.0,1.0,1.0,1.0,1.0,10.0,12,0,0.0,0.0,1.0
ar_star,126,12,132,30839151,5,1.0,1.0,1.0,1.0,1.0,9.833333333333334,12,0,0.0,0.0,0.9996663329996663
ar_star,126,12,133,30839152,5,1.0,1.0,1.0,1.0,1.0,10.0,12,0,0.0,0.0,1.0
ar_star,126,12,134,30839153,5,0.0,1.0,1.0,1.0,0.0,9.75,12,0,0.0,0.0,1.0
ar_star,126,12,135,30839154,5,1.0,1.0,1.0,1.0,1.0,10.0,12,0,0.0,0.0,1.0
ar_star,126,12,136,30839155,5,0.0,1.0,1.0,1.0,1.0,9.833333333333334,12,0,0.0,0.0,1.0
ar_star,126,12,137,30839156,5,1.0,1.0,1.0,1.0,1.0,10.0,12,0,0.0,0.0,1.0
ar_star,126,12,138,30839157,5,1.0,1.0,1.0,1.0,0.0,9.833333333333334,12,0,0.0,0.0,1.0
ar_star,126,12,139,30839158,5,0.0,1.0,1.0,1.0,0.0,10.0,12,0,0.0,0.0,1.0
ar_star,126,12,140,30839159,5,0.0,1.0,1.0,1.0,1.0,9.916666666666666,12,0,0.0,0.0,1.0
ar_star,126,12,141,30839160,5,0.0,1.0,1.0,1.0,1.0,9.916666666666666,12,0,0.0,0.0,1.0
ar_star,126,12,142,30839161,5,0.0,1.0,1.0,1.0,1.0,9.666666666666666,12,0,0.0,0.0,1.0
ar_star,126,12,143,30839162,5,0.0,1.0,1.0,1.0,0.0,9.416666666666666,12,0,0.0,0.0,1.0
ar_star,126,12,144,30839163,5,0.0,1.0,1.0,1.0,1.0,9.75,12,0,0.0,0.0,1.0
ar_star,126,12,145,30839164,5,1.0,1.0,1.0,1.0,1.0,10.0,12,0,0.0,0.0,1.0
ar_star,126,12,146,30839165,5,1.0,1.0,1.0,1.0,1.0,9.916666666666666,12,0,0.0,0.0,1.0
ar_star,126,12,147,30839166,5,1.0,1.0,1.0,1.0,1.0,10.0,12,0,0.0,0.0,1.0
ar_star,126,12,148,30839167,5,1.0,1.0,1.0,1.0,0.0,10.0,12,0,0.0,0.0,1.0
ar_star,126,12,149,30839168,5,0.0,1.0,1.0,1.0,1.0,9.916666666666666,12,0,0.0,0.0,1.0
ar_star,126,12,150,30839169,5,1.0,1.0,1.0,1.0,1.0,10.0,12,0,0.0,0.0,1.0
ar_star,126,12,151,30839170,5,1.0,1.0,1.0,1.0,1.0,10.0,12,0,0.0,0.0,1.0
ar_star,126,12,152,30839171,5,1.0,1.0,1.0,1.0,1.0,10.0,12,0,0.0,0.0,1.0
ar_star,126,12,153,30839172,5,1.0,1.0,1.0,1.0,0.0,9.916666666666666,12,0,0.0,0.0,1.0
ar_star,126,12,154,30839173,5,1.0,1.0,1.0,1.0,1.0,9.833333333333334,12,0,0.0,0.0,1.0
ar_star,126,12,155,30839174,5,1.0,1.0,1.0,1.0,0.0,10.0,12,0,0.0,0.0,1.0
ar_star,126,12,156,30839175,5,0.0,1.0,1.0,1.0,1.0,9.833333333333334,12,0,0.0,0.0,1.0
ar_star,126,12,157,30839176,5,1.0,1.0,1.0,1.0,1.0,10.0,12,0,0.0,0.0,1.0
ar_star,126,12,158,30839177,5,0.0,1.0,1.0,1.0,1.0,10.0,12,0,0.0,0.0,1.0
ar_star,126,12,159,30839178,5,1.0,1.0,1.0,1.0,1.0,10.0,12,0,0.0,0.0,1.0
ar_star,126,12,160,30839179,5,1.0,1.0,1.0,1.0,1.0,10.0,12,0,0.0,0.0,1.0
ar_star,126,12,161,30839180,5,0.0,1.0,1.0,1.0,0.0,9.916666666666666,12,0,0.0,0.0,1.0
ar_star,126,12,162,30839181,5,1.0,1.0,1.0,1.0,1.0,9.916666666666666,12,0,0.0,0.0,1.0
ar_star,126,12,163,30839182,5,1.0,1.0,1.0,1.0,1.0,10.0,12,0,0.0,0.0,1.0
ar_star,126,12,164,30839183,5,1.0,1.0,1.0,1.0,1.0,9.916666666666666,12,0,0.0,0.0,1.0
ar_star,126,12,165,30839184,5,1.0,1.0,1.0,1.0,1.0,10.0,12,0,0.0,0.0,1.0
ar_star,126,12,166,30839185,5,1.0,1.0,1.0,1.0,0.0,10.0,12,0,0.0,0.0,1.0
ar_star,126,12,167,30839186,5,1.0,1.0,1.0,1.0,1.0,10.0,12,0,0.0,0.0,1.0
ar_star,126,12,168,30839187,5,1.0,1.0,1.0,1.0,1.0,10.0,12,0,0.0,0.0,1.0
ar_star,126,12,169,30839188,5,1.0,1.0,1.0,1.0,0.0,9.916666666666666,12,0,0.0,0.0,1.0
ar_star,126,12,170,30839189,5,0.0,1.0,1.0,1.0,1.0,10.0,12,0,0.0,0.0,1.0
ar_star,126,12,171,30839190,5,0.0,1.0,1.0,1.0,0.0,10.0,12,0,0.0,0.0,1.0
ar_star,126,12,172,30839191,5,1.0,1.0,1.0,1.0,1.0,10.0,12,0,0.0,0.0,1.0
ar_star,126,12,173,30839192,5,1.0,1.0,1.0,1.0,1.0,9.833333333333334,12,0,0.0,0.0,1.0
ar_star,126,12,174,30839193,5,1.0,1.0,1.0,1.0,1.0,9.916666666666666,12,0,0.0,0.0,1.0
ar_star,126,12,175,30839194,5,0.0,1.0,1.0,1.0,1.0,10.0,12,0,0.0,0.0,0.9991658324991659
ar_star,126,12,176,30839195,5,0.0,1.0,1.0,1.0,1.0,9.833333333333334,12,0,0.0,0.0,1.0
ar_star,126,12,177,30839196,5,1.0,1.0,1.0,1.0,1.0,10.0,12,0,0.0,0.0,1.0
ar_star,126,12,178,30839197,5,1.0,1.0,1.0,1.0,1.0,10.0,12,0,0.0,0.0,1.0
ar_star,126,12,179,30839198,5,0.0,1.0,1.0,1.0,0.0,9.333333333333334,12,0,0.0,0.0,1.0
ar_star,126,12,180,30839199,5,1.0,1.0,1.0,1.0,1.0,10.0,12,0,0.0,0.0,1.0
ar_star,126,12,181,30839200,5,1.0,1.0,1.0,1.0,1.0,9.833333333333334,12,0,0.0,0.0,1.0
ar_star,126,12,182,30839201,5,1.0,1.0,1.0,1.0,1.0,9.75,12,0,0.0,0.0,1.0
ar_star,126,12,183,30839202,5,1.0,1.0,1.0,1.0,1.0,9.916666666666666,12,0,0.0,0.0,1.0
ar_star,126,12,184,30839203,5,0.0,1.0,1.0,1.0,0.0,9.583333333333334,12,0,0.0,0.0,1.0
ar_star,126,12,185,30839204,5,0.0,1.0,1.0,1.0,1.0,10.0,12,0,0.0,0.0,1.0
ar_star,126,12,186,30839205,5,1.0,1.0,1.0,1.0,1.0,10.0,12,0,0.0,0.0,1.0
ar_star,126,12,187,30839206,5,1.0,1.0,1.0,1.0,0.0,9.833333333333334,12,0,0.0,0.0,1.0
ar_star,126,12,188,30839207,5,1.0,1.0,1.0,1.0,1.0,10.0,12,0,0.0,0.0,1.0
ar_star,126,12,189,30839208,5,1.0,1.0,1.0,1.0,1.0,9.916666666666666,12,0,0.0,0.0,1.0
ar_star,126,12,190,30839209,5,0.0,1.0,1.0,1.0,1.0,10.0,12,0,0.0,0.0,1.0
ar_star,126,12,191,30839210,5,0.0,1.0,1.0,1.0,1.0,9.75,12,0,0.0,0.0,1.0
ar_star,126,12,192,30839211,5,0.0,1.0,1.0,1.0,1.0,9.916666666666666,12,0,0.0,0.0,1.0
ar_star,126,12,193,30839212,5,1.0,1.0,1.0,1.0,1.0,10.0,12,0,0.0,0.0,1.0
ar_star,126,12,194,30839213,5,0.0,1.0,1.0,1.0,1.0,9.916666666666666,12,0,0.0,0.0,1.0
ar_star,126,12,195,30839214,5,1.0,1.0,1.0,1.0,1.0,10.0,12,0,0.0,0.0,1.0
ar_star,126,12,196,30839215,5,0.0,1.0,1.0,1.0,0.0,10.0,12,0,0.0,0.0,1.0
ar_star,126,12,197,30839216,5,0.0,1.0,1.0,1.0,0.0,9.916666666666666,12,0,0.0,0.0,1.0
ar_star,126,12,198,30839217,5,1.0,1.0,1.0,1.0,1.0,9.583333333333334,12,0,0.0,0.0,1.0
ar_star,126,12,199,30839218,5,1.0,1.0,1.0,1.0,1.0,9.916666666666666,12,0,0.0,0.0,1.0
ar_star,126,12,200,30839219,5,1.0,1.0,1.0,1.0,1.0,10.0,12,0,0.0,0.0,1.0
ar_star,126,12,201,30839220,5,0.0,1.0,1.0,1.0,1.0,9.75,12,0,0.0,0.0,1.0
ar_star,126,12,202,30839221,5,1.0,1.0,1.0,1.0,1.0,9.75,12,0,0.0,0.0,1.0
ar_star,126,12,203,30839222,5,0.0,1.0,1.0,1.0,0.0,9.833333333333334,12,0,0.0,0.0,1.0
ar_star,126,12,204,30839223,5,1.0,1.0,1.0,1.0,1.0,9.666666666666666,12,0,0.0,0.0,1.0
ar_star,126,12,205,30839224,5,1.0,1.0,1.0,1.0,1.0,9.75,12,0,0.0,0.0,1.0
ar_star,126,12,206,30839225,5,1.0,1.0,1.0,1.0,1.0,9.916666666666666,12,0,0.0,0.0,1.0
ar_star,126,12,207,30839226,5,0.0,1.0,1.0,1.0,0.0,10.0,12,0,0.0,0.0,1.0
ar_star,126,12,208,30839227,5,0.0,1.0,1.0,1.0,1.0,9.916666666666666,12,0,0.0,0.0,1.0
ar_star,126,12,209,30839228,5,1.0,1.0,1.0,1.0,1.0,10.0,12,0,0.0,0.0,1.0
ar_star,126,12,210,30839229,5,1.0,1.0,1.0,1.0,1.0,9.916666666666666,12,0,0.0,0.0,1.0
ar_star,126,12,211,30839230,5,1.0,1.0,1.0,1.0,1.0,9.916666666666666,12,0,0.0,0.0,1.0
ar_star,126,12,212,30839231,5,1.0,1.0,1.0,1.0,1.0,9.916666666666666,12,0,0.0,0.0,1.0
ar_star,126,12,213,30839232,5,1.0,1.0,1.0,1.0,1.0,9.833333333333334,12,0,0.0,0.0,1.0
ar_star,126,12,214,30839233,5,0.0,1.0,1.0,1.0,1.0,10.0,12,0,0.0,0.0,1.0
ar_star,126,12,215,30839234,5,0.0,1.0,1.0,1.0,0.0,9.666666666666666,12,0,0.0,0.0,1.0
ar_star,126,12,216,30839235,5,1.0,1.0,1.0,1.0,0.0,10.0,12,0,0.0,0.0,1.0
ar_star,126,12,217,30839236,5,0.0,1.0,1.0,1.0,1.0,9.666666666666666,12,0,0.0,0.0,1.0
ar_star,126,12,218,30839237,5,1.0,1.0,1.0,1.0,1.0,9.916666666666666,12,0,0.0,0.0,1.0
ar_star,126,12,219,30839238,5,1.0,1.0,1.0,1.0,1.0,10.0,12,0,0.0,0.0,1.0
ar_star,126,12,220,30839239,5,1.0,1.0,1.0,1.0,1.0,9.833333333333334,12,0,0.0,0.0,1.0
ar_star,126,12,221,30839240,5,1.0,1.0,1.0,1.0,1.0,10.0,12,0,0.0,0.0,1.0
ar_star,126,12,222,30839241,5,1.0,1.0,1.0,1.0,1.0,9.833333333333334,12,0,0.0,0.0,1.0
ar_star,126,12,223,30839242,5,1.0,1.0,1.0,1.0,1.0,10.0,12,0,0.0,0.0,1.0
ar_star,126,12,224,30839243,5,1.0,1.0,1.0,1.0,0.0,10.0,12,0,0.0,0.0,1.0
ar_star,126,12,225,30839244,5,0.0,1.0,1.0,1.0,1.0,9.916666666666666,12,0,0.0,0.0,1.0
ar_star,126,12,226,30839245,5,0.0,1.0,1.0,1.0,1.0,9.75,12,0,0.0,0.0,1.0
ar_star,126,12,227,30839246,5,0.0,1.0,1.0,1.0,1.0,9.583333333333334,12,0,0.0,0.0,1.0
ar_star,126,12,228,30839247,5,1.0,1.0,1.0,1.0,1.0,10.0,12,0,0.0,0.0,1.0
ar_star,126,12,229,30839248,5,1.0,1.0,1.0,1.0,1.0,9.833333333333334,12,0,0.0,0.0,1.0
ar_star,126,12,230,30839249,5,1.0,1.0,1.0,1.0,1.0,9.833333333333334,12,0,0.0,0.0,1.0
ar_star,126,12,231,30839250,5,0.0,1.0,1.0,1.0,0.0,9.833333333333334,12,0,0.0,0.0,1.0
ar_star,126,12,232,30839251,5,1.0,1.0,1.0,1.0,1.0,9.916666666666666,12,0,0.0,0.0,1.0
ar_star,126,12,233,30839252,5,1.0,1.0,1.0,1.0,1.0,10.0,12,0,0.0,0.0,1.0
ar_star,126,12,234,30839253,5,1.0,1.0,1.0,1.0,1.0,9.75,12,0,0.0,0.0,1.0
ar_star,126,12,235,30839254,5,1.0,1.0,1.0,1.0,1.0,9.833333333333334,12,0,0.0,0.0,1.0
ar_star,126,12,236,30839255,5,1.0,1.0,1.0,1.0,1.0,10.0,12,0,0.0,0.0,1.0
ar_star,126,12,237,30839256,5,1.0,1.0,1.0,1.0,1.0,9.75,12,0,0.0,0.0,1.0
ar_star,126,12,238,30839257,5,0.0,1.0,1.0,1.0,1.0,9.583333333333334,12,0,0.0,0.0,1.0
ar_star,126,12,239,30839258,5,1.0,1.0,1.0,1.0,1.0,10.0,12,0,0.0,0.0,1.0
ar_star,126,12,240,30839259,5,1.0,1.0,1.0,1.0,1.0,9.916666666666666,12,0,0.0,0.0,1.0
ar_star,126,12,241,30839260,5,1.0,1.0,1.0,1.0,1.0,10.0,12,0,0.0,0.0,1.0
ar_star,126,12,242,30839261,5,1.0,1.0,1.0,1.0,1.0,9.833333333333334,12,0,0.0,0.0,1.0
ar_star,126,12,243,30839262,5,0.0,1.0,1.0,1.0,1.0,9.916666666666666,12,0,0.0,0.0,1.0
ar_star,126,12,244,30839263,5,1.0,1.0,1.0,1.0,1.0,10.0,12,0,0.0,0.0,1.0
ar_star,126,12,245,30839264,5,0.0,1.0,1.0,1.0,1.0,9.916666666666666,12,0,0.0,0.0,1.0
ar_star,126,12,246,30839265,5,1.0,1.0,1.0,1.0,1.0,10.0,12,0,0.0,0.0,1.0
ar_star,126,12,247,30839266,5,1.0,1.0,1.0,1.0,1.0,9.916666666666666,12,0,0.0,0.0,1.0
ar_star,126,12,248,30839267,5,1.0,1.0,1.0,1.0,1.0,9.916666666666666,12,0,0.0,0.0,1.0
ar_star,126,12,249,30839268,5,1.0,1.0,1.0,1.0,1.0,9.833333333333334,12,0,0.0,0.0,1.0
ar_star,126,12,250,30839269,5,1.0,1.0,1.0,1.0,1.0,9.916666666666666,12,0,0.0,0.0,0.9978311644978312
ar_star,126,12,251,30839270,5,1.0,1.0,1.0,1.0,1.0,9.75,12,0,0.0,0.0,1.0
ar_star,126,12,252,30839271,5,1.0,1.0,1.0,1.0,1.0,10.0,12,0,0.0,0.0,1.0
ar_star,126,12,253,30839272,5,1.0,1.0,1.0,1.0,1.0,10.0,12,0,0.0,0.0,1.0
ar_star,126,12,254,30839273,5,1.0,1.0,1.0,1.0,1.0,10.0,12,0,0.0,0.0,1.0
ar_star,126,12,255,30839274,5,0.0,1.0,1.0,1.0,0.0,10.0,12,0,0.0,0.0,1.0
ar_star,126,12,256,30839275,5,1.0,1.0,1.0,1.0,0.0,10.0,12,0,0.0,0.0,1.0
ar_star,126,12,257,30839276,5,1.0,1.0,1.0,1.0,0.0,10.0,12,0,0.0,0.0,1.0
ar_star,126,12,258,30839277,5,0.0,1.0,1.0,1.0,1.0,9.916666666666666,12,0,0.0,0.0,1.0
ar_star,126,12,259,30839278,5,1.0,1.0,1.0,1.0,0.0,9.833333333333334,12,0,0.0,0.0,0.9994994994994995
ar_star,126,12,260,30839279,5,1.0,1.0,1.0,1.0,1.0,10.0,12,0,0.0,0.0,1.0
ar_star,126,12,261,30839280,5,1.0,1.0,1.0,1.0,1.0,9.666666666666666,12,0,0.0,0.0,1.0
ar_star,126,12,262,30839281,5,0.0,1.0,1.0,1.0,1.0,9.75,12,0,0.0,0.0,1.0
ar_star,126,12,263,30839282,5,1.0,1.0,1.0,1.0,1.0,9.916666666666666,12,0,0.0,0.0,1.0
ar_star,126,12,264,30839283,5,0.0,1.0,1.0,1.0,1.0,9.833333333333334,12,0,0.0,0.0,1.0
ar_star,126,12,265,30839284,5,0.0,1.0,1.0,1.0,1.0,9.916666666666666,12,0,0.0,0.0,1.0
ar_star,126,12,266,30839285,5,1.0,1.0,1.0,1.0,0.0,9.833333333333334,12,0,0.0,0.0,1.0
ar_star,126,12,267,30839286,5,1.0,1.0,1.0,1.0,1.0,10.0,12,0,0.0,0.0,1.0
ar_star,126,12,268,30839287,5,1.0,1.0,1.0,1.0,1.0,9.833333333333334,12,0,0.0,0.0,1.0
ar_star,126,12,269,30839288,5,1.0,1.0,1.0,1.0,1.0,10.0,12,0,0.0,0.0,1.0
ar_star,126,12,270,30839289,5,1.0,1.0,1.0,1.0,1.0,10.0,12,0,0.0,0.0,1.0
ar_star,126,12,271,30839290,5,1.0,1.0,1.0,1.0,0.0,9.75,12,0,0.0,0.0,1.0
ar_star,126,12,272,30839291,5,1.0,1.0,1.0,1.0,1.0,9.916666666666666,12,0,0.0,0.0,1.0
ar_star,126,12,273,30839292,5,1.0,1.0,1.0,1.0,1.0,9.916666666666666,12,0,0.0,0.0,1.0
ar_star,126,12,274,30839293,5,0.0,1.0,1.0,1.0,0.0,10.0,12,0,0.0,0.0,1.0
ar_star,126,12,275,30839294,5,0.0,1.0,1.0,1.0,1.0,10.0,12,0,0.0,0.0,1.0
ar_star,126,12,276,30839295,5,0.0,1.0,1.0,1.0,1.0,9.833333333333334,12,0,0.0,0.0,1.0
ar_star,126,12,277,30839296,5,0.0,1.0,1.0,1.0,1.0,9.5,12,0,0.0,0.0,1.0
ar_star,126,12,278,30839297,5,1.0,1.0,1.0,1.0,1.0,9.916666666666666,12,0,0.0,0.0,1.0
ar_star,126,12,279,30839298,5,1.0,1.0,1.0,1.0,1.0,10.0,12,0,0.0,0.0,1.0
ar_star,126,12,280,30839299,5,1.0,1.0,1.0,1.0,1.0,10.0,12,0,0.0,0.0,1.0
ar_star,126,12,281,30839300,5,1.0,1.0,1.0,1.0,1.0,10.0,12,0,0.0,0.0,1.0
ar_star,126,12,282,30839301,5,1.0,1.0,1.0,1.0,1.0,10.0,12,0,0.0,0.0,1.0
ar_star,126,12,283,30839302,5,1.0,1.0,1.0,1.0,1.0,9.916666666666666,12,0,0.0,0.0,1.0
ar_star,126,12,284,30839303,5,1.0,1.0,1.0,1.0,1.0,10.0,12,0,0.0,0.0,1.0
ar_star,126,12,285,30839304,5,0.0,1.0,1.0,1.0,1.0,10.0,12,0,0.0,0.0,1.0
ar_star,126,12,286,30839305,5,1.0,1.0,1.0,1.0,1.0,10.0,12,0,0.0,0.0,1.0
ar_star,126,12,287,30839306,5,1.0,1.0,1.0,1.0,1.0,9.916666666666666,12,0,0.0,0.0,0.9994994994994995
ar_star,126,12,288,30839307,5,1.0,1.0,1.0,1.0,1.0,9.916666666666666,12,0,0.0,0.0,1.0
ar_star,126,12,289,30839308,5,1.0,1.0,1.0,1.0,0.0,10.0,12,0,0.0,0.0,0.998998998998999
ar_star,126,12,290,30839309,5,1.0,1.0,1.0,1.0,0.0,10.0,12,0,0.0,0.0,1.0
ar_star,126,12,291,30839310,5,0.0,1.0,1.0,1.0,0.0,10.0,12,0,0.0,0.0,0.9991658324991658
ar_star,126,12,292,30839311,5,1.0,1.0,1.0,1.0,1.0,9.833333333333334,12,0,0.0,0.0,1.0
ar_star,126,12,293,30839312,5,0.0,1.0,1.0,1.0,1.0,9.75,12,0,0.0,0.0,1.0
ar_star,126,12,294,30839313,5,0.0,1.0,1.0,1.0,0.0,10.0,12,0,0.0,0.0,0.9994994994994995
ar_star,126,12,295,30839314,5,1.0,1.0,1.0,1.0,1.0,9.916666666666666,12,0,0.0,0.0,1.0
ar_star,126,12,296,30839315,5,1.0,1.0,1.0,1.0,0.0,9.916666666666666,12,0,0.0,0.0,1.0
ar_star,126,12,297,30839316,5,0.0,1.0,1.0,1.0,0.0,9.75,12,0,0.0,0.0,1.0
ar_star,126,12,298,30839317,5,1.0,1.0,1.0,1.0,1.0,9.916666666666666,12,0,0.0,0.0,1.0
ar_star,126,12,299,30839318,5,1.0,1.0,1.0,1.0,0.0,10.0,12,0,0.0,0.0,1.0
ar_star,126,12,300,30839319,5,1.0,1.0,1.0,1.0,1.0,9.916666666666666,12,0,0.0,0.0,1.0
ar_star,126,12,301,30839320,5,1.0,1.0,1.0,1.0,1.0,10.0,12,0,0.0,0.0,1.0
ar_star,126,12,302,30839321,5,1.0,1.0,1.0,1.0,1.0,9.666666666666666,12,0,0.0,0.0,1.0
ar_star,126,12,303,30839322,5,1.0,1.0,1.0,1.0,1.0,9.916666666666666,12,0,0.0,0.0,1.0
ar_star,126,12,304,30839323,5,1.0,1.0,1.0,1.0,1.0,10.0,12,0,0.0,0.0,1.0
ar_star,126,12,305,30839324,5,0.0,1.0,1.0,1.0,1.0,9.833333333333334,12,0,0.0,0.0,1.0
ar_star,126,12,306,30839325,5,1.0,1.0,1.0,1.0,1.0,10.0,12,0,0.0,0.0,1.0
ar_star,126,12,307,30839326,5,1.0,1.0,1.0,1.0,1.0,9.833333333333334,12,0,0.0,0.0,1.0
ar_star,126,12,308,30839327,5,1.0,1.0,1.0,1.0,1.0,9.833333333333334,12,0,0.0,0.0,1.0
ar_star,126,12,309,30839328,5,1.0,1.0,1.0,1.0,1.0,9.916666666666666,12,0,0.0,0.0,1.0
ar_star,126,12,310,30839329,5,1.0,1.0,1.0,1.0,1.0,10.0,12,0,0.0,0.0,1.0
ar_star,126,12,311,30839330,5,1.0,1.0,1.0,1.0,1.0,9.916666666666666,12,0,0.0,0.0,1.0
ar_star,126,12,312,30839331,5,1.0,1.0,1.0,1.0,1.0,9.666666666666666,12,0,0.0,0.0,1.0
ar_star,126,12,313,30839332,5,0.0,1.0,1.0,1.0,1.0,9.916666666666666,12,0,0.0,0.0,1.0
ar_star,126,12,314,30839333,5,1.0,1.0,1.0,1.0,1.0,9.916666666666666,12,0,0.0,0.0,1.0
ar_star,126,12,315,30839334,5,1.0,1.0,1.0,1.0,1.0,9.916666666666666,12,0,0.0,0.0,1.0
ar_star,126,12,316,30839335,5,1.0,1.0,1.0,1.0,1.0,9.583333333333334,12,0,0.0,0.0,1.0
ar_star,126,12,317,30839336,5,1.0,1.0,1.0,1.0,1.0,9.833333333333334,12,0,0.0,0.0,1.0
ar_star,126,12,318,30839337,5,1.0,1.0,1.0,1.0,1.0,10.0,12,0,0.0,0.0,1.0
ar_star,126,12,319,30839338,5,1.0,1.0,1.0,1.0,1.0,10.0,12,0,0.0,0.0,0.9996663329996663
ar_star,126,12,320,30839339,5,1.0,1.0,1.0,1.0,1.0,10.0,12,0,0.0,0.0,1.0
ar_star,126,12,321,30839340,5,1.0,1.0,1.0,1.0,0.0,10.0,12,0,0.0,0.0,0.9984984984984985
ar_star,126,12,322,30839341,5,1.0,1.0,1.0,1.0,1.0,9.833333333333334,12,0,0.0,0.0,1.0
ar_star,126,12,323,30839342,5,1.0,1.0,1.0,1.0,1.0,9.916666666666666,12,0,0.0,0.0,1.0
ar_star,126,12,324,30839343,5,1.0,1.0,1.0,1.0,1.0,10.0,12,0,0.0,0.0,1.0
ar_star,126,12,325,30839344,5,1.0,1.0,1.0,1.0,1.0,10.0,12,0,0.0,0.0,1.0
ar_star,126,12,326,30839345,5,1.0,1.0,1.0,1.0,0.0,10.0,12,0,0.0,0.0,1.0
ar_star,126,12,327,30839346,5,1.0,1.0,1.0,1.0,1.0,10.0,12,0,0.0,0.0,1.0
ar_star,126,12,328,30839347,5,0.0,1.0,1.0,1.0,1.0,9.833333333333334,12,0,0.0,0.0,1.0
ar_star,126,12,329,30839348,5,1.0,1.0,1.0,1.0,1.0,10.0,12,0,0.0,0.0,1.0
ar_star,126,12,330,30839349,5,1.0,1.0,1.0,1.0,1.0,9.833333333333334,12,0,0.0,0.0,1.0
ar_star,126,12,331,30839350,5,1.0,1.0,1.0,1.0,1.0,9.916666666666666,12,0,0.0,0.0,1.0
ar_star,126,12,332,30839351,5,1.0,1.0,1.0,1.0,1.0,10.0,12,0,0.0,0.0,1.0
ar_star,126,12,333,30839352,5,1.0,1.0,1.0,1.0,1.0,9.833333333333334,12,0,0.0,0.0,1.0
ar_star,126,12,334,30839353,5,1.0,1.0,1.0,1.0,1.0,10.0,12,0,0.0,0.0,1.0
ar_star,126,12,335,30839354,5,1.0,1.0,1.0,1.0,1.0,9.75,12,0,0.0,0.0,1.0
ar_star,126,12,336,30839355,5,0.0,1.0,1.0,1.0,1.0,9.916666666666666,12,0,0.0,0.0,1.0
ar_star,126,12,337,30839356,5,1.0,1.0,1.0,1.0,0.0,10.0,12,0,0.0,0.0,1.0
ar_star,126,12,338,30839357,5,1.0,1.0,1.0,1.0,1.0,10.0,12,0,0.0,0.0,1.0
ar_star,126,12,339,30839358,5,1.0,1.0,1.0,1.0,1.0,10.0,12,0,0.0,0.0,1.0
ar_star,126,12,340,30839359,5,1.0,1.0,1.0,1.0,1.0,10.0,12,0,0.0,0.0,1.0
ar_star,126,12,341,30839360,5,1.0,1.0,1.0,1.0,0.0,10.0,12,0,0.0,0.0,1.0
ar_star,126,12,342,30839361,5,1.0,1.0,1.0,1.0,1.0,10.0,12,0,0.0,0.0,1.0
ar_star,126,12,343,30839362,5,1.0,1.0,1.0,1.0,1.0,10.0,12,0,0.0,0.0,1.0
ar_star,126,12,344,30839363,5,1.0,1.0,1.0,1.0,1.0,10.0,12,0,0.0,0.0,1.0
ar_star,126,12,345,30839364,5,0.0,1.0,1.0,1.0,0.0,9.833333333333334,12,0,0.0,0.0,1.0
ar_star,126,12,346,30839365,5,0.0,1.0,1.0,1.0,1.0,9.666666666666666,12,0,0.0,0.0,1.0
ar_star,126,12,347,30839366,5,1.0,1.0,1.0,1.0,1.0,9.75,12,0,0.0,0.0,1.0
ar_star,126,12,348,30839367,5,1.0,1.0,1.0,1.0,0.0,9.833333333333334,12,0,0.0,0.0,1.0
ar_star,126,12,349,30839368,5,1.0,1.0,1.0,1.0,1.0,10.0,12,0,0.0,0.0,1.0
ar_star,126,12,350,30839369,5,1.0,1.0,1.0,1.0,1.0,9.833333333333334,12,0,0.0,0.0,1.0
ar_star,126,12,351,30839370,5,1.0,1.0,1.0,1.0,1.0,9.916666666666666,12,0,0.0,0.0,1.0
ar_star,126,12,352,30839371,5,0.0,1.0,1.0,1.0,1.0,9.75,12,0,0.0,0.0,1.0
ar_star,126,12,353,30839372,5,1.0,1.0,1.0,1.0,1.0,9.833333333333334,12,0,0.0,0.0,1.0
ar_star,126,12,354,30839373,5,1.0,1.0,1.0,1.0,1.0,9.833333333333334,12,0,0.0,0.0,1.0
ar_star,126,12,355,30839374,5,1.0,1.0,1.0,1.0,1.0,9.833333333333334,12,0,0.0,0.0,1.0
ar_star,126,12,356,30839375,5,1.0,1.0,1.0,1.0,1.0,10.0,12,0,0.0,0.0,1.0
ar_star,126,12,357,30839376,5,1.0,1.0,1.0,1.0,0.0,9.916666666666666,12,0,0.0,0.0,1.0
ar_star,126,12,358,30839377,5,1.0,1.0,1.0,1.0,1.0,9.75,12,0,0.0,0.0,1.0
ar_star,126,12,359,30839378,5,1.0,1.0,1.0,1.0,1.0,9.833333333333334,12,0,0.0,0.0,1.0
ar_star,126,12,360,30839379,5,1.0,1.0,1.0,1.0,1.0,10.0,12,0,0.0,0.0,1.0
ar_star,126,12,361,30839380,5,1.0,1.0,1.0,1.0,1.0,9.916666666666666,12,0,0.0,0.0,1.0
ar_star,126,12,362,30839381,5,1.0,1.0,1.0,1.0,0.0,10.0,12,0,0.0,0.0,1.0
ar_star,126,12,363,30839382,5,1.0,1.0,1.0,1.0,1.0,10.0,12,0,0.0,0.0,1.0
ar_star,126,12,364,30839383,5,0.0,1.0,1.0,1.0,0.0,9.833333333333334,12,0,0.0,0.0,1.0
ar_star,126,12,365,30839384,5,0.0,1.0,1.0,1.0,0.0,9.916666666666666,12,0,0.0,0.0,1.0
ar_star,126,12,366,30839385,5,1.0,1.0,1.0,1.0,1.0,10.0,12,0,0.0,0.0,1.0
ar_star,126,12,367,30839386,5,1.0,1.0,1.0,1.0,1.0,10.0,12,0,0.0,0.0,1.0
ar_star,126,12,368,30839387,5,1.0,1.0,1.0,1.0,1.0,9.916666666666666,12,0,0.0,0.0,1.0
ar_star,126,12,369,30839388,5,1.0,1.0,1.0,1.0,1.0,10.0,12,0,0.0,0.0,1.0
ar_star,126,12,370,30839389,5,1.0,1.0,1.0,1.0,1.0,9.833333333333334,12,0,0.0,0.0,1.0
ar_star,126,12,371,30839390,5,1.0,1.0,1.0,1.0,1.0,9.75,12,0,0.0,0.0,1.0
ar_star,126,12,372,30839391,5,1.0,1.0,1.0,1.0,0.0,9.833333333333334,12,0,0.0,0.0,0.9984984984984985
ar_star,126,12,373,30839392,5,1.0,1.0,1.0,1.0,1.0,10.0,12,0,0.0,0.0,1.0
ar_star,126,12,374,30839393,5,1.0,1.0,1.0,1.0,1.0,10.0,12,0,0.0,0.0,1.0
ar_star,126,12,375,30839394,5,1.0,1.0,1.0,1.0,1.0,9.833333333333334,12,0,0.0,0.0,1.0
ar_star,126,12,376,30839395,5,1.0,1.0,1.0,1.0,0.0,9.916666666666666,12,0,0.0,0.0,0.9908241574908242
ar_star,126,12,377,30839396,5,1.0,1.0,1.0,1.0,1.0,10.0,12,0,0.0,0.0,0.9993326659993327
ar_star,126,12,378,30839397,5,1.0,1.0,1.0,1.0,1.0,9.833333333333334,12,0,0.0,0.0,1.0
ar_star,126,12,379,30839398,5,0.0,1.0,1.0,1.0,1.0,9.916666666666666,12,0,0.0,0.0,1.0
ar_star,126,12,380,30839399,5,0.0,1.0,1.0,1.0,1.0,10.0,12,0,0.0,0.0,1.0
ar_star,126,12,381,30839400,5,0.0,1.0,1.0,1.0,1.0,9.916666666666666,12,0,0.0,0.0,1.0
ar_star,126,12,382,30839401,5,1.0,1.0,1.0,1.0,1.0,10.0,12,0,0.0,0.0,1.0
ar_star,126,12,383,30839402,5,1.0,1.0,1.0,1.0,1.0,9.916666666666666,12,0,0.0,0.0,1.0
ar_star,126,12,384,30839403,5,1.0,1.0,1.0,1.0,1.0,9.833333333333334,12,0,0.0,0.0,1.0
ar_star,126,12,385,30839404,5,1.0,1.0,1.0,1.0,1.0,9.916666666666666,12,0,0.0,0.0,1.0
ar_star,126,12,386,30839405,5,1.0,1.0,1.0,1.0,0.0,10.0,12,0,0.0,0.0,1.0
ar_star,126,12,387,30839406,5,0.0,1.0,1.0,1.0,0.0,9.75,12,0,0.0,0.0,1.0
ar_star,126,12,388,30839407,5,1.0,1.0,1.0,1.0,1.0,9.916666666666666,12,0,0.0,0.0,1.0
ar_star,126,12,389,30839408,5,0.0,1.0,1.0,1.0,0.0,9.75,12,0,0.0,0.0,1.0
ar_star,126,12,390,30839409,5,1.0,1.0,1.0,1.0,1.0,9.833333333333334,12,0,0.0,0.0,1.0
ar_star,126,12,391,30839410,5,1.0,1.0,1.0,1.0,1.0,9.75,12,0,0.0,0.0,1.0
ar_star,126,12,392,30839411,5,1.0,1.0,1.0,1.0,1.0,9.916666666666666,12,0,0.0,0.0,1.0
ar_star,126,12,393,30839412,5,1.0,1.0,1.0,1.0,1.0,10.0,12,0,0.0,0.0,1.0
ar_star,126,12,394,30839413,5,0.0,1.0,1.0,1.0,1.0,9.916666666666666,12,0,0.0,0.0,1.0
ar_star,126,12,395,30839414,5,1.0,1.0,1.0,1.0,0.0,10.0,12,0,0.0,0.0,1.0
ar_star,126,12,396,30839415,5,1.0,1.0,1.0,1.0,1.0,10.0,12,0,0.0,0.0,1.0
ar_star,126,12,397,30839416,5,1.0,1.0,1.0,1.0,1.0,10.0,12,0,0.0,0.0,1.0
ar_star,126,12,398,30839417,5,1.0,1.0,1.0,1.0,1.0,9.75,12,0,0.0,0.0,1.0
ar_star,126,12,399,30839418,5,1.0,1.0,1.0,1.0,0.0,10.0,12,0,0.0,0.0,1.0
ar_star,126,12,400,30839419,5,1.0,1.0,1.0,1.0,1.0,9.833333333333334,12,0,0.0,0.0,1.0
ar_star,126,12,401,30839420,5,1.0,1.0,1.0,1.0,0.0,9.833333333333334,12,0,0.0,0.0,0.9993326659993327
ar_star,126,12,402,30839421,5,0.0,1.0,1.0,1.0,1.0,10.0,12,0,0.0,0.0,1.0
ar_star,126,12,403,30839422,5,1.0,1.0,1.0,1.0,1.0,10.0,12,0,0.0,0.0,1.0
ar_star,126,12,404,30839423,5,1.0,1.0,1.0,1.0,1.0,9.833333333333334,12,0,0.0,0.0,1.0
ar_star,126,12,405,30839424,5,1.0,1.0,1.0,1.0,1.0,10.0,12,0,0.0,0.0,1.0
ar_star,126,12,406,30839425,5,1.0,1.0,1.0,1.0,1.0,10.0,12,0,0.0,0.0,1.0
ar_star,126,12,407,30839426,5,1.0,1.0,1.0,1.0,1.0,9.916666666666666,12,0,0.0,0.0,1.0
ar_star,126,12,408,30839427,5,1.0,1.0,1.0,1.0,0.0,10.0,12,0,0.0,0.0,1.0
ar_star,126,12,409,30839428,5,1.0,1.0,1.0,1.0,1.0,9.916666666666666,12,0,0.0,0.0,1.0
ar_star,126,12,410,30839429,5,0.0,1.0,1.0,1.0,1.0,9.666666666666666,12,0,0.0,0.0,1.0
ar_star,126,12,411,30839430,5,1.0,1.0,1.0,1.0,0.0,9.916666666666666,12,0,0.0,0.0,1.0
ar_star,126,12,412,30839431,5,0.0,1.0,1.0,1.0,0.0,9.75,12,0,0.0,0.0,0.9994994994994995
ar_star,126,12,413,30839432,5,1.0,1.0,1.0,1.0,1.0,9.666666666666666,12,0,0.0,0.0,1.0
ar_star,126,12,414,30839433,5,1.0,1.0,1.0,1.0,1.0,9.916666666666666,12,0,0.0,0.0,1.0
ar_star,126,12,415,30839434,5,0.0,1.0,1.0,1.0,1.0,9.75,12,0,0.0,0.0,1.0
ar_star,126,12,416,30839435,5,1.0,1.0,1.0,1.0,1.0,9.833333333333334,12,0,0.0,0.0,1.0
ar_star,126,12,417,30839436,5,1.0,1.0,1.0,1.0,1.0,9.916666666666666,12,0,0.0,0.0,1.0
ar_star,126,12,418,30839437,5,1.0,1.0,1.0,1.0,1.0,9.75,12,0,0.0,0.0,1.0
ar_star,126,12,419,30839438,5,1.0,1.0,1.0,1.0,1.0,9.666666666666666,12,0,0.0,0.0,1.0
ar_star,126,12,420,30839439,5,1.0,1.0,1.0,1.0,0.0,10.0,12,0,0.0,0.0,1.0
ar_star,126,12,421,30839440,5,0.0,1.0,1.0,1.0,1.0,9.833333333333334,12,0,0.0,0.0,1.0
ar_star,126,12,422,30839441,5,1.0,1.0,1.0,1.0,1.0,9.75,12,0,0.0,0.0,1.0
ar_star,126,12,423,30839442,5,1.0,1.0,1.0,1.0,1.0,10.0,12,0,0.0,0.0,1.0
ar_star,126,12,424,30839443,5,1.0,1.0,1.0,1.0,1.0,10.0,12,0,0.0,0.0,1.0
ar_star,126,12,425,30839444,5,1.0,1.0,1.0,1.0,1.0,10.0,12,0,0.0,0.0,1.0
ar_star,126,12,426,30839445,5,1.0,1.0,1.0,1.0,1.0,10.0,12,0,0.0,0.0,1.0
ar_star,126,12,427,30839446,5,1.0,1.0,1.0,1.0,1.0,10.0,12,0,0.0,0.0,1.0
ar_star,126,12,428,30839447,5,1.0,1.0,1.0,1.0,1.0,9.916666666666666,12,0,0.0,0.0,1.0
ar_star,126,12,429,30839448,5,1.0,1.0,1.0,1.0,0.0,10.0,12,0,0.0,0.0,1.0
ar_star,126,12,430,30839449,5,1.0,1.0,1.0,1.0,1.0,10.0,12,0,0.0,0.0,1.0
ar_star,126,12,431,30839450,5,0.0,1.0,1.0,1.0,1.0,9.833333333333334,12,0,0.0,0.0,1.0
ar_star,126,12,432,30839451,5,1.0,1.0,1.0,1.0,1.0,9.916666666666666,12,0,0.0,0.0,1.0
ar_star,126,12,433,30839452,5,1.0,1.0,1.0,1.0,0.0,9.666666666666666,12,0,0.0,0.0,1.0
ar_star,126,12,434,30839453,5,1.0,1.0,1.0,1.0,1.0,10.0,12,0,0.0,0.0,1.0
ar_star,126,12,435,30839454,5,1.0,1.0,1.0,1.0,0.0,10.0,12,0,0.0,0.0,1.0
ar_star,126,12,436,30839455,5,1.0,1.0,1.0,1.0,1.0,9.75,12,0,0.0,0.0,1.0
ar_star,126,12,437,30839456,5,1.0,1.0,1.0,1.0,1.0,9.833333333333334,12,0,0.0,0.0,1.0
ar_star,126,12,438,30839457,5,1.0,1.0,1.0,1.0,1.0,9.75,12,0,0.0,0.0,1.0
ar_star,126,12,439,30839458,5,1.0,1.0,1.0,1.0,1.0,9.916666666666666,12,0,0.0,0.0,1.0
ar_star,126,12,440,30839459,5,1.0,1.0,1.0,1.0,0.0,9.916666666666666,12,0,0.0,0.0,1.0
ar_star,126,12,441,30839460,5,1.0,1.0,1.0,1.0,1.0,9.916666666666666,12,0,0.0,0.0,1.0
ar_star,126,12,442,30839461,5,1.0,1.0,1.0,1.0,0.0,10.0,12,0,0.0,0.0,0.9996663329996663
ar_star,126,12,443,30839462,5,1.0,1.0,1.0,1.0,1.0,10.0,12,0,0.0,0.0,1.0
ar_star,126,12,444,30839463,5,1.0,1.0,1.0,1.0,1.0,10.0,12,0,0.0,0.0,0.9994994994994995
ar_star,126,12,445,30839464,5,1.0,1.0,1.0,1.0,1.0,10.0,12,0,0.0,0.0,1.0
ar_star,126,12,446,30839465,5,1.0,1.0,1.0,1.0,0.0,9.833333333333334,12,0,0.0,0.0,1.0
ar_star,126,12,447,30839466,5,1.0,1.0,1.0,1.0,1.0,9.916666666666666,12,0,0.0,0.0,1.0
ar_star,126,12,448,30839467,5,0.0,1.0,1.0,1.0,1.0,9.833333333333334,12,0,0.0,0.0,1.0
ar_star,126,12,449,30839468,5,1.0,1.0,1.0,1.0,1.0,9.833333333333334,12,0,0.0,0.0,1.0
ar_star,126,12,450,30839469,5,1.0,1.0,1.0,1.0,1.0,9.916666666666666,12,0,0.0,0.0,1.0
ar_star,126,12,451,30839470,5,1.0,1.0,1.0,1.0,1.0,10.0,12,0,0.0,0.0,1.0
ar_star,126,12,452,30839471,5,0.0,1.0,1.0,1.0,0.0,10.0,12,0,0.0,0.0,1.0
ar_star,126,12,453,30839472,5,1.0,1.0,1.0,1.0,1.0,9.916666666666666,12,0,0.0,0.0,1.0
ar_star,126,12,454,30839473,5,1.0,1.0,1.0,1.0,0.0,9.916666666666666,12,0,0.0,0.0,1.0
ar_star,126,12,455,30839474,5,1.0,1.0,1.0,1.0,1.0,10.0,12,0,0.0,0.0,1.0
ar_star,126,12,456,30839475,5,0.0,1.0,1.0,1.0,1.0,10.0,12,0,0.0,0.0,1.0
ar_star,126,12,457,30839476,5,1.0,1.0,1.0,1.0,1.0,9.916666666666666,12,0,0.0,0.0,1.0
ar_star,126,12,458,30839477,5,1.0,1.0,1.0,1.0,1.0,9.666666666666666,12,0,0.0,0.0,1.0
ar_star,126,12,459,30839478,5,0.0,1.0,1.0,1.0,1.0,9.833333333333334,12,0,0.0,0.0,1.0
ar_star,126,12,460,30839479,5,1.0,1.0,1.0,1.0,1.0,9.833333333333334,12,0,0.0,0.0,1.0
ar_star,126,12,461,30839480,5,1.0,1.0,1.0,1.0,1.0,9.666666666666666,12,0,0.0,0.0,1.0
ar_star,126,12,462,30839481,5,1.0,1.0,1.0,1.0,1.0,10.0,12,0,0.0,0.0,1.0
ar_star,126,12,463,30839482,5,1.0,1.0,1.0,1.0,1.0,9.916666666666666,12,0,0.0,0.0,1.0
ar_star,126,12,464,30839483,5,0.0,1.0,1.0,1.0,1.0,10.0,12,0,0.0,0.0,1.0
ar_star,126,12,465,30839484,5,0.0,1.0,1.0,1.0,1.0,9.75,12,0,0.0,0.0,1.0
ar_star,126,12,466,30839485,5,1.0,1.0,1.0,1.0,1.0,9.75,12,0,0.0,0.0,1.0
ar_star,126,12,467,30839486,5,1.0,1.0,1.0,1.0,1.0,9.916666666666666,12,0,0.0,0.0,1.0
ar_star,126,12,468,30839487,5,1.0,1.0,1.0,1.0,1.0,10.0,12,0,0.0,0.0,1.0
ar_star,126,12,469,30839488,5,1.0,1.0,1.0,1.0,0.0,9.75,12,0,0.0,0.0,1.0
ar_star,126,12,470,30839489,5,1.0,1.0,1.0,1.0,1.0,9.833333333333334,12,0,0.0,0.0,1.0
ar_star,126,12,471,30839490,5,1.0,1.0,1.0,1.0,0.0,10.0,12,0,0.0,0.0,1.0
ar_star,126,12,472,30839491,5,1.0,1.0,1.0,1.0,1.0,10.0,12,0,0.0,0.0,1.0
ar_star,126,12,473,30839492,5,0.0,1.0,1.0,1.0,1.0,10.0,12,0,0.0,0.0,1.0
ar_star,126,12,474,30839493,5,1.0,1.0,1.0,1.0,1.0,9.583333333333334,12,0,0.0,0.0,1.0
ar_star,126,12,475,30839494,5,0.0,1.0,1.0,1.0,1.0,9.75,12,0,0.0,0.0,1.0
ar_star,126,12,476,30839495,5,1.0,1.0,1.0,1.0,1.0,9.916666666666666,12,0,0.0,0.0,1.0
ar_star,126,12,477,30839496,5,1.0,1.0,1.0,1.0,1.0,9.916666666666666,12,0,0.0,0.0,1.0
ar_star,126,12,478,30839497,5,1.0,1.0,1.0,1.0,0.0,9.833333333333334,12,0,0.0,0.0,1.0
ar_star,126,12,479,30839498,5,0.0,1.0,1.0,1.0,1.0,9.416666666666666,12,0,0.0,0.0,1.0
ar_star,126,12,480,30839499,5,1.0,1.0,1.0,1.0,1.0,10.0,12,0,0.0,0.0,1.0
ar_star,126,12,481,30839500,5,1.0,1.0,1.0,1.0,1.0,10.0,12,0,0.0,0.0,1.0
ar_star,126,12,482,30839501,5,1.0,1.0,1.0,1.0,1.0,9.583333333333334,12,0,0.0,0.0,1.0
ar_star,126,12,483,30839502,5,1.0,1.0,1.0,1.0,1.0,10.0,12,0,0.0,0.0,1.0
ar_star,126,12,484,30839503,5,1.0,1.0,1.0,1.0,1.0,10.0,12,0,0.0,0.0,1.0
ar_star,126,12,485,30839504,5,1.0,1.0,1.0,1.0,1.0,9.916666666666666,12,0,0.0,0.0,1.0
ar_star,126,12,486,30839505,5,1.0,1.0,1.0,1.0,0.0,9.666666666666666,12,0,0.0,0.0,1.0
ar_star,126,12,487,30839506,5,1.0,1.0,1.0,1.0,0.0,10.0,12,0,0.0,0.0,1.0
ar_star,126,12,488,30839507,5,1.0,1.0,1.0,1.0,0.0,9.666666666666666,12,0,0.0,0.0,1.0
ar_star,126,12,489,30839508,5,1.0,1.0,1.0,1.0,1.0,10.0,12,0,0.0,0.0,1.0
ar_star,126,12,490,30839509,5,1.0,1.0,1.0,1.0,1.0,9.916666666666666,12,0,0.0,0.0,1.0
ar_star,126,12,491,30839510,5,1.0,1.0,1.0,1.0,1.0,10.0,12,0,0.0,0.0,1.0
ar_star,126,12,492,30839511,5,0.0,1.0,1.0,1.0,1.0,10.0,12,0,0.0,0.0,1.0
ar_star,126,12,493,30839512,5,1.0,1.0,1.0,1.0,1.0,9.916666666666666,12,0,0.0,0.0,1.0
ar_star,126,12,494,30839513,5,0.0,1.0,1.0,1.0,1.0,9.75,12,0,0.0,0.0,1.0
ar_star,126,12,495,30839514,5,0.0,1.0,1.0,1.0,0.0,9.75,12,0,0.0,0.0,1.0
ar_star,126,12,496,30839515,5,1.0,1.0,1.0,1.0,1.0,9.583333333333334,12,0,0.0,0.0,1.0
ar_star,126,12,497,30839516,5,1.0,1.0,1.0,1.0,1.0,10.0,12,0,0.0,0.0,1.0
ar_star,126,12,498,30839517,5,1.0,1.0,1.0,1.0,1.0,10.0,12,0,0.0,0.0,1.0
ar_star,126,12,499,30839518,5,1.0,1.0,1.0,1.0,1.0,9.833333333333334,12,0,0.0,0.0,1.0
ar_star,252,12,0,30965019,6,1.0,1.0,1.0,1.0,1.0,9.75,12,0,0.0,0.0,1.0
ar_star,252,12,1,30965020,6,0.0,1.0,1.0,1.0,1.0,9.416666666666666,12,0,0.0,0.0,1.0
ar_star,252,12,2,30965021,6,1.0,1.0,1.0,1.0,1.0,9.0,12,0,0.0,0.0,1.0
ar_star,252,12,3,30965022,6,1.0,1.0,1.0,1.0,1.0,9.666666666666666,12,0,0.0,0.0,1.0
ar_star,252,12,4,30965023,6,1.0,1.0,1.0,1.0,1.0,9.5,12,0,0.0,0.0,1.0
ar_star,252,12,5,30965024,6,0.0,1.0,1.0,1.0,1.0,9.583333333333334,12,0,0.0,0.0,1.0
ar_star,252,12,6,30965025,6,1.0,1.0,1.0,1.0,1.0,9.416666666666666,12,0,0.0,0.0,1.0
ar_star,252,12,7,30965026,6,1.0,1.0,1.0,1.0,1.0,9.416666666666666,12,0,0.0,0.0,1.0
ar_star,252,12,8,30965027,6,1.0,1.0,1.0,1.0,1.0,9.833333333333334,12,0,0.0,0.0,1.0
ar_star,252,12,9,30965028,6,1.0,1.0,1.0,1.0,1.0,9.5,12,0,0.0,0.0,1.0
ar_star,252,12,10,30965029,6,1.0,1.0,1.0,1.0,1.0,9.583333333333334,12,0,0.0,0.0,1.0
ar_star,252,12,11,30965030,6,0.0,1.0,1.0,1.0,1.0,8.083333333333334,12,0,0.0,0.0,1.0
ar_star,252,12,12,30965031,6,1.0,1.0,1.0,1.0,1.0,9.833333333333334,12,0,0.0,0.0,1.0
ar_star,252,12,13,30965032,6,1.0,1.0,1.0,1.0,1.0,9.833333333333334,12,0,0.0,0.0,1.0
ar_star,252,12,14,30965033,6,1.0,1.0,1.0,1.0,1.0,9.5,12,0,0.0,0.0,1.0
ar_star,252,12,15,30965034,6,1.0,1.0,1.0,1.0,1.0,9.5,12,0,0.0,0.0,1.0
ar_star,252,12,16,30965035,6,1.0,1.0,1.0,1.0,1.0,9.5,12,0,0.0,0.0,1.0
ar_star,252,12,17,30965036,6,1.0,1.0,1.0,1.0,1.0,9.166666666666666,12,0,0.0,0.0,1.0
ar_star,252,12,18,30965037,6,0.0,1.0,1.0,1.0,1.0,9.25,12,0,0.0,0.0,1.0
ar_star,252,12,19,30965038,6,1.0,1.0,1.0,1.0,1.0,9.666666666666666,12,0,0.0,0.0,1.0
ar_star,252,12,20,30965039,6,1.0,1.0,1.0,1.0,1.0,9.5,12,0,0.0,0.0,1.0
ar_star,252,12,21,30965040,6,1.0,1.0,1.0,1.0,1.0,9.583333333333334,12,0,0.0,0.0,1.0
ar_star,252,12,22,30965041,6,1.0,1.0,1.0,1.0,1.0,9.333333333333334,12,0,0.0,0.0,1.0
ar_star,252,12,23,30965042,6,1.0,1.0,1.0,1.0,1.0,9.5,12,0,0.0,0.0,1.0
ar_star,252,12,24,30965043,6,1.0,1.0,1.0,1.0,1.0,9.0,12,0,0.0,0.0,1.0
ar_star,252,12,25,30965044,6,0.0,1.0,1.0,1.0,1.0,9.083333333333334,12,0,0.0,0.0,1.0
ar_star,252,12,26,30965045,6,1.0,1.0,1.0,1.0,1.0,9.0,12,0,0.0,0.0,1.0
ar_star,252,12,27,30965046,6,1.0,1.0,1.0,1.0,1.0,9.833333333333334,12,0,0.0,0.0,1.0
ar_star,252,12,28,30965047,6,1.0,1.0,1.0,1.0,1.0,9.583333333333334,12,0,0.0,0.0,1.0
ar_star,252,12,29,30965048,6,0.0,1.0,1.0,1.0,1.0,9.5,12,0,0.0,0.0,1.0
ar_star,252,12,30,30965049,6,1.0,1.0,1.0,1.0,1.0,9.25,12,0,0.0,0.0,1.0
ar_star,252,12,31,30965050,6,1.0,1.0,1.0,1.0,1.0,9.0,12,0,0.0,0.0,1.0
ar_star,252,12,32,30965051,6,0.0,1.0,1.0,1.0,1.0,9.0,12,0,0.0,0.0,1.0
ar_star,252,12,33,30965052,6,1.0,1.0,1.0,1.0,1.0,9.333333333333334,12,0,0.0,0.0,1.0
ar_star,252,12,34,30965053,6,1.0,1.0,1.0,1.0,1.0,9.333333333333334,12,0,0.0,0.0,1.0
ar_star,252,12,35,30965054,6,1.0,1.0,1.0,1.0,1.0,9.166666666666666,12,0,0.0,0.0,1.0
ar_star,252,12,36,30965055,6,1.0,1.0,1.0,1.0,1.0,8.833333333333334,12,0,0.0,0.0,1.0
ar_star,252,12,37,30965056,6,1.0,1.0,1.0,1.0,1.0,9.583333333333334,12,0,0.0,0.0,1.0
ar_star,252,12,38,30965057,6,1.0,1.0,1.0,1.0,1.0,9.25,12,0,0.0,0.0,1.0
ar_star,252,12,39,30965058,6,1.0,1.0,1.0,1.0,1.0,9.5,12,0,0.0,0.0,1.0
ar_star,252,12,40,30965059,6,1.0,1.0,1.0,1.0,1.0,9.166666666666666,12,0,0.0,0.0,1.0
ar_star,252,12,41,30965060,6,1.0,1.0,1.0,1.0,1.0,9.75,12,0,0.0,0.0,1.0
ar_star,252,12,42,30965061,6,1.0,1.0,1.0,1.0,1.0,9.416666666666666,12,0,0.0,0.0,1.0
ar_star,252,12,43,30965062,6,1.0,1.0,1.0,1.0,1.0,9.25,12,0,0.0,0.0,1.0
ar_star,252,12,44,30965063,6,1.0,1.0,1.0,1.0,1.0,9.833333333333334,12,0,0.0,0.0,1.0
ar_star,252,12,45,30965064,6,1.0,1.0,1.0,1.0,1.0,9.083333333333334,12,0,0.0,0.0,1.0
ar_star,252,12,46,30965065,6,1.0,1.0,1.0,1.0,1.0,9.25,12,0,0.0,0.0,1.0
ar_star,252,12,47,30965066,6,0.0,1.0,1.0,1.0,1.0,9.25,12,0,0.0,0.0,1.0
ar_star,252,12,48,30965067,6,1.0,1.0,1.0,1.0,1.0,9.333333333333334,12,0,0.0,0.0,1.0
ar_star,252,12,49,30965068,6,1.0,1.0,1.0,1.0,1.0,9.583333333333334,12,0,0.0,0.0,1.0
ar_star,252,12,50,30965069,6,1.0,1.0,1.0,1.0,1.0,8.916666666666666,12,0,0.0,0.0,1.0
ar_star,252,12,51,30965070,6,0.0,1.0,1.0,1.0,1.0,9.583333333333334,12,0,0.0,0.0,1.0
ar_star,252,12,52,30965071,6,1.0,1.0,1.0,1.0,1.0,9.583333333333334,12,0,0.0,0.0,1.0
ar_star,252,12,53,30965072,6,1.0,1.0,1.0,1.0,1.0,9.5,12,0,0.0,0.0,1.0
ar_star,252,12,54,30965073,6,1.0,1.0,1.0,1.0,1.0,9.75,12,0,0.0,0.0,1.0
ar_star,252,12,55,30965074,6,1.0,1.0,1.0,1.0,1.0,9.083333333333334,12,0,0.0,0.0,1.0
ar_star,252,12,56,30965075,6,1.0,1.0,1.0,1.0,1.0,9.416666666666666,12,0,0.0,0.0,1.0
ar_star,252,12,57,30965076,6,1.0,1.0,1.0,1.0,1.0,9.416666666666666,12,0,0.0,0.0,1.0
ar_star,252,12,58,30965077,6,1.0,1.0,1.0,1.0,1.0,9.75,12,0,0.0,0.0,1.0
ar_star,252,12,59,30965078,6,0.0,1.0,1.0,1.0,1.0,8.916666666666666,12,0,0.0,0.0,1.0
ar_star,252,12,60,30965079,6,1.0,1.0,1.0,1.0,1.0,9.416666666666666,12,0,0.0,0.0,1.0
ar_star,252,12,61,30965080,6,1.0,1.0,1.0,1.0,1.0,9.166666666666666,12,0,0.0,0.0,1.0
ar_star,252,12,62,30965081,6,1.0,1.0,1.0,1.0,1.0,9.666666666666666,12,0,0.0,0.0,1.0
ar_star,252,12,63,30965082,6,0.0,1.0,1.0,1.0,1.0,9.25,12,0,0.0,0.0,1.0
ar_star,252,12,64,30965083,6,1.0,1.0,1.0,1.0,1.0,9.25,12,0,0.0,0.0,1.0
ar_star,252,12,65,30965084,6,1.0,1.0,1.0,1.0,1.0,9.5,12,0,0.0,0.0,1.0
ar_star,252,12,66,30965085,6,1.0,1.0,1.0,1.0,1.0,9.0,12,0,0.0,0.0,1.0
ar_star,252,12,67,30965086,6,1.0,1.0,1.0,1.0,1.0,9.416666666666666,12,0,0.0,0.0,1.0
ar_star,252,12,68,30965087,6,0.0,1.0,1.0,1.0,1.0,8.666666666666666,12,0,0.0,0.0,1.0
ar_star,252,12,69,30965088,6,0.0,1.0,1.0,1.0,1.0,9.333333333333334,12,0,0.0,0.0,1.0
ar_star,252,12,70,30965089,6,1.0,1.0,1.0,1.0,1.0,9.416666666666666,12,0,0.0,0.0,1.0
ar_star,252,12,71,30965090,6,1.0,1.0,1.0,1.0,1.0,9.75,12,0,0.0,0.0,1.0
ar_star,252,12,72,30965091,6,0.0,1.0,1.0,1.0,1.0,9.583333333333334,12,0,0.0,0.0,1.0
ar_star,252,12,73,30965092,6,1.0,1.0,1.0,1.0,1.0,9.666666666666666,12,0,0.0,0.0,1.0
ar_star,252,12,74,30965093,6,0.0,1.0,1.0,1.0,1.0,8.666666666666666,12,0,0.0,0.0,1.0
ar_star,252,12,75,30965094,6,1.0,1.0,1.0,1.0,1.0,9.166666666666666,12,0,0.0,0.0,1.0
ar_star,252,12,76,30965095,6,0.0,1.0,1.0,1.0,1.0,9.833333333333334,12,0,0.0,0.0,1.0
ar_star,252,12,77,30965096,6,1.0,1.0,1.0,1.0,1.0,9.25,12,0,0.0,0.0,1.0
ar_star,252,12,78,30965097,6,1.0,1.0,1.0,1.0,1.0,9.083333333333334,12,0,0.0,0.0,1.0
ar_star,252,12,79,30965098,6,0.0,1.0,1.0,1.0,1.0,9.666666666666666,12,0,0.0,0.0,1.0
ar_star,252,12,80,30965099,6,0.0,1.0,1.0,1.0,1.0,9.333333333333334,12,0,0.0,0.0,1.0
ar_star,252,12,81,30965100,6,1.0,1.0,1.0,1.0,1.0,9.916666666666666,12,0,0.0,0.0,1.0
ar_star,252,12,82,30965101,6,1.0,1.0,1.0,1.0,1.0,9.333333333333334,12,0,0.0,0.0,1.0
ar_star,252,12,83,30965102,6,1.0,1.0,1.0,1.0,1.0,9.0,12,0,0.0,0.0,1.0
ar_star,252,12,84,30965103,6,1.0,1.0,1.0,1.0,1.0,9.583333333333334,12,0,0.0,0.0,1.0
ar_star,252,12,85,30965104,6,1.0,1.0,1.0,1.0,1.0,9.0,12,0,0.0,0.0,1.0
ar_star,252,12,86,30965105,6,1.0,1.0,1.0,1.0,1.0,9.166666666666666,12,0,0.0,0.0,1.0
ar_star,252,12,87,30965106,6,1.0,1.0,1.0,1.0,1.0,8.833333333333334,12,0,0.0,0.0,1.0
ar_star,252,12,88,30965107,6,1.0,1.0,1.0,1.0,1.0,9.666666666666666,12,0,0.0,0.0,1.0
ar_star,252,12,89,30965108,6,1.0,1.0,1.0,1.0,1.0,9.416666666666666,12,0,0.0,0.0,1.0
ar_star,252,12,90,30965109,6,1.0,1.0,1.0,1.0,1.0,9.583333333333334,12,0,0.0,0.0,1.0
ar_star,252,12,91,30965110,6,1.0,1.0,1.0,1.0,1.0,9.5,12,0,0.0,0.0,1.0
ar_star,252,12,92,30965111,6,1.0,1.0,1.0,1.0,1.0,9.083333333333334,12,0,0.0,0.0,1.0
ar_star,252,12,93,30965112,6,1.0,1.0,1.0,1.0,1.0,9.333333333333334,12,0,0.0,0.0,1.0
ar_star,252,12,94,30965113,6,1.0,1.0,1.0,1.0,1.0,9.0,12,0,0.0,0.0,1.0
ar_star,252,12,95,30965114,6,1.0,1.0,1.0,1.0,1.0,9.5,12,0,0.0,0.0,1.0
ar_star,252,12,96,30965115,6,1.0,1.0,1.0,1.0,1.0,9.25,12,0,0.0,0.0,1.0
ar_star,252,12,97,30965116,6,0.0,1.0,1.0,1.0,1.0,9.416666666666666,12,0,0.0,0.0,1.0
ar_star,252,12,98,30965117,6,0.0,1.0,1.0,1.0,1.0,9.0,12,0,0.0,0.0,1.0
ar_star,252,12,99,30965118,6,0.0,1.0,1.0,1.0,1.0,9.083333333333334,12,0,0.0,0.0,1.0
ar_star,252,12,100,30965119,6,1.0,1.0,1.0,1.0,1.0,9.75,12,0,0.0,0.0,1.0
ar_star,252,12,101,30965120,6,1.0,1.0,1.0,1.0,1.0,9.916666666666666,12,0,0.0,0.0,1.0
ar_star,252,12,102,30965121,6,0.0,1.0,1.0,1.0,1.0,9.083333333333334,12,0,0.0,0.0,1.0
ar_star,252,12,103,30965122,6,1.0,1.0,1.0,1.0,1.0,9.5,12,0,0.0,0.0,1.0
ar_star,252,12,104,30965123,6,1.0,1.0,1.0,1.0,1.0,9.083333333333334,12,0,0.0,0.0,1.0
ar_star,252,12,105,30965124,6,1.0,1.0,1.0,1.0,1.0,9.25,12,0,0.0,0.0,1.0
ar_star,252,12,106,30965125,6,0.0,1.0,1.0,1.0,1.0,9.583333333333334,12,0,0.0,0.0,1.0
ar_star,252,12,107,30965126,6,1.0,1.0,1.0,1.0,1.0,9.833333333333334,12,0,0.0,0.0,1.0
ar_star,252,12,108,30965127,6,1.0,1.0,1.0,1.0,1.0,9.75,12,0,0.0,0.0,1.0
ar_star,252,12,109,30965128,6,1.0,1.0,1.0,1.0,1.0,9.333333333333334,12,0,0.0,0.0,1.0
ar_star,252,12,110,30965129,6,1.0,1.0,1.0,1.0,1.0,9.666666666666666,12,0,0.0,0.0,1.0
ar_star,252,12,111,30965130,6,1.0,1.0,1.0,1.0,1.0,9.25,12,0,0.0,0.0,1.0
ar_star,252,12,112,30965131,6,1.0,1.0,1.0,1.0,1.0,8.5,12,0,0.0,0.0,1.0
ar_star,252,12,113,30965132,6,1.0,1.0,1.0,1.0,1.0,9.5,12,0,0.0,0.0,1.0
ar_star,252,12,114,30965133,6,1.0,1.0,1.0,1.0,1.0,9.333333333333334,12,0,0.0,0.0,1.0
ar_star,252,12,115,30965134,6,1.0,1.0,1.0,1.0,1.0,9.5,12,0,0.0,0.0,1.0
ar_star,252,12,116,30965135,6,1.0,1.0,1.0,1.0,1.0,9.666666666666666,12,0,0.0,0.0,1.0
ar_star,252,12,117,30965136,6,1.0,1.0,1.0,1.0,1.0,9.583333333333334,12,0,0.0,0.0,1.0
ar_star,252,12,118,30965137,6,1.0,1.0,1.0,1.0,1.0,9.333333333333334,12,0,0.0,0.0,1.0
ar_star,252,12,119,30965138,6,1.0,1.0,1.0,1.0,1.0,9.25,12,0,0.0,0.0,1.0
ar_star,252,12,120,30965139,6,1.0,1.0,1.0,1.0,1.0,9.916666666666666,12,0,0.0,0.0,1.0
ar_star,252,12,121,30965140,6,1.0,1.0,1.0,1.0,1.0,9.416666666666666,12,0,0.0,0.0,1.0
ar_star,252,12,122,30965141,6,1.0,1.0,1.0,1.0,1.0,9.833333333333334,12,0,0.0,0.0,1.0
ar_star,252,12,123,30965142,6,1.0,1.0,1.0,1.0,1.0,9.5,12,0,0.0,0.0,1.0
ar_star,252,12,124,30965143,6,1.0,1.0,1.0,1.0,1.0,9.25,12,0,0.0,0.0,1.0
ar_star,252,12,125,30965144,6,1.0,1.0,1.0,1.0,1.0,9.083333333333334,12,0,0.0,0.0,1.0
ar_star,252,12,126,30965145,6,1.0,1.0,1.0,1.0,1.0,9.666666666666666,12,0,0.0,0.0,1.0
ar_star,252,12,127,30965146,6,1.0,1.0,1.0,1.0,1.0,9.583333333333334,12,0,0.0,0.0,1.0
ar_star,252,12,128,30965147,6,1.0,1.0,1.0,1.0,1.0,9.833333333333334,12,0,0.0,0.0,1.0
ar_star,252,12,129,30965148,6,0.0,1.0,1.0,1.0,1.0,9.75,12,0,0.0,0.0,1.0
ar_star,252,12,130,30965149,6,1.0,1.0,1.0,1.0,1.0,9.5,12,0,0.0,0.0,1.0
ar_star,252,12,131,30965150,6,1.0,1.0,1.0,1.0,1.0,9.916666666666666,12,0,0.0,0.0,1.0
ar_star,252,12,132,30965151,6,1.0,1.0,1.0,1.0,1.0,9.916666666666666,12,0,0.0,0.0,1.0
ar_star,252,12,133,30965152,6,1.0,1.0,1.0,1.0,1.0,9.0,12,0,0.0,0.0,1.0
ar_star,252,12,134,30965153,6,1.0,1.0,1.0,1.0,1.0,9.666666666666666,12,0,0.0,0.0,1.0
ar_star,252,12,135,30965154,6,1.0,1.0,1.0,1.0,1.0,9.166666666666666,12,0,0.0,0.0,1.0
ar_star,252,12,136,30965155,6,1.0,1.0,1.0,1.0,1.0,9.5,12,0,0.0,0.0,1.0
ar_star,252,12,137,30965156,6,0.0,1.0,1.0,1.0,1.0,9.416666666666666,12,0,0.0,0.0,1.0
ar_star,252,12,138,30965157,6,1.0,1.0,1.0,1.0,1.0,9.833333333333334,12,0,0.0,0.0,1.0
ar_star,252,12,139,30965158,6,0.0,1.0,1.0,1.0,1.0,9.5,12,0,0.0,0.0,1.0
ar_star,252,12,140,30965159,6,1.0,1.0,1.0,1.0,1.0,9.416666666666666,12,0,0.0,0.0,1.0
ar_star,252,12,141,30965160,6,1.0,1.0,1.0,1.0,1.0,9.5,12,0,0.0,0.0,1.0
ar_star,252,12,142,30965161,6,1.0,1.0,1.0,1.0,1.0,9.083333333333334,12,0,0.0,0.0,1.0
ar_star,252,12,143,30965162,6,1.0,1.0,1.0,1.0,1.0,9.5,12,0,0.0,0.0,1.0
ar_star,252,12,144,30965163,6,0.0,1.0,1.0,1.0,1.0,9.416666666666666,12,0,0.0,0.0,1.0
ar_star,252,12,145,30965164,6,1.0,1.0,1.0,1.0,1.0,9.25,12,0,0.0,0.0,1.0
ar_star,252,12,146,30965165,6,1.0,1.0,1.0,1.0,1.0,9.75,12,0,0.0,0.0,1.0
ar_star,252,12,147,30965166,6,1.0,1.0,1.0,1.0,1.0,9.25,12,0,0.0,0.0,1.0
ar_star,252,12,148,30965167,6,1.0,1.0,1.0,1.0,1.0,9.666666666666666,12,0,0.0,0.0,1.0
ar_star,252,12,149,30965168,6,1.0,1.0,1.0,1.0,1.0,9.75,12,0,0.0,0.0,1.0
ar_star,252,12,150,30965169,6,1.0,1.0,1.0,1.0,1.0,9.333333333333334,12,0,0.0,0.0,1.0
ar_star,252,12,151,30965170,6,1.0,1.0,1.0,1.0,1.0,9.75,12,0,0.0,0.0,1.0
ar_star,252,12,152,30965171,6,1.0,1.0,1.0,1.0,1.0,9.583333333333334,12,0,0.0,0.0,1.0
ar_star,252,12,153,30965172,6,1.0,1.0,1.0,1.0,1.0,9.5,12,0,0.0,0.0,1.0
ar_star,252,12,154,30965173,6,1.0,1.0,1.0,1.0,1.0,8.666666666666666,12,0,0.0,0.0,1.0
ar_star,252,12,155,30965174,6,1.0,1.0,1.0,1.0,1.0,9.083333333333334,12,0,0.0,0.0,1.0
ar_star,252,12,156,30965175,6,1.0,1.0,1.0,1.0,1.0,9.833333333333334,12,0,0.0,0.0,1.0
ar_star,252,12,157,30965176,6,1.0,1.0,1.0,1.0,1.0,9.666666666666666,12,0,0.0,0.0,1.0
ar_star,252,12,158,30965177,6,1.0,1.0,1.0,1.0,1.0,9.833333333333334,12,0,0.0,0.0,1.0
ar_star,252,12,159,30965178,6,1.0,1.0,1.0,1.0,1.0,9.5,12,0,0.0,0.0,1.0
ar_star,252,12,160,30965179,6,1.0,1.0,1.0,1.0,1.0,9.25,12,0,0.0,0.0,1.0
ar_star,252,12,161,30965180,6,1.0,1.0,1.0,1.0,1.0,9.25,12,0,0.0,0.0,1.0
ar_star,252,12,162,30965181,6,0.0,1.0,1.0,1.0,1.0,8.833333333333334,12,0,0.0,0.0,1.0
ar_star,252,12,163,30965182,6,1.0,1.0,1.0,1.0,1.0,9.416666666666666,12,0,0.0,0.0,1.0
ar_star,252,12,164,30965183,6,0.0,1.0,1.0,1.0,1.0,9.416666666666666,12,0,0.0,0.0,1.0
ar_star,252,12,165,30965184,6,1.0,1.0,1.0,1.0,1.0,9.25,12,0,0.0,0.0,1.0
ar_star,252,12,166,30965185,6,1.0,1.0,1.0,1.0,1.0,9.083333333333334,12,0,0.0,0.0,1.0
ar_star,252,12,167,30965186,6,0.0,1.0,1.0,1.0,1.0,9.583333333333334,12,0,0.0,0.0,1.0
ar_star,252,12,168,30965187,6,1.0,1.0,1.0,1.0,1.0,9.25,12,0,0.0,0.0,1.0
ar_star,252,12,169,30965188,6,1.0,1.0,1.0,1.0,1.0,8.666666666666666,12,0,0.0,0.0,1.0
ar_star,252,12,170,30965189,6,1.0,1.0,1.0,1.0,1.0,9.75,12,0,0.0,0.0,1.0
ar_star,252,12,171,30965190,6,1.0,1.0,1.0,1.0,1.0,8.666666666666666,12,0,0.0,0.0,1.0
ar_star,252,12,172,30965191,6,1.0,1.0,1.0,1.0,1.0,9.083333333333334,12,0,0.0,0.0,1.0
ar_star,252,12,173,30965192,6,1.0,1.0,1.0,1.0,1.0,9.083333333333334,12,0,0.0,0.0,1.0
ar_star,252,12,174,30965193,6,0.0,1.0,1.0,1.0,1.0,8.916666666666666,12,0,0.0,0.0,1.0
ar_star,252,12,175,30965194,6,1.0,1.0,1.0,1.0,1.0,9.25,12,0,0.0,0.0,1.0
ar_star,252,12,176,30965195,6,1.0,1.0,1.0,1.0,1.0,9.333333333333334,12,0,0.0,0.0,1.0
ar_star,252,12,177,30965196,6,1.0,1.0,1.0,1.0,1.0,9.666666666666666,12,0,0.0,0.0,1.0
ar_star,252,12,178,30965197,6,1.0,1.0,1.0,1.0,1.0,8.75,12,0,0.0,0.0,1.0
ar_star,252,12,179,30965198,6,1.0,1.0,1.0,1.0,1.0,9.833333333333334,12,0,0.0,0.0,1.0
ar_star,252,12,180,30965199,6,1.0,1.0,1.0,1.0,1.0,10.0,12,0,0.0,0.0,1.0
ar_star,252,12,181,30965200,6,1.0,1.0,1.0,1.0,1.0,9.583333333333334,12,0,0.0,0.0,1.0
ar_star,252,12,182,30965201,6,1.0,1.0,1.0,1.0,1.0,8.833333333333334,12,0,0.0,0.0,1.0
ar_star,252,12,183,30965202,6,1.0,1.0,1.0,1.0,1.0,9.75,12,0,0.0,0.0,1.0
ar_star,252,12,184,30965203,6,1.0,1.0,1.0,1.0,1.0,9.166666666666666,12,0,0.0,0.0,1.0
ar_star,252,12,185,30965204,6,1.0,1.0,1.0,1.0,1.0,9.5,12,0,0.0,0.0,1.0
ar_star,252,12,186,30965205,6,1.0,1.0,1.0,1.0,1.0,9.333333333333334,12,0,0.0,0.0,1.0
ar_star,252,12,187,30965206,6,1.0,1.0,1.0,1.0,1.0,9.583333333333334,12,0,0.0,0.0,1.0
ar_star,252,12,188,30965207,6,1.0,1.0,1.0,1.0,1.0,9.583333333333334,12,0,0.0,0.0,1.0
ar_star,252,12,189,30965208,6,0.0,1.0,1.0,1.0,1.0,9.666666666666666,12,0,0.0,0.0,1.0
ar_star,252,12,190,30965209,6,1.0,1.0,1.0,1.0,1.0,10.0,12,0,0.0,0.0,1.0
ar_star,252,12,191,30965210,6,1.0,1.0,1.0,1.0,1.0,9.083333333333334,12,0,0.0,0.0,1.0
ar_star,252,12,192,30965211,6,0.0,1.0,1.0,1.0,1.0,9.416666666666666,12,0,0.0,0.0,1.0
ar_star,252,12,193,30965212,6,1.0,1.0,1.0,1.0,1.0,9.0,12,0,0.0,0.0,1.0
ar_star,252,12,194,30965213,6,1.0,1.0,1.0,1.0,1.0,9.25,12,0,0.0,0.0,1.0
ar_star,252,12,195,30965214,6,0.0,1.0,1.0,1.0,1.0,9.75,12,0,0.0,0.0,1.0
ar_star,252,12,196,30965215,6,1.0,1.0,1.0,1.0,1.0,9.5,12,0,0.0,0.0,1.0
ar_star,252,12,197,30965216,6,0.0,1.0,1.0,1.0,1.0,9.25,12,0,0.0,0.0,1.0
ar_star,252,12,198,30965217,6,1.0,1.0,1.0,1.0,1.0,9.166666666666666,12,0,0.0,0.0,1.0
ar_star,252,12,199,30965218,6,1.0,1.0,1.0,1.0,1.0,9.583333333333334,12,0,0.0,0.0,1.0
ar_star,252,12,200,30965219,6,1.0,1.0,1.0,1.0,1.0,9.5,12,0,0.0,0.0,1.0
ar_star,252,12,201,30965220,6,1.0,1.0,1.0,1.0,1.0,9.916666666666666,12,0,0.0,0.0,1.0
ar_star,252,12,202,30965221,6,1.0,1.0,1.0,1.0,1.0,9.833333333333334,12,0,0.0,0.0,1.0
ar_star,252,12,203,30965222,6,0.0,1.0,1.0,1.0,1.0,9.083333333333334,12,0,0.0,0.0,1.0
ar_star,252,12,204,30965223,6,1.0,1.0,1.0,1.0,1.0,9.666666666666666,12,0,0.0,0.0,1.0
ar_star,252,12,205,30965224,6,1.0,1.0,1.0,1.0,1.0,9.5,12,0,0.0,0.0,1.0
ar_star,252,12,206,30965225,6,1.0,1.0,1.0,1.0,1.0,9.583333333333334,12,0,0.0,0.0,1.0
ar_star,252,12,207,30965226,6,1.0,1.0,1.0,1.0,1.0,9.75,12,0,0.0,0.0,1.0
ar_star,252,12,208,30965227,6,1.0,1.0,1.0,1.0,1.0,9.416666666666666,12,0,0.0,0.0,1.0
ar_star,252,12,209,30965228,6,1.0,1.0,1.0,1.0,1.0,9.5,12,0,0.0,0.0,1.0
ar_star,252,12,210,30965229,6,1.0,1.0,1.0,1.0,1.0,9.25,12,0,0.0,0.0,1.0
ar_star,252,12,211,30965230,6,1.0,1.0,1.0,1.0,1.0,9.333333333333334,12,0,0.0,0.0,1.0
ar_star,252,12,212,30965231,6,1.0,1.0,1.0,1.0,1.0,9.333333333333334,12,0,0.0,0.0,1.0
ar_star,252,12,213,30965232,6,0.0,1.0,1.0,1.0,1.0,9.5,12,0,0.0,0.0,1.0
ar_star,252,12,214,30965233,6,1.0,1.0,1.0,1.0,1.0,9.5,12,0,0.0,0.0,1.0
ar_star,252,12,215,30965234,6,1.0,1.0,1.0,1.0,1.0,9.916666666666666,12,0,0.0,0.0,1.0
ar_star,252,12,216,30965235,6,0.0,1.0,1.0,1.0,1.0,8.75,12,0,0.0,0.0,1.0
ar_star,252,12,217,30965236,6,1.0,1.0,1.0,1.0,1.0,9.333333333333334,12,0,0.0,0.0,1.0
ar_star,252,12,218,30965237,6,1.0,1.0,1.0,1.0,1.0,9.5,12,0,0.0,0.0,1.0
ar_star,252,12,219,30965238,6,1.0,1.0,1.0,1.0,1.0,9.25,12,0,0.0,0.0,1.0
ar_star,252,12,220,30965239,6,0.0,1.0,1.0,1.0,1.0,9.916666666666666,12,0,0.0,0.0,1.0
ar_star,252,12,221,30965240,6,0.0,1.0,1.0,1.0,1.0,8.916666666666666,12,0,0.0,0.0,1.0
ar_star,252,12,222,30965241,6,1.0,1.0,1.0,1.0,1.0,8.75,12,0,0.0,0.0,1.0
ar_star,252,12,223,30965242,6,1.0,1.0,1.0,1.0,1.0,9.666666666666666,12,0,0.0,0.0,1.0
ar_star,252,12,224,30965243,6,1.0,1.0,1.0,1.0,1.0,9.75,12,0,0.0,0.0,1.0
ar_star,252,12,225,30965244,6,1.0,1.0,1.0,1.0,1.0,9.416666666666666,12,0,0.0,0.0,1.0
ar_star,252,12,226,30965245,6,1.0,1.0,1.0,1.0,1.0,9.333333333333334,12,0,0.0,0.0,1.0
ar_star,252,12,227,30965246,6,1.0,1.0,1.0,1.0,1.0,8.75,12,0,0.0,0.0,1.0
ar_star,252,12,228,30965247,6,1.0,1.0,1.0,1.0,1.0,9.5,12,0,0.0,0.0,1.0
ar_star,252,12,229,30965248,6,1.0,1.0,1.0,1.0,1.0,9.5,12,0,0.0,0.0,1.0
ar_star,252,12,230,30965249,6,1.0,1.0,1.0,1.0,1.0,9.25,12,0,0.0,0.0,1.0
ar_star,252,12,231,30965250,6,1.0,1.0,1.0,1.0,1.0,9.333333333333334,12,0,0.0,0.0,1.0
ar_star,252,12,232,30965251,6,1.0,1.0,1.0,1.0,1.0,9.416666666666666,12,0,0.0,0.0,1.0
ar_star,252,12,233,30965252,6,1.0,1.0,1.0,1.0,1.0,8.916666666666666,12,0,0.0,0.0,1.0
ar_star,252,12,234,30965253,6,1.0,1.0,1.0,1.0,1.0,9.75,12,0,0.0,0.0,1.0
ar_star,252,12,235,30965254,6,1.0,1.0,1.0,1.0,1.0,9.166666666666666,12,0,0.0,0.0,1.0
ar_star,252,12,236,30965255,6,1.0,1.0,1.0,1.0,1.0,9.75,12,0,0.0,0.0,1.0
ar_star,252,12,237,30965256,6,1.0,1.0,1.0,1.0,1.0,9.333333333333334,12,0,0.0,0.0,1.0
ar_star,252,12,238,30965257,6,1.0,1.0,1.0,1.0,1.0,9.583333333333334,12,0,0.0,0.0,1.0
ar_star,252,12,239,30965258,6,1.0,1.0,1.0,1.0,1.0,9.666666666666666,12,0,0.0,0.0,1.0
ar_star,252,12,240,30965259,6,1.0,1.0,1.0,1.0,1.0,9.75,12,0,0.0,0.0,1.0
ar_star,252,12,241,30965260,6,1.0,1.0,1.0,1.0,1.0,8.416666666666666,12,0,0.0,0.0,1.0
ar_star,252,12,242,30965261,6,1.0,1.0,1.0,1.0,1.0,9.666666666666666,12,0,0.0,0.0,1.0
ar_star,252,12,243,30965262,6,1.0,1.0,1.0,1.0,1.0,9.833333333333334,12,0,0.0,0.0,1.0
ar_star,252,12,244,30965263,6,1.0,1.0,1.0,1.0,1.0,9.5,12,0,0.0,0.0,1.0
ar_star,252,12,245,30965264,6,1.0,1.0,1.0,1.0,1.0,9.666666666666666,12,0,0.0,0.0,1.0
ar_star,252,12,246,30965265,6,1.0,1.0,1.0,1.0,1.0,9.75,12,0,0.0,0.0,1.0
ar_star,252,12,247,30965266,6,1.0,1.0,1.0,1.0,1.0,9.833333333333334,12,0,0.0,0.0,1.0
ar_star,252,12,248,30965267,6,1.0,1.0,1.0,1.0,1.0,9.333333333333334,12,0,0.0,0.0,1.0
ar_star,252,12,249,30965268,6,1.0,1.0,1.0,1.0,1.0,9.75,12,0,0.0,0.0,1.0
ar_star,252,12,250,30965269,6,1.0,1.0,1.0,1.0,1.0,9.583333333333334,12,0,0.0,0.0,1.0
ar_star,252,12,251,30965270,6,1.0,1.0,1.0,1.0,1.0,9.666666666666666,12,0,0.0,0.0,1.0
ar_star,252,12,252,30965271,6,1.0,1.0,1.0,1.0,1.0,9.583333333333334,12,0,0.0,0.0,1.0
ar_star,252,12,253,30965272,6,0.0,1.0,1.0,1.0,1.0,9.083333333333334,12,0,0.0,0.0,1.0
ar_star,252,12,254,30965273,6,1.0,1.0,1.0,1.0,1.0,9.333333333333334,12,0,0.0,0.0,1.0
ar_star,252,12,255,30965274,6,1.0,1.0,1.0,1.0,1.0,9.666666666666666,12,0,0.0,0.0,1.0
ar_star,252,12,256,30965275,6,1.0,1.0,1.0,1.0,1.0,9.0,12,0,0.0,0.0,1.0
ar_star,252,12,257,30965276,6,1.0,1.0,1.0,1.0,1.0,9.0,12,0,0.0,0.0,1.0
ar_star,252,12,258,30965277,6,0.0,1.0,1.0,1.0,1.0,9.583333333333334,12,0,0.0,0.0,1.0
ar_star,252,12,259,30965278,6,1.0,1.0,1.0,1.0,1.0,8.916666666666666,12,0,0.0,0.0,1.0
ar_star,252,12,260,30965279,6,1.0,1.0,1.0,1.0,1.0,9.416666666666666,12,0,0.0,0.0,1.0
ar_star,252,12,261,30965280,6,1.0,1.0,1.0,1.0,1.0,9.916666666666666,12,0,0.0,0.0,1.0
ar_star,252,12,262,30965281,6,1.0,1.0,1.0,1.0,1.0,9.833333333333334,12,0,0.0,0.0,1.0
ar_star,252,12,263,30965282,6,1.0,1.0,1.0,1.0,1.0,9.666666666666666,12,0,0.0,0.0,1.0
ar_star,252,12,264,30965283,6,0.0,1.0,1.0,1.0,1.0,9.75,12,0,0.0,0.0,1.0
ar_star,252,12,265,30965284,6,1.0,1.0,1.0,1.0,1.0,9.916666666666666,12,0,0.0,0.0,1.0
ar_star,252,12,266,30965285,6,1.0,1.0,1.0,1.0,1.0,9.166666666666666,12,0,0.0,0.0,1.0
ar_star,252,12,267,30965286,6,1.0,1.0,1.0,1.0,1.0,9.583333333333334,12,0,0.0,0.0,1.0
ar_star,252,12,268,30965287,6,1.0,1.0,1.0,1.0,1.0,9.583333333333334,12,0,0.0,0.0,1.0
ar_star,252,12,269,30965288,6,1.0,1.0,1.0,1.0,1.0,9.25,12,0,0.0,0.0,1.0
ar_star,252,12,270,30965289,6,1.0,1.0,1.0,1.0,1.0,9.416666666666666,12,0,0.0,0.0,1.0
ar_star,252,12,271,30965290,6,1.0,1.0,1.0,1.0,1.0,9.5,12,0,0.0,0.0,1.0
ar_star,252,12,272,30965291,6,1.0,1.0,1.0,1.0,1.0,9.416666666666666,12,0,0.0,0.0,1.0
ar_star,252,12,273,30965292,6,0.0,1.0,1.0,1.0,1.0,9.083333333333334,12,0,0.0,0.0,1.0
ar_star,252,12,274,30965293,6,1.0,1.0,1.0,1.0,1.0,9.333333333333334,12,0,0.0,0.0,1.0
ar_star,252,12,275,30965294,6,1.0,1.0,1.0,1.0,1.0,9.833333333333334,12,0,0.0,0.0,1.0
ar_star,252,12,276,30965295,6,1.0,1.0,1.0,1.0,1.0,9.416666666666666,12,0,0.0,0.0,1.0
ar_star,252,12,277,30965296,6,1.0,1.0,1.0,1.0,1.0,9.0,12,0,0.0,0.0,1.0
ar_star,252,12,278,30965297,6,0.0,1.0,1.0,1.0,1.0,8.916666666666666,12,0,0.0,0.0,1.0
ar_star,252,12,279,30965298,6,1.0,1.0,1.0,1.0,1.0,9.916666666666666,12,0,0.0,0.0,1.0
ar_star,252,12,280,30965299,6,1.0,1.0,1.0,1.0,1.0,9.666666666666666,12,0,0.0,0.0,1.0
ar_star,252,12,281,30965300,6,1.0,1.0,1.0,1.0,1.0,9.25,12,0,0.0,0.0,1.0
ar_star,252,12,282,30965301,6,1.0,1.0,1.0,1.0,1.0,9.833333333333334,12,0,0.0,0.0,1.0
ar_star,252,12,283,30965302,6,1.0,1.0,1.0,1.0,1.0,9.0,12,0,0.0,0.0,1.0
ar_star,252,12,284,30965303,6,1.0,1.0,1.0,1.0,1.0,9.416666666666666,12,0,0.0,0.0,1.0
ar_star,252,12,285,30965304,6,1.0,1.0,1.0,1.0,1.0,9.666666666666666,12,0,0.0,0.0,1.0
ar_star,252,12,286,30965305,6,1.0,1.0,1.0,1.0,1.0,9.916666666666666,12,0,0.0,0.0,1.0
ar_star,252,12,287,30965306,6,1.0,1.0,1.0,1.0,1.0,9.5,12,0,0.0,0.0,1.0
ar_star,252,12,288,30965307,6,1.0,1.0,1.0,1.0,1.0,9.25,12,0,0.0,0.0,1.0
ar_star,252,12,289,30965308,6,1.0,1.0,1.0,1.0,1.0,9.333333333333334,12,0,0.0,0.0,1.0
ar_star,252,12,290,30965309,6,0.0,1.0,1.0,1.0,1.0,9.75,12,0,0.0,0.0,1.0
ar_star,252,12,291,30965310,6,1.0,1.0,1.0,1.0,1.0,9.666666666666666,12,0,0.0,0.0,1.0
ar_star,252,12,292,30965311,6,1.0,1.0,1.0,1.0,1.0,9.75,12,0,0.0,0.0,1.0
ar_star,252,12,293,30965312,6,1.0,1.0,1.0,1.0,1.0,9.833333333333334,12,0,0.0,0.0,1.0
ar_star,252,12,294,30965313,6,1.0,1.0,1.0,1.0,1.0,9.75,12,0,0.0,0.0,1.0
ar_star,252,12,295,30965314,6,0.0,1.0,1.0,1.0,1.0,9.5,12,0,0.0,0.0,1.0
ar_star,252,12,296,30965315,6,1.0,1.0,1.0,1.0,1.0,9.166666666666666,12,0,0.0,0.0,1.0
ar_star,252,12,297,30965316,6,1.0,1.0,1.0,1.0,1.0,9.5,12,0,0.0,0.0,1.0
ar_star,252,12,298,30965317,6,1.0,1.0,1.0,1.0,1.0,9.583333333333334,12,0,0.0,0.0,1.0
ar_star,252,12,299,30965318,6,1.0,1.0,1.0,1.0,1.0,9.75,12,0,0.0,0.0,1.0
ar_star,252,12,300,30965319,6,1.0,1.0,1.0,1.0,1.0,9.5,12,0,0.0,0.0,1.0
ar_star,252,12,301,30965320,6,1.0,1.0,1.0,1.0,1.0,9.333333333333334,12,0,0.0,0.0,1.0
ar_star,252,12,302,30965321,6,0.0,1.0,1.0,1.0,1.0,9.416666666666666,12,0,0.0,0.0,1.0
ar_star,252,12,303,30965322,6,1.0,1.0,1.0,1.0,1.0,9.583333333333334,12,0,0.0,0.0,1.0
ar_star,252,12,304,30965323,6,0.0,1.0,1.0,1.0,1.0,9.25,12,0,0.0,0.0,1.0
ar_star,252,12,305,30965324,6,1.0,1.0,1.0,1.0,1.0,9.416666666666666,12,0,0.0,0.0,1.0
ar_star,252,12,306,30965325,6,0.0,1.0,1.0,1.0,1.0,9.416666666666666,12,0,0.0,0.0,1.0
ar_star,252,12,307,30965326,6,1.0,1.0,1.0,1.0,1.0,9.583333333333334,12,0,0.0,0.0,1.0
ar_star,252,12,308,30965327,6,1.0,1.0,1.0,1.0,1.0,9.75,12,0,0.0,0.0,1.0
ar_star,252,12,309,30965328,6,1.0,1.0,1.0,1.0,1.0,9.75,12,0,0.0,0.0,1.0
ar_star,252,12,310,30965329,6,1.0,1.0,1.0,1.0,1.0,9.75,12,0,0.0,0.0,1.0
ar_star,252,12,311,30965330,6,1.0,1.0,1.0,1.0,1.0,8.75,12,0,0.0,0.0,1.0
ar_star,252,12,312,30965331,6,1.0,1.0,1.0,1.0,1.0,9.333333333333334,12,0,0.0,0.0,1.0
ar_star,252,12,313,30965332,6,1.0,1.0,1.0,1.0,1.0,9.583333333333334,12,0,0.0,0.0,1.0
ar_star,252,12,314,30965333,6,1.0,1.0,1.0,1.0,1.0,9.416666666666666,12,0,0.0,0.0,1.0
ar_star,252,12,315,30965334,6,1.0,1.0,1.0,1.0,1.0,9.333333333333334,12,0,0.0,0.0,1.0
ar_star,252,12,316,30965335,6,1.0,1.0,1.0,1.0,1.0,9.416666666666666,12,0,0.0,0.0,1.0
ar_star,252,12,317,30965336,6,1.0,1.0,1.0,1.0,1.0,9.666666666666666,12,0,0.0,0.0,1.0
ar_star,252,12,318,30965337,6,1.0,1.0,1.0,1.0,1.0,8.833333333333334,12,0,0.0,0.0,1.0
ar_star,252,12,319,30965338,6,1.0,1.0,1.0,1.0,1.0,8.583333333333334,12,0,0.0,0.0,1.0
ar_star,252,12,320,30965339,6,1.0,1.0,1.0,1.0,1.0,9.166666666666666,12,0,0.0,0.0,1.0
ar_star,252,12,321,30965340,6,1.0,1.0,1.0,1.0,1.0,9.416666666666666,12,0,0.0,0.0,1.0
ar_star,252,12,322,30965341,6,1.0,1.0,1.0,1.0,1.0,9.5,12,0,0.0,0.0,1.0
ar_star,252,12,323,30965342,6,1.0,1.0,1.0,1.0,1.0,9.333333333333334,12,0,0.0,0.0,1.0
ar_star,252,12,324,30965343,6,1.0,1.0,1.0,1.0,1.0,8.833333333333334,12,0,0.0,0.0,1.0
ar_star,252,12,325,30965344,6,1.0,1.0,1.0,1.0,1.0,9.75,12,0,0.0,0.0,1.0
ar_star,252,12,326,30965345,6,0.0,1.0,1.0,1.0,1.0,9.166666666666666,12,0,0.0,0.0,1.0
ar_star,252,12,327,30965346,6,1.0,1.0,1.0,1.0,1.0,9.166666666666666,12,0,0.0,0.0,1.0
ar_star,252,12,328,30965347,6,1.0,1.0,1.0,1.0,1.0,9.083333333333334,12,0,0.0,0.0,1.0
ar_star,252,12,329,30965348,6,1.0,1.0,1.0,1.0,1.0,9.5,12,0,0.0,0.0,1.0
ar_star,252,12,330,30965349,6,1.0,1.0,1.0,1.0,1.0,9.75,12,0,0.0,0.0,1.0
ar_star,252,12,331,30965350,6,0.0,1.0,1.0,1.0,1.0,8.416666666666666,12,0,0.0,0.0,1.0
ar_star,252,12,332,30965351,6,1.0,1.0,1.0,1.0,1.0,9.333333333333334,12,0,0.0,0.0,1.0
ar_star,252,12,333,30965352,6,1.0,1.0,1.0,1.0,1.0,9.333333333333334,12,0,0.0,0.0,1.0
ar_star,252,12,334,30965353,6,1.0,1.0,1.0,1.0,1.0,9.166666666666666,12,0,0.0,0.0,1.0
ar_star,252,12,335,30965354,6,1.0,1.0,1.0,1.0,1.0,8.916666666666666,12,0,0.0,0.0,1.0
ar_star,252,12,336,30965355,6,1.0,1.0,1.0,1.0,1.0,9.5,12,0,0.0,0.0,1.0
ar_star,252,12,337,30965356,6,1.0,1.0,1.0,1.0,1.0,9.666666666666666,12,0,0.0,0.0,1.0
ar_star,252,12,338,30965357,6,1.0,1.0,1.0,1.0,1.0,9.166666666666666,12,0,0.0,0.0,1.0
ar_star,252,12,339,30965358,6,1.0,1.0,1.0,1.0,1.0,9.916666666666666,12,0,0.0,0.0,1.0
ar_star,252,12,340,30965359,6,1.0,1.0,1.0,1.0,1.0,9.5,12,0,0.0,0.0,1.0
ar_star,252,12,341,30965360,6,1.0,1.0,1.0,1.0,1.0,9.416666666666666,12,0,0.0,0.0,1.0
ar_star,252,12,342,30965361,6,1.0,1.0,1.0,1.0,1.0,9.25,12,0,0.0,0.0,1.0
ar_star,252,12,343,30965362,6,1.0,1.0,1.0,1.0,1.0,9.166666666666666,12,0,0.0,0.0,1.0
ar_star,252,12,344,30965363,6,1.0,1.0,1.0,1.0,1.0,9.083333333333334,12,0,0.0,0.0,1.0
ar_star,252,12,345,30965364,6,1.0,1.0,1.0,1.0,1.0,9.583333333333334,12,0,0.0,0.0,1.0
ar_star,252,12,346,30965365,6,1.0,1.0,1.0,1.0,1.0,9.25,12,0,0.0,0.0,1.0
ar_star,252,12,347,30965366,6,1.0,1.0,1.0,1.0,1.0,9.666666666666666,12,0,0.0,0.0,1.0
ar_star,252,12,348,30965367,6,0.0,1.0,1.0,1.0,1.0,8.833333333333334,12,0,0.0,0.0,1.0
ar_star,252,12,349,30965368,6,1.0,1.0,1.0,1.0,1.0,10.0,12,0,0.0,0.0,1.0
ar_star,252,12,350,30965369,6,1.0,1.0,1.0,1.0,1.0,8.916666666666666,12,0,0.0,0.0,1.0
ar_star,252,12,351,30965370,6,1.0,1.0,1.0,1.0,1.0,9.0,12,0,0.0,0.0,1.0
ar_star,252,12,352,30965371,6,1.0,1.0,1.0,1.0,1.0,9.0,12,0,0.0,0.0,1.0
ar_star,252,12,353,30965372,6,1.0,1.0,1.0,1.0,1.0,9.416666666666666,12,0,0.0,0.0,1.0
ar_star,252,12,354,30965373,6,1.0,1.0,1.0,1.0,1.0,8.666666666666666,12,0,0.0,0.0,1.0
ar_star,252,12,355,30965374,6,1.0,1.0,1.0,1.0,1.0,9.0,12,0,0.0,0.0,1.0
ar_star,252,12,356,30965375,6,1.0,1.0,1.0,1.0,1.0,9.0,12,0,0.0,0.0,1.0
ar_star,252,12,357,30965376,6,1.0,1.0,1.0,1.0,1.0,9.5,12,0,0.0,0.0,1.0
ar_star,252,12,358,30965377,6,1.0,1.0,1.0,1.0,1.0,9.25,12,0,0.0,0.0,1.0
ar_star,252,12,359,30965378,6,1.0,1.0,1.0,1.0,1.0,9.916666666666666,12,0,0.0,0.0,1.0
ar_star,252,12,360,30965379,6,1.0,1.0,1.0,1.0,1.0,9.833333333333334,12,0,0.0,0.0,1.0
ar_star,252,12,361,30965380,6,1.0,1.0,1.0,1.0,1.0,9.416666666666666,12,0,0.0,0.0,1.0
ar_star,252,12,362,30965381,6,1.0,1.0,1.0,1.0,1.0,9.666666666666666,12,0,0.0,0.0,1.0
ar_star,252,12,363,30965382,6,1.0,1.0,1.0,1.0,1.0,9.833333333333334,12,0,0.0,0.0,1.0
ar_star,252,12,364,30965383,6,0.0,1.0,1.0,1.0,1.0,9.916666666666666,12,0,0.0,0.0,1.0
ar_star,252,12,365,30965384,6,1.0,1.0,1.0,1.0,1.0,9.833333333333334,12,0,0.0,0.0,1.0
ar_star,252,12,366,30965385,6,1.0,1.0,1.0,1.0,1.0,9.416666666666666,12,0,0.0,0.0,1.0
ar_star,252,12,367,30965386,6,1.0,1.0,1.0,1.0,1.0,9.166666666666666,12,0,0.0,0.0,1.0
ar_star,252,12,368,30965387,6,1.0,1.0,1.0,1.0,1.0,9.333333333333334,12,0,0.0,0.0,1.0
ar_star,252,12,369,30965388,6,1.0,1.0,1.0,1.0,1.0,9.083333333333334,12,0,0.0,0.0,1.0
ar_star,252,12,370,30965389,6,1.0,1.0,1.0,1.0,1.0,9.666666666666666,12,0,0.0,0.0,1.0
ar_star,252,12,371,30965390,6,1.0,1.0,1.0,1.0,1.0,9.583333333333334,12,0,0.0,0.0,1.0
ar_star,252,12,372,30965391,6,1.0,1.0,1.0,1.0,1.0,9.833333333333334,12,0,0.0,0.0,1.0
ar_star,252,12,373,30965392,6,1.0,1.0,1.0,1.0,1.0,9.333333333333334,12,0,0.0,0.0,1.0
ar_star,252,12,374,30965393,6,0.0,1.0,1.0,1.0,1.0,9.416666666666666,12,0,0.0,0.0,1.0
ar_star,252,12,375,30965394,6,0.0,1.0,1.0,1.0,1.0,9.5,12,0,0.0,0.0,1.0
ar_star,252,12,376,30965395,6,0.0,1.0,1.0,1.0,1.0,8.75,12,0,0.0,0.0,1.0
ar_star,252,12,377,30965396,6,1.0,1.0,1.0,1.0,1.0,8.666666666666666,12,0,0.0,0.0,1.0
ar_star,252,12,378,30965397,6,1.0,1.0,1.0,1.0,1.0,9.5,12,0,0.0,0.0,1.0
ar_star,252,12,379,30965398,6,1.0,1.0,1.0,1.0,1.0,9.25,12,0,0.0,0.0,1.0
ar_star,252,12,380,30965399,6,1.0,1.0,1.0,1.0,1.0,8.916666666666666,12,0,0.0,0.0,1.0
ar_star,252,12,381,30965400,6,0.0,1.0,1.0,1.0,1.0,9.083333333333334,12,0,0.0,0.0,1.0
ar_star,252,12,382,30965401,6,1.0,1.0,1.0,1.0,1.0,9.833333333333334,12,0,0.0,0.0,1.0
ar_star,252,12,383,30965402,6,1.0,1.0,1.0,1.0,1.0,9.5,12,0,0.0,0.0,1.0
ar_star,252,12,384,30965403,6,1.0,1.0,1.0,1.0,1.0,8.583333333333334,12,0,0.0,0.0,1.0
ar_star,252,12,385,30965404,6,1.0,1.0,1.0,1.0,1.0,9.166666666666666,12,0,0.0,0.0,1.0
ar_star,252,12,386,30965405,6,1.0,1.0,1.0,1.0,1.0,9.583333333333334,12,0,0.0,0.0,1.0
ar_star,252,12,387,30965406,6,1.0,1.0,1.0,1.0,1.0,8.75,12,0,0.0,0.0,1.0
ar_star,252,12,388,30965407,6,1.0,1.0,1.0,1.0,1.0,8.916666666666666,12,0,0.0,0.0,1.0
ar_star,252,12,389,30965408,6,0.0,1.0,1.0,1.0,1.0,9.416666666666666,12,0,0.0,0.0,1.0
ar_star,252,12,390,30965409,6,1.0,1.0,1.0,1.0,1.0,9.5,12,0,0.0,0.0,1.0
ar_star,252,12,391,30965410,6,1.0,1.0,1.0,1.0,1.0,9.583333333333334,12,0,0.0,0.0,1.0
ar_star,252,12,392,30965411,6,1.0,1.0,1.0,1.0,1.0,9.583333333333334,12,0,0.0,0.0,1.0
ar_star,252,12,393,30965412,6,1.0,1.0,1.0,1.0,1.0,9.416666666666666,12,0,0.0,0.0,1.0
ar_star,252,12,394,30965413,6,1.0,1.0,1.0,1.0,1.0,9.75,12,0,0.0,0.0,1.0
ar_star,252,12,395,30965414,6,0.0,1.0,1.0,1.0,1.0,9.5,12,0,0.0,0.0,1.0
ar_star,252,12,396,30965415,6,1.0,1.0,1.0,1.0,1.0,9.25,12,0,0.0,0.0,1.0
ar_star,252,12,397,30965416,6,1.0,1.0,1.0,1.0,1.0,8.666666666666666,12,0,0.0,0.0,1.0
ar_star,252,12,398,30965417,6,1.0,1.0,1.0,1.0,1.0,9.5,12,0,0.0,0.0,1.0
ar_star,252,12,399,30965418,6,1.0,1.0,1.0,1.0,1.0,8.583333333333334,12,0,0.0,0.0,1.0
ar_star,252,12,400,30965419,6,1.0,1.0,1.0,1.0,1.0,9.0,12,0,0.0,0.0,1.0
ar_star,252,12,401,30965420,6,1.0,1.0,1.0,1.0,1.0,9.166666666666666,12,0,0.0,0.0,1.0
ar_star,252,12,402,30965421,6,1.0,1.0,1.0,1.0,1.0,9.333333333333334,12,0,0.0,0.0,1.0
ar_star,252,12,403,30965422,6,1.0,1.0,1.0,1.0,1.0,9.166666666666666,12,0,0.0,0.0,1.0
ar_star,252,12,404,30965423,6,0.0,1.0,1.0,1.0,1.0,9.25,12,0,0.0,0.0,1.0
ar_star,252,12,405,30965424,6,1.0,1.0,1.0,1.0,1.0,9.5,12,0,0.0,0.0,1.0
ar_star,252,12,406,30965425,6,0.0,1.0,1.0,1.0,1.0,9.083333333333334,12,0,0.0,0.0,1.0
ar_star,252,12,407,30965426,6,1.0,1.0,1.0,1.0,1.0,9.416666666666666,12,0,0.0,0.0,1.0
ar_star,252,12,408,30965427,6,1.0,1.0,1.0,1.0,1.0,9.416666666666666,12,0,0.0,0.0,1.0
ar_star,252,12,409,30965428,6,0.0,1.0,1.0,1.0,1.0,9.833333333333334,12,0,0.0,0.0,1.0
ar_star,252,12,410,30965429,6,0.0,1.0,1.0,1.0,1.0,9.416666666666666,12,0,0.0,0.0,1.0
ar_star,252,12,411,30965430,6,1.0,1.0,1.0,1.0,1.0,9.5,12,0,0.0,0.0,1.0
ar_star,252,12,412,30965431,6,1.0,1.0,1.0,1.0,1.0,9.75,12,0,0.0,0.0,1.0
ar_star,252,12,413,30965432,6,1.0,1.0,1.0,1.0,1.0,9.666666666666666,12,0,0.0,0.0,1.0
ar_star,252,12,414,30965433,6,0.0,1.0,1.0,1.0,1.0,9.666666666666666,12,0,0.0,0.0,1.0
ar_star,252,12,415,30965434,6,1.0,1.0,1.0,1.0,1.0,9.833333333333334,12,0,0.0,0.0,1.0
ar_star,252,12,416,30965435,6,1.0,1.0,1.0,1.0,1.0,9.75,12,0,0.0,0.0,1.0
ar_star,252,12,417,30965436,6,0.0,1.0,1.0,1.0,1.0,9.083333333333334,12,0,0.0,0.0,1.0
ar_star,252,12,418,30965437,6,1.0,1.0,1.0,1.0,1.0,9.583333333333334,12,0,0.0,0.0,1.0
ar_star,252,12,419,30965438,6,1.0,1.0,1.0,1.0,1.0,9.333333333333334,12,0,0.0,0.0,1.0
ar_star,252,12,420,30965439,6,1.0,1.0,1.0,1.0,1.0,9.583333333333334,12,0,0.0,0.0,1.0
ar_star,252,12,421,30965440,6,0.0,1.0,1.0,1.0,1.0,9.416666666666666,12,0,0.0,0.0,1.0
ar_star,252,12,422,30965441,6,1.0,1.0,1.0,1.0,1.0,9.666666666666666,12,0,0.0,0.0,1.0
ar_star,252,12,423,30965442,6,1.0,1.0,1.0,1.0,1.0,9.5,12,0,0.0,0.0,1.0
ar_star,252,12,424,30965443,6,1.0,1.0,1.0,1.0,1.0,9.333333333333334,12,0,0.0,0.0,1.0
ar_star,252,12,425,30965444,6,1.0,1.0,1.0,1.0,1.0,9.333333333333334,12,0,0.0,0.0,1.0
ar_star,252,12,426,30965445,6,1.0,1.0,1.0,1.0,1.0,9.416666666666666,12,0,0.0,0.0,1.0
ar_star,252,12,427,30965446,6,0.0,1.0,1.0,1.0,1.0,9.25,12,0,0.0,0.0,1.0
ar_star,252,12,428,30965447,6,1.0,1.0,1.0,1.0,1.0,9.666666666666666,12,0,0.0,0.0,1.0
ar_star,252,12,429,30965448,6,1.0,1.0,1.0,1.0,1.0,9.0,12,0,0.0,0.0,1.0
ar_star,252,12,430,30965449,6,1.0,1.0,1.0,1.0,1.0,9.583333333333334,12,0,0.0,0.0,1.0
ar_star,252,12,431,30965450,6,1.0,1.0,1.0,1.0,1.0,9.5,12,0,0.0,0.0,1.0
ar_star,252,12,432,30965451,6,1.0,1.0,1.0,1.0,1.0,8.583333333333334,12,0,0.0,0.0,1.0
ar_star,252,12,433,30965452,6,1.0,1.0,1.0,1.0,1.0,9.333333333333334,12,0,0.0,0.0,1.0
ar_star,252,12,434,30965453,6,1.0,1.0,1.0,1.0,1.0,8.916666666666666,12,0,0.0,0.0,1.0
ar_star,252,12,435,30965454,6,1.0,1.0,1.0,1.0,1.0,9.833333333333334,12,0,0.0,0.0,1.0
ar_star,252,12,436,30965455,6,1.0,1.0,1.0,1.0,1.0,9.5,12,0,0.0,0.0,1.0
ar_star,252,12,437,30965456,6,1.0,1.0,1.0,1.0,1.0,9.5,12,0,0.0,0.0,1.0
ar_star,252,12,438,30965457,6,1.0,1.0,1.0,1.0,1.0,9.5,12,0,0.0,0.0,1.0
ar_star,252,12,439,30965458,6,1.0,1.0,1.0,1.0,1.0,9.25,12,0,0.0,0.0,1.0
ar_star,252,12,440,30965459,6,1.0,1.0,1.0,1.0,1.0,9.583333333333334,12,0,0.0,0.0,1.0
ar_star,252,12,441,30965460,6,1.0,1.0,1.0,1.0,1.0,9.5,12,0,0.0,0.0,1.0
ar_star,252,12,442,30965461,6,0.0,1.0,1.0,1.0,1.0,9.0,12,0,0.0,0.0,1.0
ar_star,252,12,443,30965462,6,0.0,1.0,1.0,1.0,1.0,8.75,12,0,0.0,0.0,1.0
ar_star,252,12,444,30965463,6,1.0,1.0,1.0,1.0,1.0,9.416666666666666,12,0,0.0,0.0,1.0
ar_star,252,12,445,30965464,6,1.0,1.0,1.0,1.0,1.0,8.833333333333334,12,0,0.0,0.0,1.0
ar_star,252,12,446,30965465,6,1.0,1.0,1.0,1.0,1.0,9.833333333333334,12,0,0.0,0.0,1.0
ar_star,252,12,447,30965466,6,1.0,1.0,1.0,1.0,1.0,9.25,12,0,0.0,0.0,1.0
ar_star,252,12,448,30965467,6,1.0,1.0,1.0,1.0,1.0,9.416666666666666,12,0,0.0,0.0,1.0
ar_star,252,12,449,30965468,6,0.0,1.0,1.0,1.0,1.0,9.75,12,0,0.0,0.0,1.0
ar_star,252,12,450,30965469,6,1.0,1.0,1.0,1.0,1.0,9.416666666666666,12,0,0.0,0.0,1.0
ar_star,252,12,451,30965470,6,1.0,1.0,1.0,1.0,1.0,9.0,12,0,0.0,0.0,1.0
ar_star,252,12,452,30965471,6,0.0,1.0,1.0,1.0,1.0,9.333333333333334,12,0,0.0,0.0,1.0
ar_star,252,12,453,30965472,6,1.0,1.0,1.0,1.0,1.0,8.916666666666666,12,0,0.0,0.0,1.0
ar_star,252,12,454,30965473,6,1.0,1.0,1.0,1.0,1.0,9.666666666666666,12,0,0.0,0.0,1.0
ar_star,252,12,455,30965474,6,1.0,1.0,1.0,1.0,1.0,9.416666666666666,12,0,0.0,0.0,1.0
ar_star,252,12,456,30965475,6,1.0,1.0,1.0,1.0,1.0,8.666666666666666,12,0,0.0,0.0,1.0
ar_star,252,12,457,30965476,6,0.0,1.0,1.0,1.0,1.0,9.5,12,0,0.0,0.0,1.0
ar_star,252,12,458,30965477,6,1.0,1.0,1.0,1.0,1.0,10.0,12,0,0.0,0.0,1.0
ar_star,252,12,459,30965478,6,1.0,1.0,1.0,1.0,1.0,9.75,12,0,0.0,0.0,1.0
ar_star,252,12,460,30965479,6,1.0,1.0,1.0,1.0,1.0,9.416666666666666,12,0,0.0,0.0,1.0
ar_star,252,12,461,30965480,6,1.0,1.0,1.0,1.0,1.0,9.25,12,0,0.0,0.0,1.0
ar_star,252,12,462,30965481,6,1.0,1.0,1.0,1.0,1.0,9.666666666666666,12,0,0.0,0.0,1.0
ar_star,252,12,463,30965482,6,0.0,1.0,1.0,1.0,1.0,8.916666666666666,12,0,0.0,0.0,1.0
ar_star,252,12,464,30965483,6,0.0,1.0,1.0,1.0,1.0,9.25,12,0,0.0,0.0,1.0
ar_star,252,12,465,30965484,6,1.0,1.0,1.0,1.0,1.0,9.416666666666666,12,0,0.0,0.0,1.0
ar_star,252,12,466,30965485,6,0.0,1.0,1.0,1.0,1.0,8.583333333333334,12,0,0.0,0.0,1.0
ar_star,252,12,467,30965486,6,1.0,1.0,1.0,1.0,1.0,9.5,12,0,0.0,0.0,1.0
ar_star,252,12,468,30965487,6,0.0,1.0,1.0,1.0,1.0,9.083333333333334,12,0,0.0,0.0,1.0
ar_star,252,12,469,30965488,6,1.0,1.0,1.0,1.0,1.0,9.583333333333334,12,0,0.0,0.0,1.0
ar_star,252,12,470,30965489,6,1.0,1.0,1.0,1.0,1.0,8.75,12,0,0.0,0.0,1.0
ar_star,252,12,471,30965490,6,1.0,1.0,1.0,1.0,1.0,9.333333333333334,12,0,0.0,0.0,1.0
ar_star,252,12,472,30965491,6,1.0,1.0,1.0,1.0,1.0,9.916666666666666,12,0,0.0,0.0,1.0
ar_star,252,12,473,30965492,6,1.0,1.0,1.0,1.0,1.0,8.666666666666666,12,0,0.0,0.0,1.0
ar_star,252,12,474,30965493,6,1.0,1.0,1.0,1.0,1.0,9.166666666666666,12,0,0.0,0.0,1.0
ar_star,252,12,475,30965494,6,1.0,1.0,1.0,1.0,1.0,8.916666666666666,12,0,0.0,0.0,1.0
ar_star,252,12,476,30965495,6,1.0,1.0,1.0,1.0,1.0,9.0,12,0,0.0,0.0,1.0
ar_star,252,12,477,30965496,6,1.0,1.0,1.0,1.0,1.0,9.416666666666666,12,0,0.0,0.0,1.0
ar_star,252,12,478,30965497,6,1.0,1.0,1.0,1.0,1.0,9.666666666666666,12,0,0.0,0.0,1.0
ar_star,252,12,479,30965498,6,1.0,1.0,1.0,1.0,1.0,9.75,12,0,0.0,0.0,1.0
ar_star,252,12,480,30965499,6,1.0,1.0,1.0,1.0,1.0,9.583333333333334,12,0,0.0,0.0,1.0
ar_star,252,12,481,30965500,6,0.0,1.0,1.0,1.0,1.0,9.166666666666666,12,0,0.0,0.0,1.0
ar_star,252,12,482,30965501,6,1.0,1.0,1.0,1.0,1.0,9.666666666666666,12,0,0.0,0.0,1.0
ar_star,252,12,483,30965502,6,1.0,1.0,1.0,1.0,1.0,9.75,12,0,0.0,0.0,1.0
ar_star,252,12,484,30965503,6,1.0,1.0,1.0,1.0,1.0,9.166666666666666,12,0,0.0,0.0,1.0
ar_star,252,12,485,30965504,6,1.0,1.0,1.0,1.0,1.0,9.416666666666666,12,0,0.0,0.0,1.0
ar_star,252,12,486,30965505,6,1.0,1.0,1.0,1.0,1.0,9.5,12,0,0.0,0.0,1.0
ar_star,252,12,487,30965506,6,0.0,1.0,1.0,1.0,1.0,9.916666666666666,12,0,0.0,0.0,1.0
ar_star,252,12,488,30965507,6,1.0,1.0,1.0,1.0,1.0,9.0,12,0,0.0,0.0,1.0
ar_star,252,12,489,30965508,6,1.0,1.0,1.0,1.0,1.0,9.0,12,0,0.0,0.0,1.0
ar_star,252,12,490,30965509,6,1.0,1.0,1.0,1.0,1.0,9.583333333333334,12,0,0.0,0.0,1.0
ar_star,252,12,491,30965510,6,1.0,1.0,1.0,1.0,1.0,9.666666666666666,12,0,0.0,0.0,1.0
ar_star,252,12,492,30965511,6,1.0,1.0,1.0,1.0,1.0,9.083333333333334,12,0,0.0,0.0,1.0
ar_star,252,12,493,30965512,6,1.0,1.0,1.0,1.0,1.0,9.166666666666666,12,0,0.0,0.0,1.0
ar_star,252,12,494,30965513,6,0.0,1.0,1.0,1.0,1.0,9.083333333333334,12,0,0.0,0.0,1.0
ar_star,252,12,495,30965514,6,0.0,1.0,1.0,1.0,1.0,8.75,12,0,0.0,0.0,1.0
ar_star,252,12,496,30965515,6,1.0,1.0,1.0,1.0,1.0,9.833333333333334,12,0,0.0,0.0,1.0
ar_star,252,12,497,30965516,6,1.0,1.0,1.0,1.0,1.0,9.25,12,0,0.0,0.0,1.0
ar_star,252,12,498,30965517,6,1.0,1.0,1.0,1.0,1.0,9.833333333333334,12,0,0.0,0.0,1.0
ar_star,252,12,499,30965518,6,1.0,1.0,1.0,1.0,1.0,9.666666666666666,12,0,0.0,0.0,1.0
ar_star,1008,12,0,31721019,10,1.0,1.0,1.0,1.0,1.0,0.9166666666666666,1,1,1.0,0.3333333333333333,1.0
ar_star,1008,12,1,31721020,10,1.0,1.0,1.0,1.0,1.0,2.1666666666666665,2,0,0.0,0.3333333333333333,1.0
ar_star,1008,12,2,31721021,10,1.0,1.0,1.0,1.0,1.0,1.0,1,1,1.0,0.5,1.0
ar_star,1008,12,3,31721022,10,0.0,1.0,1.0,1.0,1.0,0.9166666666666666,1,1,1.0,0.5,1.0
ar_star,1008,12,4,31721023,10,1.0,1.0,1.0,1.0,1.0,0.75,1,1,1.0,0.5833333333333334,1.0
ar_star,1008,12,5,31721024,10,1.0,1.0,1.0,1.0,1.0,1.75,1,1,1.0,0.16666666666666666,1.0
ar_star,1008,12,6,31721025,10,1.0,1.0,1.0,1.0,1.0,0.8333333333333334,1,1,1.0,0.5,1.0
ar_star,1008,12,7,31721026,10,1.0,1.0,1.0,1.0,1.0,2.0833333333333335,3,0,0.0,0.16666666666666666,1.0
ar_star,1008,12,8,31721027,10,1.0,1.0,1.0,1.0,1.0,1.4166666666666667,1,1,1.0,0.3333333333333333,1.0
ar_star,1008,12,9,31721028,10,1.0,1.0,1.0,1.0,1.0,1.0,1,1,1.0,0.5833333333333334,1.0
ar_star,1008,12,10,31721029,10,1.0,1.0,1.0,1.0,1.0,0.5,1,1,1.0,0.6666666666666666,1.0
ar_star,1008,12,11,31721030,10,1.0,1.0,1.0,1.0,1.0,0.8333333333333334,1,1,1.0,0.5,1.0
ar_star,1008,12,12,31721031,10,1.0,1.0,1.0,1.0,1.0,0.8333333333333334,1,1,1.0,0.5,1.0
ar_star,1008,12,13,31721032,10,1.0,1.0,1.0,1.0,1.0,1.25,1,1,1.0,0.5,1.0
ar_star,1008,12,14,31721033,10,0.0,1.0,1.0,1.0,1.0,1.1666666666666667,1,1,1.0,0.4166666666666667,1.0
ar_star,1008,12,15,31721034,10,1.0,1.0,1.0,1.0,1.0,1.0833333333333333,1,1,1.0,0.4166666666666667,1.0
ar_star,1008,12,16,31721035,10,1.0,1.0,1.0,1.0,1.0,0.6666666666666666,1,1,1.0,0.6666666666666666,1.0
ar_star,1008,12,17,31721036,10,1.0,1.0,1.0,1.0,1.0,1.1666666666666667,1,1,1.0,0.3333333333333333,1.0
ar_star,1008,12,18,31721037,10,1.0,1.0,1.0,1.0,1.0,1.5,3,0,0.0,0.5,1.0
ar_star,1008,12,19,31721038,10,1.0,1.0,1.0,1.0,1.0,2.3333333333333335,4,0,0.0,0.16666666666666666,1.0
ar_star,1008,12,20,31721039,10,1.0,1.0,1.0,1.0,1.0,2.3333333333333335,1,1,1.0,0.08333333333333333,1.0
ar_star,1008,12,21,31721040,10,1.0,1.0,1.0,1.0,1.0,1.75,2,0,0.0,0.25,1.0
ar_star,1008,12,22,31721041,10,1.0,1.0,1.0,1.0,1.0,1.4166666666666667,1,1,1.0,0.3333333333333333,1.0
ar_star,1008,12,23,31721042,10,1.0,1.0,1.0,1.0,1.0,1.5833333333333333,1,1,1.0,0.3333333333333333,1.0
ar_star,1008,12,24,31721043,10,1.0,1.0,1.0,1.0,1.0,1.8333333333333333,1,1,1.0,0.08333333333333333,1.0
ar_star,1008,12,25,31721044,10,1.0,1.0,1.0,1.0,1.0,1.5,1,1,1.0,0.25,1.0
ar_star,1008,12,26,31721045,10,1.0,1.0,1.0,1.0,1.0,1.1666666666666667,1,1,1.0,0.4166666666666667,1.0
ar_star,1008,12,27,31721046,10,1.0,1.0,1.0,1.0,1.0,1.8333333333333333,1,1,1.0,0.16666666666666666,1.0
ar_star,1008,12,28,31721047,10,1.0,1.0,1.0,1.0,1.0,0.5,1,1,1.0,0.6666666666666666,1.0
ar_star,1008,12,29,31721048,10,1.0,1.0,1.0,1.0,1.0,1.0,1,1,1.0,0.4166666666666667,1.0
ar_star,1008,12,30,31721049,10,1.0,1.0,1.0,1.0,1.0,0.75,1,1,1.0,0.5833333333333334,1.0
ar_star,1008,12,31,31721050,10,1.0,1.0,1.0,1.0,1.0,1.0833333333333333,1,1,1.0,0.3333333333333333,1.0
ar_star,1008,12,32,31721051,10,0.0,1.0,1.0,1.0,1.0,1.1666666666666667,1,1,1.0,0.4166666666666667,1.0
ar_star,1008,12,33,31721052,10,1.0,1.0,1.0,1.0,1.0,1.1666666666666667,1,1,1.0,0.5,1.0
ar_star,1008,12,34,31721053,10,1.0,1.0,1.0,1.0,1.0,1.5833333333333333,1,1,1.0,0.25,1.0
ar_star,1008,12,35,31721054,10,1.0,1.0,1.0,1.0,1.0,1.0833333333333333,1,1,1.0,0.5,1.0
ar_star,1008,12,36,31721055,10,1.0,1.0,1.0,1.0,1.0,1.8333333333333333,2,0,0.0,0.3333333333333333,1.0
ar_star,1008,12,37,31721056,10,0.0,1.0,1.0,1.0,1.0,0.4166666666666667,1,1,1.0,0.6666666666666666,1.0
ar_star,1008,12,38,31721057,10,1.0,1.0,1.0,1.0,1.0,0.6666666666666666,1,1,1.0,0.6666666666666666,1.0
ar_star,1008,12,39,31721058,10,1.0,1.0,1.0,1.0,1.0,1.25,1,1,1.0,0.3333333333333333,1.0
ar_star,1008,12,40,31721059,10,1.0,1.0,1.0,1.0,1.0,1.8333333333333333,4,0,0.0,0.25,1.0
ar_star,1008,12,41,31721060,10,1.0,1.0,1.0,1.0,1.0,1.3333333333333333,1,1,1.0,0.25,1.0
ar_star,1008,12,42,31721061,10,1.0,1.0,1.0,1.0,1.0,1.5833333333333333,1,1,1.0,0.3333333333333333,1.0
ar_star,1008,12,43,31721062,10,1.0,1.0,1.0,1.0,1.0,2.0833333333333335,2,0,0.0,0.3333333333333333,1.0
ar_star,1008,12,44,31721063,10,1.0,1.0,1.0,1.0,1.0,1.5833333333333333,1,1,1.0,0.25,1.0
ar_star,1008,12,45,31721064,10,1.0,1.0,1.0,1.0,1.0,0.4166666666666667,1,1,1.0,0.6666666666666666,1.0
ar_star,1008,12,46,31721065,10,1.0,1.0,1.0,1.0,1.0,0.9166666666666666,1,1,1.0,0.4166666666666667,1.0
ar_star,1008,12,47,31721066,10,1.0,1.0,1.0,1.0,1.0,1.25,1,1,1.0,0.3333333333333333,1.0
ar_star,1008,12,48,31721067,10,1.0,1.0,1.0,1.0,1.0,1.0,1,1,1.0,0.4166666666666667,1.0
ar_star,1008,12,49,31721068,10,1.0,1.0,1.0,1.0,1.0,0.5,1,1,1.0,0.75,1.0
ar_star,1008,12,50,31721069,10,0.0,1.0,1.0,1.0,1.0,1.6666666666666667,2,0,0.0,0.16666666666666666,1.0
ar_star,1008,12,51,31721070,10,1.0,1.0,1.0,1.0,1.0,1.1666666666666667,1,1,1.0,0.5,1.0
ar_star,1008,12,52,31721071,10,1.0,1.0,1.0,1.0,1.0,1.1666666666666667,1,1,1.0,0.3333333333333333,1.0
ar_star,1008,12,53,31721072,10,0.0,1.0,1.0,1.0,1.0,0.8333333333333334,1,1,1.0,0.5,1.0
ar_star,1008,12,54,31721073,10,1.0,1.0,1.0,1.0,1.0,1.75,4,0,0.0,0.3333333333333333,1.0
ar_star,1008,12,55,31721074,10,1.0,1.0,1.0,1.0,1.0,1.0833333333333333,1,1,1.0,0.4166666666666667,1.0
ar_star,1008,12,56,31721075,10,0.0,1.0,1.0,1.0,1.0,1.3333333333333333,1,1,1.0,0.3333333333333333,1.0
ar_star,1008,12,57,31721076,10,1.0,1.0,1.0,1.0,1.0,1.0833333333333333,1,1,1.0,0.4166666666666667,1.0
ar_star,1008,12,58,31721077,10,1.0,1.0,1.0,1.0,1.0,0.25,1,1,1.0,0.75,1.0
ar_star,1008,12,59,31721078,10,1.0,1.0,1.0,1.0,1.0,0.6666666666666666,1,1,1.0,0.6666666666666666,1.0
ar_star,1008,12,60,31721079,10,0.0,1.0,1.0,1.0,1.0,2.25,6,0,0.0,0.3333333333333333,1.0
ar_star,1008,12,61,31721080,10,1.0,1.0,1.0,1.0,1.0,1.9166666666666667,3,0,0.0,0.25,1.0
ar_star,1008,12,62,31721081,10,1.0,1.0,1.0,1.0,1.0,1.0833333333333333,1,1,1.0,0.5833333333333334,1.0
ar_star,1008,12,63,31721082,10,1.0,1.0,1.0,1.0,1.0,1.0833333333333333,1,1,1.0,0.4166666666666667,1.0
ar_star,1008,12,64,31721083,10,1.0,1.0,1.0,1.0,1.0,1.0833333333333333,1,1,1.0,0.4166666666666667,1.0
ar_star,1008,12,65,31721084,10,0.0,1.0,1.0,1.0,1.0,0.75,1,1,1.0,0.75,1.0
ar_star,1008,12,66,31721085,10,1.0,1.0,1.0,1.0,1.0,1.5833333333333333,1,1,1.0,0.25,1.0
ar_star,1008,12,67,31721086,10,1.0,1.0,1.0,1.0,1.0,1.75,1,1,1.0,0.16666666666666666,1.0
ar_star,1008,12,68,31721087,10,1.0,1.0,1.0,1.0,1.0,1.0,1,1,1.0,0.25,1.0
ar_star,1008,12,69,31721088,10,1.0,1.0,1.0,1.0,1.0,0.75,1,1,1.0,0.5,1.0
ar_star,1008,12,70,31721089,10,1.0,1.0,1.0,1.0,1.0,1.1666666666666667,1,1,1.0,0.4166666666666667,1.0
ar_star,1008,12,71,31721090,10,1.0,1.0,1.0,1.0,1.0,1.3333333333333333,1,1,1.0,0.5,1.0
ar_star,1008,12,72,31721091,10,1.0,1.0,1.0,1.0,1.0,1.5,2,0,0.0,0.3333333333333333,1.0
ar_star,1008,12,73,31721092,10,0.0,1.0,1.0,1.0,1.0,1.1666666666666667,1,1,1.0,0.3333333333333333,1.0
ar_star,1008,12,74,31721093,10,1.0,1.0,1.0,1.0,1.0,2.5,8,0,0.0,0.3333333333333333,1.0
ar_star,1008,12,75,31721094,10,1.0,1.0,1.0,1.0,1.0,1.0833333333333333,1,1,1.0,0.5,1.0
ar_star,1008,12,76,31721095,10,1.0,1.0,1.0,1.0,1.0,1.0,1,1,1.0,0.4166666666666667,1.0
ar_star,1008,12,77,31721096,10,1.0,1.0,1.0,1.0,1.0,1.8333333333333333,3,0,0.0,0.3333333333333333,1.0
ar_star,1008,12,78,31721097,10,1.0,1.0,1.0,1.0,1.0,0.8333333333333334,1,1,1.0,0.5833333333333334,1.0
ar_star,1008,12,79,31721098,10,1.0,1.0,1.0,1.0,1.0,1.9166666666666667,1,1,1.0,0.3333333333333333,1.0
ar_star,1008,12,80,31721099,10,1.0,1.0,1.0,1.0,1.0,1.0833333333333333,1,1,1.0,0.6666666666666666,1.0
ar_star,1008,12,81,31721100,10,1.0,1.0,1.0,1.0,1.0,1.0833333333333333,1,1,1.0,0.5,1.0
ar_star,1008,12,82,31721101,10,1.0,1.0,1.0,1.0,1.0,1.3333333333333333,1,1,1.0,0.16666666666666666,1.0
ar_star,1008,12,83,31721102,10,1.0,1.0,1.0,1.0,1.0,0.5,1,1,1.0,0.6666666666666666,1.0
ar_star,1008,12,84,31721103,10,1.0,1.0,1.0,1.0,1.0,1.75,1,1,1.0,0.16666666666666666,1.0
ar_star,1008,12,85,31721104,10,1.0,1.0,1.0,1.0,1.0,1.1666666666666667,1,1,1.0,0.3333333333333333,1.0
ar_star,1008,12,86,31721105,10,1.0,1.0,1.0,1.0,1.0,0.8333333333333334,1,1,1.0,0.5,1.0
ar_star,1008,12,87,31721106,10,1.0,1.0,1.0,1.0,1.0,0.8333333333333334,1,1,1.0,0.4166666666666667,1.0
ar_star,1008,12,88,31721107,10,1.0,1.0,1.0,1.0,1.0,0.9166666666666666,1,1,1.0,0.5833333333333334,1.0
ar_star,1008,12,89,31721108,10,1.0,1.0,1.0,1.0,1.0,1.3333333333333333,1,1,1.0,0.3333333333333333,1.0
ar_star,1008,12,90,31721109,10,1.0,1.0,1.0,1.0,1.0,1.6666666666666667,1,1,1.0,0.3333333333333333,1.0
ar_star,1008,12,91,31721110,10,1.0,1.0,1.0,1.0,1.0,1.1666666666666667,1,1,1.0,0.4166666666666667,1.0
ar_star,1008,12,92,31721111,10,1.0,1.0,1.0,1.0,1.0,0.6666666666666666,1,1,1.0,0.5,1.0
ar_star,1008,12,93,31721112,10,1.0,1.0,1.0,1.0,1.0,1.25,1,1,1.0,0.4166666666666667,1.0
ar_star,1008,12,94,31721113,10,1.0,1.0,1.0,1.0,1.0,1.3333333333333333,1,1,1.0,0.3333333333333333,1.0
ar_star,1008,12,95,31721114,10,1.0,1.0,1.0,1.0,1.0,0.9166666666666666,1,1,1.0,0.4166666666666667,1.0
ar_star,1008,12,96,31721115,10,1.0,1.0,1.0,1.0,1.0,1.0833333333333333,1,1,1.0,0.4166666666666667,1.0
ar_star,1008,12,97,31721116,10,0.0,1.0,1.0,1.0,1.0,1.8333333333333333,3,0,0.0,0.16666666666666666,1.0
ar_star,1008,12,98,31721117,10,1.0,1.0,1.0,1.0,1.0,1.25,1,1,1.0,0.3333333333333333,1.0
ar_star,1008,12,99,31721118,10,1.0,1.0,1.0,1.0,1.0,0.9166666666666666,1,1,1.0,0.5,1.0
ar_star,1008,12,100,31721119,10,1.0,1.0,1.0,1.0,1.0,2.1666666666666665,5,0,0.0,0.3333333333333333,1.0
ar_star,1008,12,101,31721120,10,1.0,1.0,1.0,1.0,1.0,1.4166666666666667,1,1,1.0,0.5,1.0
ar_star,1008,12,102,31721121,10,1.0,1.0,1.0,1.0,1.0,1.25,1,1,1.0,0.3333333333333333,1.0
ar_star,1008,12,103,31721122,10,1.0,1.0,1.0,1.0,1.0,2.1666666666666665,4,0,0.0,0.25,1.0
ar_star,1008,12,104,31721123,10,1.0,1.0,1.0,1.0,1.0,0.5833333333333334,1,1,1.0,0.5833333333333334,1.0
ar_star,1008,12,105,31721124,10,1.0,1.0,1.0,1.0,1.0,1.3333333333333333,1,1,1.0,0.5,1.0
ar_star,1008,12,106,31721125,10,1.0,1.0,1.0,1.0,1.0,0.9166666666666666,1,1,1.0,0.6666666666666666,1.0
ar_star,1008,12,107,31721126,10,1.0,1.0,1.0,1.0,1.0,1.0,1,1,1.0,0.3333333333333333,1.0
ar_star,1008,12,108,31721127,10,1.0,1.0,1.0,1.0,1.0,1.25,2,0,0.0,0.4166666666666667,1.0
ar_star,1008,12,109,31721128,10,1.0,1.0,1.0,1.0,1.0,1.3333333333333333,1,1,1.0,0.3333333333333333,1.0
ar_star,1008,12,110,31721129,10,0.0,1.0,1.0,1.0,1.0,1.5,1,1,1.0,0.25,1.0
ar_star,1008,12,111,31721130,10,0.0,1.0,1.0,1.0,1.0,1.4166666666666667,1,1,1.0,0.16666666666666666,1.0
ar_star,1008,12,112,31721131,10,1.0,1.0,1.0,1.0,1.0,1.4166666666666667,2,0,0.0,0.4166666666666667,1.0
ar_star,1008,12,113,31721132,10,0.0,1.0,1.0,1.0,1.0,1.0833333333333333,1,1,1.0,0.4166666666666667,1.0
ar_star,1008,12,114,31721133,10,1.0,1.0,1.0,1.0,1.0,1.6666666666666667,2,0,0.0,0.3333333333333333,1.0
ar_star,1008,12,115,31721134,10,1.0,1.0,1.0,1.0,1.0,0.6666666666666666,1,1,1.0,0.4166666666666667,1.0
ar_star,1008,12,116,31721135,10,1.0,1.0,1.0,1.0,1.0,1.6666666666666667,3,0,0.0,0.4166666666666667,1.0
ar_star,1008,12,117,31721136,10,1.0,1.0,1.0,1.0,1.0,1.0,1,1,1.0,0.5,1.0
ar_star,1008,12,118,31721137,10,1.0,1.0,1.0,1.0,1.0,1.5833333333333333,1,1,1.0,0.3333333333333333,1.0
ar_star,1008,12,119,31721138,10,1.0,1.0,1.0,1.0,1.0,0.5,1,1,1.0,0.6666666666666666,1.0
ar_star,1008,12,120,31721139,10,1.0,1.0,1.0,1.0,1.0,0.5833333333333334,1,1,1.0,0.6666666666666666,1.0
ar_star,1008,12,121,31721140,10,1.0,1.0,1.0,1.0,1.0,1.25,1,1,1.0,0.3333333333333333,1.0
ar_star,1008,12,122,31721141,10,0.0,1.0,1.0,1.0,1.0,1.5833333333333333,2,0,0.0,0.3333333333333333,1.0
ar_star,1008,12,123,31721142,10,1.0,1.0,1.0,1.0,1.0,0.75,1,1,1.0,0.5,1.0
ar_star,1008,12,124,31721143,10,1.0,1.0,1.0,1.0,1.0,1.25,1,1,1.0,0.3333333333333333,1.0
ar_star,1008,12,125,31721144,10,1.0,1.0,1.0,1.0,1.0,1.0,1,1,1.0,0.4166666666666667,1.0
ar_star,1008,12,126,31721145,10,1.0,1.0,1.0,1.0,1.0,1.6666666666666667,2,0,0.0,0.25,1.0
ar_star,1008,12,127,31721146,10,1.0,1.0,1.0,1.0,1.0,0.8333333333333334,1,1,1.0,0.5,1.0
ar_star,1008,12,128,31721147,10,1.0,1.0,1.0,1.0,1.0,1.75,2,0,0.0,0.25,1.0
ar_star,1008,12,129,31721148,10,1.0,1.0,1.0,1.0,1.0,0.75,1,1,1.0,0.3333333333333333,1.0
ar_star,1008,12,130,31721149,10,1.0,1.0,1.0,1.0,1.0,0.5,1,1,1.0,0.75,1.0
ar_star,1008,12,131,31721150,10,1.0,1.0,1.0,1.0,1.0,0.4166666666666667,1,1,1.0,0.6666666666666666,1.0
ar_star,1008,12,132,31721151,10,1.0,1.0,1.0,1.0,1.0,1.75,1,1,1.0,0.0,1.0
ar_star,1008,12,133,31721152,10,1.0,1.0,1.0,1.0,1.0,1.25,1,1,1.0,0.4166666666666667,1.0
ar_star,1008,12,134,31721153,10,1.0,1.0,1.0,1.0,1.0,1.0,1,1,1.0,0.5833333333333334,1.0
ar_star,1008,12,135,31721154,10,1.0,1.0,1.0,1.0,1.0,1.0,1,1,1.0,0.4166666666666667,1.0
ar_star,1008,12,136,31721155,10,1.0,1.0,1.0,1.0,1.0,1.9166666666666667,2,0,0.0,0.08333333333333333,1.0
ar_star,1008,12,137,31721156,10,1.0,1.0,1.0,1.0,1.0,1.5,1,1,1.0,0.3333333333333333,1.0
ar_star,1008,12,138,31721157,10,1.0,1.0,1.0,1.0,1.0,1.4166666666666667,1,1,1.0,0.3333333333333333,1.0
ar_star,1008,12,139,31721158,10,1.0,1.0,1.0,1.0,1.0,1.4166666666666667,1,1,1.0,0.3333333333333333,1.0
ar_star,1008,12,140,31721159,10,1.0,1.0,1.0,1.0,1.0,1.0833333333333333,1,1,1.0,0.5,1.0
ar_star,1008,12,141,31721160,10,1.0,1.0,1.0,1.0,1.0,1.25,2,0,0.0,0.4166666666666667,1.0
ar_star,1008,12,142,31721161,10,1.0,1.0,1.0,1.0,1.0,0.6666666666666666,1,1,1.0,0.5833333333333334,1.0
ar_star,1008,12,143,31721162,10,1.0,1.0,1.0,1.0,1.0,0.5833333333333334,1,1,1.0,0.5833333333333334,1.0
ar_star,1008,12,144,31721163,10,1.0,1.0,1.0,1.0,1.0,1.8333333333333333,2,0,0.0,0.25,1.0
ar_star,1008,12,145,31721164,10,1.0,1.0,1.0,1.0,1.0,1.1666666666666667,1,1,1.0,0.4166666666666667,1.0
ar_star,1008,12,146,31721165,10,0.0,1.0,1.0,1.0,1.0,1.1666666666666667,1,1,1.0,0.16666666666666666,1.0
ar_star,1008,12,147,31721166,10,1.0,1.0,1.0,1.0,1.0,1.8333333333333333,3,0,0.0,0.3333333333333333,1.0
ar_star,1008,12,148,31721167,10,0.0,1.0,1.0,1.0,1.0,1.5,1,1,1.0,0.25,1.0
ar_star,1008,12,149,31721168,10,1.0,1.0,1.0,1.0,1.0,1.5,1,1,1.0,0.25,1.0
ar_star,1008,12,150,31721169,10,1.0,1.0,1.0,1.0,1.0,0.75,1,1,1.0,0.6666666666666666,1.0
ar_star,1008,12,151,31721170,10,1.0,1.0,1.0,1.0,1.0,1.0833333333333333,1,1,1.0,0.5,1.0
ar_star,1008,12,152,31721171,10,1.0,1.0,1.0,1.0,1.0,0.8333333333333334,1,1,1.0,0.4166666666666667,1.0
ar_star,1008,12,153,31721172,10,1.0,1.0,1.0,1.0,1.0,0.6666666666666666,1,1,1.0,0.5833333333333334,1.0
ar_star,1008,12,154,31721173,10,1.0,1.0,1.0,1.0,1.0,1.8333333333333333,1,1,1.0,0.3333333333333333,1.0
ar_star,1008,12,155,31721174,10,1.0,1.0,1.0,1.0,1.0,1.5833333333333333,3,0,0.0,0.4166666666666667,1.0
ar_star,1008,12,156,31721175,10,1.0,1.0,1.0,1.0,1.0,1.0,1,1,1.0,0.3333333333333333,1.0
ar_star,1008,12,157,31721176,10,1.0,1.0,1.0,1.0,1.0,0.5,1,1,1.0,0.5833333333333334,1.0
ar_star,1008,12,158,31721177,10,1.0,1.0,1.0,1.0,1.0,1.6666666666666667,2,0,0.0,0.4166666666666667,1.0
ar_star,1008,12,159,31721178,10,1.0,1.0,1.0,1.0,1.0,0.8333333333333334,1,1,1.0,0.5,1.0
ar_star,1008,12,160,31721179,10,1.0,1.0,1.0,1.0,1.0,0.9166666666666666,1,1,1.0,0.5833333333333334,1.0
ar_star,1008,12,161,31721180,10,1.0,1.0,1.0,1.0,1.0,0.5833333333333334,1,1,1.0,0.6666666666666666,1.0
ar_star,1008,12,162,31721181,10,1.0,1.0,1.0,1.0,1.0,1.5,2,0,0.0,0.4166666666666667,1.0
ar_star,1008,12,163,31721182,10,1.0,1.0,1.0,1.0,1.0,1.0833333333333333,1,1,1.0,0.25,1.0
ar_star,1008,12,164,31721183,10,1.0,1.0,1.0,1.0,1.0,2.3333333333333335,2,0,0.0,0.16666666666666666,1.0
ar_star,1008,12,165,31721184,10,1.0,1.0,1.0,1.0,1.0,1.5833333333333333,1,1,1.0,0.3333333333333333,1.0
ar_star,1008,12,166,31721185,10,0.0,1.0,1.0,1.0,1.0,0.6666666666666666,1,1,1.0,0.5833333333333334,1.0
ar_star,1008,12,167,31721186,10,0.0,1.0,1.0,1.0,1.0,2.6666666666666665,10,0,0.0,0.16666666666666666,1.0
ar_star,1008,12,168,31721187,10,1.0,1.0,1.0,1.0,1.0,0.5833333333333334,1,1,1.0,0.5833333333333334,1.0
ar_star,1008,12,169,31721188,10,1.0,1.0,1.0,1.0,1.0,1.1666666666666667,1,1,1.0,0.3333333333333333,1.0
ar_star,1008,12,170,31721189,10,1.0,1.0,1.0,1.0,1.0,1.0,1,1,1.0,0.5833333333333334,1.0
ar_star,1008,12,171,31721190,10,1.0,1.0,1.0,1.0,1.0,1.75,1,1,1.0,0.08333333333333333,1.0
ar_star,1008,12,172,31721191,10,1.0,1.0,1.0,1.0,1.0,1.75,2,0,0.0,0.3333333333333333,1.0
ar_star,1008,12,173,31721192,10,0.0,1.0,1.0,1.0,1.0,1.25,1,1,1.0,0.25,1.0
ar_star,1008,12,174,31721193,10,1.0,1.0,1.0,1.0,1.0,1.25,1,1,1.0,0.25,1.0
ar_star,1008,12,175,31721194,10,1.0,1.0,1.0,1.0,1.0,2.25,4,0,0.0,0.16666666666666666,1.0
ar_star,1008,12,176,31721195,10,1.0,1.0,1.0,1.0,1.0,1.75,2,0,0.0,0.3333333333333333,1.0
ar_star,1008,12,177,31721196,10,1.0,1.0,1.0,1.0,1.0,1.8333333333333333,1,1,1.0,0.16666666666666666,1.0
ar_star,1008,12,178,31721197,10,1.0,1.0,1.0,1.0,1.0,1.3333333333333333,1,1,1.0,0.3333333333333333,1.0
ar_star,1008,12,179,31721198,10,1.0,1.0,1.0,1.0,1.0,1.8333333333333333,2,0,0.0,0.25,1.0
ar_star,1008,12,180,31721199,10,1.0,1.0,1.0,1.0,1.0,1.4166666666666667,3,0,0.0,0.5,1.0
ar_star,1008,12,181,31721200,10,1.0,1.0,1.0,1.0,1.0,2.0833333333333335,1,1,1.0,0.25,1.0
ar_star,1008,12,182,31721201,10,0.0,1.0,1.0,1.0,1.0,1.1666666666666667,1,1,1.0,0.3333333333333333,1.0
ar_star,1008,12,183,31721202,10,1.0,1.0,1.0,1.0,1.0,1.3333333333333333,1,1,1.0,0.5,1.0
ar_star,1008,12,184,31721203,10,1.0,1.0,1.0,1.0,1.0,0.8333333333333334,1,1,1.0,0.5,1.0
ar_star,1008,12,185,31721204,10,1.0,1.0,1.0,1.0,1.0,1.3333333333333333,1,1,1.0,0.5,1.0
ar_star,1008,12,186,31721205,10,1.0,1.0,1.0,1.0,1.0,0.6666666666666666,1,1,1.0,0.3333333333333333,1.0
ar_star,1008,12,187,31721206,10,1.0,1.0,1.0,1.0,1.0,0.6666666666666666,1,1,1.0,0.5,1.0
ar_star,1008,12,188,31721207,10,1.0,1.0,1.0,1.0,1.0,0.6666666666666666,1,1,1.0,0.5833333333333334,1.0
ar_star,1008,12,189,31721208,10,1.0,1.0,1.0,1.0,1.0,1.25,1,1,1.0,0.3333333333333333,1.0
ar_star,1008,12,190,31721209,10,1.0,1.0,1.0,1.0,1.0,1.0833333333333333,1,1,1.0,0.4166666666666667,1.0
ar_star,1008,12,191,31721210,10,1.0,1.0,1.0,1.0,1.0,1.75,1,1,1.0,0.25,1.0
ar_star,1008,12,192,31721211,10,0.0,1.0,1.0,1.0,1.0,1.5,1,1,1.0,0.3333333333333333,1.0
ar_star,1008,12,193,31721212,10,1.0,1.0,1.0,1.0,1.0,1.5833333333333333,1,1,1.0,0.3333333333333333,1.0
ar_star,1008,12,194,31721213,10,1.0,1.0,1.0,1.0,1.0,1.1666666666666667,1,1,1.0,0.5,1.0
ar_star,1008,12,195,31721214,10,1.0,1.0,1.0,1.0,1.0,0.8333333333333334,1,1,1.0,0.5833333333333334,1.0
ar_star,1008,12,196,31721215,10,1.0,1.0,1.0,1.0,1.0,0.75,1,1,1.0,0.4166666666666667,1.0
ar_star,1008,12,197,31721216,10,1.0,1.0,1.0,1.0,1.0,1.0,1,1,1.0,0.4166666666666667,1.0
ar_star,1008,12,198,31721217,10,1.0,1.0,1.0,1.0,1.0,1.6666666666666667,1,1,1.0,0.16666666666666666,1.0
ar_star,1008,12,199,31721218,10,0.0,1.0,1.0,1.0,1.0,1.0,1,1,1.0,0.5833333333333334,1.0
ar_star,1008,12,200,31721219,10,1.0,1.0,1.0,1.0,1.0,1.25,1,1,1.0,0.5,1.0
ar_star,1008,12,201,31721220,10,1.0,1.0,1.0,1.0,1.0,1.8333333333333333,2,0,0.0,0.3333333333333333,1.0
ar_star,1008,12,202,31721221,10,1.0,1.0,1.0,1.0,1.0,1.3333333333333333,2,0,0.0,0.5,1.0
ar_star,1008,12,203,31721222,10,1.0,1.0,1.0,1.0,1.0,0.8333333333333334,1,1,1.0,0.4166666666666667,1.0
ar_star,1008,12,204,31721223,10,1.0,1.0,1.0,1.0,1.0,0.9166666666666666,1,1,1.0,0.4166666666666667,1.0
ar_star,1008,12,205,31721224,10,1.0,1.0,1.0,1.0,1.0,1.1666666666666667,1,1,1.0,0.25,1.0
ar_star,1008,12,206,31721225,10,1.0,1.0,1.0,1.0,1.0,1.75,2,0,0.0,0.25,1.0
ar_star,1008,12,207,31721226,10,1.0,1.0,1.0,1.0,1.0,0.5,1,1,1.0,0.8333333333333334,1.0
ar_star,1008,12,208,31721227,10,1.0,1.0,1.0,1.0,1.0,0.75,1,1,1.0,0.4166666666666667,1.0
ar_star,1008,12,209,31721228,10,1.0,1.0,1.0,1.0,1.0,1.1666666666666667,1,1,1.0,0.4166666666666667,1.0
ar_star,1008,12,210,31721229,10,1.0,1.0,1.0,1.0,1.0,0.6666666666666666,1,1,1.0,0.5833333333333334,1.0
ar_star,1008,12,211,31721230,10,1.0,1.0,1.0,1.0,1.0,1.4166666666666667,2,0,0.0,0.4166666666666667,1.0
ar_star,1008,12,212,31721231,10,0.0,1.0,1.0,1.0,1.0,1.3333333333333333,1,1,1.0,0.3333333333333333,1.0
ar_star,1008,12,213,31721232,10,1.0,1.0,1.0,1.0,1.0,0.6666666666666666,1,1,1.0,0.5833333333333334,1.0
ar_star,1008,12,214,31721233,10,1.0,1.0,1.0,1.0,1.0,1.3333333333333333,1,1,1.0,0.3333333333333333,1.0
ar_star,1008,12,215,31721234,10,1.0,1.0,1.0,1.0,1.0,1.0833333333333333,1,1,1.0,0.3333333333333333,1.0
ar_star,1008,12,216,31721235,10,1.0,1.0,1.0,1.0,1.0,0.75,1,1,1.0,0.5833333333333334,1.0
ar_star,1008,12,217,31721236,10,1.0,1.0,1.0,1.0,1.0,0.9166666666666666,1,1,1.0,0.6666666666666666,1.0
ar_star,1008,12,218,31721237,10,1.0,1.0,1.0,1.0,1.0,0.8333333333333334,1,1,1.0,0.5,1.0
ar_star,1008,12,219,31721238,10,1.0,1.0,1.0,1.0,1.0,0.4166666666666667,1,1,1.0,0.6666666666666666,1.0
ar_star,1008,12,220,31721239,10,1.0,1.0,1.0,1.0,1.0,0.8333333333333334,1,1,1.0,0.4166666666666667,1.0
ar_star,1008,12,221,31721240,10,1.0,1.0,1.0,1.0,1.0,1.1666666666666667,1,1,1.0,0.25,1.0
ar_star,1008,12,222,31721241,10,1.0,1.0,1.0,1.0,1.0,0.8333333333333334,1,1,1.0,0.6666666666666666,1.0
ar_star,1008,12,223,31721242,10,1.0,1.0,1.0,1.0,1.0,1.4166666666666667,1,1,1.0,0.3333333333333333,1.0
ar_star,1008,12,224,31721243,10,1.0,1.0,1.0,1.0,1.0,1.6666666666666667,3,0,0.0,0.5,1.0
ar_star,1008,12,225,31721244,10,1.0,1.0,1.0,1.0,1.0,1.0,1,1,1.0,0.3333333333333333,1.0
ar_star,1008,12,226,31721245,10,1.0,1.0,1.0,1.0,1.0,1.25,1,1,1.0,0.16666666666666666,1.0
ar_star,1008,12,227,31721246,10,0.0,1.0,1.0,1.0,1.0,0.75,1,1,1.0,0.5833333333333334,1.0
ar_star,1008,12,228,31721247,10,1.0,1.0,1.0,1.0,1.0,0.5833333333333334,1,1,1.0,0.6666666666666666,1.0
ar_star,1008,12,229,31721248,10,1.0,1.0,1.0,1.0,1.0,1.4166666666666667,1,1,1.0,0.25,1.0
ar_star,1008,12,230,31721249,10,1.0,1.0,1.0,1.0,1.0,1.5,1,1,1.0,0.25,1.0
ar_star,1008,12,231,31721250,10,1.0,1.0,1.0,1.0,1.0,1.3333333333333333,1,1,1.0,0.4166666666666667,1.0
ar_star,1008,12,232,31721251,10,1.0,1.0,1.0,1.0,1.0,0.75,1,1,1.0,0.6666666666666666,1.0
ar_star,1008,12,233,31721252,10,1.0,1.0,1.0,1.0,1.0,1.5833333333333333,2,0,0.0,0.4166666666666667,1.0
ar_star,1008,12,234,31721253,10,1.0,1.0,1.0,1.0,1.0,0.75,1,1,1.0,0.4166666666666667,1.0
ar_star,1008,12,235,31721254,10,1.0,1.0,1.0,1.0,1.0,1.75,2,0,0.0,0.25,1.0
ar_star,1008,12,236,31721255,10,1.0,1.0,1.0,1.0,1.0,1.3333333333333333,1,1,1.0,0.3333333333333333,1.0
ar_star,1008,12,237,31721256,10,1.0,1.0,1.0,1.0,1.0,1.1666666666666667,1,1,1.0,0.4166666666666667,1.0
ar_star,1008,12,238,31721257,10,1.0,1.0,1.0,1.0,1.0,1.5,1,1,1.0,0.25,1.0
ar_star,1008,12,239,31721258,10,1.0,1.0,1.0,1.0,1.0,0.75,1,1,1.0,0.5833333333333334,1.0
ar_star,1008,12,240,31721259,10,0.0,1.0,1.0,1.0,1.0,1.0833333333333333,1,1,1.0,0.6666666666666666,1.0
ar_star,1008,12,241,31721260,10,1.0,1.0,1.0,1.0,1.0,1.25,1,1,1.0,0.5,1.0
ar_star,1008,12,242,31721261,10,1.0,1.0,1.0,1.0,1.0,1.75,5,0,0.0,0.4166666666666667,1.0
ar_star,1008,12,243,31721262,10,1.0,1.0,1.0,1.0,1.0,1.5,1,1,1.0,0.25,1.0
ar_star,1008,12,244,31721263,10,0.0,1.0,1.0,1.0,1.0,1.4166666666666667,1,1,1.0,0.5,1.0
ar_star,1008,12,245,31721264,10,1.0,1.0,1.0,1.0,1.0,1.0,1,1,1.0,0.4166666666666667,1.0
ar_star,1008,12,246,31721265,10,1.0,1.0,1.0,1.0,1.0,1.6666666666666667,1,1,1.0,0.16666666666666666,1.0
ar_star,1008,12,247,31721266,10,1.0,1.0,1.0,1.0,1.0,2.0833333333333335,2,0,0.0,0.16666666666666666,1.0
ar_star,1008,12,248,31721267,10,1.0,1.0,1.0,1.0,1.0,1.5,1,1,1.0,0.25,1.0
ar_star,1008,12,249,31721268,10,1.0,1.0,1.0,1.0,1.0,1.6666666666666667,1,1,1.0,0.25,1.0
ar_star,1008,12,250,31721269,10,1.0,1.0,1.0,1.0,1.0,1.25,1,1,1.0,0.3333333333333333,1.0
ar_star,1008,12,251,31721270,10,1.0,1.0,1.0,1.0,1.0,1.3333333333333333,1,1,1.0,0.25,1.0
ar_star,1008,12,252,31721271,10,1.0,1.0,1.0,1.0,1.0,1.0833333333333333,1,1,1.0,0.3333333333333333,1.0
ar_star,1008,12,253,31721272,10,1.0,1.0,1.0,1.0,1.0,0.6666666666666666,1,1,1.0,0.5833333333333334,1.0
ar_star,1008,12,254,31721273,10,1.0,1.0,1.0,1.0,1.0,2.1666666666666665,4,0,0.0,0.16666666666666666,1.0
ar_star,1008,12,255,31721274,10,0.0,1.0,1.0,1.0,1.0,1.3333333333333333,1,1,1.0,0.4166666666666667,1.0
ar_star,1008,12,256,31721275,10,1.0,1.0,1.0,1.0,1.0,0.4166666666666667,1,1,1.0,0.5833333333333334,1.0
ar_star,1008,12,257,31721276,10,1.0,1.0,1.0,1.0,1.0,1.8333333333333333,3,0,0.0,0.4166666666666667,1.0
ar_star,1008,12,258,31721277,10,1.0,1.0,1.0,1.0,1.0,1.1666666666666667,1,1,1.0,0.5,1.0
ar_star,1008,12,259,31721278,10,1.0,1.0,1.0,1.0,1.0,1.25,1,1,1.0,0.25,1.0
ar_star,1008,12,260,31721279,10,1.0,1.0,1.0,1.0,1.0,0.9166666666666666,1,1,1.0,0.4166666666666667,1.0
ar_star,1008,12,261,31721280,10,1.0,1.0,1.0,1.0,1.0,0.6666666666666666,1,1,1.0,0.6666666666666666,1.0
ar_star,1008,12,262,31721281,10,1.0,1.0,1.0,1.0,1.0,0.5833333333333334,1,1,1.0,0.5833333333333334,1.0
ar_star,1008,12,263,31721282,10,1.0,1.0,1.0,1.0,1.0,0.5833333333333334,1,1,1.0,0.5,1.0
ar_star,1008,12,264,31721283,10,1.0,1.0,1.0,1.0,1.0,1.25,2,0,0.0,0.5833333333333334,1.0
ar_star,1008,12,265,31721284,10,1.0,1.0,1.0,1.0,1.0,1.3333333333333333,1,1,1.0,0.25,1.0
ar_star,1008,12,266,31721285,10,1.0,1.0,1.0,1.0,1.0,1.4166666666666667,1,1,1.0,0.25,1.0
ar_star,1008,12,267,31721286,10,1.0,1.0,1.0,1.0,1.0,0.75,1,1,1.0,0.5,1.0
ar_star,1008,12,268,31721287,10,1.0,1.0,1.0,1.0,1.0,1.6666666666666667,2,0,0.0,0.4166666666666667,1.0
ar_star,1008,12,269,31721288,10,1.0,1.0,1.0,1.0,1.0,0.9166666666666666,1,1,1.0,0.4166666666666667,1.0
ar_star,1008,12,270,31721289,10,1.0,1.0,1.0,1.0,1.0,0.75,1,1,1.0,0.6666666666666666,1.0
ar_star,1008,12,271,31721290,10,1.0,1.0,1.0,1.0,1.0,1.9166666666666667,4,0,0.0,0.3333333333333333,1.0
ar_star,1008,12,272,31721291,10,1.0,1.0,1.0,1.0,1.0,0.8333333333333334,1,1,1.0,0.5833333333333334,1.0
ar_star,1008,12,273,31721292,10,1.0,1.0,1.0,1.0,1.0,0.3333333333333333,1,1,1.0,0.75,1.0
ar_star,1008,12,274,31721293,10,1.0,1.0,1.0,1.0,1.0,1.5,1,1,1.0,0.3333333333333333,1.0
ar_star,1008,12,275,31721294,10,1.0,1.0,1.0,1.0,1.0,0.75,1,1,1.0,0.5,1.0
ar_star,1008,12,276,31721295,10,1.0,1.0,1.0,1.0,1.0,0.9166666666666666,1,1,1.0,0.5833333333333334,1.0
ar_star,1008,12,277,31721296,10,1.0,1.0,1.0,1.0,1.0,1.0833333333333333,1,1,1.0,0.5,1.0
ar_star,1008,12,278,31721297,10,1.0,1.0,1.0,1.0,1.0,0.9166666666666666,1,1,1.0,0.5,1.0
ar_star,1008,12,279,31721298,10,1.0,1.0,1.0,1.0,1.0,0.75,1,1,1.0,0.5833333333333334,1.0
ar_star,1008,12,280,31721299,10,1.0,1.0,1.0,1.0,1.0,1.5,2,0,0.0,0.4166666666666667,1.0
ar_star,1008,12,281,31721300,10,1.0,1.0,1.0,1.0,1.0,1.25,1,1,1.0,0.4166666666666667,1.0
ar_star,1008,12,282,31721301,10,1.0,1.0,1.0,1.0,1.0,1.4166666666666667,2,0,0.0,0.5833333333333334,1.0
ar_star,1008,12,283,31721302,10,1.0,1.0,1.0,1.0,1.0,1.75,3,0,0.0,0.3333333333333333,1.0
ar_star,1008,12,284,31721303,10,1.0,1.0,1.0,1.0,1.0,1.0833333333333333,1,1,1.0,0.5,1.0
ar_star,1008,12,285,31721304,10,1.0,1.0,1.0,1.0,1.0,0.9166666666666666,1,1,1.0,0.5833333333333334,1.0
ar_star,1008,12,286,31721305,10,1.0,1.0,1.0,1.0,1.0,1.6666666666666667,1,1,1.0,0.3333333333333333,1.0
ar_star,1008,12,287,31721306,10,0.0,1.0,1.0,1.0,1.0,1.9166666666666667,1,1,1.0,0.25,1.0
ar_star,1008,12,288,31721307,10,1.0,1.0,1.0,1.0,1.0,0.9166666666666666,1,1,1.0,0.4166666666666667,1.0
ar_star,1008,12,289,31721308,10,1.0,1.0,1.0,1.0,1.0,1.3333333333333333,1,1,1.0,0.4166666666666667,1.0
ar_star,1008,12,290,31721309,10,1.0,1.0,1.0,1.0,1.0,0.5833333333333334,1,1,1.0,0.5,1.0
ar_star,1008,12,291,31721310,10,1.0,1.0,1.0,1.0,1.0,1.1666666666666667,1,1,1.0,0.5,1.0
ar_star,1008,12,292,31721311,10,1.0,1.0,1.0,1.0,1.0,1.5833333333333333,2,0,0.0,0.25,1.0
ar_star,1008,12,293,31721312,10,1.0,1.0,1.0,1.0,1.0,1.3333333333333333,1,1,1.0,0.5,1.0
ar_star,1008,12,294,31721313,10,1.0,1.0,1.0,1.0,1.0,1.25,1,1,1.0,0.4166666666666667,1.0
ar_star,1008,12,295,31721314,10,0.0,1.0,1.0,1.0,1.0,0.9166666666666666,1,1,1.0,0.5833333333333334,1.0
ar_star,1008,12,296,31721315,10,1.0,1.0,1.0,1.0,1.0,1.0833333333333333,1,1,1.0,0.3333333333333333,1.0
ar_star,1008,12,297,31721316,10,1.0,1.0,1.0,1.0,1.0,0.75,1,1,1.0,0.5833333333333334,1.0
ar_star,1008,12,298,31721317,10,1.0,1.0,1.0,1.0,1.0,1.4166666666666667,1,1,1.0,0.3333333333333333,1.0
ar_star,1008,12,299,31721318,10,1.0,1.0,1.0,1.0,1.0,1.5833333333333333,1,1,1.0,0.4166666666666667,1.0
ar_star,1008,12,300,31721319,10,1.0,1.0,1.0,1.0,1.0,0.9166666666666666,1,1,1.0,0.6666666666666666,1.0
ar_star,1008,12,301,31721320,10,1.0,1.0,1.0,1.0,1.0,1.25,1,1,1.0,0.5,1.0
ar_star,1008,12,302,31721321,10,0.0,1.0,1.0,1.0,1.0,1.3333333333333333,3,0,0.0,0.5833333333333334,1.0
ar_star,1008,12,303,31721322,10,1.0,1.0,1.0,1.0,1.0,1.4166666666666667,1,1,1.0,0.4166666666666667,1.0
ar_star,1008,12,304,31721323,10,1.0,1.0,1.0,1.0,1.0,1.0833333333333333,1,1,1.0,0.4166666666666667,1.0
ar_star,1008,12,305,31721324,10,1.0,1.0,1.0,1.0,1.0,0.9166666666666666,1,1,1.0,0.5833333333333334,1.0
ar_star,1008,12,306,31721325,10,1.0,1.0,1.0,1.0,1.0,2.0833333333333335,3,0,0.0,0.08333333333333333,1.0
ar_star,1008,12,307,31721326,10,1.0,1.0,1.0,1.0,1.0,1.25,1,1,1.0,0.5833333333333334,1.0
ar_star,1008,12,308,31721327,10,1.0,1.0,1.0,1.0,1.0,1.5833333333333333,3,0,0.0,0.3333333333333333,1.0
ar_star,1008,12,309,31721328,10,1.0,1.0,1.0,1.0,1.0,1.0,1,1,1.0,0.4166666666666667,1.0
ar_star,1008,12,310,31721329,10,1.0,1.0,1.0,1.0,1.0,1.5833333333333333,2,0,0.0,0.4166666666666667,1.0
ar_star,1008,12,311,31721330,10,1.0,1.0,1.0,1.0,1.0,0.6666666666666666,1,1,1.0,0.5833333333333334,1.0
ar_star,1008,12,312,31721331,10,1.0,1.0,1.0,1.0,1.0,1.1666666666666667,1,1,1.0,0.3333333333333333,1.0
ar_star,1008,12,313,31721332,10,1.0,1.0,1.0,1.0,1.0,2.3333333333333335,3,0,0.0,0.08333333333333333,1.0
ar_star,1008,12,314,31721333,10,0.0,1.0,1.0,1.0,1.0,1.5,1,1,1.0,0.25,1.0
ar_star,1008,12,315,31721334,10,1.0,1.0,1.0,1.0,1.0,1.5,3,0,0.0,0.4166666666666667,1.0
ar_star,1008,12,316,31721335,10,1.0,1.0,1.0,1.0,1.0,1.9166666666666667,2,0,0.0,0.25,1.0
ar_star,1008,12,317,31721336,10,1.0,1.0,1.0,1.0,1.0,1.5,1,1,1.0,0.4166666666666667,1.0
ar_star,1008,12,318,31721337,10,1.0,1.0,1.0,1.0,1.0,1.9166666666666667,2,0,0.0,0.25,1.0
ar_star,1008,12,319,31721338,10,1.0,1.0,1.0,1.0,1.0,1.5833333333333333,1,1,1.0,0.16666666666666666,1.0
ar_star,1008,12,320,31721339,10,1.0,1.0,1.0,1.0,1.0,1.0,1,1,1.0,0.5833333333333334,1.0
ar_star,1008,12,321,31721340,10,0.0,1.0,1.0,1.0,1.0,0.5,1,1,1.0,0.5833333333333334,1.0
ar_star,1008,12,322,31721341,10,1.0,1.0,1.0,1.0,1.0,2.0833333333333335,4,0,0.0,0.3333333333333333,1.0
ar_star,1008,12,323,31721342,10,1.0,1.0,1.0,1.0,1.0,0.9166666666666666,1,1,1.0,0.6666666666666666,1.0
ar_star,1008,12,324,31721343,10,1.0,1.0,1.0,1.0,1.0,1.75,1,1,1.0,0.25,1.0
ar_star,1008,12,325,31721344,10,1.0,1.0,1.0,1.0,1.0,0.9166666666666666,1,1,1.0,0.5,1.0
ar_star,1008,12,326,31721345,10,1.0,1.0,1.0,1.0,1.0,1.25,1,1,1.0,0.3333333333333333,1.0
ar_star,1008,12,327,31721346,10,1.0,1.0,1.0,1.0,1.0,0.8333333333333334,1,1,1.0,0.75,1.0
ar_star,1008,12,328,31721347,10,1.0,1.0,1.0,1.0,1.0,0.9166666666666666,1,1,1.0,0.3333333333333333,1.0
ar_star,1008,12,329,31721348,10,1.0,1.0,1.0,1.0,1.0,1.5,1,1,1.0,0.4166666666666667,1.0
ar_star,1008,12,330,31721349,10,1.0,1.0,1.0,1.0,1.0,1.5833333333333333,1,1,1.0,0.08333333333333333,1.0
ar_star,1008,12,331,31721350,10,1.0,1.0,1.0,1.0,1.0,1.1666666666666667,1,1,1.0,0.4166666666666667,1.0
ar_star,1008,12,332,31721351,10,1.0,1.0,1.0,1.0,1.0,1.8333333333333333,1,1,1.0,0.16666666666666666,1.0
ar_star,1008,12,333,31721352,10,1.0,1.0,1.0,1.0,1.0,0.8333333333333334,1,1,1.0,0.5,1.0
ar_star,1008,12,334,31721353,10,1.0,1.0,1.0,1.0,1.0,1.9166666666666667,3,0,0.0,0.4166666666666667,1.0
ar_star,1008,12,335,31721354,10,1.0,1.0,1.0,1.0,1.0,0.5,1,1,1.0,0.5833333333333334,1.0
ar_star,1008,12,336,31721355,10,1.0,1.0,1.0,1.0,1.0,1.1666666666666667,1,1,1.0,0.4166666666666667,1.0
ar_star,1008,12,337,31721356,10,1.0,1.0,1.0,1.0,1.0,0.6666666666666666,1,1,1.0,0.5833333333333334,1.0
ar_star,1008,12,338,31721357,10,1.0,1.0,1.0,1.0,1.0,1.5,1,1,1.0,0.25,1.0
ar_star,1008,12,339,31721358,10,1.0,1.0,1.0,1.0,1.0,1.5,1,1,1.0,0.3333333333333333,1.0
ar_star,1008,12,340,31721359,10,1.0,1.0,1.0,1.0,1.0,1.0833333333333333,1,1,1.0,0.4166666666666667,1.0
ar_star,1008,12,341,31721360,10,1.0,1.0,1.0,1.0,1.0,0.6666666666666666,1,1,1.0,0.5833333333333334,1.0
ar_star,1008,12,342,31721361,10,0.0,1.0,1.0,1.0,1.0,1.9166666666666667,4,0,0.0,0.3333333333333333,1.0
ar_star,1008,12,343,31721362,10,1.0,1.0,1.0,1.0,1.0,2.1666666666666665,3,0,0.0,0.0,1.0
ar_star,1008,12,344,31721363,10,1.0,1.0,1.0,1.0,1.0,1.3333333333333333,1,1,1.0,0.25,1.0
ar_star,1008,12,345,31721364,10,1.0,1.0,1.0,1.0,1.0,1.5833333333333333,2,0,0.0,0.25,1.0
ar_star,1008,12,346,31721365,10,1.0,1.0,1.0,1.0,1.0,1.1666666666666667,1,1,1.0,0.3333333333333333,1.0
ar_star,1008,12,347,31721366,10,1.0,1.0,1.0,1.0,1.0,1.1666666666666667,1,1,1.0,0.5,1.0
ar_star,1008,12,348,31721367,10,1.0,1.0,1.0,1.0,1.0,0.8333333333333334,1,1,1.0,0.6666666666666666,1.0
ar_star,1008,12,349,31721368,10,1.0,1.0,1.0,1.0,1.0,1.4166666666666667,2,0,0.0,0.3333333333333333,1.0
ar_star,1008,12,350,31721369,10,1.0,1.0,1.0,1.0,1.0,1.0,1,1,1.0,0.3333333333333333,1.0
ar_star,1008,12,351,31721370,10,1.0,1.0,1.0,1.0,1.0,2.6666666666666665,4,0,0.0,0.16666666666666666,1.0
ar_star,1008,12,352,31721371,10,1.0,1.0,1.0,1.0,1.0,1.3333333333333333,1,1,1.0,0.3333333333333333,1.0
ar_star,1008,12,353,31721372,10,1.0,1.0,1.0,1.0,1.0,0.9166666666666666,1,1,1.0,0.5,1.0
ar_star,1008,12,354,31721373,10,1.0,1.0,1.0,1.0,1.0,0.9166666666666666,1,1,1.0,0.4166666666666667,1.0
ar_star,1008,12,355,31721374,10,1.0,1.0,1.0,1.0,1.0,2.3333333333333335,3,0,0.0,0.16666666666666666,1.0
ar_star,1008,12,356,31721375,10,1.0,1.0,1.0,1.0,1.0,0.8333333333333334,1,1,1.0,0.5833333333333334,1.0
ar_star,1008,12,357,31721376,10,1.0,1.0,1.0,1.0,1.0,0.4166666666666667,1,1,1.0,0.75,1.0
ar_star,1008,12,358,31721377,10,1.0,1.0,1.0,1.0,1.0,2.0833333333333335,2,0,0.0,0.16666666666666666,1.0
ar_star,1008,12,359,31721378,10,1.0,1.0,1.0,1.0,1.0,1.1666666666666667,1,1,1.0,0.5,1.0
ar_star,1008,12,360,31721379,10,1.0,1.0,1.0,1.0,1.0,2.25,3,0,0.0,0.25,1.0
ar_star,1008,12,361,31721380,10,1.0,1.0,1.0,1.0,1.0,2.0833333333333335,3,0,0.0,0.0,1.0
ar_star,1008,12,362,31721381,10,1.0,1.0,1.0,1.0,1.0,1.8333333333333333,2,0,0.0,0.3333333333333333,1.0
ar_star,1008,12,363,31721382,10,1.0,1.0,1.0,1.0,1.0,0.9166666666666666,1,1,1.0,0.5,1.0
ar_star,1008,12,364,31721383,10,1.0,1.0,1.0,1.0,1.0,2.0833333333333335,4,0,0.0,0.25,1.0
ar_star,1008,12,365,31721384,10,1.0,1.0,1.0,1.0,1.0,0.9166666666666666,1,1,1.0,0.4166666666666667,1.0
ar_star,1008,12,366,31721385,10,1.0,1.0,1.0,1.0,1.0,1.0833333333333333,1,1,1.0,0.3333333333333333,1.0
ar_star,1008,12,367,31721386,10,1.0,1.0,1.0,1.0,1.0,1.0833333333333333,1,1,1.0,0.4166666666666667,1.0
ar_star,1008,12,368,31721387,10,1.0,1.0,1.0,1.0,1.0,1.75,1,1,1.0,0.16666666666666666,1.0
ar_star,1008,12,369,31721388,10,1.0,1.0,1.0,1.0,1.0,1.25,1,1,1.0,0.4166666666666667,1.0
ar_star,1008,12,370,31721389,10,1.0,1.0,1.0,1.0,1.0,1.25,1,1,1.0,0.3333333333333333,1.0
ar_star,1008,12,371,31721390,10,1.0,1.0,1.0,1.0,1.0,1.0,1,1,1.0,0.4166666666666667,1.0
ar_star,1008,12,372,31721391,10,1.0,1.0,1.0,1.0,1.0,0.6666666666666666,1,1,1.0,0.6666666666666666,1.0
ar_star,1008,12,373,31721392,10,1.0,1.0,1.0,1.0,1.0,1.5,1,1,1.0,0.3333333333333333,1.0
ar_star,1008,12,374,31721393,10,1.0,1.0,1.0,1.0,1.0,1.3333333333333333,1,1,1.0,0.4166666666666667,1.0
ar_star,1008,12,375,31721394,10,1.0,1.0,1.0,1.0,1.0,0.8333333333333334,1,1,1.0,0.6666666666666666,1.0
ar_star,1008,12,376,31721395,10,1.0,1.0,1.0,1.0,1.0,0.9166666666666666,1,1,1.0,0.5,1.0
ar_star,1008,12,377,31721396,10,1.0,1.0,1.0,1.0,1.0,1.1666666666666667,1,1,1.0,0.3333333333333333,1.0
ar_star,1008,12,378,31721397,10,0.0,1.0,1.0,1.0,1.0,1.0833333333333333,1,1,1.0,0.4166666666666667,1.0
ar_star,1008,12,379,31721398,10,1.0,1.0,1.0,1.0,1.0,1.6666666666666667,3,0,0.0,0.4166666666666667,1.0
ar_star,1008,12,380,31721399,10,1.0,1.0,1.0,1.0,1.0,1.4166666666666667,1,1,1.0,0.25,1.0
ar_star,1008,12,381,31721400,10,1.0,1.0,1.0,1.0,1.0,0.9166666666666666,1,1,1.0,0.5833333333333334,1.0
ar_star,1008,12,382,31721401,10,1.0,1.0,1.0,1.0,1.0,1.8333333333333333,1,1,1.0,0.25,1.0
ar_star,1008,12,383,31721402,10,1.0,1.0,1.0,1.0,1.0,1.9166666666666667,1,1,1.0,0.16666666666666666,1.0
ar_star,1008,12,384,31721403,10,1.0,1.0,1.0,1.0,1.0,1.0,1,1,1.0,0.5,1.0
ar_star,1008,12,385,31721404,10,0.0,1.0,1.0,1.0,1.0,1.3333333333333333,2,0,0.0,0.3333333333333333,1.0
ar_star,1008,12,386,31721405,10,1.0,1.0,1.0,1.0,1.0,1.3333333333333333,1,1,1.0,0.4166666666666667,1.0
ar_star,1008,12,387,31721406,10,0.0,1.0,1.0,1.0,1.0,1.0,1,1,1.0,0.4166666666666667,1.0
ar_star,1008,12,388,31721407,10,1.0,1.0,1.0,1.0,1.0,1.75,1,1,1.0,0.08333333333333333,1.0
ar_star,1008,12,389,31721408,10,1.0,1.0,1.0,1.0,1.0,1.1666666666666667,1,1,1.0,0.4166666666666667,1.0
ar_star,1008,12,390,31721409,10,1.0,1.0,1.0,1.0,1.0,0.9166666666666666,1,1,1.0,0.4166666666666667,1.0
ar_star,1008,12,391,31721410,10,0.0,1.0,1.0,1.0,1.0,2.0833333333333335,1,1,1.0,0.16666666666666666,1.0
ar_star,1008,12,392,31721411,10,1.0,1.0,1.0,1.0,1.0,1.8333333333333333,2,0,0.0,0.16666666666666666,1.0
ar_star,1008,12,393,31721412,10,1.0,1.0,1.0,1.0,1.0,0.5833333333333334,1,1,1.0,0.6666666666666666,1.0
ar_star,1008,12,394,31721413,10,1.0,1.0,1.0,1.0,1.0,2.0833333333333335,1,1,1.0,0.08333333333333333,1.0
ar_star,1008,12,395,31721414,10,1.0,1.0,1.0,1.0,1.0,1.3333333333333333,3,0,0.0,0.5833333333333334,1.0
ar_star,1008,12,396,31721415,10,1.0,1.0,1.0,1.0,1.0,1.6666666666666667,1,1,1.0,0.3333333333333333,1.0
ar_star,1008,12,397,31721416,10,1.0,1.0,1.0,1.0,1.0,1.5833333333333333,1,1,1.0,0.16666666666666666,1.0
ar_star,1008,12,398,31721417,10,1.0,1.0,1.0,1.0,1.0,1.5833333333333333,2,0,0.0,0.3333333333333333,1.0
ar_star,1008,12,399,31721418,10,1.0,1.0,1.0,1.0,1.0,0.6666666666666666,1,1,1.0,0.5833333333333334,1.0
ar_star,1008,12,400,31721419,10,1.0,1.0,1.0,1.0,1.0,1.75,2,0,0.0,0.3333333333333333,1.0
ar_star,1008,12,401,31721420,10,1.0,1.0,1.0,1.0,1.0,1.4166666666666667,1,1,1.0,0.3333333333333333,1.0
ar_star,1008,12,402,31721421,10,1.0,1.0,1.0,1.0,1.0,1.75,1,1,1.0,0.3333333333333333,1.0
ar_star,1008,12,403,31721422,10,0.0,1.0,1.0,1.0,1.0,1.3333333333333333,1,1,1.0,0.4166666666666667,1.0
ar_star,1008,12,404,31721423,10,1.0,1.0,1.0,1.0,1.0,1.1666666666666667,1,1,1.0,0.5,1.0
ar_star,1008,12,405,31721424,10,1.0,1.0,1.0,1.0,1.0,0.75,1,1,1.0,0.4166666666666667,1.0
ar_star,1008,12,406,31721425,10,1.0,1.0,1.0,1.0,1.0,0.9166666666666666,1,1,1.0,0.25,1.0
ar_star,1008,12,407,31721426,10,1.0,1.0,1.0,1.0,1.0,1.5,2,0,0.0,0.4166666666666667,1.0
ar_star,1008,12,408,31721427,10,1.0,1.0,1.0,1.0,1.0,1.75,1,1,1.0,0.3333333333333333,1.0
ar_star,1008,12,409,31721428,10,1.0,1.0,1.0,1.0,1.0,0.9166666666666666,1,1,1.0,0.5,1.0
ar_star,1008,12,410,31721429,10,1.0,1.0,1.0,1.0,1.0,1.8333333333333333,1,1,1.0,0.08333333333333333,1.0
ar_star,1008,12,411,31721430,10,1.0,1.0,1.0,1.0,1.0,1.6666666666666667,1,1,1.0,0.16666666666666666,1.0
ar_star,1008,12,412,31721431,10,1.0,1.0,1.0,1.0,1.0,1.4166666666666667,2,0,0.0,0.5,1.0
ar_star,1008,12,413,31721432,10,1.0,1.0,1.0,1.0,1.0,1.5833333333333333,1,1,1.0,0.3333333333333333,1.0
ar_star,1008,12,414,31721433,10,1.0,1.0,1.0,1.0,1.0,1.6666666666666667,1,1,1.0,0.0,1.0
ar_star,1008,12,415,31721434,10,0.0,1.0,1.0,1.0,1.0,1.5,3,0,0.0,0.4166666666666667,1.0
ar_star,1008,12,416,31721435,10,1.0,1.0,1.0,1.0,1.0,1.0,1,1,1.0,0.5,1.0
ar_star,1008,12,417,31721436,10,0.0,1.0,1.0,1.0,1.0,1.3333333333333333,1,1,1.0,0.3333333333333333,1.0
ar_star,1008,12,418,31721437,10,0.0,1.0,1.0,1.0,1.0,0.9166666666666666,1,1,1.0,0.3333333333333333,1.0
ar_star,1008,12,419,31721438,10,1.0,1.0,1.0,1.0,1.0,1.4166666666666667,1,1,1.0,0.5,1.0
ar_star,1008,12,420,31721439,10,1.0,1.0,1.0,1.0,1.0,1.5833333333333333,1,1,1.0,0.3333333333333333,1.0
ar_star,1008,12,421,31721440,10,1.0,1.0,1.0,1.0,1.0,0.75,1,1,1.0,0.6666666666666666,1.0
ar_star,1008,12,422,31721441,10,0.0,1.0,1.0,1.0,1.0,2.0,1,1,1.0,0.16666666666666666,1.0
ar_star,1008,12,423,31721442,10,1.0,1.0,1.0,1.0,1.0,1.25,1,1,1.0,0.4166666666666667,1.0
ar_star,1008,12,424,31721443,10,1.0,1.0,1.0,1.0,1.0,1.0,1,1,1.0,0.5833333333333334,1.0
ar_star,1008,12,425,31721444,10,1.0,1.0,1.0,1.0,1.0,1.25,1,1,1.0,0.25,1.0
ar_star,1008,12,426,31721445,10,1.0,1.0,1.0,1.0,1.0,1.5833333333333333,1,1,1.0,0.08333333333333333,1.0
ar_star,1008,12,427,31721446,10,1.0,1.0,1.0,1.0,1.0,0.9166666666666666,1,1,1.0,0.4166666666666667,1.0
ar_star,1008,12,428,31721447,10,1.0,1.0,1.0,1.0,1.0,1.6666666666666667,1,1,1.0,0.25,1.0
ar_star,1008,12,429,31721448,10,1.0,1.0,1.0,1.0,1.0,1.25,1,1,1.0,0.4166666666666667,1.0
ar_star,1008,12,430,31721449,10,1.0,1.0,1.0,1.0,1.0,0.9166666666666666,1,1,1.0,0.5833333333333334,1.0
ar_star,1008,12,431,31721450,10,1.0,1.0,1.0,1.0,1.0,1.6666666666666667,3,0,0.0,0.5,1.0
ar_star,1008,12,432,31721451,10,1.0,1.0,1.0,1.0,1.0,0.8333333333333334,1,1,1.0,0.6666666666666666,1.0
ar_star,1008,12,433,31721452,10,1.0,1.0,1.0,1.0,1.0,1.8333333333333333,1,1,1.0,0.25,1.0
ar_star,1008,12,434,31721453,10,1.0,1.0,1.0,1.0,1.0,1.3333333333333333,1,1,1.0,0.4166666666666667,1.0
ar_star,1008,12,435,31721454,10,1.0,1.0,1.0,1.0,1.0,1.8333333333333333,2,0,0.0,0.16666666666666666,1.0
ar_star,1008,12,436,31721455,10,1.0,1.0,1.0,1.0,1.0,0.9166666666666666,1,1,1.0,0.3333333333333333,1.0
ar_star,1008,12,437,31721456,10,1.0,1.0,1.0,1.0,1.0,0.8333333333333334,1,1,1.0,0.5,1.0
ar_star,1008,12,438,31721457,10,1.0,1.0,1.0,1.0,1.0,0.75,1,1,1.0,0.5833333333333334,1.0
ar_star,1008,12,439,31721458,10,0.0,1.0,1.0,1.0,1.0,1.0,1,1,1.0,0.5833333333333334,1.0
ar_star,1008,12,440,31721459,10,1.0,1.0,1.0,1.0,1.0,1.0,1,1,1.0,0.5833333333333334,1.0
ar_star,1008,12,441,31721460,10,1.0,1.0,1.0,1.0,1.0,1.5,1,1,1.0,0.3333333333333333,1.0
ar_star,1008,12,442,31721461,10,1.0,1.0,1.0,1.0,1.0,1.0,1,1,1.0,0.5833333333333334,1.0
ar_star,1008,12,443,31721462,10,1.0,1.0,1.0,1.0,1.0,0.3333333333333333,1,1,1.0,0.75,1.0
ar_star,1008,12,444,31721463,10,1.0,1.0,1.0,1.0,1.0,1.5833333333333333,1,1,1.0,0.16666666666666666,1.0
ar_star,1008,12,445,31721464,10,1.0,1.0,1.0,1.0,1.0,1.0,1,1,1.0,0.4166666666666667,1.0
ar_star,1008,12,446,31721465,10,1.0,1.0,1.0,1.0,1.0,1.75,1,1,1.0,0.08333333333333333,1.0
ar_star,1008,12,447,31721466,10,1.0,1.0,1.0,1.0,1.0,1.8333333333333333,2,0,0.0,0.16666666666666666,1.0
ar_star,1008,12,448,31721467,10,1.0,1.0,1.0,1.0,1.0,1.3333333333333333,1,1,1.0,0.3333333333333333,1.0
ar_star,1008,12,449,31721468,10,1.0,1.0,1.0,1.0,1.0,0.5833333333333334,1,1,1.0,0.5833333333333334,1.0
ar_star,1008,12,450,31721469,10,0.0,1.0,1.0,1.0,1.0,1.6666666666666667,1,1,1.0,0.08333333333333333,1.0
ar_star,1008,12,451,31721470,10,1.0,1.0,1.0,1.0,1.0,1.5,1,1,1.0,0.3333333333333333,1.0
ar_star,1008,12,452,31721471,10,1.0,1.0,1.0,1.0,1.0,0.75,1,1,1.0,0.5833333333333334,1.0
ar_star,1008,12,453,31721472,10,1.0,1.0,1.0,1.0,1.0,1.1666666666666667,1,1,1.0,0.25,1.0
ar_star,1008,12,454,31721473,10,0.0,1.0,1.0,1.0,1.0,1.75,1,1,1.0,0.3333333333333333,1.0
ar_star,1008,12,455,31721474,10,1.0,1.0,1.0,1.0,1.0,0.75,1,1,1.0,0.4166666666666667,1.0
ar_star,1008,12,456,31721475,10,1.0,1.0,1.0,1.0,1.0,1.0833333333333333,1,1,1.0,0.5833333333333334,1.0
ar_star,1008,12,457,31721476,10,1.0,1.0,1.0,1.0,1.0,0.9166666666666666,1,1,1.0,0.4166666666666667,1.0
ar_star,1008,12,458,31721477,10,1.0,1.0,1.0,1.0,1.0,0.9166666666666666,1,1,1.0,0.5,1.0
ar_star,1008,12,459,31721478,10,1.0,1.0,1.0,1.0,1.0,1.6666666666666667,1,1,1.0,0.16666666666666666,1.0
ar_star,1008,12,460,31721479,10,1.0,1.0,1.0,1.0,1.0,1.4166666666666667,2,0,0.0,0.3333333333333333,1.0
ar_star,1008,12,461,31721480,10,1.0,1.0,1.0,1.0,1.0,0.4166666666666667,1,1,1.0,0.75,1.0
ar_star,1008,12,462,31721481,10,1.0,1.0,1.0,1.0,1.0,1.25,1,1,1.0,0.3333333333333333,1.0
ar_star,1008,12,463,31721482,10,1.0,1.0,1.0,1.0,1.0,0.5833333333333334,1,1,1.0,0.6666666666666666,1.0
ar_star,1008,12,464,31721483,10,1.0,1.0,1.0,1.0,1.0,1.25,1,1,1.0,0.3333333333333333,1.0
ar_star,1008,12,465,31721484,10,0.0,1.0,1.0,1.0,1.0,2.25,3,0,0.0,0.16666666666666666,1.0
ar_star,1008,12,466,31721485,10,1.0,1.0,1.0,1.0,1.0,2.0833333333333335,2,0,0.0,0.08333333333333333,1.0
ar_star,1008,12,467,31721486,10,1.0,1.0,1.0,1.0,1.0,0.9166666666666666,1,1,1.0,0.5,1.0
ar_star,1008,12,468,31721487,10,1.0,1.0,1.0,1.0,1.0,1.5,2,0,0.0,0.4166666666666667,1.0
ar_star,1008,12,469,31721488,10,1.0,1.0,1.0,1.0,1.0,0.8333333333333334,1,1,1.0,0.5,1.0
ar_star,1008,12,470,31721489,10,1.0,1.0,1.0,1.0,1.0,1.9166666666666667,2,0,0.0,0.3333333333333333,1.0
ar_star,1008,12,471,31721490,10,1.0,1.0,1.0,1.0,1.0,1.6666666666666667,1,1,1.0,0.25,1.0
ar_star,1008,12,472,31721491,10,1.0,1.0,1.0,1.0,1.0,1.1666666666666667,1,1,1.0,0.5,1.0
ar_star,1008,12,473,31721492,10,1.0,1.0,1.0,1.0,1.0,1.1666666666666667,1,1,1.0,0.4166666666666667,1.0
ar_star,1008,12,474,31721493,10,1.0,1.0,1.0,1.0,1.0,0.6666666666666666,1,1,1.0,0.5833333333333334,1.0
ar_star,1008,12,475,31721494,10,1.0,1.0,1.0,1.0,1.0,1.9166666666666667,3,0,0.0,0.25,1.0
ar_star,1008,12,476,31721495,10,1.0,1.0,1.0,1.0,1.0,0.9166666666666666,1,1,1.0,0.75,1.0
ar_star,1008,12,477,31721496,10,1.0,1.0,1.0,1.0,1.0,1.8333333333333333,2,0,0.0,0.16666666666666666,1.0
ar_star,1008,12,478,31721497,10,1.0,1.0,1.0,1.0,1.0,1.6666666666666667,1,1,1.0,0.08333333333333333,1.0
ar_star,1008,12,479,31721498,10,1.0,1.0,1.0,1.0,1.0,1.0833333333333333,1,1,1.0,0.5,1.0
ar_star,1008,12,480,31721499,10,1.0,1.0,1.0,1.0,1.0,1.0833333333333333,1,1,1.0,0.3333333333333333,1.0
ar_star,1008,12,481,31721500,10,1.0,1.0,1.0,1.0,1.0,1.6666666666666667,2,0,0.0,0.25,1.0
ar_star,1008,12,482,31721501,10,1.0,1.0,1.0,1.0,1.0,1.3333333333333333,1,1,1.0,0.5,1.0
ar_star,1008,12,483,31721502,10,1.0,1.0,1.0,1.0,1.0,0.75,1,1,1.0,0.4166666666666667,1.0
ar_star,1008,12,484,31721503,10,1.0,1.0,1.0,1.0,1.0,1.0,1,1,1.0,0.3333333333333333,1.0
ar_star,1008,12,485,31721504,10,1.0,1.0,1.0,1.0,1.0,1.0833333333333333,1,1,1.0,0.4166666666666667,1.0
ar_star,1008,12,486,31721505,10,1.0,1.0,1.0,1.0,1.0,0.6666666666666666,1,1,1.0,0.5833333333333334,1.0
ar_star,1008,12,487,31721506,10,1.0,1.0,1.0,1.0,1.0,0.6666666666666666,1,1,1.0,0.5833333333333334,1.0
ar_star,1008,12,488,31721507,10,1.0,1.0,1.0,1.0,1.0,1.4166666666666667,1,1,1.0,0.25,1.0
ar_star,1008,12,489,31721508,10,1.0,1.0,1.0,1.0,1.0,1.25,1,1,1.0,0.5,1.0
ar_star,1008,12,490,31721509,10,1.0,1.0,1.0,1.0,1.0,2.1666666666666665,2,0,0.0,0.16666666666666666,1.0
ar_star,1008,12,491,31721510,10,1.0,1.0,1.0,1.0,1.0,0.9166666666666666,1,1,1.0,0.5,1.0
ar_star,1008,12,492,31721511,10,1.0,1.0,1.0,1.0,1.0,1.9166666666666667,1,1,1.0,0.25,1.0
ar_star,1008,12,493,31721512,10,1.0,1.0,1.0,1.0,1.0,1.5,1,1,1.0,0.25,1.0
ar_star,1008,12,494,31721513,10,1.0,1.0,1.0,1.0,1.0,1.1666666666666667,1,1,1.0,0.4166666666666667,1.0
ar_star,1008,12,495,31721514,10,1.0,1.0,1.0,1.0,1.0,0.8333333333333334,1,1,1.0,0.5,1.0
ar_star,1008,12,496,31721515,10,1.0,1.0,1.0,1.0,1.0,1.3333333333333333,1,1,1.0,0.3333333333333333,1.0
ar_star,1008,12,497,31721516,10,1.0,1.0,1.0,1.0,1.0,1.4166666666666667,2,0,0.0,0.5,1.0
ar_star,1008,12,498,31721517,10,1.0,1.0,1.0,1.0,1.0,0.8333333333333334,1,1,1.0,0.5833333333333334,1.0
ar_star,1008,12,499,31721518,10,1.0,1.0,1.0,1.0,1.0,0.5833333333333334,1,1,1.0,0.5833333333333334,1.0
t5_star,126,12,0,40839019,1,1.0,1.0,1.0,1.0,1.0,10.0,12,0,0.0,0.0,1.0
t5_star,126,12,1,40839020,1,0.0,1.0,1.0,1.0,0.0,9.833333333333334,12,0,0.0,0.0,1.0
t5_star,126,12,2,40839021,1,1.0,1.0,1.0,1.0,0.0,10.0,12,0,0.0,0.0,0.9950617283950617
t5_star,126,12,3,40839022,1,1.0,1.0,1.0,1.0,1.0,10.0,12,0,0.0,0.0,1.0
t5_star,126,12,4,40839023,1,0.0,1.0,1.0,1.0,0.0,10.0,12,0,0.0,0.0,1.0
t5_star,126,12,5,40839024,1,1.0,1.0,1.0,1.0,0.0,10.0,12,0,0.0,0.0,0.9993326659993327
t5_star,126,12,6,40839025,1,0.0,1.0,1.0,1.0,0.0,10.0,12,0,0.0,0.0,0.9926593259926593
t5_star,126,12,7,40839026,1,1.0,1.0,1.0,1.0,0.0,10.0,12,0,0.0,0.0,1.0
t5_star,126,12,8,40839027,1,1.0,1.0,1.0,1.0,1.0,10.0,12,0,0.0,0.0,0.9959721626388293
t5_star,126,12,9,40839028,1,0.0,1.0,1.0,1.0,0.0,10.0,12,0,0.0,0.0,1.0
t5_star,126,12,10,40839029,1,1.0,1.0,1.0,1.0,1.0,10.0,12,0,0.0,0.0,0.9996663329996665
t5_star,126,12,11,40839030,1,1.0,1.0,1.0,1.0,0.0,9.916666666666666,12,0,0.0,0.0,1.0
t5_star,126,12,12,40839031,1,1.0,1.0,1.0,1.0,1.0,9.916666666666666,12,0,0.0,0.0,1.0
t5_star,126,12,13,40839032,1,1.0,1.0,1.0,1.0,1.0,9.666666666666666,12,0,0.0,0.0,1.0
t5_star,126,12,14,40839033,1,1.0,1.0,1.0,1.0,1.0,9.916666666666666,12,0,0.0,0.0,1.0
t5_star,126,12,15,40839034,1,1.0,1.0,1.0,1.0,0.0,10.0,12,0,0.0,0.0,0.9991658324991658
t5_star,126,12,16,40839035,1,1.0,1.0,1.0,1.0,0.0,10.0,12,0,0.0,0.0,0.998998998998999
t5_star,126,12,17,40839036,1,1.0,1.0,1.0,1.0,1.0,10.0,12,0,0.0,0.0,1.0
t5_star,126,12,18,40839037,1,0.0,1.0,1.0,1.0,1.0,9.833333333333334,12,0,0.0,0.0,1.0
t5_star,126,12,19,40839038,1,1.0,1.0,1.0,1.0,1.0,9.916666666666666,12,0,0.0,0.0,1.0
t5_star,126,12,20,40839039,1,1.0,1.0,1.0,1.0,1.0,9.833333333333334,12,0,0.0,0.0,1.0
t5_star,126,12,21,40839040,1,0.0,1.0,1.0,1.0,0.0,10.0,12,0,0.0,0.0,0.9904904904904905
t5_star,126,12,22,40839041,1,1.0,1.0,1.0,1.0,1.0,10.0,12,0,0.0,0.0,1.0
t5_star,126,12,23,40839042,1,1.0,1.0,1.0,1.0,1.0,10.0,12,0,0.0,0.0,1.0
t5_star,126,12,24,40839043,1,1.0,1.0,1.0,1.0,0.0,10.0,12,0,0.0,0.0,0.9994994994994995
t5_star,126,12,25,40839044,1,1.0,1.0,1.0,1.0,0.0,10.0,12,0,0.0,0.0,1.0
t5_star,126,12,26,40839045,1,1.0,1.0,1.0,1.0,0.0,10.0,12,0,0.0,0.0,1.0
t5_star,126,12,27,40839046,1,0.0,1.0,1.0,1.0,1.0,9.916666666666666,12,0,0.0,0.0,0.9964964964964964
t5_star,126,12,28,40839047,1,1.0,1.0,1.0,1.0,1.0,9.916666666666666,12,0,0.0,0.0,1.0
t5_star,126,12,29,40839048,1,1.0,1.0,1.0,1.0,0.0,10.0,12,0,0.0,0.0,1.0
t5_star,126,12,30,40839049,1,1.0,1.0,1.0,1.0,0.0,10.0,12,0,0.0,0.0,1.0
t5_star,126,12,31,40839050,1,1.0,1.0,1.0,1.0,0.0,10.0,12,0,0.0,0.0,0.9535225701892368
t5_star,126,12,32,40839051,1,0.0,1.0,1.0,1.0,0.0,9.916666666666666,12,0,0.0,0.0,0.9981648314981648
t5_star,126,12,33,40839052,1,0.0,1.0,1.0,1.0,0.0,10.0,12,0,0.0,0.0,1.0
t5_star,126,12,34,40839053,1,0.0,1.0,1.0,1.0,1.0,9.916666666666666,12,0,0.0,0.0,1.0
t5_star,126,12,35,40839054,1,1.0,1.0,1.0,1.0,1.0,10.0,12,0,0.0,0.0,0.9996663329996663
t5_star,126,12,36,40839055,1,1.0,1.0,1.0,1.0,0.0,10.0,12,0,0.0,0.0,0.9978311644978312
t5_star,126,12,37,40839056,1,1.0,1.0,1.0,1.0,0.0,10.0,12,0,0.0,0.0,1.0
t5_star,126,12,38,40839057,1,0.0,1.0,1.0,1.0,1.0,10.0,12,0,0.0,0.0,0.998998998998999
t5_star,126,12,39,40839058,1,1.0,1.0,1.0,1.0,1.0,10.0,12,0,0.0,0.0,1.0
t5_star,126,12,40,40839059,1,1.0,1.0,1.0,1.0,0.0,9.916666666666666,12,0,0.0,0.0,1.0
t5_star,126,12,41,40839060,1,1.0,1.0,1.0,1.0,1.0,9.75,12,0,0.0,0.0,1.0
t5_star,126,12,42,40839061,1,0.0,1.0,1.0,1.0,0.0,10.0,12,0,0.0,0.0,1.0
t5_star,126,12,43,40839062,1,0.0,1.0,1.0,1.0,0.0,10.0,12,0,0.0,0.0,0.9900567233900568
t5_star,126,12,44,40839063,1,1.0,1.0,1.0,1.0,0.0,10.0,12,0,0.0,0.0,0.998998998998999
t5_star,126,12,45,40839064,1,1.0,1.0,1.0,1.0,1.0,10.0,12,0,0.0,0.0,1.0
t5_star,126,12,46,40839065,1,1.0,1.0,1.0,1.0,0.0,10.0,12,0,0.0,0.0,0.9926593259926593
t5_star,126,12,47,40839066,1,0.0,1.0,1.0,1.0,1.0,10.0,12,0,0.0,0.0,1.0
t5_star,126,12,48,40839067,1,1.0,1.0,1.0,1.0,0.0,10.0,12,0,0.0,0.0,1.0
t5_star,126,12,49,40839068,1,1.0,1.0,1.0,1.0,0.0,9.916666666666666,12,0,0.0,0.0,0.9993326659993326
t5_star,126,12,50,40839069,1,1.0,1.0,1.0,1.0,0.0,10.0,12,0,0.0,0.0,0.998998998998999
t5_star,126,12,51,40839070,1,1.0,1.0,1.0,1.0,1.0,10.0,12,0,0.0,0.0,1.0
t5_star,126,12,52,40839071,1,1.0,1.0,1.0,1.0,1.0,10.0,12,0,0.0,0.0,1.0
t5_star,126,12,53,40839072,1,1.0,1.0,1.0,1.0,1.0,10.0,12,0,0.0,0.0,1.0
t5_star,126,12,54,40839073,1,1.0,1.0,1.0,1.0,1.0,9.916666666666666,12,0,0.0,0.0,1.0
t5_star,126,12,55,40839074,1,1.0,1.0,1.0,1.0,0.0,10.0,12,0,0.0,0.0,0.9996663329996663
t5_star,126,12,56,40839075,1,1.0,1.0,1.0,1.0,0.0,10.0,12,0,0.0,0.0,0.9904666571333238
t5_star,126,12,57,40839076,1,1.0,1.0,1.0,1.0,0.0,10.0,12,0,0.0,0.0,0.9847180513847179
t5_star,126,12,58,40839077,1,1.0,1.0,1.0,1.0,1.0,10.0,12,0,0.0,0.0,1.0
t5_star,126,12,59,40839078,1,1.0,1.0,1.0,1.0,1.0,10.0,12,0,0.0,0.0,0.998998998998999
t5_star,126,12,60,40839079,1,1.0,1.0,1.0,1.0,0.0,9.833333333333334,12,0,0.0,0.0,0.9993326659993327
t5_star,126,12,61,40839080,1,1.0,1.0,1.0,1.0,0.0,10.0,12,0,0.0,0.0,1.0
t5_star,126,12,62,40839081,1,1.0,1.0,1.0,1.0,1.0,10.0,12,0,0.0,0.0,1.0
t5_star,126,12,63,40839082,1,1.0,1.0,1.0,1.0,1.0,10.0,12,0,0.0,0.0,0.9948281614948282
t5_star,126,12,64,40839083,1,1.0,1.0,1.0,1.0,0.0,9.916666666666666,12,0,0.0,0.0,0.8584548834548829
t5_star,126,12,65,40839084,1,1.0,1.0,1.0,1.0,1.0,10.0,12,0,0.0,0.0,1.0
t5_star,126,12,66,40839085,1,1.0,1.0,1.0,1.0,1.0,10.0,12,0,0.0,0.0,1.0
t5_star,126,12,67,40839086,1,1.0,1.0,1.0,1.0,0.0,9.916666666666666,12,0,0.0,0.0,0.9996663329996663
t5_star,126,12,68,40839087,1,1.0,1.0,1.0,1.0,0.0,10.0,12,0,0.0,0.0,0.9981648314981648
t5_star,126,12,69,40839088,1,1.0,1.0,1.0,1.0,1.0,9.666666666666666,12,0,0.0,0.0,1.0
t5_star,126,12,70,40839089,1,1.0,1.0,1.0,1.0,0.0,10.0,12,0,0.0,0.0,1.0
t5_star,126,12,71,40839090,1,1.0,1.0,1.0,1.0,1.0,10.0,12,0,0.0,0.0,0.9991658324991658
t5_star,126,12,72,40839091,1,1.0,1.0,1.0,1.0,0.0,10.0,12,0,0.0,0.0,1.0
t5_star,126,12,73,40839092,1,1.0,1.0,1.0,1.0,1.0,10.0,12,0,0.0,0.0,1.0
t5_star,126,12,74,40839093,1,1.0,1.0,1.0,1.0,0.0,10.0,12,0,0.0,0.0,1.0
t5_star,126,12,75,40839094,1,0.0,1.0,1.0,1.0,1.0,10.0,12,0,0.0,0.0,1.0
t5_star,126,12,76,40839095,1,1.0,1.0,1.0,1.0,0.0,10.0,12,0,0.0,0.0,0.998998998998999
t5_star,126,12,77,40839096,1,1.0,1.0,1.0,1.0,1.0,10.0,12,0,0.0,0.0,1.0
t5_star,126,12,78,40839097,1,1.0,1.0,1.0,1.0,1.0,9.833333333333334,12,0,0.0,0.0,1.0
t5_star,126,12,79,40839098,1,1.0,1.0,1.0,1.0,1.0,9.916666666666666,12,0,0.0,0.0,1.0
t5_star,126,12,80,40839099,1,0.0,1.0,1.0,1.0,1.0,9.75,12,0,0.0,0.0,0.9994994994994995
t5_star,126,12,81,40839100,1,1.0,1.0,1.0,1.0,0.0,10.0,12,0,0.0,0.0,1.0
t5_star,126,12,82,40839101,1,1.0,1.0,1.0,1.0,1.0,10.0,12,0,0.0,0.0,1.0
t5_star,126,12,83,40839102,1,1.0,1.0,1.0,1.0,0.0,10.0,12,0,0.0,0.0,0.998998998998999
t5_star,126,12,84,40839103,1,1.0,1.0,1.0,1.0,0.0,9.916666666666666,12,0,0.0,0.0,1.0
t5_star,126,12,85,40839104,1,1.0,1.0,1.0,1.0,0.0,10.0,12,0,0.0,0.0,0.9978311644978312
t5_star,126,12,86,40839105,1,1.0,1.0,1.0,1.0,0.0,9.833333333333334,12,0,0.0,0.0,1.0
t5_star,126,12,87,40839106,1,1.0,1.0,1.0,1.0,0.0,9.916666666666666,12,0,0.0,0.0,1.0
t5_star,126,12,88,40839107,1,0.0,1.0,1.0,1.0,0.0,10.0,12,0,0.0,0.0,0.9959959959959959
t5_star,126,12,89,40839108,1,1.0,1.0,1.0,1.0,0.0,10.0,12,0,0.0,0.0,1.0
t5_star,126,12,90,40839109,1,1.0,1.0,1.0,1.0,0.0,10.0,12,0,0.0,0.0,0.9963296629963297
t5_star,126,12,91,40839110,1,0.0,1.0,1.0,1.0,0.0,9.75,12,0,0.0,0.0,0.9976643309976643
t5_star,126,12,92,40839111,1,1.0,1.0,1.0,1.0,1.0,10.0,12,0,0.0,0.0,1.0
t5_star,126,12,93,40839112,1,1.0,1.0,1.0,1.0,1.0,10.0,12,0,0.0,0.0,1.0
t5_star,126,12,94,40839113,1,1.0,1.0,1.0,1.0,1.0,10.0,12,0,0.0,0.0,1.0
t5_star,126,12,95,40839114,1,1.0,1.0,1.0,1.0,0.0,10.0,12,0,0.0,0.0,0.9931598264931599
t5_star,126,12,96,40839115,1,1.0,1.0,1.0,1.0,1.0,10.0,12,0,0.0,0.0,1.0
t5_star,126,12,97,40839116,1,1.0,1.0,1.0,1.0,0.0,9.916666666666666,12,0,0.0,0.0,0.9991658324991658
t5_star,126,12,98,40839117,1,1.0,1.0,1.0,1.0,0.0,10.0,12,0,0.0,0.0,0.997163830497164
t5_star,126,12,99,40839118,1,1.0,1.0,1.0,1.0,1.0,10.0,12,0,0.0,0.0,1.0
t5_star,126,12,100,40839119,1,1.0,1.0,1.0,1.0,0.0,10.0,12,0,0.0,0.0,0.9963296629963295
t5_star,126,12,101,40839120,1,1.0,1.0,1.0,1.0,0.0,9.916666666666666,12,0,0.0,0.0,1.0
t5_star,126,12,102,40839121,1,1.0,1.0,1.0,1.0,1.0,10.0,12,0,0.0,0.0,1.0
t5_star,126,12,103,40839122,1,1.0,1.0,1.0,1.0,1.0,10.0,12,0,0.0,0.0,1.0
t5_star,126,12,104,40839123,1,1.0,1.0,1.0,1.0,1.0,10.0,12,0,0.0,0.0,1.0
t5_star,126,12,105,40839124,1,1.0,1.0,1.0,1.0,1.0,10.0,12,0,0.0,0.0,0.9996663329996665
t5_star,126,12,106,40839125,1,1.0,1.0,1.0,1.0,0.0,10.0,12,0,0.0,0.0,1.0
t5_star,126,12,107,40839126,1,0.0,1.0,1.0,1.0,0.0,10.0,12,0,0.0,0.0,0.9846513179846512
t5_star,126,12,108,40839127,1,0.0,1.0,1.0,1.0,0.0,10.0,12,0,0.0,0.0,1.0
t5_star,126,12,109,40839128,1,1.0,1.0,1.0,1.0,1.0,10.0,12,0,0.0,0.0,1.0
t5_star,126,12,110,40839129,1,1.0,1.0,1.0,1.0,1.0,10.0,12,0,0.0,0.0,0.9994994994994995
t5_star,126,12,111,40839130,1,1.0,1.0,1.0,1.0,1.0,10.0,12,0,0.0,0.0,0.9996663329996663
t5_star,126,12,112,40839131,1,1.0,1.0,1.0,1.0,1.0,9.916666666666666,12,0,0.0,0.0,1.0
t5_star,126,12,113,40839132,1,1.0,1.0,1.0,1.0,1.0,10.0,12,0,0.0,0.0,1.0
t5_star,126,12,114,40839133,1,1.0,1.0,1.0,1.0,1.0,10.0,12,0,0.0,0.0,0.998998998998999
t5_star,126,12,115,40839134,1,1.0,1.0,1.0,1.0,0.0,9.916666666666666,12,0,0.0,0.0,1.0
t5_star,126,12,116,40839135,1,1.0,1.0,1.0,1.0,1.0,10.0,12,0,0.0,0.0,1.0
t5_star,126,12,117,40839136,1,1.0,1.0,1.0,1.0,0.0,10.0,12,0,0.0,0.0,0.9976643309976644
t5_star,126,12,118,40839137,1,1.0,1.0,1.0,1.0,0.0,10.0,12,0,0.0,0.0,0.993993993993994
t5_star,126,12,119,40839138,1,1.0,1.0,1.0,1.0,0.0,10.0,12,0,0.0,0.0,1.0
t5_star,126,12,120,40839139,1,0.0,1.0,1.0,1.0,1.0,9.916666666666666,12,0,0.0,0.0,0.9996663329996663
t5_star,126,12,121,40839140,1,0.0,1.0,1.0,1.0,0.0,10.0,12,0,0.0,0.0,0.9956206206206206
t5_star,126,12,122,40839141,1,1.0,1.0,1.0,1.0,0.0,9.916666666666666,12,0,0.0,0.0,0.9909492826159491
t5_star,126,12,123,40839142,1,1.0,1.0,1.0,1.0,0.0,10.0,12,0,0.0,0.0,0.9996663329996663
t5_star,126,12,124,40839143,1,0.0,1.0,1.0,1.0,0.0,9.833333333333334,12,0,0.0,0.0,0.9771438104771439
t5_star,126,12,125,40839144,1,1.0,1.0,1.0,1.0,0.0,10.0,12,0,0.0,0.0,0.9994994994994995
t5_star,126,12,126,40839145,1,1.0,1.0,1.0,1.0,0.0,10.0,12,0,0.0,0.0,0.9986653319986653
t5_star,126,12,127,40839146,1,1.0,1.0,1.0,1.0,0.0,9.916666666666666,12,0,0.0,0.0,1.0
t5_star,126,12,128,40839147,1,1.0,1.0,1.0,1.0,1.0,10.0,12,0,0.0,0.0,1.0
t5_star,126,12,129,40839148,1,1.0,1.0,1.0,1.0,1.0,10.0,12,0,0.0,0.0,1.0
t5_star,126,12,130,40839149,1,0.0,1.0,1.0,1.0,0.0,10.0,12,0,0.0,0.0,1.0
t5_star,126,12,131,40839150,1,1.0,1.0,1.0,1.0,0.0,9.833333333333334,12,0,0.0,0.0,0.9994994994994995
t5_star,126,12,132,40839151,1,1.0,1.0,1.0,1.0,1.0,10.0,12,0,0.0,0.0,1.0
t5_star,126,12,133,40839152,1,1.0,1.0,1.0,1.0,1.0,10.0,12,0,0.0,0.0,1.0
t5_star,126,12,134,40839153,1,1.0,1.0,1.0,1.0,0.0,10.0,12,0,0.0,0.0,1.0
t5_star,126,12,135,40839154,1,0.0,1.0,1.0,1.0,0.0,10.0,12,0,0.0,0.0,0.9941608274941608
t5_star,126,12,136,40839155,1,1.0,1.0,1.0,1.0,0.0,9.833333333333334,12,0,0.0,0.0,0.9966633299966633
t5_star,126,12,137,40839156,1,1.0,1.0,1.0,1.0,0.0,10.0,12,0,0.0,0.0,1.0
t5_star,126,12,138,40839157,1,1.0,1.0,1.0,1.0,0.0,10.0,12,0,0.0,0.0,0.9994994994994995
t5_star,126,12,139,40839158,1,1.0,1.0,1.0,1.0,1.0,10.0,12,0,0.0,0.0,1.0
t5_star,126,12,140,40839159,1,1.0,1.0,1.0,1.0,1.0,10.0,12,0,0.0,0.0,1.0
t5_star,126,12,141,40839160,1,1.0,1.0,1.0,1.0,1.0,10.0,12,0,0.0,0.0,1.0
t5_star,126,12,142,40839161,1,0.0,1.0,1.0,1.0,1.0,10.0,12,0,0.0,0.0,1.0
t5_star,126,12,143,40839162,1,1.0,1.0,1.0,1.0,0.0,10.0,12,0,0.0,0.0,1.0
t5_star,126,12,144,40839163,1,1.0,1.0,1.0,1.0,0.0,10.0,12,0,0.0,0.0,0.9996663329996665
t5_star,126,12,145,40839164,1,1.0,1.0,1.0,1.0,1.0,10.0,12,0,0.0,0.0,1.0
t5_star,126,12,146,40839165,1,1.0,1.0,1.0,1.0,0.0,9.916666666666666,12,0,0.0,0.0,0.9958291624958292
t5_star,126,12,147,40839166,1,1.0,1.0,1.0,1.0,1.0,10.0,12,0,0.0,0.0,1.0
t5_star,126,12,148,40839167,1,1.0,1.0,1.0,1.0,0.0,10.0,12,0,0.0,0.0,0.9996663329996665
t5_star,126,12,149,40839168,1,1.0,1.0,1.0,1.0,1.0,9.916666666666666,12,0,0.0,0.0,1.0
t5_star,126,12,150,40839169,1,1.0,1.0,1.0,1.0,0.0,10.0,12,0,0.0,0.0,0.9956623289956623
t5_star,126,12,151,40839170,1,1.0,1.0,1.0,1.0,0.0,9.916666666666666,12,0,0.0,0.0,0.9969552886219554
t5_star,126,12,152,40839171,1,1.0,1.0,1.0,1.0,0.0,10.0,12,0,0.0,0.0,1.0
t5_star,126,12,153,40839172,1,0.0,1.0,1.0,1.0,1.0,9.833333333333334,12,0,0.0,0.0,1.0
t5_star,126,12,154,40839173,1,1.0,1.0,1.0,1.0,1.0,10.0,12,0,0.0,0.0,1.0
t5_star,126,12,155,40839174,1,1.0,1.0,1.0,1.0,1.0,9.916666666666666,12,0,0.0,0.0,1.0
t5_star,126,12,156,40839175,1,1.0,1.0,1.0,1.0,1.0,9.916666666666666,12,0,0.0,0.0,1.0
t5_star,126,12,157,40839176,1,0.0,1.0,1.0,1.0,1.0,9.916666666666666,12,0,0.0,0.0,1.0
t5_star,126,12,158,40839177,1,1.0,1.0,1.0,1.0,0.0,10.0,12,0,0.0,0.0,0.9988321654988321
t5_star,126,12,159,40839178,1,1.0,1.0,1.0,1.0,0.0,9.916666666666666,12,0,0.0,0.0,1.0
t5_star,126,12,160,40839179,1,0.0,1.0,1.0,1.0,0.0,10.0,12,0,0.0,0.0,0.9994994994994995
t5_star,126,12,161,40839180,1,1.0,1.0,1.0,1.0,1.0,10.0,12,0,0.0,0.0,1.0
t5_star,126,12,162,40839181,1,1.0,1.0,1.0,1.0,1.0,9.666666666666666,12,0,0.0,0.0,0.9994994994994995
t5_star,126,12,163,40839182,1,1.0,1.0,1.0,1.0,1.0,9.833333333333334,12,0,0.0,0.0,1.0
t5_star,126,12,164,40839183,1,1.0,1.0,1.0,1.0,0.0,9.833333333333334,12,0,0.0,0.0,0.9961628294961627
t5_star,126,12,165,40839184,1,1.0,1.0,1.0,1.0,1.0,10.0,12,0,0.0,0.0,0.9988321654988321
t5_star,126,12,166,40839185,1,1.0,1.0,1.0,1.0,0.0,10.0,12,0,0.0,0.0,1.0
t5_star,126,12,167,40839186,1,1.0,1.0,1.0,1.0,0.0,10.0,12,0,0.0,0.0,0.998998998998999
t5_star,126,12,168,40839187,1,1.0,1.0,1.0,1.0,1.0,10.0,12,0,0.0,0.0,0.998998998998999
t5_star,126,12,169,40839188,1,1.0,1.0,1.0,1.0,1.0,10.0,12,0,0.0,0.0,1.0
t5_star,126,12,170,40839189,1,1.0,1.0,1.0,1.0,1.0,9.833333333333334,12,0,0.0,0.0,1.0
t5_star,126,12,171,40839190,1,1.0,1.0,1.0,1.0,0.0,10.0,12,0,0.0,0.0,1.0
t5_star,126,12,172,40839191,1,1.0,1.0,1.0,1.0,0.0,9.916666666666666,12,0,0.0,0.0,1.0
t5_star,126,12,173,40839192,1,1.0,1.0,1.0,1.0,0.0,9.916666666666666,12,0,0.0,0.0,1.0
t5_star,126,12,174,40839193,1,1.0,1.0,1.0,1.0,0.0,9.916666666666666,12,0,0.0,0.0,1.0
t5_star,126,12,175,40839194,1,0.0,1.0,1.0,1.0,1.0,10.0,12,0,0.0,0.0,1.0
t5_star,126,12,176,40839195,1,1.0,1.0,1.0,1.0,0.0,10.0,12,0,0.0,0.0,0.9986653319986654
t5_star,126,12,177,40839196,1,1.0,1.0,1.0,1.0,1.0,10.0,12,0,0.0,0.0,1.0
t5_star,126,12,178,40839197,1,1.0,1.0,1.0,1.0,0.0,10.0,12,0,0.0,0.0,1.0
t5_star,126,12,179,40839198,1,1.0,1.0,1.0,1.0,0.0,10.0,12,0,0.0,0.0,1.0
t5_star,126,12,180,40839199,1,1.0,1.0,1.0,1.0,0.0,10.0,12,0,0.0,0.0,1.0
t5_star,126,12,181,40839200,1,0.0,1.0,1.0,1.0,1.0,10.0,12,0,0.0,0.0,0.9904904904904904
t5_star,126,12,182,40839201,1,1.0,1.0,1.0,1.0,0.0,9.916666666666666,12,0,0.0,0.0,0.9996663329996663
t5_star,126,12,183,40839202,1,1.0,1.0,1.0,1.0,0.0,10.0,12,0,0.0,0.0,0.9989989989989991
t5_star,126,12,184,40839203,1,1.0,1.0,1.0,1.0,1.0,10.0,12,0,0.0,0.0,1.0
t5_star,126,12,185,40839204,1,1.0,1.0,1.0,1.0,1.0,10.0,12,0,0.0,0.0,1.0
t5_star,126,12,186,40839205,1,1.0,1.0,1.0,1.0,0.0,10.0,12,0,0.0,0.0,0.9988321654988322
t5_star,126,12,187,40839206,1,1.0,1.0,1.0,1.0,1.0,9.666666666666666,12,0,0.0,0.0,1.0
t5_star,126,12,188,40839207,1,1.0,1.0,1.0,1.0,0.0,10.0,12,0,0.0,0.0,0.998998998998999
t5_star,126,12,189,40839208,1,1.0,1.0,1.0,1.0,1.0,10.0,12,0,0.0,0.0,1.0
t5_star,126,12,190,40839209,1,1.0,1.0,1.0,1.0,1.0,9.916666666666666,12,0,0.0,0.0,0.9929929929929932
t5_star,126,12,191,40839210,1,1.0,1.0,1.0,1.0,1.0,10.0,12,0,0.0,0.0,1.0
t5_star,126,12,192,40839211,1,1.0,1.0,1.0,1.0,0.0,10.0,12,0,0.0,0.0,0.9934934934934931
t5_star,126,12,193,40839212,1,1.0,1.0,1.0,1.0,0.0,10.0,12,0,0.0,0.0,1.0
t5_star,126,12,194,40839213,1,0.0,1.0,1.0,1.0,1.0,9.916666666666666,12,0,0.0,0.0,1.0
t5_star,126,12,195,40839214,1,1.0,1.0,1.0,1.0,1.0,10.0,12,0,0.0,0.0,1.0
t5_star,126,12,196,40839215,1,1.0,1.0,1.0,1.0,1.0,9.916666666666666,12,0,0.0,0.0,1.0
t5_star,126,12,197,40839216,1,0.0,1.0,1.0,1.0,0.0,9.916666666666666,12,0,0.0,0.0,0.9991658324991659
t5_star,126,12,198,40839217,1,1.0,1.0,1.0,1.0,0.0,9.916666666666666,12,0,0.0,0.0,0.9994994994994995
t5_star,126,12,199,40839218,1,1.0,1.0,1.0,1.0,1.0,9.916666666666666,12,0,0.0,0.0,1.0
t5_star,126,12,200,40839219,1,0.0,1.0,1.0,1.0,0.0,9.916666666666666,12,0,0.0,0.0,1.0
t5_star,126,12,201,40839220,1,1.0,1.0,1.0,1.0,1.0,10.0,12,0,0.0,0.0,1.0
t5_star,126,12,202,40839221,1,1.0,1.0,1.0,1.0,1.0,9.916666666666666,12,0,0.0,0.0,1.0
t5_star,126,12,203,40839222,1,1.0,1.0,1.0,1.0,1.0,10.0,12,0,0.0,0.0,1.0
t5_star,126,12,204,40839223,1,1.0,1.0,1.0,1.0,0.0,10.0,12,0,0.0,0.0,0.9941608274941607
t5_star,126,12,205,40839224,1,1.0,1.0,1.0,1.0,1.0,9.666666666666666,12,0,0.0,0.0,1.0
t5_star,126,12,206,40839225,1,1.0,1.0,1.0,1.0,0.0,10.0,12,0,0.0,0.0,1.0
t5_star,126,12,207,40839226,1,1.0,1.0,1.0,1.0,0.0,9.916666666666666,12,0,0.0,0.0,1.0
t5_star,126,12,208,40839227,1,1.0,1.0,1.0,1.0,1.0,10.0,12,0,0.0,0.0,0.998998998998999
t5_star,126,12,209,40839228,1,1.0,1.0,1.0,1.0,0.0,9.916666666666666,12,0,0.0,0.0,0.994285952619286
t5_star,126,12,210,40839229,1,1.0,1.0,1.0,1.0,0.0,9.916666666666666,12,0,0.0,0.0,1.0
t5_star,126,12,211,40839230,1,0.0,1.0,1.0,1.0,1.0,9.666666666666666,12,0,0.0,0.0,1.0
t5_star,126,12,212,40839231,1,0.0,1.0,1.0,1.0,1.0,9.833333333333334,12,0,0.0,0.0,1.0
t5_star,126,12,213,40839232,1,1.0,1.0,1.0,1.0,0.0,10.0,12,0,0.0,0.0,1.0
t5_star,126,12,214,40839233,1,0.0,1.0,1.0,1.0,0.0,10.0,12,0,0.0,0.0,0.9993326659993326
t5_star,126,12,215,40839234,1,1.0,1.0,1.0,1.0,1.0,10.0,12,0,0.0,0.0,1.0
t5_star,126,12,216,40839235,1,1.0,1.0,1.0,1.0,0.0,9.916666666666666,12,0,0.0,0.0,1.0
t5_star,126,12,217,40839236,1,1.0,1.0,1.0,1.0,1.0,10.0,12,0,0.0,0.0,1.0
t5_star,126,12,218,40839237,1,1.0,1.0,1.0,1.0,0.0,10.0,12,0,0.0,0.0,0.9996663329996663
t5_star,126,12,219,40839238,1,1.0,1.0,1.0,1.0,0.0,10.0,12,0,0.0,0.0,0.9996663329996665
t5_star,126,12,220,40839239,1,1.0,1.0,1.0,1.0,1.0,9.75,12,0,0.0,0.0,1.0
t5_star,126,12,221,40839240,1,0.0,1.0,1.0,1.0,1.0,10.0,12,0,0.0,0.0,1.0
t5_star,126,12,222,40839241,1,1.0,1.0,1.0,1.0,0.0,10.0,12,0,0.0,0.0,0.9911578244911576
t5_star,126,12,223,40839242,1,1.0,1.0,1.0,1.0,1.0,10.0,12,0,0.0,0.0,1.0
t5_star,126,12,224,40839243,1,1.0,1.0,1.0,1.0,1.0,10.0,12,0,0.0,0.0,1.0
t5_star,126,12,225,40839244,1,0.0,1.0,1.0,1.0,0.0,10.0,12,0,0.0,0.0,0.9996663329996665
t5_star,126,12,226,40839245,1,1.0,1.0,1.0,1.0,1.0,10.0,12,0,0.0,0.0,1.0
t5_star,126,12,227,40839246,1,0.0,1.0,1.0,1.0,0.0,10.0,12,0,0.0,0.0,1.0
t5_star,126,12,228,40839247,1,1.0,1.0,1.0,1.0,0.0,10.0,12,0,0.0,0.0,1.0
t5_star,126,12,229,40839248,1,0.0,1.0,1.0,1.0,0.0,10.0,12,0,0.0,0.0,0.9991658324991659
t5_star,126,12,230,40839249,1,1.0,1.0,1.0,1.0,0.0,10.0,12,0,0.0,0.0,0.9994994994994995
t5_star,126,12,231,40839250,1,0.0,1.0,1.0,1.0,0.0,9.916666666666666,12,0,0.0,0.0,0.9994994994994995
t5_star,126,12,232,40839251,1,1.0,1.0,1.0,1.0,0.0,10.0,12,0,0.0,0.0,0.9993326659993327
t5_star,126,12,233,40839252,1,1.0,1.0,1.0,1.0,1.0,10.0,12,0,0.0,0.0,1.0
t5_star,126,12,234,40839253,1,1.0,1.0,1.0,1.0,1.0,10.0,12,0,0.0,0.0,1.0
t5_star,126,12,235,40839254,1,1.0,1.0,1.0,1.0,0.0,10.0,12,0,0.0,0.0,1.0
t5_star,126,12,236,40839255,1,1.0,1.0,1.0,1.0,1.0,9.916666666666666,12,0,0.0,0.0,0.9994994994994995
t5_star,126,12,237,40839256,1,1.0,1.0,1.0,1.0,1.0,10.0,12,0,0.0,0.0,1.0
t5_star,126,12,238,40839257,1,0.0,1.0,1.0,1.0,0.0,10.0,12,0,0.0,0.0,1.0
t5_star,126,12,239,40839258,1,1.0,1.0,1.0,1.0,1.0,10.0,12,0,0.0,0.0,1.0
t5_star,126,12,240,40839259,1,1.0,1.0,1.0,1.0,1.0,10.0,12,0,0.0,0.0,1.0
t5_star,126,12,241,40839260,1,1.0,1.0,1.0,1.0,1.0,9.833333333333334,12,0,0.0,0.0,0.9959959959959959
t5_star,126,12,242,40839261,1,1.0,1.0,1.0,1.0,1.0,10.0,12,0,0.0,0.0,1.0
t5_star,126,12,243,40839262,1,1.0,1.0,1.0,1.0,0.0,10.0,12,0,0.0,0.0,0.9986653319986653
t5_star,126,12,244,40839263,1,1.0,1.0,1.0,1.0,0.0,10.0,12,0,0.0,0.0,0.9996663329996665
t5_star,126,12,245,40839264,1,1.0,1.0,1.0,1.0,1.0,10.0,12,0,0.0,0.0,1.0
t5_star,126,12,246,40839265,1,1.0,1.0,1.0,1.0,1.0,9.916666666666666,12,0,0.0,0.0,1.0
t5_star,126,12,247,40839266,1,1.0,1.0,1.0,1.0,1.0,9.916666666666666,12,0,0.0,0.0,1.0
t5_star,126,12,248,40839267,1,1.0,1.0,1.0,1.0,0.0,9.916666666666666,12,0,0.0,0.0,0.9994994994994995
t5_star,126,12,249,40839268,1,1.0,1.0,1.0,1.0,0.0,10.0,12,0,0.0,0.0,1.0
t5_star,126,12,250,40839269,1,1.0,1.0,1.0,1.0,0.0,9.833333333333334,12,0,0.0,0.0,1.0
t5_star,126,12,251,40839270,1,1.0,1.0,1.0,1.0,0.0,10.0,12,0,0.0,0.0,0.9994994994994995
t5_star,126,12,252,40839271,1,1.0,1.0,1.0,1.0,1.0,10.0,12,0,0.0,0.0,1.0
t5_star,126,12,253,40839272,1,1.0,1.0,1.0,1.0,0.0,9.916666666666666,12,0,0.0,0.0,0.9996663329996663
t5_star,126,12,254,40839273,1,0.0,1.0,1.0,1.0,0.0,10.0,12,0,0.0,0.0,1.0
t5_star,126,12,255,40839274,1,1.0,1.0,1.0,1.0,1.0,10.0,12,0,0.0,0.0,1.0
t5_star,126,12,256,40839275,1,1.0,1.0,1.0,1.0,1.0,10.0,12,0,0.0,0.0,1.0
t5_star,126,12,257,40839276,1,1.0,1.0,1.0,1.0,0.0,10.0,12,0,0.0,0.0,0.9951618284951618
t5_star,126,12,258,40839277,1,1.0,1.0,1.0,1.0,0.0,10.0,12,0,0.0,0.0,1.0
t5_star,126,12,259,40839278,1,1.0,1.0,1.0,1.0,1.0,10.0,12,0,0.0,0.0,1.0
t5_star,126,12,260,40839279,1,1.0,1.0,1.0,1.0,1.0,10.0,12,0,0.0,0.0,1.0
t5_star,126,12,261,40839280,1,0.0,1.0,1.0,1.0,0.0,10.0,12,0,0.0,0.0,0.9986653319986654
t5_star,126,12,262,40839281,1,1.0,1.0,1.0,1.0,1.0,10.0,12,0,0.0,0.0,1.0
t5_star,126,12,263,40839282,1,0.0,1.0,1.0,1.0,1.0,10.0,12,0,0.0,0.0,1.0
t5_star,126,12,264,40839283,1,0.0,1.0,1.0,1.0,0.0,9.916666666666666,12,0,0.0,0.0,1.0
t5_star,126,12,265,40839284,1,0.0,1.0,1.0,1.0,0.0,10.0,12,0,0.0,0.0,0.9989989989989989
t5_star,126,12,266,40839285,1,1.0,1.0,1.0,1.0,0.0,9.666666666666666,12,0,0.0,0.0,1.0
t5_star,126,12,267,40839286,1,0.0,1.0,1.0,1.0,0.0,9.833333333333334,12,0,0.0,0.0,0.998998998998999
t5_star,126,12,268,40839287,1,1.0,1.0,1.0,1.0,1.0,10.0,12,0,0.0,0.0,1.0
t5_star,126,12,269,40839288,1,1.0,1.0,1.0,1.0,0.0,10.0,12,0,0.0,0.0,1.0
t5_star,126,12,270,40839289,1,1.0,1.0,1.0,1.0,1.0,10.0,12,0,0.0,0.0,1.0
t5_star,126,12,271,40839290,1,1.0,1.0,1.0,1.0,1.0,10.0,12,0,0.0,0.0,1.0
t5_star,126,12,272,40839291,1,1.0,1.0,1.0,1.0,0.0,10.0,12,0,0.0,0.0,0.9994994994994995
t5_star,126,12,273,40839292,1,0.0,1.0,1.0,1.0,0.0,9.916666666666666,12,0,0.0,0.0,1.0
t5_star,126,12,274,40839293,1,1.0,1.0,1.0,1.0,1.0,10.0,12,0,0.0,0.0,0.9964964964964964
t5_star,126,12,275,40839294,1,1.0,1.0,1.0,1.0,1.0,10.0,12,0,0.0,0.0,1.0
t5_star,126,12,276,40839295,1,1.0,1.0,1.0,1.0,1.0,9.916666666666666,12,0,0.0,0.0,1.0
t5_star,126,12,277,40839296,1,1.0,1.0,1.0,1.0,1.0,9.916666666666666,12,0,0.0,0.0,1.0
t5_star,126,12,278,40839297,1,1.0,1.0,1.0,1.0,0.0,9.916666666666666,12,0,0.0,0.0,1.0
t5_star,126,12,279,40839298,1,1.0,1.0,1.0,1.0,0.0,9.833333333333334,12,0,0.0,0.0,1.0
t5_star,126,12,280,40839299,1,1.0,1.0,1.0,1.0,0.0,9.916666666666666,12,0,0.0,0.0,1.0
t5_star,126,12,281,40839300,1,1.0,1.0,1.0,1.0,0.0,10.0,12,0,0.0,0.0,0.6437711521044853
t5_star,126,12,282,40839301,1,1.0,1.0,1.0,1.0,1.0,9.916666666666666,12,0,0.0,0.0,0.9993326659993327
t5_star,126,12,283,40839302,1,0.0,1.0,1.0,1.0,0.0,9.916666666666666,12,0,0.0,0.0,1.0
t5_star,126,12,284,40839303,1,1.0,1.0,1.0,1.0,1.0,10.0,12,0,0.0,0.0,1.0
t5_star,126,12,285,40839304,1,1.0,1.0,1.0,1.0,1.0,9.916666666666666,12,0,0.0,0.0,1.0
t5_star,126,12,286,40839305,1,1.0,1.0,1.0,1.0,1.0,10.0,12,0,0.0,0.0,1.0
t5_star,126,12,287,40839306,1,0.0,1.0,1.0,1.0,0.0,10.0,12,0,0.0,0.0,1.0
t5_star,126,12,288,40839307,1,1.0,1.0,1.0,1.0,0.0,10.0,12,0,0.0,0.0,1.0
t5_star,126,12,289,40839308,1,1.0,1.0,1.0,1.0,0.0,10.0,12,0,0.0,0.0,1.0
t5_star,126,12,290,40839309,1,1.0,1.0,1.0,1.0,0.0,9.916666666666666,12,0,0.0,0.0,1.0
t5_star,126,12,291,40839310,1,1.0,1.0,1.0,1.0,0.0,9.916666666666666,12,0,0.0,0.0,0.9978311644978312
t5_star,126,12,292,40839311,1,0.0,1.0,1.0,1.0,1.0,10.0,12,0,0.0,0.0,1.0
t5_star,126,12,293,40839312,1,1.0,1.0,1.0,1.0,0.0,10.0,12,0,0.0,0.0,0.9988321654988322
t5_star,126,12,294,40839313,1,0.0,1.0,1.0,1.0,0.0,10.0,12,0,0.0,0.0,0.9934934934934934
t5_star,126,12,295,40839314,1,1.0,1.0,1.0,1.0,0.0,10.0,12,0,0.0,0.0,1.0
t5_star,126,12,296,40839315,1,1.0,1.0,1.0,1.0,0.0,10.0,12,0,0.0,0.0,0.9994994994994995
t5_star,126,12,297,40839316,1,0.0,1.0,1.0,1.0,1.0,10.0,12,0,0.0,0.0,1.0
t5_star,126,12,298,40839317,1,0.0,1.0,1.0,1.0,0.0,9.833333333333334,12,0,0.0,0.0,0.9994994994994995
t5_star,126,12,299,40839318,1,1.0,1.0,1.0,1.0,1.0,10.0,12,0,0.0,0.0,1.0
t5_star,126,12,300,40839319,1,1.0,1.0,1.0,1.0,0.0,10.0,12,0,0.0,0.0,0.998732065398732
t5_star,126,12,301,40839320,1,1.0,1.0,1.0,1.0,0.0,10.0,12,0,0.0,0.0,0.9894894894894894
t5_star,126,12,302,40839321,1,0.0,1.0,1.0,1.0,0.0,10.0,12,0,0.0,0.0,0.9973306639973306
t5_star,126,12,303,40839322,1,1.0,1.0,1.0,1.0,1.0,10.0,12,0,0.0,0.0,1.0
t5_star,126,12,304,40839323,1,1.0,1.0,1.0,1.0,0.0,9.916666666666666,12,0,0.0,0.0,1.0
t5_star,126,12,305,40839324,1,1.0,1.0,1.0,1.0,1.0,10.0,12,0,0.0,0.0,1.0
t5_star,126,12,306,40839325,1,1.0,1.0,1.0,1.0,1.0,10.0,12,0,0.0,0.0,0.9762441012441012
t5_star,126,12,307,40839326,1,1.0,1.0,1.0,1.0,0.0,10.0,12,0,0.0,0.0,0.9996663329996663
t5_star,126,12,308,40839327,1,1.0,1.0,1.0,1.0,0.0,10.0,12,0,0.0,0.0,0.9993326659993326
t5_star,126,12,309,40839328,1,0.0,1.0,1.0,1.0,0.0,10.0,12,0,0.0,0.0,1.0
t5_star,126,12,310,40839329,1,1.0,1.0,1.0,1.0,1.0,9.916666666666666,12,0,0.0,0.0,1.0
t5_star,126,12,311,40839330,1,1.0,1.0,1.0,1.0,1.0,10.0,12,0,0.0,0.0,0.9984984984984985
t5_star,126,12,312,40839331,1,0.0,1.0,1.0,1.0,0.0,9.916666666666666,12,0,0.0,0.0,0.9590840840840841
t5_star,126,12,313,40839332,1,0.0,1.0,1.0,1.0,1.0,9.833333333333334,12,0,0.0,0.0,1.0
t5_star,126,12,314,40839333,1,1.0,1.0,1.0,1.0,1.0,9.916666666666666,12,0,0.0,0.0,1.0
t5_star,126,12,315,40839334,1,1.0,1.0,1.0,1.0,0.0,10.0,12,0,0.0,0.0,1.0
t5_star,126,12,316,40839335,1,1.0,1.0,1.0,1.0,1.0,10.0,12,0,0.0,0.0,1.0
t5_star,126,12,317,40839336,1,1.0,1.0,1.0,1.0,1.0,9.916666666666666,12,0,0.0,0.0,0.9994994994994995
t5_star,126,12,318,40839337,1,1.0,1.0,1.0,1.0,1.0,10.0,12,0,0.0,0.0,1.0
t5_star,126,12,319,40839338,1,1.0,1.0,1.0,1.0,0.0,10.0,12,0,0.0,0.0,0.9931598264931597
t5_star,126,12,320,40839339,1,1.0,1.0,1.0,1.0,1.0,10.0,12,0,0.0,0.0,1.0
t5_star,126,12,321,40839340,1,1.0,1.0,1.0,1.0,0.0,10.0,12,0,0.0,0.0,0.9993326659993327
t5_star,126,12,322,40839341,1,1.0,1.0,1.0,1.0,0.0,9.916666666666666,12,0,0.0,0.0,0.9966633299966633
t5_star,126,12,323,40839342,1,1.0,1.0,1.0,1.0,1.0,10.0,12,0,0.0,0.0,1.0
t5_star,126,12,324,40839343,1,1.0,1.0,1.0,1.0,1.0,9.916666666666666,12,0,0.0,0.0,1.0
t5_star,126,12,325,40839344,1,1.0,1.0,1.0,1.0,1.0,10.0,12,0,0.0,0.0,1.0
t5_star,126,12,326,40839345,1,1.0,1.0,1.0,1.0,1.0,10.0,12,0,0.0,0.0,1.0
t5_star,126,12,327,40839346,1,0.0,1.0,1.0,1.0,0.0,9.833333333333334,12,0,0.0,0.0,1.0
t5_star,126,12,328,40839347,1,1.0,1.0,1.0,1.0,0.0,9.916666666666666,12,0,0.0,0.0,0.9986653319986654
t5_star,126,12,329,40839348,1,1.0,1.0,1.0,1.0,1.0,10.0,12,0,0.0,0.0,1.0
t5_star,126,12,330,40839349,1,1.0,1.0,1.0,1.0,1.0,9.916666666666666,12,0,0.0,0.0,1.0
t5_star,126,12,331,40839350,1,1.0,1.0,1.0,1.0,0.0,10.0,12,0,0.0,0.0,0.9994994994994995
t5_star,126,12,332,40839351,1,1.0,1.0,1.0,1.0,0.0,10.0,12,0,0.0,0.0,1.0
t5_star,126,12,333,40839352,1,1.0,1.0,1.0,1.0,0.0,10.0,12,0,0.0,0.0,0.9984984984984985
t5_star,126,12,334,40839353,1,1.0,1.0,1.0,1.0,0.0,10.0,12,0,0.0,0.0,0.9996663329996663
t5_star,126,12,335,40839354,1,1.0,1.0,1.0,1.0,1.0,9.916666666666666,12,0,0.0,0.0,0.9983316649983316
t5_star,126,12,336,40839355,1,1.0,1.0,1.0,1.0,0.0,10.0,12,0,0.0,0.0,0.9983316649983316
t5_star,126,12,337,40839356,1,1.0,1.0,1.0,1.0,0.0,10.0,12,0,0.0,0.0,1.0
t5_star,126,12,338,40839357,1,1.0,1.0,1.0,1.0,1.0,10.0,12,0,0.0,0.0,1.0
t5_star,126,12,339,40839358,1,1.0,1.0,1.0,1.0,1.0,10.0,12,0,0.0,0.0,1.0
t5_star,126,12,340,40839359,1,1.0,1.0,1.0,1.0,0.0,10.0,12,0,0.0,0.0,0.9994994994994995
t5_star,126,12,341,40839360,1,1.0,1.0,1.0,1.0,1.0,10.0,12,0,0.0,0.0,0.998998998998999
t5_star,126,12,342,40839361,1,1.0,1.0,1.0,1.0,1.0,9.916666666666666,12,0,0.0,0.0,1.0
t5_star,126,12,343,40839362,1,1.0,1.0,1.0,1.0,0.0,9.833333333333334,12,0,0.0,0.0,0.9976643309976643
t5_star,126,12,344,40839363,1,1.0,1.0,1.0,1.0,0.0,10.0,12,0,0.0,0.0,0.9994994994994995
t5_star,126,12,345,40839364,1,1.0,1.0,1.0,1.0,0.0,10.0,12,0,0.0,0.0,1.0
t5_star,126,12,346,40839365,1,1.0,1.0,1.0,1.0,0.0,9.916666666666666,12,0,0.0,0.0,0.996996996996997
t5_star,126,12,347,40839366,1,1.0,1.0,1.0,1.0,0.0,9.833333333333334,12,0,0.0,0.0,1.0
t5_star,126,12,348,40839367,1,0.0,1.0,1.0,1.0,0.0,9.916666666666666,12,0,0.0,0.0,0.9996663329996663
t5_star,126,12,349,40839368,1,1.0,1.0,1.0,1.0,0.0,10.0,12,0,0.0,0.0,0.9994994994994995
t5_star,126,12,350,40839369,1,1.0,1.0,1.0,1.0,1.0,10.0,12,0,0.0,0.0,1.0
t5_star,126,12,351,40839370,1,0.0,1.0,1.0,1.0,1.0,10.0,12,0,0.0,0.0,1.0
t5_star,126,12,352,40839371,1,1.0,1.0,1.0,1.0,1.0,10.0,12,0,0.0,0.0,1.0
t5_star,126,12,353,40839372,1,1.0,1.0,1.0,1.0,1.0,10.0,12,0,0.0,0.0,1.0
t5_star,126,12,354,40839373,1,1.0,1.0,1.0,1.0,1.0,10.0,12,0,0.0,0.0,0.9804566471233137
t5_star,126,12,355,40839374,1,1.0,1.0,1.0,1.0,1.0,10.0,12,0,0.0,0.0,1.0
t5_star,126,12,356,40839375,1,1.0,1.0,1.0,1.0,0.0,10.0,12,0,0.0,0.0,1.0
t5_star,126,12,357,40839376,1,1.0,1.0,1.0,1.0,0.0,10.0,12,0,0.0,0.0,1.0
t5_star,126,12,358,40839377,1,1.0,1.0,1.0,1.0,1.0,9.916666666666666,12,0,0.0,0.0,1.0
t5_star,126,12,359,40839378,1,1.0,1.0,1.0,1.0,0.0,10.0,12,0,0.0,0.0,1.0
t5_star,126,12,360,40839379,1,1.0,1.0,1.0,1.0,1.0,10.0,12,0,0.0,0.0,1.0
t5_star,126,12,361,40839380,1,0.0,1.0,1.0,1.0,0.0,10.0,12,0,0.0,0.0,0.9996663329996665
t5_star,126,12,362,40839381,1,1.0,1.0,1.0,1.0,1.0,9.916666666666666,12,0,0.0,0.0,1.0
t5_star,126,12,363,40839382,1,1.0,1.0,1.0,1.0,0.0,10.0,12,0,0.0,0.0,1.0
t5_star,126,12,364,40839383,1,1.0,1.0,1.0,1.0,1.0,10.0,12,0,0.0,0.0,0.9996663329996663
t5_star,126,12,365,40839384,1,1.0,1.0,1.0,1.0,0.0,10.0,12,0,0.0,0.0,0.9994994994994995
t5_star,126,12,366,40839385,1,1.0,1.0,1.0,1.0,0.0,10.0,12,0,0.0,0.0,0.9996663329996665
t5_star,126,12,367,40839386,1,1.0,1.0,1.0,1.0,0.0,10.0,12,0,0.0,0.0,1.0
t5_star,126,12,368,40839387,1,1.0,1.0,1.0,1.0,1.0,10.0,12,0,0.0,0.0,1.0
t5_star,126,12,369,40839388,1,0.0,1.0,1.0,1.0,0.0,9.833333333333334,12,0,0.0,0.0,1.0
t5_star,126,12,370,40839389,1,1.0,1.0,1.0,1.0,0.0,9.833333333333334,12,0,0.0,0.0,1.0
t5_star,126,12,371,40839390,1,1.0,1.0,1.0,1.0,1.0,10.0,12,0,0.0,0.0,1.0
t5_star,126,12,372,40839391,1,1.0,1.0,1.0,1.0,1.0,10.0,12,0,0.0,0.0,1.0
t5_star,126,12,373,40839392,1,1.0,1.0,1.0,1.0,1.0,10.0,12,0,0.0,0.0,1.0
t5_star,126,12,374,40839393,1,1.0,1.0,1.0,1.0,1.0,10.0,12,0,0.0,0.0,1.0
t5_star,126,12,375,40839394,1,1.0,1.0,1.0,1.0,0.0,9.916666666666666,12,0,0.0,0.0,0.9988321654988321
t5_star,126,12,376,40839395,1,1.0,1.0,1.0,1.0,1.0,9.833333333333334,12,0,0.0,0.0,1.0
t5_star,126,12,377,40839396,1,1.0,1.0,1.0,1.0,0.0,10.0,12,0,0.0,0.0,0.9986653319986653
t5_star,126,12,378,40839397,1,1.0,1.0,1.0,1.0,0.0,10.0,12,0,0.0,0.0,0.9896324896324895
t5_star,126,12,379,40839398,1,1.0,1.0,1.0,1.0,0.0,10.0,12,0,0.0,0.0,0.9991658324991658
t5_star,126,12,380,40839399,1,0.0,1.0,1.0,1.0,1.0,9.833333333333334,12,0,0.0,0.0,1.0
t5_star,126,12,381,40839400,1,1.0,1.0,1.0,1.0,1.0,9.916666666666666,12,0,0.0,0.0,1.0
t5_star,126,12,382,40839401,1,1.0,1.0,1.0,1.0,0.0,9.916666666666666,12,0,0.0,0.0,0.9948281614948281
t5_star,126,12,383,40839402,1,1.0,1.0,1.0,1.0,0.0,10.0,12,0,0.0,0.0,1.0
t5_star,126,12,384,40839403,1,1.0,1.0,1.0,1.0,1.0,10.0,12,0,0.0,0.0,1.0
t5_star,126,12,385,40839404,1,1.0,1.0,1.0,1.0,0.0,9.916666666666666,12,0,0.0,0.0,0.9986653319986654
t5_star,126,12,386,40839405,1,1.0,1.0,1.0,1.0,0.0,10.0,12,0,0.0,0.0,0.9986653319986653
t5_star,126,12,387,40839406,1,1.0,1.0,1.0,1.0,1.0,10.0,12,0,0.0,0.0,1.0
t5_star,126,12,388,40839407,1,1.0,1.0,1.0,1.0,0.0,9.833333333333334,12,0,0.0,0.0,0.987821154487821
t5_star,126,12,389,40839408,1,1.0,1.0,1.0,1.0,0.0,9.916666666666666,12,0,0.0,0.0,0.9996663329996663
t5_star,126,12,390,40839409,1,1.0,1.0,1.0,1.0,1.0,10.0,12,0,0.0,0.0,1.0
t5_star,126,12,391,40839410,1,1.0,1.0,1.0,1.0,0.0,10.0,12,0,0.0,0.0,0.9722055388722047
t5_star,126,12,392,40839411,1,1.0,1.0,1.0,1.0,0.0,10.0,12,0,0.0,0.0,0.9991658324991659
t5_star,126,12,393,40839412,1,0.0,1.0,1.0,1.0,1.0,10.0,12,0,0.0,0.0,1.0
t5_star,126,12,394,40839413,1,1.0,1.0,1.0,1.0,0.0,10.0,12,0,0.0,0.0,1.0
t5_star,126,12,395,40839414,1,1.0,1.0,1.0,1.0,0.0,9.916666666666666,12,0,0.0,0.0,1.0
t5_star,126,12,396,40839415,1,1.0,1.0,1.0,1.0,1.0,9.833333333333334,12,0,0.0,0.0,1.0
t5_star,126,12,397,40839416,1,1.0,1.0,1.0,1.0,0.0,10.0,12,0,0.0,0.0,0.9994994994994995
t5_star,126,12,398,40839417,1,1.0,1.0,1.0,1.0,1.0,10.0,12,0,0.0,0.0,1.0
t5_star,126,12,399,40839418,1,1.0,1.0,1.0,1.0,1.0,9.916666666666666,12,0,0.0,0.0,1.0
t5_star,126,12,400,40839419,1,1.0,1.0,1.0,1.0,1.0,10.0,12,0,0.0,0.0,1.0
t5_star,126,12,401,40839420,1,1.0,1.0,1.0,1.0,0.0,9.916666666666666,12,0,0.0,0.0,0.9964964964964965
t5_star,126,12,402,40839421,1,1.0,1.0,1.0,1.0,1.0,9.916666666666666,12,0,0.0,0.0,1.0
t5_star,126,12,403,40839422,1,1.0,1.0,1.0,1.0,1.0,10.0,12,0,0.0,0.0,0.9996663329996663
t5_star,126,12,404,40839423,1,1.0,1.0,1.0,1.0,1.0,10.0,12,0,0.0,0.0,1.0
t5_star,126,12,405,40839424,1,0.0,1.0,1.0,1.0,1.0,10.0,12,0,0.0,0.0,1.0
t5_star,126,12,406,40839425,1,1.0,1.0,1.0,1.0,0.0,10.0,12,0,0.0,0.0,0.9986653319986653
t5_star,126,12,407,40839426,1,1.0,1.0,1.0,1.0,0.0,9.916666666666666,12,0,0.0,0.0,0.9994994994994995
t5_star,126,12,408,40839427,1,1.0,1.0,1.0,1.0,1.0,9.833333333333334,12,0,0.0,0.0,1.0
t5_star,126,12,409,40839428,1,1.0,1.0,1.0,1.0,1.0,10.0,12,0,0.0,0.0,0.9994994994994995
t5_star,126,12,410,40839429,1,1.0,1.0,1.0,1.0,1.0,10.0,12,0,0.0,0.0,1.0
t5_star,126,12,411,40839430,1,1.0,1.0,1.0,1.0,1.0,10.0,12,0,0.0,0.0,1.0
t5_star,126,12,412,40839431,1,1.0,1.0,1.0,1.0,0.0,9.833333333333334,12,0,0.0,0.0,0.9931598264931598
t5_star,126,12,413,40839432,1,1.0,1.0,1.0,1.0,1.0,10.0,12,0,0.0,0.0,1.0
t5_star,126,12,414,40839433,1,1.0,1.0,1.0,1.0,0.0,9.833333333333334,12,0,0.0,0.0,1.0
t5_star,126,12,415,40839434,1,1.0,1.0,1.0,1.0,1.0,9.916666666666666,12,0,0.0,0.0,1.0
t5_star,126,12,416,40839435,1,1.0,1.0,1.0,1.0,1.0,10.0,12,0,0.0,0.0,1.0
t5_star,126,12,417,40839436,1,0.0,1.0,1.0,1.0,0.0,9.916666666666666,12,0,0.0,0.0,0.9662579245912578
t5_star,126,12,418,40839437,1,0.0,1.0,1.0,1.0,0.0,9.916666666666666,12,0,0.0,0.0,0.9954954954954955
t5_star,126,12,419,40839438,1,1.0,1.0,1.0,1.0,1.0,9.916666666666666,12,0,0.0,0.0,1.0
t5_star,126,12,420,40839439,1,1.0,1.0,1.0,1.0,0.0,10.0,12,0,0.0,0.0,0.9996663329996663
t5_star,126,12,421,40839440,1,1.0,1.0,1.0,1.0,0.0,9.916666666666666,12,0,0.0,0.0,1.0
t5_star,126,12,422,40839441,1,1.0,1.0,1.0,1.0,0.0,9.916666666666666,12,0,0.0,0.0,1.0
t5_star,126,12,423,40839442,1,1.0,1.0,1.0,1.0,1.0,9.833333333333334,12,0,0.0,0.0,1.0
t5_star,126,12,424,40839443,1,1.0,1.0,1.0,1.0,1.0,9.833333333333334,12,0,0.0,0.0,1.0
t5_star,126,12,425,40839444,1,1.0,1.0,1.0,1.0,0.0,10.0,12,0,0.0,0.0,1.0
t5_star,126,12,426,40839445,1,1.0,1.0,1.0,1.0,1.0,10.0,12,0,0.0,0.0,1.0
t5_star,126,12,427,40839446,1,1.0,1.0,1.0,1.0,0.0,10.0,12,0,0.0,0.0,0.9993326659993327
t5_star,126,12,428,40839447,1,1.0,1.0,1.0,1.0,0.0,10.0,12,0,0.0,0.0,1.0
t5_star,126,12,429,40839448,1,1.0,1.0,1.0,1.0,1.0,9.916666666666666,12,0,0.0,0.0,1.0
t5_star,126,12,430,40839449,1,1.0,1.0,1.0,1.0,0.0,10.0,12,0,0.0,0.0,1.0
t5_star,126,12,431,40839450,1,0.0,1.0,1.0,1.0,0.0,9.916666666666666,12,0,0.0,0.0,1.0
t5_star,126,12,432,40839451,1,1.0,1.0,1.0,1.0,0.0,10.0,12,0,0.0,0.0,0.9991658324991658
t5_star,126,12,433,40839452,1,1.0,1.0,1.0,1.0,1.0,9.916666666666666,12,0,0.0,0.0,1.0
t5_star,126,12,434,40839453,1,1.0,1.0,1.0,1.0,1.0,9.916666666666666,12,0,0.0,0.0,1.0
t5_star,126,12,435,40839454,1,0.0,1.0,1.0,1.0,0.0,9.833333333333334,12,0,0.0,0.0,0.9993326659993327
t5_star,126,12,436,40839455,1,1.0,1.0,1.0,1.0,1.0,10.0,12,0,0.0,0.0,1.0
t5_star,126,12,437,40839456,1,1.0,1.0,1.0,1.0,1.0,10.0,12,0,0.0,0.0,1.0
t5_star,126,12,438,40839457,1,1.0,1.0,1.0,1.0,1.0,10.0,12,0,0.0,0.0,0.9981648314981649
t5_star,126,12,439,40839458,1,1.0,1.0,1.0,1.0,1.0,9.833333333333334,12,0,0.0,0.0,1.0
t5_star,126,12,440,40839459,1,0.0,1.0,1.0,1.0,1.0,9.916666666666666,12,0,0.0,0.0,1.0
t5_star,126,12,441,40839460,1,1.0,1.0,1.0,1.0,1.0,10.0,12,0,0.0,0.0,0.9988321654988322
t5_star,126,12,442,40839461,1,1.0,1.0,1.0,1.0,1.0,10.0,12,0,0.0,0.0,1.0
t5_star,126,12,443,40839462,1,1.0,1.0,1.0,1.0,0.0,10.0,12,0,0.0,0.0,0.9939939939939939
t5_star,126,12,444,40839463,1,1.0,1.0,1.0,1.0,0.0,10.0,12,0,0.0,0.0,0.9966633299966634
t5_star,126,12,445,40839464,1,1.0,1.0,1.0,1.0,0.0,10.0,12,0,0.0,0.0,1.0
t5_star,126,12,446,40839465,1,1.0,1.0,1.0,1.0,1.0,9.916666666666666,12,0,0.0,0.0,1.0
t5_star,126,12,447,40839466,1,0.0,1.0,1.0,1.0,0.0,10.0,12,0,0.0,0.0,0.9996663329996665
t5_star,126,12,448,40839467,1,1.0,1.0,1.0,1.0,0.0,10.0,12,0,0.0,0.0,0.9661327994661323
t5_star,126,12,449,40839468,1,1.0,1.0,1.0,1.0,0.0,10.0,12,0,0.0,0.0,0.9994994994994995
t5_star,126,12,450,40839469,1,1.0,1.0,1.0,1.0,1.0,9.916666666666666,12,0,0.0,0.0,1.0
t5_star,126,12,451,40839470,1,1.0,1.0,1.0,1.0,0.0,10.0,12,0,0.0,0.0,1.0
t5_star,126,12,452,40839471,1,0.0,1.0,1.0,1.0,0.0,10.0,12,0,0.0,0.0,1.0
t5_star,126,12,453,40839472,1,1.0,1.0,1.0,1.0,0.0,9.916666666666666,12,0,0.0,0.0,0.9991658324991658
t5_star,126,12,454,40839473,1,1.0,1.0,1.0,1.0,0.0,9.916666666666666,12,0,0.0,0.0,0.9974974974974974
t5_star,126,12,455,40839474,1,1.0,1.0,1.0,1.0,0.0,10.0,12,0,0.0,0.0,1.0
t5_star,126,12,456,40839475,1,1.0,1.0,1.0,1.0,1.0,10.0,12,0,0.0,0.0,1.0
t5_star,126,12,457,40839476,1,1.0,1.0,1.0,1.0,0.0,9.833333333333334,12,0,0.0,0.0,0.9994994994994995
t5_star,126,12,458,40839477,1,1.0,1.0,1.0,1.0,1.0,10.0,12,0,0.0,0.0,1.0
t5_star,126,12,459,40839478,1,1.0,1.0,1.0,1.0,0.0,9.916666666666666,12,0,0.0,0.0,0.9993326659993327
t5_star,126,12,460,40839479,1,1.0,1.0,1.0,1.0,0.0,10.0,12,0,0.0,0.0,1.0
t5_star,126,12,461,40839480,1,1.0,1.0,1.0,1.0,0.0,9.916666666666666,12,0,0.0,0.0,0.9460126793460124
t5_star,126,12,462,40839481,1,0.0,1.0,1.0,1.0,0.0,9.75,12,0,0.0,0.0,1.0
t5_star,126,12,463,40839482,1,1.0,1.0,1.0,1.0,1.0,10.0,12,0,0.0,0.0,1.0
t5_star,126,12,464,40839483,1,1.0,1.0,1.0,1.0,0.0,9.916666666666666,12,0,0.0,0.0,0.9971638304971638
t5_star,126,12,465,40839484,1,0.0,1.0,1.0,1.0,1.0,9.75,12,0,0.0,0.0,1.0
t5_star,126,12,466,40839485,1,1.0,1.0,1.0,1.0,0.0,10.0,12,0,0.0,0.0,1.0
t5_star,126,12,467,40839486,1,1.0,1.0,1.0,1.0,0.0,9.916666666666666,12,0,0.0,0.0,1.0
t5_star,126,12,468,40839487,1,1.0,1.0,1.0,1.0,1.0,10.0,12,0,0.0,0.0,1.0
t5_star,126,12,469,40839488,1,1.0,1.0,1.0,1.0,0.0,10.0,12,0,0.0,0.0,0.998998998998999
t5_star,126,12,470,40839489,1,0.0,1.0,1.0,1.0,0.0,10.0,12,0,0.0,0.0,0.9986653319986653
t5_star,126,12,471,40839490,1,1.0,1.0,1.0,1.0,1.0,10.0,12,0,0.0,0.0,1.0
t5_star,126,12,472,40839491,1,1.0,1.0,1.0,1.0,0.0,10.0,12,0,0.0,0.0,0.9988321654988322
t5_star,126,12,473,40839492,1,0.0,1.0,1.0,1.0,0.0,9.916666666666666,12,0,0.0,0.0,1.0
t5_star,126,12,474,40839493,1,1.0,1.0,1.0,1.0,0.0,9.916666666666666,12,0,0.0,0.0,0.9996663329996663
t5_star,126,12,475,40839494,1,1.0,1.0,1.0,1.0,0.0,9.916666666666666,12,0,0.0,0.0,0.9994994994994995
t5_star,126,12,476,40839495,1,1.0,1.0,1.0,1.0,1.0,9.916666666666666,12,0,0.0,0.0,0.9918251584918251
t5_star,126,12,477,40839496,1,1.0,1.0,1.0,1.0,1.0,10.0,12,0,0.0,0.0,1.0
t5_star,126,12,478,40839497,1,1.0,1.0,1.0,1.0,0.0,10.0,12,0,0.0,0.0,0.9994994994994995
t5_star,126,12,479,40839498,1,1.0,1.0,1.0,1.0,0.0,9.916666666666666,12,0,0.0,0.0,1.0
t5_star,126,12,480,40839499,1,1.0,1.0,1.0,1.0,0.0,10.0,12,0,0.0,0.0,1.0
t5_star,126,12,481,40839500,1,1.0,1.0,1.0,1.0,1.0,9.916666666666666,12,0,0.0,0.0,1.0
t5_star,126,12,482,40839501,1,1.0,1.0,1.0,1.0,0.0,10.0,12,0,0.0,0.0,0.9994994994994995
t5_star,126,12,483,40839502,1,1.0,1.0,1.0,1.0,0.0,9.916666666666666,12,0,0.0,0.0,1.0
t5_star,126,12,484,40839503,1,1.0,1.0,1.0,1.0,0.0,10.0,12,0,0.0,0.0,1.0
t5_star,126,12,485,40839504,1,0.0,1.0,1.0,1.0,1.0,10.0,12,0,0.0,0.0,1.0
t5_star,126,12,486,40839505,1,0.0,1.0,1.0,1.0,0.0,10.0,12,0,0.0,0.0,1.0
t5_star,126,12,487,40839506,1,0.0,1.0,1.0,1.0,0.0,10.0,12,0,0.0,0.0,0.9993326659993327
t5_star,126,12,488,40839507,1,1.0,1.0,1.0,1.0,1.0,10.0,12,0,0.0,0.0,1.0
t5_star,126,12,489,40839508,1,1.0,1.0,1.0,1.0,1.0,10.0,12,0,0.0,0.0,1.0
t5_star,126,12,490,40839509,1,1.0,1.0,1.0,1.0,0.0,10.0,12,0,0.0,0.0,0.998998998998999
t5_star,126,12,491,40839510,1,1.0,1.0,1.0,1.0,0.0,10.0,12,0,0.0,0.0,0.9903236569903234
t5_star,126,12,492,40839511,1,1.0,1.0,1.0,1.0,0.0,10.0,12,0,0.0,0.0,0.9974974974974975
t5_star,126,12,493,40839512,1,0.0,1.0,1.0,1.0,0.0,9.916666666666666,12,0,0.0,0.0,0.9994994994994995
t5_star,126,12,494,40839513,1,1.0,1.0,1.0,1.0,0.0,10.0,12,0,0.0,0.0,0.9996663329996663
t5_star,126,12,495,40839514,1,1.0,1.0,1.0,1.0,1.0,10.0,12,0,0.0,0.0,1.0
t5_star,126,12,496,40839515,1,1.0,1.0,1.0,1.0,0.0,10.0,12,0,0.0,0.0,0.9941608274941608
t5_star,126,12,497,40839516,1,1.0,1.0,1.0,1.0,0.0,9.916666666666666,12,0,0.0,0.0,0.9976643309976643
t5_star,126,12,498,40839517,1,1.0,1.0,1.0,1.0,1.0,9.833333333333334,12,0,0.0,0.0,1.0
t5_star,126,12,499,40839518,1,1.0,1.0,1.0,1.0,0.0,10.0,12,0,0.0,0.0,0.9991658324991658
t5_star,252,12,0,40965019,1,1.0,1.0,1.0,1.0,1.0,10.0,12,0,0.0,0.0,1.0
t5_star,252,12,1,40965020,1,1.0,1.0,1.0,1.0,1.0,9.75,12,0,0.0,0.0,1.0
t5_star,252,12,2,40965021,1,1.0,1.0,1.0,1.0,1.0,9.583333333333334,12,0,0.0,0.0,1.0
t5_star,252,12,3,40965022,1,1.0,1.0,1.0,1.0,1.0,9.833333333333334,12,0,0.0,0.0,1.0
t5_star,252,12,4,40965023,1,1.0,1.0,1.0,1.0,1.0,10.0,12,0,0.0,0.0,1.0
t5_star,252,12,5,40965024,1,1.0,1.0,1.0,1.0,1.0,9.75,12,0,0.0,0.0,1.0
t5_star,252,12,6,40965025,1,1.0,1.0,1.0,1.0,1.0,9.916666666666666,12,0,0.0,0.0,1.0
t5_star,252,12,7,40965026,1,1.0,1.0,1.0,1.0,1.0,10.0,12,0,0.0,0.0,1.0
t5_star,252,12,8,40965027,1,1.0,1.0,1.0,1.0,1.0,9.833333333333334,12,0,0.0,0.0,1.0
t5_star,252,12,9,40965028,1,1.0,1.0,1.0,1.0,1.0,9.666666666666666,12,0,0.0,0.0,1.0
t5_star,252,12,10,40965029,1,1.0,1.0,1.0,1.0,1.0,9.833333333333334,12,0,0.0,0.0,1.0
t5_star,252,12,11,40965030,1,1.0,1.0,1.0,1.0,1.0,9.166666666666666,12,0,0.0,0.0,1.0
t5_star,252,12,12,40965031,1,1.0,1.0,1.0,1.0,1.0,9.833333333333334,12,0,0.0,0.0,1.0
t5_star,252,12,13,40965032,1,1.0,1.0,1.0,1.0,1.0,9.833333333333334,12,0,0.0,0.0,1.0
t5_star,252,12,14,40965033,1,1.0,1.0,1.0,1.0,1.0,8.916666666666666,12,0,0.0,0.0,1.0
t5_star,252,12,15,40965034,1,1.0,1.0,1.0,1.0,1.0,9.833333333333334,12,0,0.0,0.0,1.0
t5_star,252,12,16,40965035,1,0.0,1.0,1.0,1.0,1.0,9.833333333333334,12,0,0.0,0.0,0.9991658324991658
t5_star,252,12,17,40965036,1,0.0,1.0,1.0,1.0,1.0,9.666666666666666,12,0,0.0,0.0,1.0
t5_star,252,12,18,40965037,1,1.0,1.0,1.0,1.0,1.0,9.666666666666666,12,0,0.0,0.0,1.0
t5_star,252,12,19,40965038,1,1.0,1.0,1.0,1.0,1.0,9.833333333333334,12,0,0.0,0.0,1.0
t5_star,252,12,20,40965039,1,1.0,1.0,1.0,1.0,1.0,9.833333333333334,12,0,0.0,0.0,1.0
t5_star,252,12,21,40965040,1,1.0,1.0,1.0,1.0,1.0,10.0,12,0,0.0,0.0,1.0
t5_star,252,12,22,40965041,1,1.0,1.0,1.0,1.0,1.0,9.833333333333334,12,0,0.0,0.0,1.0
t5_star,252,12,23,40965042,1,1.0,1.0,1.0,1.0,1.0,9.833333333333334,12,0,0.0,0.0,1.0
t5_star,252,12,24,40965043,1,1.0,1.0,1.0,1.0,1.0,9.75,12,0,0.0,0.0,1.0
t5_star,252,12,25,40965044,1,1.0,1.0,1.0,1.0,1.0,9.833333333333334,12,0,0.0,0.0,1.0
t5_star,252,12,26,40965045,1,1.0,1.0,1.0,1.0,1.0,9.666666666666666,12,0,0.0,0.0,1.0
t5_star,252,12,27,40965046,1,1.0,1.0,1.0,1.0,1.0,9.916666666666666,12,0,0.0,0.0,1.0
t5_star,252,12,28,40965047,1,1.0,1.0,1.0,1.0,1.0,9.666666666666666,12,0,0.0,0.0,1.0
t5_star,252,12,29,40965048,1,1.0,1.0,1.0,1.0,1.0,10.0,12,0,0.0,0.0,1.0
t5_star,252,12,30,40965049,1,1.0,1.0,1.0,1.0,1.0,9.833333333333334,12,0,0.0,0.0,1.0
t5_star,252,12,31,40965050,1,1.0,1.0,1.0,1.0,1.0,9.583333333333334,12,0,0.0,0.0,1.0
t5_star,252,12,32,40965051,1,1.0,1.0,1.0,1.0,1.0,9.916666666666666,12,0,0.0,0.0,1.0
t5_star,252,12,33,40965052,1,1.0,1.0,1.0,1.0,1.0,9.75,12,0,0.0,0.0,1.0
t5_star,252,12,34,40965053,1,1.0,1.0,1.0,1.0,1.0,10.0,12,0,0.0,0.0,1.0
t5_star,252,12,35,40965054,1,1.0,1.0,1.0,1.0,1.0,10.0,12,0,0.0,0.0,1.0
t5_star,252,12,36,40965055,1,1.0,1.0,1.0,1.0,1.0,9.666666666666666,12,0,0.0,0.0,1.0
t5_star,252,12,37,40965056,1,1.0,1.0,1.0,1.0,1.0,9.916666666666666,12,0,0.0,0.0,1.0
t5_star,252,12,38,40965057,1,0.0,1.0,1.0,1.0,1.0,9.833333333333334,12,0,0.0,0.0,1.0
t5_star,252,12,39,40965058,1,1.0,1.0,1.0,1.0,1.0,9.833333333333334,12,0,0.0,0.0,1.0
t5_star,252,12,40,40965059,1,1.0,1.0,1.0,1.0,1.0,9.583333333333334,12,0,0.0,0.0,1.0
t5_star,252,12,41,40965060,1,1.0,1.0,1.0,1.0,1.0,9.416666666666666,12,0,0.0,0.0,1.0
t5_star,252,12,42,40965061,1,1.0,1.0,1.0,1.0,1.0,9.583333333333334,12,0,0.0,0.0,1.0
t5_star,252,12,43,40965062,1,1.0,1.0,1.0,1.0,1.0,9.666666666666666,12,0,0.0,0.0,1.0
t5_star,252,12,44,40965063,1,1.0,1.0,1.0,1.0,1.0,9.833333333333334,12,0,0.0,0.0,1.0
t5_star,252,12,45,40965064,1,1.0,1.0,1.0,1.0,1.0,9.916666666666666,12,0,0.0,0.0,1.0
t5_star,252,12,46,40965065,1,1.0,1.0,1.0,1.0,1.0,9.416666666666666,12,0,0.0,0.0,1.0
t5_star,252,12,47,40965066,1,1.0,1.0,1.0,1.0,1.0,9.833333333333334,12,0,0.0,0.0,1.0
t5_star,252,12,48,40965067,1,1.0,1.0,1.0,1.0,1.0,10.0,12,0,0.0,0.0,1.0
t5_star,252,12,49,40965068,1,1.0,1.0,1.0,1.0,1.0,9.666666666666666,12,0,0.0,0.0,1.0
t5_star,252,12,50,40965069,1,1.0,1.0,1.0,1.0,1.0,10.0,12,0,0.0,0.0,1.0
t5_star,252,12,51,40965070,1,0.0,1.0,1.0,1.0,1.0,9.416666666666666,12,0,0.0,0.0,1.0
t5_star,252,12,52,40965071,1,1.0,1.0,1.0,1.0,1.0,9.833333333333334,12,0,0.0,0.0,1.0
t5_star,252,12,53,40965072,1,1.0,1.0,1.0,1.0,1.0,9.833333333333334,12,0,0.0,0.0,1.0
t5_star,252,12,54,40965073,1,1.0,1.0,1.0,1.0,1.0,9.666666666666666,12,0,0.0,0.0,1.0
t5_star,252,12,55,40965074,1,0.0,1.0,1.0,1.0,1.0,9.75,12,0,0.0,0.0,1.0
t5_star,252,12,56,40965075,1,1.0,1.0,1.0,1.0,1.0,9.916666666666666,12,0,0.0,0.0,1.0
t5_star,252,12,57,40965076,1,1.0,1.0,1.0,1.0,1.0,10.0,12,0,0.0,0.0,1.0
t5_star,252,12,58,40965077,1,1.0,1.0,1.0,1.0,1.0,9.666666666666666,12,0,0.0,0.0,1.0
t5_star,252,12,59,40965078,1,0.0,1.0,1.0,1.0,1.0,9.833333333333334,12,0,0.0,0.0,1.0
t5_star,252,12,60,40965079,1,1.0,1.0,1.0,1.0,1.0,9.833333333333334,12,0,0.0,0.0,1.0
t5_star,252,12,61,40965080,1,0.0,1.0,1.0,1.0,1.0,9.833333333333334,12,0,0.0,0.0,1.0
t5_star,252,12,62,40965081,1,1.0,1.0,1.0,1.0,1.0,9.833333333333334,12,0,0.0,0.0,1.0
t5_star,252,12,63,40965082,1,1.0,1.0,1.0,1.0,1.0,9.916666666666666,12,0,0.0,0.0,1.0
t5_star,252,12,64,40965083,1,1.0,1.0,1.0,1.0,1.0,10.0,12,0,0.0,0.0,1.0
t5_star,252,12,65,40965084,1,1.0,1.0,1.0,1.0,1.0,10.0,12,0,0.0,0.0,1.0
t5_star,252,12,66,40965085,1,1.0,1.0,1.0,1.0,1.0,10.0,12,0,0.0,0.0,1.0
t5_star,252,12,67,40965086,1,1.0,1.0,1.0,1.0,1.0,9.916666666666666,12,0,0.0,0.0,1.0
t5_star,252,12,68,40965087,1,0.0,1.0,1.0,1.0,1.0,9.75,12,0,0.0,0.0,1.0
t5_star,252,12,69,40965088,1,1.0,1.0,1.0,1.0,1.0,9.833333333333334,12,0,0.0,0.0,1.0
t5_star,252,12,70,40965089,1,1.0,1.0,1.0,1.0,1.0,9.333333333333334,12,0,0.0,0.0,1.0
t5_star,252,12,71,40965090,1,1.0,1.0,1.0,1.0,1.0,9.333333333333334,12,0,0.0,0.0,1.0
t5_star,252,12,72,40965091,1,1.0,1.0,1.0,1.0,1.0,10.0,12,0,0.0,0.0,1.0
t5_star,252,12,73,40965092,1,0.0,1.0,1.0,1.0,1.0,9.583333333333334,12,0,0.0,0.0,1.0
t5_star,252,12,74,40965093,1,1.0,1.0,1.0,1.0,1.0,9.833333333333334,12,0,0.0,0.0,1.0
t5_star,252,12,75,40965094,1,1.0,1.0,1.0,1.0,1.0,9.916666666666666,12,0,0.0,0.0,1.0
t5_star,252,12,76,40965095,1,1.0,1.0,1.0,1.0,1.0,9.833333333333334,12,0,0.0,0.0,1.0
t5_star,252,12,77,40965096,1,1.0,1.0,1.0,1.0,1.0,9.833333333333334,12,0,0.0,0.0,1.0
t5_star,252,12,78,40965097,1,1.0,1.0,1.0,1.0,1.0,9.833333333333334,12,0,0.0,0.0,1.0
t5_star,252,12,79,40965098,1,1.0,1.0,1.0,1.0,1.0,9.916666666666666,12,0,0.0,0.0,1.0
t5_star,252,12,80,40965099,1,0.0,1.0,1.0,1.0,1.0,9.583333333333334,12,0,0.0,0.0,1.0
t5_star,252,12,81,40965100,1,0.0,1.0,1.0,1.0,1.0,9.916666666666666,12,0,0.0,0.0,1.0
t5_star,252,12,82,40965101,1,1.0,1.0,1.0,1.0,1.0,9.583333333333334,12,0,0.0,0.0,1.0
t5_star,252,12,83,40965102,1,1.0,1.0,1.0,1.0,1.0,9.666666666666666,12,0,0.0,0.0,1.0
t5_star,252,12,84,40965103,1,1.0,1.0,1.0,1.0,1.0,9.916666666666666,12,0,0.0,0.0,1.0
t5_star,252,12,85,40965104,1,0.0,1.0,1.0,1.0,1.0,9.833333333333334,12,0,0.0,0.0,1.0
t5_star,252,12,86,40965105,1,1.0,1.0,1.0,1.0,1.0,9.916666666666666,12,0,0.0,0.0,1.0
t5_star,252,12,87,40965106,1,1.0,1.0,1.0,1.0,1.0,9.666666666666666,12,0,0.0,0.0,1.0
t5_star,252,12,88,40965107,1,0.0,1.0,1.0,1.0,1.0,9.75,12,0,0.0,0.0,1.0
t5_star,252,12,89,40965108,1,1.0,1.0,1.0,1.0,1.0,9.666666666666666,12,0,0.0,0.0,1.0
t5_star,252,12,90,40965109,1,1.0,1.0,1.0,1.0,1.0,9.833333333333334,12,0,0.0,0.0,1.0
t5_star,252,12,91,40965110,1,1.0,1.0,1.0,1.0,1.0,9.916666666666666,12,0,0.0,0.0,1.0
t5_star,252,12,92,40965111,1,1.0,1.0,1.0,1.0,1.0,9.75,12,0,0.0,0.0,1.0
t5_star,252,12,93,40965112,1,0.0,1.0,1.0,1.0,0.0,9.833333333333334,12,0,0.0,0.0,1.0
t5_star,252,12,94,40965113,1,1.0,1.0,1.0,1.0,1.0,9.833333333333334,12,0,0.0,0.0,1.0
t5_star,252,12,95,40965114,1,1.0,1.0,1.0,1.0,1.0,10.0,12,0,0.0,0.0,1.0
t5_star,252,12,96,40965115,1,1.0,1.0,1.0,1.0,1.0,9.833333333333334,12,0,0.0,0.0,1.0
t5_star,252,12,97,40965116,1,0.0,1.0,1.0,1.0,1.0,9.833333333333334,12,0,0.0,0.0,1.0
t5_star,252,12,98,40965117,1,1.0,1.0,1.0,1.0,1.0,9.833333333333334,12,0,0.0,0.0,1.0
t5_star,252,12,99,40965118,1,1.0,1.0,1.0,1.0,1.0,10.0,12,0,0.0,0.0,1.0
t5_star,252,12,100,40965119,1,1.0,1.0,1.0,1.0,1.0,10.0,12,0,0.0,0.0,1.0
t5_star,252,12,101,40965120,1,1.0,1.0,1.0,1.0,1.0,9.833333333333334,12,0,0.0,0.0,1.0
t5_star,252,12,102,40965121,1,1.0,1.0,1.0,1.0,1.0,9.5,12,0,0.0,0.0,1.0
t5_star,252,12,103,40965122,1,0.0,1.0,1.0,1.0,1.0,9.25,12,0,0.0,0.0,1.0
t5_star,252,12,104,40965123,1,1.0,1.0,1.0,1.0,1.0,9.916666666666666,12,0,0.0,0.0,1.0
t5_star,252,12,105,40965124,1,1.0,1.0,1.0,1.0,1.0,9.75,12,0,0.0,0.0,1.0
t5_star,252,12,106,40965125,1,1.0,1.0,1.0,1.0,1.0,9.916666666666666,12,0,0.0,0.0,1.0
t5_star,252,12,107,40965126,1,1.0,1.0,1.0,1.0,1.0,9.75,12,0,0.0,0.0,1.0
t5_star,252,12,108,40965127,1,1.0,1.0,1.0,1.0,1.0,9.916666666666666,12,0,0.0,0.0,1.0
t5_star,252,12,109,40965128,1,1.0,1.0,1.0,1.0,1.0,9.833333333333334,12,0,0.0,0.0,0.9981648314981649
t5_star,252,12,110,40965129,1,1.0,1.0,1.0,1.0,1.0,9.416666666666666,12,0,0.0,0.0,1.0
t5_star,252,12,111,40965130,1,1.0,1.0,1.0,1.0,1.0,9.916666666666666,12,0,0.0,0.0,1.0
t5_star,252,12,112,40965131,1,0.0,1.0,1.0,1.0,1.0,9.5,12,0,0.0,0.0,1.0
t5_star,252,12,113,40965132,1,1.0,1.0,1.0,1.0,1.0,9.916666666666666,12,0,0.0,0.0,1.0
t5_star,252,12,114,40965133,1,0.0,1.0,1.0,1.0,1.0,9.916666666666666,12,0,0.0,0.0,1.0
t5_star,252,12,115,40965134,1,1.0,1.0,1.0,1.0,1.0,9.583333333333334,12,0,0.0,0.0,1.0
t5_star,252,12,116,40965135,1,0.0,1.0,1.0,1.0,1.0,9.583333333333334,12,0,0.0,0.0,1.0
t5_star,252,12,117,40965136,1,1.0,1.0,1.0,1.0,1.0,9.916666666666666,12,0,0.0,0.0,1.0
t5_star,252,12,118,40965137,1,1.0,1.0,1.0,1.0,1.0,9.833333333333334,12,0,0.0,0.0,1.0
t5_star,252,12,119,40965138,1,1.0,1.0,1.0,1.0,1.0,9.666666666666666,12,0,0.0,0.0,1.0
t5_star,252,12,120,40965139,1,0.0,1.0,1.0,1.0,1.0,9.583333333333334,12,0,0.0,0.0,1.0
t5_star,252,12,121,40965140,1,1.0,1.0,1.0,1.0,1.0,9.833333333333334,12,0,0.0,0.0,1.0
t5_star,252,12,122,40965141,1,1.0,1.0,1.0,1.0,1.0,9.5,12,0,0.0,0.0,1.0
t5_star,252,12,123,40965142,1,1.0,1.0,1.0,1.0,1.0,9.75,12,0,0.0,0.0,1.0
t5_star,252,12,124,40965143,1,1.0,1.0,1.0,1.0,1.0,10.0,12,0,0.0,0.0,1.0
t5_star,252,12,125,40965144,1,0.0,1.0,1.0,1.0,1.0,9.916666666666666,12,0,0.0,0.0,1.0
t5_star,252,12,126,40965145,1,0.0,1.0,1.0,1.0,1.0,9.5,12,0,0.0,0.0,1.0
t5_star,252,12,127,40965146,1,1.0,1.0,1.0,1.0,1.0,9.833333333333334,12,0,0.0,0.0,1.0
t5_star,252,12,128,40965147,1,1.0,1.0,1.0,1.0,1.0,9.916666666666666,12,0,0.0,0.0,1.0
t5_star,252,12,129,40965148,1,1.0,1.0,1.0,1.0,1.0,9.666666666666666,12,0,0.0,0.0,1.0
t5_star,252,12,130,40965149,1,1.0,1.0,1.0,1.0,1.0,9.083333333333334,12,0,0.0,0.0,1.0
t5_star,252,12,131,40965150,1,1.0,1.0,1.0,1.0,1.0,10.0,12,0,0.0,0.0,1.0
t5_star,252,12,132,40965151,1,1.0,1.0,1.0,1.0,1.0,9.833333333333334,12,0,0.0,0.0,1.0
t5_star,252,12,133,40965152,1,0.0,1.0,1.0,1.0,1.0,9.5,12,0,0.0,0.0,1.0
t5_star,252,12,134,40965153,1,0.0,1.0,1.0,1.0,1.0,9.583333333333334,12,0,0.0,0.0,1.0
t5_star,252,12,135,40965154,1,1.0,1.0,1.0,1.0,1.0,9.916666666666666,12,0,0.0,0.0,1.0
t5_star,252,12,136,40965155,1,0.0,1.0,1.0,1.0,1.0,9.333333333333334,12,0,0.0,0.0,1.0
t5_star,252,12,137,40965156,1,1.0,1.0,1.0,1.0,1.0,10.0,12,0,0.0,0.0,1.0
t5_star,252,12,138,40965157,1,1.0,1.0,1.0,1.0,1.0,9.333333333333334,12,0,0.0,0.0,1.0
t5_star,252,12,139,40965158,1,0.0,1.0,1.0,1.0,1.0,9.833333333333334,12,0,0.0,0.0,1.0
t5_star,252,12,140,40965159,1,1.0,1.0,1.0,1.0,1.0,9.666666666666666,12,0,0.0,0.0,1.0
t5_star,252,12,141,40965160,1,1.0,1.0,1.0,1.0,1.0,9.916666666666666,12,0,0.0,0.0,1.0
t5_star,252,12,142,40965161,1,1.0,1.0,1.0,1.0,1.0,9.833333333333334,12,0,0.0,0.0,1.0
t5_star,252,12,143,40965162,1,1.0,1.0,1.0,1.0,1.0,9.916666666666666,12,0,0.0,0.0,1.0
t5_star,252,12,144,40965163,1,1.0,1.0,1.0,1.0,1.0,9.75,12,0,0.0,0.0,1.0
t5_star,252,12,145,40965164,1,1.0,1.0,1.0,1.0,0.0,9.916666666666666,12,0,0.0,0.0,1.0
t5_star,252,12,146,40965165,1,1.0,1.0,1.0,1.0,1.0,10.0,12,0,0.0,0.0,1.0
t5_star,252,12,147,40965166,1,1.0,1.0,1.0,1.0,1.0,9.833333333333334,12,0,0.0,0.0,1.0
t5_star,252,12,148,40965167,1,0.0,1.0,1.0,1.0,1.0,9.166666666666666,12,0,0.0,0.0,1.0
t5_star,252,12,149,40965168,1,1.0,1.0,1.0,1.0,1.0,9.166666666666666,12,0,0.0,0.0,1.0
t5_star,252,12,150,40965169,1,1.0,1.0,1.0,1.0,1.0,9.583333333333334,12,0,0.0,0.0,1.0
t5_star,252,12,151,40965170,1,1.0,1.0,1.0,1.0,1.0,9.75,12,0,0.0,0.0,1.0
t5_star,252,12,152,40965171,1,1.0,1.0,1.0,1.0,1.0,9.333333333333334,12,0,0.0,0.0,1.0
t5_star,252,12,153,40965172,1,0.0,1.0,1.0,1.0,1.0,9.333333333333334,12,0,0.0,0.0,1.0
t5_star,252,12,154,40965173,1,1.0,1.0,1.0,1.0,1.0,9.666666666666666,12,0,0.0,0.0,1.0
t5_star,252,12,155,40965174,1,0.0,1.0,1.0,1.0,1.0,9.583333333333334,12,0,0.0,0.0,1.0
t5_star,252,12,156,40965175,1,1.0,1.0,1.0,1.0,1.0,9.916666666666666,12,0,0.0,0.0,1.0
t5_star,252,12,157,40965176,1,1.0,1.0,1.0,1.0,1.0,9.666666666666666,12,0,0.0,0.0,1.0
t5_star,252,12,158,40965177,1,1.0,1.0,1.0,1.0,1.0,9.916666666666666,12,0,0.0,0.0,1.0
t5_star,252,12,159,40965178,1,1.0,1.0,1.0,1.0,1.0,9.916666666666666,12,0,0.0,0.0,1.0
t5_star,252,12,160,40965179,1,1.0,1.0,1.0,1.0,1.0,9.75,12,0,0.0,0.0,1.0
t5_star,252,12,161,40965180,1,1.0,1.0,1.0,1.0,1.0,9.916666666666666,12,0,0.0,0.0,1.0
t5_star,252,12,162,40965181,1,1.0,1.0,1.0,1.0,1.0,9.25,12,0,0.0,0.0,1.0
t5_star,252,12,163,40965182,1,1.0,1.0,1.0,1.0,1.0,9.75,12,0,0.0,0.0,1.0
t5_star,252,12,164,40965183,1,1.0,1.0,1.0,1.0,1.0,8.916666666666666,12,0,0.0,0.0,1.0
t5_star,252,12,165,40965184,1,1.0,1.0,1.0,1.0,1.0,9.833333333333334,12,0,0.0,0.0,1.0
t5_star,252,12,166,40965185,1,1.0,1.0,1.0,1.0,1.0,9.916666666666666,12,0,0.0,0.0,1.0
t5_star,252,12,167,40965186,1,0.0,1.0,1.0,1.0,1.0,9.583333333333334,12,0,0.0,0.0,0.9984984984984985
t5_star,252,12,168,40965187,1,1.0,1.0,1.0,1.0,1.0,9.833333333333334,12,0,0.0,0.0,1.0
t5_star,252,12,169,40965188,1,1.0,1.0,1.0,1.0,1.0,9.75,12,0,0.0,0.0,1.0
t5_star,252,12,170,40965189,1,1.0,1.0,1.0,1.0,1.0,9.833333333333334,12,0,0.0,0.0,1.0
t5_star,252,12,171,40965190,1,1.0,1.0,1.0,1.0,1.0,9.916666666666666,12,0,0.0,0.0,1.0
t5_star,252,12,172,40965191,1,1.0,1.0,1.0,1.0,1.0,10.0,12,0,0.0,0.0,1.0
t5_star,252,12,173,40965192,1,0.0,1.0,1.0,1.0,1.0,9.333333333333334,12,0,0.0,0.0,1.0
t5_star,252,12,174,40965193,1,0.0,1.0,1.0,1.0,1.0,9.666666666666666,12,0,0.0,0.0,1.0
t5_star,252,12,175,40965194,1,0.0,1.0,1.0,1.0,1.0,9.666666666666666,12,0,0.0,0.0,1.0
t5_star,252,12,176,40965195,1,1.0,1.0,1.0,1.0,1.0,9.75,12,0,0.0,0.0,1.0
t5_star,252,12,177,40965196,1,1.0,1.0,1.0,1.0,1.0,9.583333333333334,12,0,0.0,0.0,1.0
t5_star,252,12,178,40965197,1,1.0,1.0,1.0,1.0,1.0,10.0,12,0,0.0,0.0,1.0
t5_star,252,12,179,40965198,1,1.0,1.0,1.0,1.0,1.0,9.833333333333334,12,0,0.0,0.0,1.0
t5_star,252,12,180,40965199,1,1.0,1.0,1.0,1.0,1.0,9.833333333333334,12,0,0.0,0.0,1.0
t5_star,252,12,181,40965200,1,1.0,1.0,1.0,1.0,1.0,10.0,12,0,0.0,0.0,1.0
t5_star,252,12,182,40965201,1,1.0,1.0,1.0,1.0,1.0,10.0,12,0,0.0,0.0,0.997997997997998
t5_star,252,12,183,40965202,1,1.0,1.0,1.0,1.0,1.0,9.666666666666666,12,0,0.0,0.0,1.0
t5_star,252,12,184,40965203,1,1.0,1.0,1.0,1.0,1.0,9.75,12,0,0.0,0.0,1.0
t5_star,252,12,185,40965204,1,1.0,1.0,1.0,1.0,1.0,9.916666666666666,12,0,0.0,0.0,1.0
t5_star,252,12,186,40965205,1,1.0,1.0,1.0,1.0,1.0,9.583333333333334,12,0,0.0,0.0,1.0
t5_star,252,12,187,40965206,1,1.0,1.0,1.0,1.0,1.0,9.833333333333334,12,0,0.0,0.0,1.0
t5_star,252,12,188,40965207,1,1.0,1.0,1.0,1.0,1.0,9.75,12,0,0.0,0.0,1.0
t5_star,252,12,189,40965208,1,1.0,1.0,1.0,1.0,1.0,9.5,12,0,0.0,0.0,1.0
t5_star,252,12,190,40965209,1,1.0,1.0,1.0,1.0,1.0,10.0,12,0,0.0,0.0,1.0
t5_star,252,12,191,40965210,1,1.0,1.0,1.0,1.0,1.0,9.666666666666666,12,0,0.0,0.0,1.0
t5_star,252,12,192,40965211,1,1.0,1.0,1.0,1.0,1.0,9.916666666666666,12,0,0.0,0.0,1.0
t5_star,252,12,193,40965212,1,1.0,1.0,1.0,1.0,1.0,9.333333333333334,12,0,0.0,0.0,1.0
t5_star,252,12,194,40965213,1,1.0,1.0,1.0,1.0,1.0,9.5,12,0,0.0,0.0,1.0
t5_star,252,12,195,40965214,1,1.0,1.0,1.0,1.0,1.0,10.0,12,0,0.0,0.0,1.0
t5_star,252,12,196,40965215,1,1.0,1.0,1.0,1.0,1.0,9.666666666666666,12,0,0.0,0.0,1.0
t5_star,252,12,197,40965216,1,1.0,1.0,1.0,1.0,1.0,10.0,12,0,0.0,0.0,1.0
t5_star,252,12,198,40965217,1,1.0,1.0,1.0,1.0,1.0,9.666666666666666,12,0,0.0,0.0,1.0
t5_star,252,12,199,40965218,1,1.0,1.0,1.0,1.0,1.0,10.0,12,0,0.0,0.0,1.0
t5_star,252,12,200,40965219,1,1.0,1.0,1.0,1.0,1.0,9.583333333333334,12,0,0.0,0.0,1.0
t5_star,252,12,201,40965220,1,1.0,1.0,1.0,1.0,1.0,10.0,12,0,0.0,0.0,1.0
t5_star,252,12,202,40965221,1,1.0,1.0,1.0,1.0,1.0,9.833333333333334,12,0,0.0,0.0,1.0
t5_star,252,12,203,40965222,1,1.0,1.0,1.0,1.0,1.0,9.916666666666666,12,0,0.0,0.0,1.0
t5_star,252,12,204,40965223,1,1.0,1.0,1.0,1.0,1.0,10.0,12,0,0.0,0.0,1.0
t5_star,252,12,205,40965224,1,1.0,1.0,1.0,1.0,1.0,9.5,12,0,0.0,0.0,1.0
t5_star,252,12,206,40965225,1,0.0,1.0,1.0,1.0,1.0,9.833333333333334,12,0,0.0,0.0,1.0
t5_star,252,12,207,40965226,1,1.0,1.0,1.0,1.0,1.0,9.0,12,0,0.0,0.0,1.0
t5_star,252,12,208,40965227,1,1.0,1.0,1.0,1.0,1.0,9.416666666666666,12,0,0.0,0.0,1.0
t5_star,252,12,209,40965228,1,1.0,1.0,1.0,1.0,1.0,9.75,12,0,0.0,0.0,1.0
t5_star,252,12,210,40965229,1,1.0,1.0,1.0,1.0,1.0,9.833333333333334,12,0,0.0,0.0,1.0
t5_star,252,12,211,40965230,1,1.0,1.0,1.0,1.0,1.0,10.0,12,0,0.0,0.0,1.0
t5_star,252,12,212,40965231,1,1.0,1.0,1.0,1.0,1.0,9.666666666666666,12,0,0.0,0.0,1.0
t5_star,252,12,213,40965232,1,1.0,1.0,1.0,1.0,1.0,9.333333333333334,12,0,0.0,0.0,1.0
t5_star,252,12,214,40965233,1,1.0,1.0,1.0,1.0,1.0,9.666666666666666,12,0,0.0,0.0,1.0
t5_star,252,12,215,40965234,1,1.0,1.0,1.0,1.0,1.0,9.75,12,0,0.0,0.0,1.0
t5_star,252,12,216,40965235,1,1.0,1.0,1.0,1.0,1.0,9.916666666666666,12,0,0.0,0.0,1.0
t5_star,252,12,217,40965236,1,0.0,1.0,1.0,1.0,1.0,9.5,12,0,0.0,0.0,1.0
t5_star,252,12,218,40965237,1,1.0,1.0,1.0,1.0,1.0,9.833333333333334,12,0,0.0,0.0,1.0
t5_star,252,12,219,40965238,1,1.0,1.0,1.0,1.0,1.0,9.416666666666666,12,0,0.0,0.0,1.0
t5_star,252,12,220,40965239,1,1.0,1.0,1.0,1.0,1.0,9.916666666666666,12,0,0.0,0.0,0.9996663329996665
t5_star,252,12,221,40965240,1,1.0,1.0,1.0,1.0,1.0,9.5,12,0,0.0,0.0,1.0
t5_star,252,12,222,40965241,1,1.0,1.0,1.0,1.0,1.0,10.0,12,0,0.0,0.0,1.0
t5_star,252,12,223,40965242,1,0.0,1.0,1.0,1.0,1.0,9.416666666666666,12,0,0.0,0.0,1.0
t5_star,252,12,224,40965243,1,1.0,1.0,1.0,1.0,1.0,9.916666666666666,12,0,0.0,0.0,1.0
t5_star,252,12,225,40965244,1,1.0,1.0,1.0,1.0,1.0,9.75,12,0,0.0,0.0,1.0
t5_star,252,12,226,40965245,1,1.0,1.0,1.0,1.0,1.0,9.833333333333334,12,0,0.0,0.0,1.0
t5_star,252,12,227,40965246,1,1.0,1.0,1.0,1.0,1.0,9.666666666666666,12,0,0.0,0.0,1.0
t5_star,252,12,228,40965247,1,1.0,1.0,1.0,1.0,1.0,10.0,12,0,0.0,0.0,1.0
t5_star,252,12,229,40965248,1,0.0,1.0,1.0,1.0,1.0,9.666666666666666,12,0,0.0,0.0,1.0
t5_star,252,12,230,40965249,1,1.0,1.0,1.0,1.0,1.0,9.916666666666666,12,0,0.0,0.0,1.0
t5_star,252,12,231,40965250,1,0.0,1.0,1.0,1.0,1.0,10.0,12,0,0.0,0.0,1.0
t5_star,252,12,232,40965251,1,1.0,1.0,1.0,1.0,1.0,10.0,12,0,0.0,0.0,1.0
t5_star,252,12,233,40965252,1,1.0,1.0,1.0,1.0,1.0,9.583333333333334,12,0,0.0,0.0,1.0
t5_star,252,12,234,40965253,1,1.0,1.0,1.0,1.0,1.0,9.666666666666666,12,0,0.0,0.0,1.0
t5_star,252,12,235,40965254,1,1.0,1.0,1.0,1.0,1.0,9.833333333333334,12,0,0.0,0.0,1.0
t5_star,252,12,236,40965255,1,0.0,1.0,1.0,1.0,1.0,9.666666666666666,12,0,0.0,0.0,1.0
t5_star,252,12,237,40965256,1,1.0,1.0,1.0,1.0,1.0,9.666666666666666,12,0,0.0,0.0,1.0
t5_star,252,12,238,40965257,1,1.0,1.0,1.0,1.0,1.0,9.833333333333334,12,0,0.0,0.0,1.0
t5_star,252,12,239,40965258,1,1.0,1.0,1.0,1.0,1.0,9.583333333333334,12,0,0.0,0.0,1.0
t5_star,252,12,240,40965259,1,1.0,1.0,1.0,1.0,1.0,10.0,12,0,0.0,0.0,1.0
t5_star,252,12,241,40965260,1,1.0,1.0,1.0,1.0,1.0,9.666666666666666,12,0,0.0,0.0,1.0
t5_star,252,12,242,40965261,1,1.0,1.0,1.0,1.0,1.0,9.916666666666666,12,0,0.0,0.0,1.0
t5_star,252,12,243,40965262,1,1.0,1.0,1.0,1.0,1.0,9.916666666666666,12,0,0.0,0.0,1.0
t5_star,252,12,244,40965263,1,1.0,1.0,1.0,1.0,1.0,9.5,12,0,0.0,0.0,1.0
t5_star,252,12,245,40965264,1,1.0,1.0,1.0,1.0,1.0,9.833333333333334,12,0,0.0,0.0,1.0
t5_star,252,12,246,40965265,1,1.0,1.0,1.0,1.0,1.0,9.416666666666666,12,0,0.0,0.0,1.0
t5_star,252,12,247,40965266,1,1.0,1.0,1.0,1.0,1.0,10.0,12,0,0.0,0.0,1.0
t5_star,252,12,248,40965267,1,1.0,1.0,1.0,1.0,1.0,9.916666666666666,12,0,0.0,0.0,1.0
t5_star,252,12,249,40965268,1,1.0,1.0,1.0,1.0,1.0,9.666666666666666,12,0,0.0,0.0,1.0
t5_star,252,12,250,40965269,1,1.0,1.0,1.0,1.0,1.0,9.916666666666666,12,0,0.0,0.0,1.0
t5_star,252,12,251,40965270,1,1.0,1.0,1.0,1.0,1.0,9.333333333333334,12,0,0.0,0.0,1.0
t5_star,252,12,252,40965271,1,1.0,1.0,1.0,1.0,1.0,9.666666666666666,12,0,0.0,0.0,1.0
t5_star,252,12,253,40965272,1,0.0,1.0,1.0,1.0,1.0,9.75,12,0,0.0,0.0,1.0
t5_star,252,12,254,40965273,1,1.0,1.0,1.0,1.0,1.0,9.833333333333334,12,0,0.0,0.0,1.0
t5_star,252,12,255,40965274,1,1.0,1.0,1.0,1.0,1.0,9.833333333333334,12,0,0.0,0.0,1.0
t5_star,252,12,256,40965275,1,0.0,1.0,1.0,1.0,1.0,10.0,12,0,0.0,0.0,1.0
t5_star,252,12,257,40965276,1,1.0,1.0,1.0,1.0,1.0,10.0,12,0,0.0,0.0,1.0
t5_star,252,12,258,40965277,1,1.0,1.0,1.0,1.0,1.0,9.666666666666666,12,0,0.0,0.0,1.0
t5_star,252,12,259,40965278,1,1.0,1.0,1.0,1.0,1.0,9.416666666666666,12,0,0.0,0.0,1.0
t5_star,252,12,260,40965279,1,1.0,1.0,1.0,1.0,1.0,9.833333333333334,12,0,0.0,0.0,1.0
t5_star,252,12,261,40965280,1,1.0,1.0,1.0,1.0,1.0,9.916666666666666,12,0,0.0,0.0,1.0
t5_star,252,12,262,40965281,1,1.0,1.0,1.0,1.0,1.0,9.916666666666666,12,0,0.0,0.0,1.0
t5_star,252,12,263,40965282,1,1.0,1.0,1.0,1.0,1.0,9.833333333333334,12,0,0.0,0.0,1.0
t5_star,252,12,264,40965283,1,1.0,1.0,1.0,1.0,1.0,9.416666666666666,12,0,0.0,0.0,1.0
t5_star,252,12,265,40965284,1,0.0,1.0,1.0,1.0,1.0,9.583333333333334,12,0,0.0,0.0,1.0
t5_star,252,12,266,40965285,1,0.0,1.0,1.0,1.0,1.0,9.666666666666666,12,0,0.0,0.0,1.0
t5_star,252,12,267,40965286,1,1.0,1.0,1.0,1.0,1.0,9.916666666666666,12,0,0.0,0.0,1.0
t5_star,252,12,268,40965287,1,0.0,1.0,1.0,1.0,1.0,10.0,12,0,0.0,0.0,1.0
t5_star,252,12,269,40965288,1,1.0,1.0,1.0,1.0,1.0,9.833333333333334,12,0,0.0,0.0,1.0
t5_star,252,12,270,40965289,1,0.0,1.0,1.0,1.0,1.0,9.5,12,0,0.0,0.0,1.0
t5_star,252,12,271,40965290,1,1.0,1.0,1.0,1.0,1.0,9.583333333333334,12,0,0.0,0.0,1.0
t5_star,252,12,272,40965291,1,1.0,1.0,1.0,1.0,1.0,9.916666666666666,12,0,0.0,0.0,0.9994994994994995
t5_star,252,12,273,40965292,1,1.0,1.0,1.0,1.0,1.0,9.75,12,0,0.0,0.0,1.0
t5_star,252,12,274,40965293,1,1.0,1.0,1.0,1.0,1.0,10.0,12,0,0.0,0.0,1.0
t5_star,252,12,275,40965294,1,1.0,1.0,1.0,1.0,1.0,9.75,12,0,0.0,0.0,1.0
t5_star,252,12,276,40965295,1,1.0,1.0,1.0,1.0,1.0,9.833333333333334,12,0,0.0,0.0,1.0
t5_star,252,12,277,40965296,1,1.0,1.0,1.0,1.0,1.0,9.833333333333334,12,0,0.0,0.0,1.0
t5_star,252,12,278,40965297,1,1.0,1.0,1.0,1.0,1.0,9.416666666666666,12,0,0.0,0.0,1.0
t5_star,252,12,279,40965298,1,1.0,1.0,1.0,1.0,1.0,10.0,12,0,0.0,0.0,1.0
t5_star,252,12,280,40965299,1,1.0,1.0,1.0,1.0,1.0,9.833333333333334,12,0,0.0,0.0,1.0
t5_star,252,12,281,40965300,1,1.0,1.0,1.0,1.0,1.0,10.0,12,0,0.0,0.0,1.0
t5_star,252,12,282,40965301,1,1.0,1.0,1.0,1.0,1.0,9.916666666666666,12,0,0.0,0.0,1.0
t5_star,252,12,283,40965302,1,1.0,1.0,1.0,1.0,1.0,9.75,12,0,0.0,0.0,1.0
t5_star,252,12,284,40965303,1,1.0,1.0,1.0,1.0,1.0,9.666666666666666,12,0,0.0,0.0,1.0
t5_star,252,12,285,40965304,1,1.0,1.0,1.0,1.0,1.0,9.833333333333334,12,0,0.0,0.0,1.0
t5_star,252,12,286,40965305,1,1.0,1.0,1.0,1.0,1.0,9.416666666666666,12,0,0.0,0.0,1.0
t5_star,252,12,287,40965306,1,1.0,1.0,1.0,1.0,1.0,9.666666666666666,12,0,0.0,0.0,1.0
t5_star,252,12,288,40965307,1,1.0,1.0,1.0,1.0,1.0,9.833333333333334,12,0,0.0,0.0,1.0
t5_star,252,12,289,40965308,1,1.0,1.0,1.0,1.0,1.0,9.833333333333334,12,0,0.0,0.0,1.0
t5_star,252,12,290,40965309,1,1.0,1.0,1.0,1.0,1.0,9.916666666666666,12,0,0.0,0.0,1.0
t5_star,252,12,291,40965310,1,0.0,1.0,1.0,1.0,1.0,9.25,12,0,0.0,0.0,1.0
t5_star,252,12,292,40965311,1,1.0,1.0,1.0,1.0,1.0,9.833333333333334,12,0,0.0,0.0,1.0
t5_star,252,12,293,40965312,1,1.0,1.0,1.0,1.0,1.0,9.666666666666666,12,0,0.0,0.0,1.0
t5_star,252,12,294,40965313,1,1.0,1.0,1.0,1.0,1.0,9.833333333333334,12,0,0.0,0.0,1.0
t5_star,252,12,295,40965314,1,1.0,1.0,1.0,1.0,1.0,9.916666666666666,12,0,0.0,0.0,1.0
t5_star,252,12,296,40965315,1,1.0,1.0,1.0,1.0,1.0,9.666666666666666,12,0,0.0,0.0,1.0
t5_star,252,12,297,40965316,1,1.0,1.0,1.0,1.0,1.0,9.916666666666666,12,0,0.0,0.0,1.0
t5_star,252,12,298,40965317,1,0.0,1.0,1.0,1.0,1.0,9.083333333333334,12,0,0.0,0.0,1.0
t5_star,252,12,299,40965318,1,1.0,1.0,1.0,1.0,1.0,9.666666666666666,12,0,0.0,0.0,1.0
t5_star,252,12,300,40965319,1,1.0,1.0,1.0,1.0,1.0,9.75,12,0,0.0,0.0,1.0
t5_star,252,12,301,40965320,1,1.0,1.0,1.0,1.0,1.0,9.75,12,0,0.0,0.0,1.0
t5_star,252,12,302,40965321,1,1.0,1.0,1.0,1.0,1.0,9.75,12,0,0.0,0.0,1.0
t5_star,252,12,303,40965322,1,1.0,1.0,1.0,1.0,1.0,9.666666666666666,12,0,0.0,0.0,1.0
t5_star,252,12,304,40965323,1,1.0,1.0,1.0,1.0,1.0,9.833333333333334,12,0,0.0,0.0,1.0
t5_star,252,12,305,40965324,1,1.0,1.0,1.0,1.0,1.0,9.666666666666666,12,0,0.0,0.0,1.0
t5_star,252,12,306,40965325,1,1.0,1.0,1.0,1.0,1.0,9.75,12,0,0.0,0.0,1.0
t5_star,252,12,307,40965326,1,1.0,1.0,1.0,1.0,1.0,9.583333333333334,12,0,0.0,0.0,1.0
t5_star,252,12,308,40965327,1,1.0,1.0,1.0,1.0,1.0,10.0,12,0,0.0,0.0,1.0
t5_star,252,12,309,40965328,1,1.0,1.0,1.0,1.0,1.0,9.666666666666666,12,0,0.0,0.0,1.0
t5_star,252,12,310,40965329,1,1.0,1.0,1.0,1.0,1.0,9.833333333333334,12,0,0.0,0.0,1.0
t5_star,252,12,311,40965330,1,1.0,1.0,1.0,1.0,1.0,10.0,12,0,0.0,0.0,1.0
t5_star,252,12,312,40965331,1,1.0,1.0,1.0,1.0,1.0,9.083333333333334,12,0,0.0,0.0,1.0
t5_star,252,12,313,40965332,1,1.0,1.0,1.0,1.0,1.0,9.75,12,0,0.0,0.0,1.0
t5_star,252,12,314,40965333,1,1.0,1.0,1.0,1.0,1.0,9.75,12,0,0.0,0.0,1.0
t5_star,252,12,315,40965334,1,1.0,1.0,1.0,1.0,1.0,9.25,12,0,0.0,0.0,1.0
t5_star,252,12,316,40965335,1,1.0,1.0,1.0,1.0,1.0,9.666666666666666,12,0,0.0,0.0,1.0
t5_star,252,12,317,40965336,1,0.0,1.0,1.0,1.0,1.0,9.5,12,0,0.0,0.0,1.0
t5_star,252,12,318,40965337,1,1.0,1.0,1.0,1.0,1.0,9.833333333333334,12,0,0.0,0.0,1.0
t5_star,252,12,319,40965338,1,1.0,1.0,1.0,1.0,1.0,9.666666666666666,12,0,0.0,0.0,1.0
t5_star,252,12,320,40965339,1,1.0,1.0,1.0,1.0,1.0,9.416666666666666,12,0,0.0,0.0,1.0
t5_star,252,12,321,40965340,1,1.0,1.0,1.0,1.0,1.0,9.5,12,0,0.0,0.0,1.0
t5_star,252,12,322,40965341,1,1.0,1.0,1.0,1.0,1.0,9.75,12,0,0.0,0.0,1.0
t5_star,252,12,323,40965342,1,1.0,1.0,1.0,1.0,1.0,9.833333333333334,12,0,0.0,0.0,1.0
t5_star,252,12,324,40965343,1,1.0,1.0,1.0,1.0,1.0,9.666666666666666,12,0,0.0,0.0,1.0
t5_star,252,12,325,40965344,1,1.0,1.0,1.0,1.0,1.0,9.833333333333334,12,0,0.0,0.0,1.0
t5_star,252,12,326,40965345,1,1.0,1.0,1.0,1.0,1.0,9.916666666666666,12,0,0.0,0.0,1.0
t5_star,252,12,327,40965346,1,1.0,1.0,1.0,1.0,1.0,9.666666666666666,12,0,0.0,0.0,1.0
t5_star,252,12,328,40965347,1,1.0,1.0,1.0,1.0,1.0,9.75,12,0,0.0,0.0,1.0
t5_star,252,12,329,40965348,1,0.0,1.0,1.0,1.0,1.0,10.0,12,0,0.0,0.0,1.0
t5_star,252,12,330,40965349,1,1.0,1.0,1.0,1.0,1.0,9.833333333333334,12,0,0.0,0.0,1.0
t5_star,252,12,331,40965350,1,1.0,1.0,1.0,1.0,1.0,9.75,12,0,0.0,0.0,0.998998998998999
t5_star,252,12,332,40965351,1,1.0,1.0,1.0,1.0,1.0,10.0,12,0,0.0,0.0,1.0
t5_star,252,12,333,40965352,1,1.0,1.0,1.0,1.0,1.0,9.75,12,0,0.0,0.0,1.0
t5_star,252,12,334,40965353,1,1.0,1.0,1.0,1.0,1.0,9.75,12,0,0.0,0.0,1.0
t5_star,252,12,335,40965354,1,0.0,1.0,1.0,1.0,1.0,9.333333333333334,12,0,0.0,0.0,1.0
t5_star,252,12,336,40965355,1,0.0,1.0,1.0,1.0,1.0,9.333333333333334,12,0,0.0,0.0,1.0
t5_star,252,12,337,40965356,1,1.0,1.0,1.0,1.0,1.0,9.666666666666666,12,0,0.0,0.0,1.0
t5_star,252,12,338,40965357,1,1.0,1.0,1.0,1.0,1.0,10.0,12,0,0.0,0.0,1.0
t5_star,252,12,339,40965358,1,0.0,1.0,1.0,1.0,1.0,9.833333333333334,12,0,0.0,0.0,1.0
t5_star,252,12,340,40965359,1,1.0,1.0,1.0,1.0,1.0,10.0,12,0,0.0,0.0,1.0
t5_star,252,12,341,40965360,1,1.0,1.0,1.0,1.0,1.0,9.833333333333334,12,0,0.0,0.0,1.0
t5_star,252,12,342,40965361,1,0.0,1.0,1.0,1.0,1.0,9.75,12,0,0.0,0.0,1.0
t5_star,252,12,343,40965362,1,1.0,1.0,1.0,1.0,1.0,10.0,12,0,0.0,0.0,1.0
t5_star,252,12,344,40965363,1,1.0,1.0,1.0,1.0,1.0,10.0,12,0,0.0,0.0,1.0
t5_star,252,12,345,40965364,1,1.0,1.0,1.0,1.0,1.0,10.0,12,0,0.0,0.0,1.0
t5_star,252,12,346,40965365,1,1.0,1.0,1.0,1.0,1.0,9.666666666666666,12,0,0.0,0.0,1.0
t5_star,252,12,347,40965366,1,1.0,1.0,1.0,1.0,1.0,9.833333333333334,12,0,0.0,0.0,1.0
t5_star,252,12,348,40965367,1,1.0,1.0,1.0,1.0,1.0,9.833333333333334,12,0,0.0,0.0,1.0
t5_star,252,12,349,40965368,1,1.0,1.0,1.0,1.0,1.0,9.583333333333334,12,0,0.0,0.0,1.0
t5_star,252,12,350,40965369,1,1.0,1.0,1.0,1.0,1.0,9.75,12,0,0.0,0.0,1.0
t5_star,252,12,351,40965370,1,1.0,1.0,1.0,1.0,1.0,9.666666666666666,12,0,0.0,0.0,1.0
t5_star,252,12,352,40965371,1,1.0,1.0,1.0,1.0,1.0,9.833333333333334,12,0,0.0,0.0,1.0
t5_star,252,12,353,40965372,1,1.0,1.0,1.0,1.0,1.0,9.75,12,0,0.0,0.0,1.0
t5_star,252,12,354,40965373,1,1.0,1.0,1.0,1.0,1.0,9.75,12,0,0.0,0.0,1.0
t5_star,252,12,355,40965374,1,0.0,1.0,1.0,1.0,1.0,10.0,12,0,0.0,0.0,1.0
t5_star,252,12,356,40965375,1,1.0,1.0,1.0,1.0,1.0,9.75,12,0,0.0,0.0,1.0
t5_star,252,12,357,40965376,1,1.0,1.0,1.0,1.0,1.0,9.416666666666666,12,0,0.0,0.0,1.0
t5_star,252,12,358,40965377,1,0.0,1.0,1.0,1.0,1.0,9.333333333333334,12,0,0.0,0.0,1.0
t5_star,252,12,359,40965378,1,1.0,1.0,1.0,1.0,1.0,9.833333333333334,12,0,0.0,0.0,1.0
t5_star,252,12,360,40965379,1,1.0,1.0,1.0,1.0,1.0,9.5,12,0,0.0,0.0,1.0
t5_star,252,12,361,40965380,1,0.0,1.0,1.0,1.0,1.0,9.833333333333334,12,0,0.0,0.0,1.0
t5_star,252,12,362,40965381,1,1.0,1.0,1.0,1.0,1.0,9.833333333333334,12,0,0.0,0.0,1.0
t5_star,252,12,363,40965382,1,1.0,1.0,1.0,1.0,1.0,9.583333333333334,12,0,0.0,0.0,1.0
t5_star,252,12,364,40965383,1,1.0,1.0,1.0,1.0,1.0,9.666666666666666,12,0,0.0,0.0,1.0
t5_star,252,12,365,40965384,1,1.0,1.0,1.0,1.0,1.0,9.916666666666666,12,0,0.0,0.0,1.0
t5_star,252,12,366,40965385,1,1.0,1.0,1.0,1.0,1.0,9.916666666666666,12,0,0.0,0.0,1.0
t5_star,252,12,367,40965386,1,1.0,1.0,1.0,1.0,1.0,9.5,12,0,0.0,0.0,1.0
t5_star,252,12,368,40965387,1,1.0,1.0,1.0,1.0,1.0,9.916666666666666,12,0,0.0,0.0,1.0
t5_star,252,12,369,40965388,1,1.0,1.0,1.0,1.0,1.0,9.916666666666666,12,0,0.0,0.0,1.0
t5_star,252,12,370,40965389,1,1.0,1.0,1.0,1.0,1.0,9.5,12,0,0.0,0.0,1.0
t5_star,252,12,371,40965390,1,1.0,1.0,1.0,1.0,1.0,9.416666666666666,12,0,0.0,0.0,1.0
t5_star,252,12,372,40965391,1,1.0,1.0,1.0,1.0,1.0,10.0,12,0,0.0,0.0,1.0
t5_star,252,12,373,40965392,1,1.0,1.0,1.0,1.0,1.0,9.833333333333334,12,0,0.0,0.0,1.0
t5_star,252,12,374,40965393,1,1.0,1.0,1.0,1.0,1.0,9.916666666666666,12,0,0.0,0.0,1.0
t5_star,252,12,375,40965394,1,1.0,1.0,1.0,1.0,1.0,9.916666666666666,12,0,0.0,0.0,1.0
t5_star,252,12,376,40965395,1,1.0,1.0,1.0,1.0,1.0,9.583333333333334,12,0,0.0,0.0,1.0
t5_star,252,12,377,40965396,1,1.0,1.0,1.0,1.0,1.0,9.583333333333334,12,0,0.0,0.0,1.0
t5_star,252,12,378,40965397,1,1.0,1.0,1.0,1.0,1.0,9.75,12,0,0.0,0.0,1.0
t5_star,252,12,379,40965398,1,0.0,1.0,1.0,1.0,1.0,9.5,12,0,0.0,0.0,1.0
t5_star,252,12,380,40965399,1,0.0,1.0,1.0,1.0,1.0,9.833333333333334,12,0,0.0,0.0,1.0
t5_star,252,12,381,40965400,1,1.0,1.0,1.0,1.0,1.0,9.583333333333334,12,0,0.0,0.0,1.0
t5_star,252,12,382,40965401,1,1.0,1.0,1.0,1.0,1.0,10.0,12,0,0.0,0.0,1.0
t5_star,252,12,383,40965402,1,1.0,1.0,1.0,1.0,1.0,9.666666666666666,12,0,0.0,0.0,1.0
t5_star,252,12,384,40965403,1,1.0,1.0,1.0,1.0,1.0,9.416666666666666,12,0,0.0,0.0,1.0
t5_star,252,12,385,40965404,1,1.0,1.0,1.0,1.0,1.0,9.25,12,0,0.0,0.0,1.0
t5_star,252,12,386,40965405,1,1.0,1.0,1.0,1.0,1.0,9.916666666666666,12,0,0.0,0.0,1.0
t5_star,252,12,387,40965406,1,1.0,1.0,1.0,1.0,1.0,9.833333333333334,12,0,0.0,0.0,1.0
t5_star,252,12,388,40965407,1,1.0,1.0,1.0,1.0,1.0,9.583333333333334,12,0,0.0,0.0,1.0
t5_star,252,12,389,40965408,1,0.0,1.0,1.0,1.0,1.0,9.833333333333334,12,0,0.0,0.0,1.0
t5_star,252,12,390,40965409,1,1.0,1.0,1.0,1.0,1.0,9.916666666666666,12,0,0.0,0.0,1.0
t5_star,252,12,391,40965410,1,1.0,1.0,1.0,1.0,1.0,9.666666666666666,12,0,0.0,0.0,1.0
t5_star,252,12,392,40965411,1,1.0,1.0,1.0,1.0,1.0,9.75,12,0,0.0,0.0,1.0
t5_star,252,12,393,40965412,1,1.0,1.0,1.0,1.0,1.0,9.333333333333334,12,0,0.0,0.0,1.0
t5_star,252,12,394,40965413,1,1.0,1.0,1.0,1.0,1.0,10.0,12,0,0.0,0.0,1.0
t5_star,252,12,395,40965414,1,1.0,1.0,1.0,1.0,1.0,9.75,12,0,0.0,0.0,1.0
t5_star,252,12,396,40965415,1,1.0,1.0,1.0,1.0,1.0,9.583333333333334,12,0,0.0,0.0,1.0
t5_star,252,12,397,40965416,1,0.0,1.0,1.0,1.0,1.0,9.416666666666666,12,0,0.0,0.0,0.9996663329996665
t5_star,252,12,398,40965417,1,1.0,1.0,1.0,1.0,1.0,9.916666666666666,12,0,0.0,0.0,1.0
t5_star,252,12,399,40965418,1,1.0,1.0,1.0,1.0,1.0,9.5,12,0,0.0,0.0,1.0
t5_star,252,12,400,40965419,1,1.0,1.0,1.0,1.0,1.0,9.833333333333334,12,0,0.0,0.0,1.0
t5_star,252,12,401,40965420,1,1.0,1.0,1.0,1.0,1.0,9.833333333333334,12,0,0.0,0.0,1.0
t5_star,252,12,402,40965421,1,1.0,1.0,1.0,1.0,1.0,9.916666666666666,12,0,0.0,0.0,1.0
t5_star,252,12,403,40965422,1,1.0,1.0,1.0,1.0,1.0,10.0,12,0,0.0,0.0,1.0
t5_star,252,12,404,40965423,1,1.0,1.0,1.0,1.0,1.0,9.583333333333334,12,0,0.0,0.0,1.0
t5_star,252,12,405,40965424,1,0.0,1.0,1.0,1.0,1.0,9.583333333333334,12,0,0.0,0.0,1.0
t5_star,252,12,406,40965425,1,0.0,1.0,1.0,1.0,1.0,9.916666666666666,12,0,0.0,0.0,1.0
t5_star,252,12,407,40965426,1,1.0,1.0,1.0,1.0,1.0,10.0,12,0,0.0,0.0,1.0
t5_star,252,12,408,40965427,1,1.0,1.0,1.0,1.0,1.0,9.166666666666666,12,0,0.0,0.0,1.0
t5_star,252,12,409,40965428,1,1.0,1.0,1.0,1.0,1.0,9.833333333333334,12,0,0.0,0.0,1.0
t5_star,252,12,410,40965429,1,1.0,1.0,1.0,1.0,1.0,10.0,12,0,0.0,0.0,1.0
t5_star,252,12,411,40965430,1,0.0,1.0,1.0,1.0,1.0,9.5,12,0,0.0,0.0,1.0
t5_star,252,12,412,40965431,1,1.0,1.0,1.0,1.0,1.0,10.0,12,0,0.0,0.0,1.0
t5_star,252,12,413,40965432,1,1.0,1.0,1.0,1.0,1.0,9.916666666666666,12,0,0.0,0.0,1.0
t5_star,252,12,414,40965433,1,1.0,1.0,1.0,1.0,1.0,9.833333333333334,12,0,0.0,0.0,1.0
t5_star,252,12,415,40965434,1,1.0,1.0,1.0,1.0,1.0,9.916666666666666,12,0,0.0,0.0,1.0
t5_star,252,12,416,40965435,1,1.0,1.0,1.0,1.0,1.0,9.833333333333334,12,0,0.0,0.0,1.0
t5_star,252,12,417,40965436,1,1.0,1.0,1.0,1.0,1.0,9.916666666666666,12,0,0.0,0.0,1.0
t5_star,252,12,418,40965437,1,1.0,1.0,1.0,1.0,1.0,9.666666666666666,12,0,0.0,0.0,1.0
t5_star,252,12,419,40965438,1,1.0,1.0,1.0,1.0,1.0,9.833333333333334,12,0,0.0,0.0,1.0
t5_star,252,12,420,40965439,1,0.0,1.0,1.0,1.0,1.0,10.0,12,0,0.0,0.0,1.0
t5_star,252,12,421,40965440,1,1.0,1.0,1.0,1.0,1.0,9.666666666666666,12,0,0.0,0.0,1.0
t5_star,252,12,422,40965441,1,1.0,1.0,1.0,1.0,1.0,9.583333333333334,12,0,0.0,0.0,1.0
t5_star,252,12,423,40965442,1,1.0,1.0,1.0,1.0,1.0,9.833333333333334,12,0,0.0,0.0,1.0
t5_star,252,12,424,40965443,1,1.0,1.0,1.0,1.0,1.0,9.916666666666666,12,0,0.0,0.0,1.0
t5_star,252,12,425,40965444,1,1.0,1.0,1.0,1.0,1.0,9.75,12,0,0.0,0.0,1.0
t5_star,252,12,426,40965445,1,1.0,1.0,1.0,1.0,1.0,9.916666666666666,12,0,0.0,0.0,1.0
t5_star,252,12,427,40965446,1,1.0,1.0,1.0,1.0,1.0,9.833333333333334,12,0,0.0,0.0,0.9994994994994995
t5_star,252,12,428,40965447,1,1.0,1.0,1.0,1.0,1.0,9.5,12,0,0.0,0.0,1.0
t5_star,252,12,429,40965448,1,1.0,1.0,1.0,1.0,1.0,9.833333333333334,12,0,0.0,0.0,1.0
t5_star,252,12,430,40965449,1,1.0,1.0,1.0,1.0,1.0,9.916666666666666,12,0,0.0,0.0,1.0
t5_star,252,12,431,40965450,1,1.0,1.0,1.0,1.0,1.0,9.666666666666666,12,0,0.0,0.0,1.0
t5_star,252,12,432,40965451,1,1.0,1.0,1.0,1.0,1.0,10.0,12,0,0.0,0.0,1.0
t5_star,252,12,433,40965452,1,1.0,1.0,1.0,1.0,1.0,9.916666666666666,12,0,0.0,0.0,1.0
t5_star,252,12,434,40965453,1,1.0,1.0,1.0,1.0,1.0,10.0,12,0,0.0,0.0,1.0
t5_star,252,12,435,40965454,1,1.0,1.0,1.0,1.0,1.0,9.75,12,0,0.0,0.0,1.0
t5_star,252,12,436,40965455,1,1.0,1.0,1.0,1.0,1.0,9.333333333333334,12,0,0.0,0.0,1.0
t5_star,252,12,437,40965456,1,1.0,1.0,1.0,1.0,1.0,9.75,12,0,0.0,0.0,1.0
t5_star,252,12,438,40965457,1,1.0,1.0,1.0,1.0,1.0,9.583333333333334,12,0,0.0,0.0,1.0
t5_star,252,12,439,40965458,1,1.0,1.0,1.0,1.0,1.0,9.833333333333334,12,0,0.0,0.0,1.0
t5_star,252,12,440,40965459,1,1.0,1.0,1.0,1.0,1.0,9.75,12,0,0.0,0.0,1.0
t5_star,252,12,441,40965460,1,1.0,1.0,1.0,1.0,1.0,9.416666666666666,12,0,0.0,0.0,1.0
t5_star,252,12,442,40965461,1,1.0,1.0,1.0,1.0,1.0,9.916666666666666,12,0,0.0,0.0,1.0
t5_star,252,12,443,40965462,1,1.0,1.0,1.0,1.0,1.0,10.0,12,0,0.0,0.0,1.0
t5_star,252,12,444,40965463,1,1.0,1.0,1.0,1.0,1.0,9.916666666666666,12,0,0.0,0.0,1.0
t5_star,252,12,445,40965464,1,1.0,1.0,1.0,1.0,1.0,9.916666666666666,12,0,0.0,0.0,1.0
t5_star,252,12,446,40965465,1,1.0,1.0,1.0,1.0,1.0,9.583333333333334,12,0,0.0,0.0,1.0
t5_star,252,12,447,40965466,1,1.0,1.0,1.0,1.0,1.0,9.833333333333334,12,0,0.0,0.0,1.0
t5_star,252,12,448,40965467,1,1.0,1.0,1.0,1.0,1.0,9.833333333333334,12,0,0.0,0.0,1.0
t5_star,252,12,449,40965468,1,1.0,1.0,1.0,1.0,1.0,10.0,12,0,0.0,0.0,1.0
t5_star,252,12,450,40965469,1,0.0,1.0,1.0,1.0,1.0,9.5,12,0,0.0,0.0,1.0
t5_star,252,12,451,40965470,1,1.0,1.0,1.0,1.0,1.0,10.0,12,0,0.0,0.0,1.0
t5_star,252,12,452,40965471,1,1.0,1.0,1.0,1.0,1.0,9.916666666666666,12,0,0.0,0.0,1.0
t5_star,252,12,453,40965472,1,1.0,1.0,1.0,1.0,1.0,9.583333333333334,12,0,0.0,0.0,1.0
t5_star,252,12,454,40965473,1,1.0,1.0,1.0,1.0,1.0,9.833333333333334,12,0,0.0,0.0,1.0
t5_star,252,12,455,40965474,1,1.0,1.0,1.0,1.0,1.0,9.75,12,0,0.0,0.0,1.0
t5_star,252,12,456,40965475,1,1.0,1.0,1.0,1.0,1.0,9.75,12,0,0.0,0.0,1.0
t5_star,252,12,457,40965476,1,1.0,1.0,1.0,1.0,1.0,9.75,12,0,0.0,0.0,1.0
t5_star,252,12,458,40965477,1,0.0,1.0,1.0,1.0,1.0,9.833333333333334,12,0,0.0,0.0,1.0
t5_star,252,12,459,40965478,1,1.0,1.0,1.0,1.0,1.0,9.833333333333334,12,0,0.0,0.0,1.0
t5_star,252,12,460,40965479,1,0.0,1.0,1.0,1.0,1.0,9.75,12,0,0.0,0.0,1.0
t5_star,252,12,461,40965480,1,1.0,1.0,1.0,1.0,1.0,9.75,12,0,0.0,0.0,1.0
t5_star,252,12,462,40965481,1,1.0,1.0,1.0,1.0,1.0,9.916666666666666,12,0,0.0,0.0,0.9994994994994995
t5_star,252,12,463,40965482,1,1.0,1.0,1.0,1.0,1.0,9.916666666666666,12,0,0.0,0.0,1.0
t5_star,252,12,464,40965483,1,0.0,1.0,1.0,1.0,1.0,9.916666666666666,12,0,0.0,0.0,1.0
t5_star,252,12,465,40965484,1,1.0,1.0,1.0,1.0,1.0,9.5,12,0,0.0,0.0,1.0
t5_star,252,12,466,40965485,1,1.0,1.0,1.0,1.0,1.0,10.0,12,0,0.0,0.0,1.0
t5_star,252,12,467,40965486,1,1.0,1.0,1.0,1.0,1.0,9.583333333333334,12,0,0.0,0.0,1.0
t5_star,252,12,468,40965487,1,1.0,1.0,1.0,1.0,1.0,9.416666666666666,12,0,0.0,0.0,1.0
t5_star,252,12,469,40965488,1,1.0,1.0,1.0,1.0,1.0,9.333333333333334,12,0,0.0,0.0,1.0
t5_star,252,12,470,40965489,1,1.0,1.0,1.0,1.0,1.0,10.0,12,0,0.0,0.0,0.997997997997998
t5_star,252,12,471,40965490,1,1.0,1.0,1.0,1.0,1.0,10.0,12,0,0.0,0.0,1.0
t5_star,252,12,472,40965491,1,1.0,1.0,1.0,1.0,1.0,10.0,12,0,0.0,0.0,1.0
t5_star,252,12,473,40965492,1,0.0,1.0,1.0,1.0,1.0,9.166666666666666,12,0,0.0,0.0,1.0
t5_star,252,12,474,40965493,1,1.0,1.0,1.0,1.0,1.0,9.583333333333334,12,0,0.0,0.0,1.0
t5_star,252,12,475,40965494,1,1.0,1.0,1.0,1.0,1.0,9.75,12,0,0.0,0.0,1.0
t5_star,252,12,476,40965495,1,1.0,1.0,1.0,1.0,1.0,9.833333333333334,12,0,0.0,0.0,0.9983316649983316
t5_star,252,12,477,40965496,1,1.0,1.0,1.0,1.0,1.0,9.583333333333334,12,0,0.0,0.0,1.0
t5_star,252,12,478,40965497,1,1.0,1.0,1.0,1.0,1.0,9.916666666666666,12,0,0.0,0.0,1.0
t5_star,252,12,479,40965498,1,1.0,1.0,1.0,1.0,1.0,9.916666666666666,12,0,0.0,0.0,1.0
t5_star,252,12,480,40965499,1,1.0,1.0,1.0,1.0,1.0,10.0,12,0,0.0,0.0,1.0
t5_star,252,12,481,40965500,1,1.0,1.0,1.0,1.0,1.0,10.0,12,0,0.0,0.0,1.0
t5_star,252,12,482,40965501,1,1.0,1.0,1.0,1.0,1.0,9.583333333333334,12,0,0.0,0.0,1.0
t5_star,252,12,483,40965502,1,1.0,1.0,1.0,1.0,1.0,9.75,12,0,0.0,0.0,1.0
t5_star,252,12,484,40965503,1,0.0,1.0,1.0,1.0,1.0,10.0,12,0,0.0,0.0,1.0
t5_star,252,12,485,40965504,1,1.0,1.0,1.0,1.0,1.0,9.0,12,0,0.0,0.0,1.0
t5_star,252,12,486,40965505,1,1.0,1.0,1.0,1.0,1.0,9.5,12,0,0.0,0.0,1.0
t5_star,252,12,487,40965506,1,1.0,1.0,1.0,1.0,1.0,9.833333333333334,12,0,0.0,0.0,1.0
t5_star,252,12,488,40965507,1,1.0,1.0,1.0,1.0,1.0,9.75,12,0,0.0,0.0,1.0
t5_star,252,12,489,40965508,1,1.0,1.0,1.0,1.0,1.0,9.75,12,0,0.0,0.0,1.0
t5_star,252,12,490,40965509,1,1.0,1.0,1.0,1.0,1.0,9.833333333333334,12,0,0.0,0.0,1.0
t5_star,252,12,491,40965510,1,1.0,1.0,1.0,1.0,1.0,9.833333333333334,12,0,0.0,0.0,1.0
t5_star,252,12,492,40965511,1,1.0,1.0,1.0,1.0,1.0,9.75,12,0,0.0,0.0,1.0
t5_star,252,12,493,40965512,1,1.0,1.0,1.0,1.0,1.0,9.75,12,0,0.0,0.0,1.0
t5_star,252,12,494,40965513,1,1.0,1.0,1.0,1.0,1.0,9.833333333333334,12,0,0.0,0.0,1.0
t5_star,252,12,495,40965514,1,1.0,1.0,1.0,1.0,1.0,9.5,12,0,0.0,0.0,1.0
t5_star,252,12,496,40965515,1,1.0,1.0,1.0,1.0,1.0,10.0,12,0,0.0,0.0,1.0
t5_star,252,12,497,40965516,1,1.0,1.0,1.0,1.0,1.0,9.833333333333334,12,0,0.0,0.0,1.0
t5_star,252,12,498,40965517,1,1.0,1.0,1.0,1.0,1.0,10.0,12,0,0.0,0.0,1.0
t5_star,252,12,499,40965518,1,1.0,1.0,1.0,1.0,1.0,9.833333333333334,12,0,0.0,0.0,1.0
t5_star,1008,12,0,41721019,1,1.0,1.0,1.0,1.0,1.0,3.6666666666666665,9,0,0.0,0.0,1.0
t5_star,1008,12,1,41721020,1,1.0,1.0,1.0,1.0,1.0,4.916666666666667,12,0,0.0,0.0,1.0
t5_star,1008,12,2,41721021,1,1.0,1.0,1.0,1.0,1.0,6.5,12,0,0.0,0.0,1.0
t5_star,1008,12,3,41721022,1,1.0,1.0,1.0,1.0,1.0,3.4166666666666665,11,0,0.0,0.08333333333333333,1.0
t5_star,1008,12,4,41721023,1,1.0,1.0,1.0,1.0,1.0,2.75,7,0,0.0,0.16666666666666666,1.0
t5_star,1008,12,5,41721024,1,0.0,1.0,1.0,1.0,1.0,3.5833333333333335,12,0,0.0,0.0,1.0
t5_star,1008,12,6,41721025,1,1.0,1.0,1.0,1.0,1.0,5.833333333333333,12,0,0.0,0.0,1.0
t5_star,1008,12,7,41721026,1,1.0,1.0,1.0,1.0,1.0,3.4166666666666665,11,0,0.0,0.08333333333333333,1.0
t5_star,1008,12,8,41721027,1,1.0,1.0,1.0,1.0,1.0,3.6666666666666665,12,0,0.0,0.0,1.0
t5_star,1008,12,9,41721028,1,1.0,1.0,1.0,1.0,1.0,4.25,11,0,0.0,0.08333333333333333,1.0
t5_star,1008,12,10,41721029,1,1.0,1.0,1.0,1.0,1.0,3.9166666666666665,12,0,0.0,0.0,1.0
t5_star,1008,12,11,41721030,1,1.0,1.0,1.0,1.0,1.0,4.416666666666667,12,0,0.0,0.0,1.0
t5_star,1008,12,12,41721031,1,1.0,1.0,1.0,1.0,1.0,4.083333333333333,12,0,0.0,0.0,1.0
t5_star,1008,12,13,41721032,1,1.0,1.0,1.0,1.0,1.0,4.416666666666667,12,0,0.0,0.0,1.0
t5_star,1008,12,14,41721033,1,1.0,1.0,1.0,1.0,1.0,3.9166666666666665,10,0,0.0,0.0,1.0
t5_star,1008,12,15,41721034,1,1.0,1.0,1.0,1.0,1.0,3.75,12,0,0.0,0.0,1.0
t5_star,1008,12,16,41721035,1,1.0,1.0,1.0,1.0,1.0,5.416666666666667,12,0,0.0,0.0,1.0
t5_star,1008,12,17,41721036,1,1.0,1.0,1.0,1.0,1.0,5.083333333333333,12,0,0.0,0.08333333333333333,1.0
t5_star,1008,12,18,41721037,1,1.0,1.0,1.0,1.0,1.0,5.166666666666667,12,0,0.0,0.0,1.0
t5_star,1008,12,19,41721038,1,1.0,1.0,1.0,1.0,1.0,5.5,12,0,0.0,0.0,1.0
t5_star,1008,12,20,41721039,1,1.0,1.0,1.0,1.0,1.0,5.833333333333333,12,0,0.0,0.0,1.0
t5_star,1008,12,21,41721040,1,1.0,1.0,1.0,1.0,1.0,4.916666666666667,11,0,0.0,0.0,1.0
t5_star,1008,12,22,41721041,1,1.0,1.0,1.0,1.0,1.0,6.166666666666667,12,0,0.0,0.0,1.0
t5_star,1008,12,23,41721042,1,1.0,1.0,1.0,1.0,1.0,2.1666666666666665,3,0,0.0,0.25,1.0
t5_star,1008,12,24,41721043,1,0.0,1.0,1.0,1.0,1.0,3.25,11,0,0.0,0.08333333333333333,1.0
t5_star,1008,12,25,41721044,1,1.0,1.0,1.0,1.0,1.0,3.9166666666666665,12,0,0.0,0.0,1.0
t5_star,1008,12,26,41721045,1,1.0,1.0,1.0,1.0,1.0,4.166666666666667,11,0,0.0,0.08333333333333333,1.0
t5_star,1008,12,27,41721046,1,1.0,1.0,1.0,1.0,1.0,2.6666666666666665,6,0,0.0,0.25,1.0
t5_star,1008,12,28,41721047,1,1.0,1.0,1.0,1.0,1.0,4.083333333333333,12,0,0.0,0.0,1.0
t5_star,1008,12,29,41721048,1,1.0,1.0,1.0,1.0,1.0,2.1666666666666665,3,0,0.0,0.16666666666666666,1.0
t5_star,1008,12,30,41721049,1,1.0,1.0,1.0,1.0,1.0,3.75,11,0,0.0,0.08333333333333333,1.0
t5_star,1008,12,31,41721050,1,1.0,1.0,1.0,1.0,1.0,3.5,7,0,0.0,0.16666666666666666,1.0
t5_star,1008,12,32,41721051,1,1.0,1.0,1.0,1.0,1.0,2.5833333333333335,4,0,0.0,0.0,1.0
t5_star,1008,12,33,41721052,1,1.0,1.0,1.0,1.0,1.0,6.916666666666667,12,0,0.0,0.0,1.0
t5_star,1008,12,34,41721053,1,1.0,1.0,1.0,1.0,1.0,4.333333333333333,12,0,0.0,0.0,1.0
t5_star,1008,12,35,41721054,1,1.0,1.0,1.0,1.0,1.0,5.166666666666667,11,0,0.0,0.08333333333333333,1.0
t5_star,1008,12,36,41721055,1,1.0,1.0,1.0,1.0,1.0,6.333333333333333,12,0,0.0,0.0,1.0
t5_star,1008,12,37,41721056,1,1.0,1.0,1.0,1.0,1.0,5.083333333333333,12,0,0.0,0.0,1.0
t5_star,1008,12,38,41721057,1,1.0,1.0,1.0,1.0,1.0,5.666666666666667,12,0,0.0,0.0,1.0
t5_star,1008,12,39,41721058,1,1.0,1.0,1.0,1.0,1.0,7.5,12,0,0.0,0.0,1.0
t5_star,1008,12,40,41721059,1,1.0,1.0,1.0,1.0,1.0,5.916666666666667,12,0,0.0,0.0,1.0
t5_star,1008,12,41,41721060,1,1.0,1.0,1.0,1.0,1.0,7.0,12,0,0.0,0.0,1.0
t5_star,1008,12,42,41721061,1,1.0,1.0,1.0,1.0,1.0,4.333333333333333,12,0,0.0,0.0,1.0
t5_star,1008,12,43,41721062,1,1.0,1.0,1.0,1.0,1.0,3.9166666666666665,12,0,0.0,0.0,1.0
t5_star,1008,12,44,41721063,1,1.0,1.0,1.0,1.0,1.0,6.583333333333333,12,0,0.0,0.0,1.0
t5_star,1008,12,45,41721064,1,0.0,1.0,1.0,1.0,1.0,3.8333333333333335,10,0,0.0,0.16666666666666666,1.0
t5_star,1008,12,46,41721065,1,1.0,1.0,1.0,1.0,1.0,4.75,11,0,0.0,0.0,1.0
t5_star,1008,12,47,41721066,1,1.0,1.0,1.0,1.0,1.0,3.5,8,0,0.0,0.16666666666666666,1.0
t5_star,1008,12,48,41721067,1,1.0,1.0,1.0,1.0,1.0,3.75,9,0,0.0,0.0,1.0
t5_star,1008,12,49,41721068,1,1.0,1.0,1.0,1.0,1.0,3.6666666666666665,12,0,0.0,0.0,1.0
t5_star,1008,12,50,41721069,1,1.0,1.0,1.0,1.0,1.0,6.083333333333333,12,0,0.0,0.0,1.0
t5_star,1008,12,51,41721070,1,1.0,1.0,1.0,1.0,1.0,4.833333333333333,12,0,0.0,0.0,1.0
t5_star,1008,12,52,41721071,1,1.0,1.0,1.0,1.0,1.0,4.833333333333333,11,0,0.0,0.0,1.0
t5_star,1008,12,53,41721072,1,1.0,1.0,1.0,1.0,1.0,5.333333333333333,12,0,0.0,0.0,1.0
t5_star,1008,12,54,41721073,1,1.0,1.0,1.0,1.0,1.0,6.25,12,0,0.0,0.0,1.0
t5_star,1008,12,55,41721074,1,1.0,1.0,1.0,1.0,1.0,4.916666666666667,12,0,0.0,0.0,1.0
t5_star,1008,12,56,41721075,1,1.0,1.0,1.0,1.0,1.0,5.75,12,0,0.0,0.0,1.0
t5_star,1008,12,57,41721076,1,1.0,1.0,1.0,1.0,1.0,4.416666666666667,12,0,0.0,0.0,1.0
t5_star,1008,12,58,41721077,1,0.0,1.0,1.0,1.0,1.0,7.75,12,0,0.0,0.0,1.0
t5_star,1008,12,59,41721078,1,1.0,1.0,1.0,1.0,1.0,6.083333333333333,12,0,0.0,0.0,1.0
t5_star,1008,12,60,41721079,1,1.0,1.0,1.0,1.0,1.0,6.5,12,0,0.0,0.0,1.0
t5_star,1008,12,61,41721080,1,1.0,1.0,1.0,1.0,1.0,3.1666666666666665,8,0,0.0,0.08333333333333333,1.0
t5_star,1008,12,62,41721081,1,1.0,1.0,1.0,1.0,1.0,3.8333333333333335,11,0,0.0,0.08333333333333333,1.0
t5_star,1008,12,63,41721082,1,1.0,1.0,1.0,1.0,1.0,4.083333333333333,12,0,0.0,0.0,1.0
t5_star,1008,12,64,41721083,1,1.0,1.0,1.0,1.0,1.0,4.916666666666667,12,0,0.0,0.0,1.0
t5_star,1008,12,65,41721084,1,1.0,1.0,1.0,1.0,1.0,3.3333333333333335,9,0,0.0,0.08333333333333333,1.0
t5_star,1008,12,66,41721085,1,1.0,1.0,1.0,1.0,1.0,5.5,12,0,0.0,0.08333333333333333,1.0
t5_star,1008,12,67,41721086,1,1.0,1.0,1.0,1.0,1.0,5.333333333333333,12,0,0.0,0.0,1.0
t5_star,1008,12,68,41721087,1,1.0,1.0,1.0,1.0,1.0,5.916666666666667,12,0,0.0,0.0,1.0
t5_star,1008,12,69,41721088,1,1.0,1.0,1.0,1.0,1.0,4.166666666666667,11,0,0.0,0.0,1.0
t5_star,1008,12,70,41721089,1,1.0,1.0,1.0,1.0,1.0,4.0,12,0,0.0,0.0,1.0
t5_star,1008,12,71,41721090,1,1.0,1.0,1.0,1.0,1.0,4.75,12,0,0.0,0.0,1.0
t5_star,1008,12,72,41721091,1,1.0,1.0,1.0,1.0,1.0,2.6666666666666665,2,0,0.0,0.0,1.0
t5_star,1008,12,73,41721092,1,1.0,1.0,1.0,1.0,1.0,4.666666666666667,12,0,0.0,0.0,1.0
t5_star,1008,12,74,41721093,1,1.0,1.0,1.0,1.0,1.0,7.916666666666667,12,0,0.0,0.0,1.0
t5_star,1008,12,75,41721094,1,0.0,1.0,1.0,1.0,1.0,4.25,12,0,0.0,0.0,1.0
t5_star,1008,12,76,41721095,1,1.0,1.0,1.0,1.0,1.0,3.5833333333333335,8,0,0.0,0.0,1.0
t5_star,1008,12,77,41721096,1,0.0,1.0,1.0,1.0,1.0,4.25,11,0,0.0,0.08333333333333333,1.0
t5_star,1008,12,78,41721097,1,1.0,1.0,1.0,1.0,1.0,4.416666666666667,11,0,0.0,0.08333333333333333,1.0
t5_star,1008,12,79,41721098,1,1.0,1.0,1.0,1.0,1.0,3.0833333333333335,5,0,0.0,0.08333333333333333,1.0
t5_star,1008,12,80,41721099,1,1.0,1.0,1.0,1.0,1.0,5.0,12,0,0.0,0.0,1.0
t5_star,1008,12,81,41721100,1,1.0,1.0,1.0,1.0,1.0,4.333333333333333,12,0,0.0,0.0,1.0
t5_star,1008,12,82,41721101,1,1.0,1.0,1.0,1.0,1.0,2.75,6,0,0.0,0.08333333333333333,1.0
t5_star,1008,12,83,41721102,1,1.0,1.0,1.0,1.0,1.0,5.583333333333333,12,0,0.0,0.08333333333333333,1.0
t5_star,1008,12,84,41721103,1,1.0,1.0,1.0,1.0,1.0,3.5,11,0,0.0,0.08333333333333333,1.0
t5_star,1008,12,85,41721104,1,1.0,1.0,1.0,1.0,1.0,2.8333333333333335,12,0,0.0,0.0,1.0
t5_star,1008,12,86,41721105,1,1.0,1.0,1.0,1.0,1.0,7.5,12,0,0.0,0.0,1.0
t5_star,1008,12,87,41721106,1,0.0,1.0,1.0,1.0,1.0,4.583333333333333,12,0,0.0,0.08333333333333333,1.0
t5_star,1008,12,88,41721107,1,1.0,1.0,1.0,1.0,1.0,7.583333333333333,12,0,0.0,0.0,1.0
t5_star,1008,12,89,41721108,1,1.0,1.0,1.0,1.0,1.0,5.916666666666667,12,0,0.0,0.0,1.0
t5_star,1008,12,90,41721109,1,1.0,1.0,1.0,1.0,1.0,5.666666666666667,12,0,0.0,0.0,1.0
t5_star,1008,12,91,41721110,1,1.0,1.0,1.0,1.0,1.0,4.333333333333333,12,0,0.0,0.0,1.0
t5_star,1008,12,92,41721111,1,1.0,1.0,1.0,1.0,1.0,4.083333333333333,12,0,0.0,0.0,1.0
t5_star,1008,12,93,41721112,1,0.0,1.0,1.0,1.0,1.0,5.25,12,0,0.0,0.0,1.0
t5_star,1008,12,94,41721113,1,1.0,1.0,1.0,1.0,1.0,5.916666666666667,12,0,0.0,0.0,1.0
t5_star,1008,12,95,41721114,1,1.0,1.0,1.0,1.0,1.0,3.8333333333333335,12,0,0.0,0.0,1.0
t5_star,1008,12,96,41721115,1,1.0,1.0,1.0,1.0,1.0,3.9166666666666665,12,0,0.0,0.16666666666666666,1.0
t5_star,1008,12,97,41721116,1,1.0,1.0,1.0,1.0,1.0,4.666666666666667,12,0,0.0,0.0,1.0
t5_star,1008,12,98,41721117,1,1.0,1.0,1.0,1.0,1.0,5.25,12,0,0.0,0.0,1.0
t5_star,1008,12,99,41721118,1,0.0,1.0,1.0,1.0,1.0,6.083333333333333,12,0,0.0,0.0,1.0
t5_star,1008,12,100,41721119,1,1.0,1.0,1.0,1.0,1.0,3.5833333333333335,9,0,0.0,0.0,1.0
t5_star,1008,12,101,41721120,1,1.0,1.0,1.0,1.0,1.0,3.3333333333333335,8,0,0.0,0.08333333333333333,1.0
t5_star,1008,12,102,41721121,1,1.0,1.0,1.0,1.0,1.0,4.0,12,0,0.0,0.0,1.0
t5_star,1008,12,103,41721122,1,1.0,1.0,1.0,1.0,1.0,3.9166666666666665,11,0,0.0,0.08333333333333333,1.0
t5_star,1008,12,104,41721123,1,1.0,1.0,1.0,1.0,1.0,4.5,11,0,0.0,0.08333333333333333,1.0
t5_star,1008,12,105,41721124,1,1.0,1.0,1.0,1.0,1.0,3.8333333333333335,12,0,0.0,0.0,1.0
t5_star,1008,12,106,41721125,1,1.0,1.0,1.0,1.0,1.0,5.25,12,0,0.0,0.08333333333333333,1.0
t5_star,1008,12,107,41721126,1,1.0,1.0,1.0,1.0,1.0,6.333333333333333,12,0,0.0,0.0,1.0
t5_star,1008,12,108,41721127,1,1.0,1.0,1.0,1.0,1.0,4.333333333333333,10,0,0.0,0.16666666666666666,1.0
t5_star,1008,12,109,41721128,1,1.0,1.0,1.0,1.0,1.0,4.416666666666667,12,0,0.0,0.0,1.0
t5_star,1008,12,110,41721129,1,1.0,1.0,1.0,1.0,1.0,2.75,8,0,0.0,0.16666666666666666,1.0
t5_star,1008,12,111,41721130,1,1.0,1.0,1.0,1.0,1.0,4.666666666666667,10,0,0.0,0.0,1.0
t5_star,1008,12,112,41721131,1,1.0,1.0,1.0,1.0,1.0,4.75,10,0,0.0,0.0,1.0
t5_star,1008,12,113,41721132,1,1.0,1.0,1.0,1.0,1.0,5.083333333333333,12,0,0.0,0.0,1.0
t5_star,1008,12,114,41721133,1,1.0,1.0,1.0,1.0,1.0,4.333333333333333,11,0,0.0,0.08333333333333333,1.0
t5_star,1008,12,115,41721134,1,1.0,1.0,1.0,1.0,1.0,3.5833333333333335,9,0,0.0,0.08333333333333333,1.0
t5_star,1008,12,116,41721135,1,1.0,1.0,1.0,1.0,1.0,3.5,9,0,0.0,0.0,1.0
t5_star,1008,12,117,41721136,1,1.0,1.0,1.0,1.0,1.0,3.3333333333333335,10,0,0.0,0.16666666666666666,1.0
t5_star,1008,12,118,41721137,1,1.0,1.0,1.0,1.0,1.0,5.583333333333333,12,0,0.0,0.0,1.0
t5_star,1008,12,119,41721138,1,1.0,1.0,1.0,1.0,1.0,4.916666666666667,12,0,0.0,0.0,1.0
t5_star,1008,12,120,41721139,1,1.0,1.0,1.0,1.0,1.0,2.8333333333333335,5,0,0.0,0.0,1.0
t5_star,1008,12,121,41721140,1,1.0,1.0,1.0,1.0,1.0,4.75,12,0,0.0,0.0,1.0
t5_star,1008,12,122,41721141,1,1.0,1.0,1.0,1.0,1.0,4.666666666666667,12,0,0.0,0.0,1.0
t5_star,1008,12,123,41721142,1,1.0,1.0,1.0,1.0,1.0,3.1666666666666665,12,0,0.0,0.25,1.0
t5_star,1008,12,124,41721143,1,1.0,1.0,1.0,1.0,1.0,3.5833333333333335,12,0,0.0,0.0,1.0
t5_star,1008,12,125,41721144,1,1.0,1.0,1.0,1.0,1.0,3.9166666666666665,9,0,0.0,0.0,1.0
t5_star,1008,12,126,41721145,1,1.0,1.0,1.0,1.0,1.0,5.416666666666667,12,0,0.0,0.0,1.0
t5_star,1008,12,127,41721146,1,1.0,1.0,1.0,1.0,1.0,3.1666666666666665,9,0,0.0,0.08333333333333333,1.0
t5_star,1008,12,128,41721147,1,1.0,1.0,1.0,1.0,1.0,5.166666666666667,12,0,0.0,0.0,1.0
t5_star,1008,12,129,41721148,1,1.0,1.0,1.0,1.0,1.0,3.5,11,0,0.0,0.0,1.0
t5_star,1008,12,130,41721149,1,1.0,1.0,1.0,1.0,1.0,3.9166666666666665,12,0,0.0,0.08333333333333333,1.0
t5_star,1008,12,131,41721150,1,1.0,1.0,1.0,1.0,1.0,4.0,11,0,0.0,0.08333333333333333,1.0
t5_star,1008,12,132,41721151,1,1.0,1.0,1.0,1.0,1.0,4.833333333333333,12,0,0.0,0.0,1.0
t5_star,1008,12,133,41721152,1,1.0,1.0,1.0,1.0,1.0,3.0,8,0,0.0,0.08333333333333333,1.0
t5_star,1008,12,134,41721153,1,1.0,1.0,1.0,1.0,1.0,7.333333333333333,12,0,0.0,0.0,1.0
t5_star,1008,12,135,41721154,1,1.0,1.0,1.0,1.0,1.0,6.25,12,0,0.0,0.0,1.0
t5_star,1008,12,136,41721155,1,1.0,1.0,1.0,1.0,1.0,3.3333333333333335,9,0,0.0,0.08333333333333333,1.0
t5_star,1008,12,137,41721156,1,1.0,1.0,1.0,1.0,1.0,3.25,7,0,0.0,0.08333333333333333,1.0
t5_star,1008,12,138,41721157,1,1.0,1.0,1.0,1.0,1.0,4.833333333333333,11,0,0.0,0.0,1.0
t5_star,1008,12,139,41721158,1,1.0,1.0,1.0,1.0,1.0,7.75,12,0,0.0,0.0,1.0
t5_star,1008,12,140,41721159,1,1.0,1.0,1.0,1.0,1.0,3.5,10,0,0.0,0.08333333333333333,1.0
t5_star,1008,12,141,41721160,1,1.0,1.0,1.0,1.0,1.0,4.833333333333333,12,0,0.0,0.0,1.0
t5_star,1008,12,142,41721161,1,1.0,1.0,1.0,1.0,1.0,4.0,12,0,0.0,0.0,1.0
t5_star,1008,12,143,41721162,1,1.0,1.0,1.0,1.0,1.0,4.666666666666667,12,0,0.0,0.0,1.0
t5_star,1008,12,144,41721163,1,1.0,1.0,1.0,1.0,1.0,3.1666666666666665,8,0,0.0,0.08333333333333333,1.0
t5_star,1008,12,145,41721164,1,0.0,1.0,1.0,1.0,1.0,6.666666666666667,12,0,0.0,0.0,1.0
t5_star,1008,12,146,41721165,1,1.0,1.0,1.0,1.0,1.0,4.75,12,0,0.0,0.0,1.0
t5_star,1008,12,147,41721166,1,1.0,1.0,1.0,1.0,1.0,4.75,12,0,0.0,0.0,1.0
t5_star,1008,12,148,41721167,1,1.0,1.0,1.0,1.0,1.0,4.083333333333333,12,0,0.0,0.0,1.0
t5_star,1008,12,149,41721168,1,1.0,1.0,1.0,1.0,1.0,5.0,12,0,0.0,0.0,1.0
t5_star,1008,12,150,41721169,1,1.0,1.0,1.0,1.0,1.0,5.333333333333333,12,0,0.0,0.0,1.0
t5_star,1008,12,151,41721170,1,1.0,1.0,1.0,1.0,1.0,7.333333333333333,12,0,0.0,0.0,1.0
t5_star,1008,12,152,41721171,1,1.0,1.0,1.0,1.0,1.0,5.5,12,0,0.0,0.0,1.0
t5_star,1008,12,153,41721172,1,1.0,1.0,1.0,1.0,1.0,5.583333333333333,12,0,0.0,0.0,1.0
t5_star,1008,12,154,41721173,1,1.0,1.0,1.0,1.0,1.0,3.3333333333333335,5,0,0.0,0.0,1.0
t5_star,1008,12,155,41721174,1,1.0,1.0,1.0,1.0,1.0,4.75,12,0,0.0,0.0,1.0
t5_star,1008,12,156,41721175,1,1.0,1.0,1.0,1.0,1.0,5.5,12,0,0.0,0.0,1.0
t5_star,1008,12,157,41721176,1,1.0,1.0,1.0,1.0,1.0,5.0,12,0,0.0,0.0,1.0
t5_star,1008,12,158,41721177,1,1.0,1.0,1.0,1.0,1.0,5.333333333333333,12,0,0.0,0.0,1.0
t5_star,1008,12,159,41721178,1,1.0,1.0,1.0,1.0,1.0,5.833333333333333,12,0,0.0,0.0,1.0
t5_star,1008,12,160,41721179,1,1.0,1.0,1.0,1.0,1.0,6.0,12,0,0.0,0.0,1.0
t5_star,1008,12,161,41721180,1,1.0,1.0,1.0,1.0,1.0,3.5,10,0,0.0,0.0,1.0
t5_star,1008,12,162,41721181,1,1.0,1.0,1.0,1.0,1.0,3.6666666666666665,9,0,0.0,0.0,1.0
t5_star,1008,12,163,41721182,1,1.0,1.0,1.0,1.0,1.0,4.833333333333333,12,0,0.0,0.0,1.0
t5_star,1008,12,164,41721183,1,1.0,1.0,1.0,1.0,1.0,6.166666666666667,12,0,0.0,0.0,1.0
t5_star,1008,12,165,41721184,1,1.0,1.0,1.0,1.0,1.0,7.666666666666667,12,0,0.0,0.0,1.0
t5_star,1008,12,166,41721185,1,1.0,1.0,1.0,1.0,1.0,5.0,12,0,0.0,0.0,1.0
t5_star,1008,12,167,41721186,1,1.0,1.0,1.0,1.0,1.0,5.916666666666667,12,0,0.0,0.0,1.0
t5_star,1008,12,168,41721187,1,1.0,1.0,1.0,1.0,1.0,3.9166666666666665,12,0,0.0,0.0,1.0
t5_star,1008,12,169,41721188,1,1.0,1.0,1.0,1.0,1.0,4.916666666666667,12,0,0.0,0.0,1.0
t5_star,1008,12,170,41721189,1,1.0,1.0,1.0,1.0,1.0,2.75,6,0,0.0,0.16666666666666666,1.0
t5_star,1008,12,171,41721190,1,0.0,1.0,1.0,1.0,1.0,4.5,11,0,0.0,0.08333333333333333,1.0
t5_star,1008,12,172,41721191,1,1.0,1.0,1.0,1.0,1.0,5.166666666666667,12,0,0.0,0.0,1.0
t5_star,1008,12,173,41721192,1,1.0,1.0,1.0,1.0,1.0,4.333333333333333,12,0,0.0,0.0,1.0
t5_star,1008,12,174,41721193,1,1.0,1.0,1.0,1.0,1.0,5.333333333333333,12,0,0.0,0.0,1.0
t5_star,1008,12,175,41721194,1,1.0,1.0,1.0,1.0,1.0,4.666666666666667,11,0,0.0,0.08333333333333333,1.0
t5_star,1008,12,176,41721195,1,1.0,1.0,1.0,1.0,1.0,4.25,12,0,0.0,0.0,1.0
t5_star,1008,12,177,41721196,1,1.0,1.0,1.0,1.0,1.0,4.666666666666667,12,0,0.0,0.0,1.0
t5_star,1008,12,178,41721197,1,1.0,1.0,1.0,1.0,1.0,6.916666666666667,12,0,0.0,0.0,1.0
t5_star,1008,12,179,41721198,1,1.0,1.0,1.0,1.0,1.0,5.416666666666667,12,0,0.0,0.0,1.0
t5_star,1008,12,180,41721199,1,0.0,1.0,1.0,1.0,1.0,4.333333333333333,12,0,0.0,0.0,1.0
t5_star,1008,12,181,41721200,1,1.0,1.0,1.0,1.0,1.0,3.8333333333333335,12,0,0.0,0.0,1.0
t5_star,1008,12,182,41721201,1,1.0,1.0,1.0,1.0,1.0,4.916666666666667,11,0,0.0,0.08333333333333333,1.0
t5_star,1008,12,183,41721202,1,1.0,1.0,1.0,1.0,1.0,3.4166666666666665,9,0,0.0,0.0,1.0
t5_star,1008,12,184,41721203,1,1.0,1.0,1.0,1.0,1.0,6.166666666666667,12,0,0.0,0.0,1.0
t5_star,1008,12,185,41721204,1,1.0,1.0,1.0,1.0,1.0,4.75,12,0,0.0,0.0,1.0
t5_star,1008,12,186,41721205,1,1.0,1.0,1.0,1.0,1.0,3.3333333333333335,8,0,0.0,0.16666666666666666,1.0
t5_star,1008,12,187,41721206,1,1.0,1.0,1.0,1.0,1.0,6.75,12,0,0.0,0.0,1.0
t5_star,1008,12,188,41721207,1,1.0,1.0,1.0,1.0,1.0,7.833333333333333,12,0,0.0,0.0,0.9984984984984985
t5_star,1008,12,189,41721208,1,1.0,1.0,1.0,1.0,1.0,3.4166666666666665,7,0,0.0,0.0,1.0
t5_star,1008,12,190,41721209,1,1.0,1.0,1.0,1.0,1.0,4.0,11,0,0.0,0.0,1.0
t5_star,1008,12,191,41721210,1,1.0,1.0,1.0,1.0,1.0,4.166666666666667,9,0,0.0,0.0,1.0
t5_star,1008,12,192,41721211,1,1.0,1.0,1.0,1.0,1.0,4.416666666666667,12,0,0.0,0.0,1.0
t5_star,1008,12,193,41721212,1,1.0,1.0,1.0,1.0,1.0,7.25,12,0,0.0,0.0,1.0
t5_star,1008,12,194,41721213,1,1.0,1.0,1.0,1.0,1.0,6.0,12,0,0.0,0.0,1.0
t5_star,1008,12,195,41721214,1,1.0,1.0,1.0,1.0,1.0,6.666666666666667,12,0,0.0,0.0,1.0
t5_star,1008,12,196,41721215,1,1.0,1.0,1.0,1.0,1.0,5.166666666666667,12,0,0.0,0.0,1.0
t5_star,1008,12,197,41721216,1,1.0,1.0,1.0,1.0,1.0,4.083333333333333,11,0,0.0,0.08333333333333333,1.0
t5_star,1008,12,198,41721217,1,1.0,1.0,1.0,1.0,1.0,4.5,11,0,0.0,0.08333333333333333,1.0
t5_star,1008,12,199,41721218,1,1.0,1.0,1.0,1.0,1.0,4.166666666666667,12,0,0.0,0.0,1.0
t5_star,1008,12,200,41721219,1,1.0,1.0,1.0,1.0,1.0,4.25,12,0,0.0,0.0,1.0
t5_star,1008,12,201,41721220,1,1.0,1.0,1.0,1.0,1.0,5.416666666666667,12,0,0.0,0.0,1.0
t5_star,1008,12,202,41721221,1,1.0,1.0,1.0,1.0,1.0,4.833333333333333,12,0,0.0,0.0,1.0
t5_star,1008,12,203,41721222,1,1.0,1.0,1.0,1.0,1.0,6.166666666666667,12,0,0.0,0.08333333333333333,1.0
t5_star,1008,12,204,41721223,1,1.0,1.0,1.0,1.0,1.0,4.166666666666667,12,0,0.0,0.0,1.0
t5_star,1008,12,205,41721224,1,1.0,1.0,1.0,1.0,1.0,5.916666666666667,12,0,0.0,0.0,1.0
t5_star,1008,12,206,41721225,1,1.0,1.0,1.0,1.0,1.0,4.083333333333333,12,0,0.0,0.0,1.0
t5_star,1008,12,207,41721226,1,1.0,1.0,1.0,1.0,1.0,6.083333333333333,12,0,0.0,0.0,1.0
t5_star,1008,12,208,41721227,1,1.0,1.0,1.0,1.0,1.0,5.083333333333333,12,0,0.0,0.0,1.0
t5_star,1008,12,209,41721228,1,1.0,1.0,1.0,1.0,1.0,5.0,11,0,0.0,0.08333333333333333,1.0
t5_star,1008,12,210,41721229,1,1.0,1.0,1.0,1.0,1.0,5.333333333333333,12,0,0.0,0.0,1.0
t5_star,1008,12,211,41721230,1,1.0,1.0,1.0,1.0,1.0,5.833333333333333,12,0,0.0,0.0,1.0
t5_star,1008,12,212,41721231,1,1.0,1.0,1.0,1.0,1.0,7.083333333333333,12,0,0.0,0.0,1.0
t5_star,1008,12,213,41721232,1,1.0,1.0,1.0,1.0,1.0,4.166666666666667,12,0,0.0,0.0,1.0
t5_star,1008,12,214,41721233,1,1.0,1.0,1.0,1.0,1.0,6.166666666666667,12,0,0.0,0.0,1.0
t5_star,1008,12,215,41721234,1,1.0,1.0,1.0,1.0,1.0,4.75,12,0,0.0,0.0,1.0
t5_star,1008,12,216,41721235,1,1.0,1.0,1.0,1.0,1.0,3.5,10,0,0.0,0.08333333333333333,1.0
t5_star,1008,12,217,41721236,1,1.0,1.0,1.0,1.0,1.0,4.416666666666667,12,0,0.0,0.0,1.0
t5_star,1008,12,218,41721237,1,1.0,1.0,1.0,1.0,1.0,3.5,9,0,0.0,0.08333333333333333,1.0
t5_star,1008,12,219,41721238,1,1.0,1.0,1.0,1.0,1.0,6.583333333333333,12,0,0.0,0.0,1.0
t5_star,1008,12,220,41721239,1,1.0,1.0,1.0,1.0,1.0,3.8333333333333335,11,0,0.0,0.0,1.0
t5_star,1008,12,221,41721240,1,1.0,1.0,1.0,1.0,1.0,4.25,10,0,0.0,0.0,1.0
t5_star,1008,12,222,41721241,1,1.0,1.0,1.0,1.0,1.0,4.416666666666667,12,0,0.0,0.0,1.0
t5_star,1008,12,223,41721242,1,1.0,1.0,1.0,1.0,1.0,4.583333333333333,12,0,0.0,0.0,1.0
t5_star,1008,12,224,41721243,1,1.0,1.0,1.0,1.0,1.0,5.416666666666667,12,0,0.0,0.0,1.0
t5_star,1008,12,225,41721244,1,1.0,1.0,1.0,1.0,1.0,3.5833333333333335,10,0,0.0,0.0,1.0
t5_star,1008,12,226,41721245,1,1.0,1.0,1.0,1.0,1.0,3.0833333333333335,6,0,0.0,0.08333333333333333,1.0
t5_star,1008,12,227,41721246,1,1.0,1.0,1.0,1.0,1.0,4.083333333333333,11,0,0.0,0.08333333333333333,1.0
t5_star,1008,12,228,41721247,1,1.0,1.0,1.0,1.0,1.0,5.083333333333333,12,0,0.0,0.0,1.0
t5_star,1008,12,229,41721248,1,1.0,1.0,1.0,1.0,1.0,3.8333333333333335,11,0,0.0,0.0,1.0
t5_star,1008,12,230,41721249,1,1.0,1.0,1.0,1.0,1.0,4.916666666666667,12,0,0.0,0.0,1.0
t5_star,1008,12,231,41721250,1,1.0,1.0,1.0,1.0,1.0,5.083333333333333,12,0,0.0,0.0,1.0
t5_star,1008,12,232,41721251,1,1.0,1.0,1.0,1.0,1.0,5.666666666666667,12,0,0.0,0.0,1.0
t5_star,1008,12,233,41721252,1,1.0,1.0,1.0,1.0,1.0,4.583333333333333,12,0,0.0,0.0,1.0
t5_star,1008,12,234,41721253,1,1.0,1.0,1.0,1.0,1.0,5.833333333333333,12,0,0.0,0.0,1.0
t5_star,1008,12,235,41721254,1,1.0,1.0,1.0,1.0,1.0,6.083333333333333,12,0,0.0,0.0,1.0
t5_star,1008,12,236,41721255,1,1.0,1.0,1.0,1.0,1.0,3.5833333333333335,9,0,0.0,0.08333333333333333,1.0
t5_star,1008,12,237,41721256,1,1.0,1.0,1.0,1.0,1.0,4.5,12,0,0.0,0.0,1.0
t5_star,1008,12,238,41721257,1,1.0,1.0,1.0,1.0,1.0,6.25,12,0,0.0,0.0,1.0
t5_star,1008,12,239,41721258,1,1.0,1.0,1.0,1.0,1.0,5.5,12,0,0.0,0.0,1.0
t5_star,1008,12,240,41721259,1,1.0,1.0,1.0,1.0,1.0,7.75,12,0,0.0,0.0,1.0
t5_star,1008,12,241,41721260,1,1.0,1.0,1.0,1.0,1.0,4.25,12,0,0.0,0.0,1.0
t5_star,1008,12,242,41721261,1,1.0,1.0,1.0,1.0,1.0,4.583333333333333,12,0,0.0,0.0,1.0
t5_star,1008,12,243,41721262,1,1.0,1.0,1.0,1.0,1.0,7.0,12,0,0.0,0.0,1.0
t5_star,1008,12,244,41721263,1,1.0,1.0,1.0,1.0,1.0,7.5,12,0,0.0,0.0,1.0
t5_star,1008,12,245,41721264,1,1.0,1.0,1.0,1.0,1.0,6.25,12,0,0.0,0.0,1.0
t5_star,1008,12,246,41721265,1,1.0,1.0,1.0,1.0,1.0,3.3333333333333335,9,0,0.0,0.0,1.0
t5_star,1008,12,247,41721266,1,1.0,1.0,1.0,1.0,1.0,5.25,12,0,0.0,0.0,1.0
t5_star,1008,12,248,41721267,1,1.0,1.0,1.0,1.0,1.0,4.416666666666667,12,0,0.0,0.0,1.0
t5_star,1008,12,249,41721268,1,1.0,1.0,1.0,1.0,1.0,3.25,5,0,0.0,0.08333333333333333,1.0
t5_star,1008,12,250,41721269,1,1.0,1.0,1.0,1.0,1.0,3.4166666666666665,10,0,0.0,0.0,1.0
t5_star,1008,12,251,41721270,1,1.0,1.0,1.0,1.0,1.0,8.25,12,0,0.0,0.0,1.0
t5_star,1008,12,252,41721271,1,1.0,1.0,1.0,1.0,1.0,4.75,12,0,0.0,0.0,1.0
t5_star,1008,12,253,41721272,1,1.0,1.0,1.0,1.0,1.0,3.0833333333333335,11,0,0.0,0.08333333333333333,1.0
t5_star,1008,12,254,41721273,1,1.0,1.0,1.0,1.0,1.0,4.833333333333333,12,0,0.0,0.08333333333333333,1.0
t5_star,1008,12,255,41721274,1,1.0,1.0,1.0,1.0,1.0,6.083333333333333,12,0,0.0,0.0,1.0
t5_star,1008,12,256,41721275,1,1.0,1.0,1.0,1.0,1.0,2.5,4,0,0.0,0.08333333333333333,1.0
t5_star,1008,12,257,41721276,1,1.0,1.0,1.0,1.0,1.0,3.75,11,0,0.0,0.0,1.0
t5_star,1008,12,258,41721277,1,1.0,1.0,1.0,1.0,1.0,5.0,12,0,0.0,0.0,1.0
t5_star,1008,12,259,41721278,1,1.0,1.0,1.0,1.0,1.0,5.083333333333333,12,0,0.0,0.0,1.0
t5_star,1008,12,260,41721279,1,1.0,1.0,1.0,1.0,1.0,4.5,11,0,0.0,0.08333333333333333,1.0
t5_star,1008,12,261,41721280,1,1.0,1.0,1.0,1.0,1.0,4.25,11,0,0.0,0.0,1.0
t5_star,1008,12,262,41721281,1,1.0,1.0,1.0,1.0,1.0,3.1666666666666665,12,0,0.0,0.0,1.0
t5_star,1008,12,263,41721282,1,1.0,1.0,1.0,1.0,1.0,4.5,11,0,0.0,0.0,1.0
t5_star,1008,12,264,41721283,1,1.0,1.0,1.0,1.0,1.0,5.083333333333333,12,0,0.0,0.0,1.0
t5_star,1008,12,265,41721284,1,1.0,1.0,1.0,1.0,1.0,4.833333333333333,12,0,0.0,0.0,1.0
t5_star,1008,12,266,41721285,1,1.0,1.0,1.0,1.0,1.0,3.9166666666666665,12,0,0.0,0.0,1.0
t5_star,1008,12,267,41721286,1,1.0,1.0,1.0,1.0,1.0,3.0833333333333335,7,0,0.0,0.08333333333333333,1.0
t5_star,1008,12,268,41721287,1,1.0,1.0,1.0,1.0,1.0,6.416666666666667,12,0,0.0,0.0,1.0
t5_star,1008,12,269,41721288,1,1.0,1.0,1.0,1.0,1.0,4.583333333333333,10,0,0.0,0.08333333333333333,1.0
t5_star,1008,12,270,41721289,1,1.0,1.0,1.0,1.0,1.0,4.166666666666667,10,0,0.0,0.16666666666666666,1.0
t5_star,1008,12,271,41721290,1,1.0,1.0,1.0,1.0,1.0,3.4166666666666665,9,0,0.0,0.0,1.0
t5_star,1008,12,272,41721291,1,1.0,1.0,1.0,1.0,1.0,4.333333333333333,10,0,0.0,0.0,1.0
t5_star,1008,12,273,41721292,1,1.0,1.0,1.0,1.0,1.0,3.25,10,0,0.0,0.16666666666666666,1.0
t5_star,1008,12,274,41721293,1,1.0,1.0,1.0,1.0,1.0,4.666666666666667,12,0,0.0,0.0,1.0
t5_star,1008,12,275,41721294,1,1.0,1.0,1.0,1.0,1.0,4.333333333333333,12,0,0.0,0.0,1.0
t5_star,1008,12,276,41721295,1,1.0,1.0,1.0,1.0,1.0,4.0,8,0,0.0,0.0,1.0
t5_star,1008,12,277,41721296,1,1.0,1.0,1.0,1.0,1.0,4.166666666666667,11,0,0.0,0.0,1.0
t5_star,1008,12,278,41721297,1,1.0,1.0,1.0,1.0,1.0,3.3333333333333335,5,0,0.0,0.0,1.0
t5_star,1008,12,279,41721298,1,1.0,1.0,1.0,1.0,1.0,4.5,11,0,0.0,0.0,1.0
t5_star,1008,12,280,41721299,1,1.0,1.0,1.0,1.0,1.0,3.6666666666666665,7,0,0.0,0.0,1.0
t5_star,1008,12,281,41721300,1,1.0,1.0,1.0,1.0,1.0,3.0,6,0,0.0,0.0,1.0
t5_star,1008,12,282,41721301,1,1.0,1.0,1.0,1.0,1.0,5.166666666666667,12,0,0.0,0.0,1.0
t5_star,1008,12,283,41721302,1,1.0,1.0,1.0,1.0,1.0,3.6666666666666665,10,0,0.0,0.0,1.0
t5_star,1008,12,284,41721303,1,1.0,1.0,1.0,1.0,1.0,4.0,12,0,0.0,0.0,1.0
t5_star,1008,12,285,41721304,1,1.0,1.0,1.0,1.0,1.0,4.0,11,0,0.0,0.08333333333333333,1.0
t5_star,1008,12,286,41721305,1,1.0,1.0,1.0,1.0,1.0,5.416666666666667,12,0,0.0,0.0,1.0
t5_star,1008,12,287,41721306,1,1.0,1.0,1.0,1.0,1.0,5.416666666666667,12,0,0.0,0.0,1.0
t5_star,1008,12,288,41721307,1,1.0,1.0,1.0,1.0,1.0,4.083333333333333,12,0,0.0,0.0,1.0
t5_star,1008,12,289,41721308,1,1.0,1.0,1.0,1.0,1.0,6.25,12,0,0.0,0.0,1.0
t5_star,1008,12,290,41721309,1,1.0,1.0,1.0,1.0,1.0,5.5,12,0,0.0,0.0,1.0
t5_star,1008,12,291,41721310,1,1.0,1.0,1.0,1.0,1.0,3.9166666666666665,9,0,0.0,0.08333333333333333,1.0
t5_star,1008,12,292,41721311,1,1.0,1.0,1.0,1.0,1.0,5.0,12,0,0.0,0.0,1.0
t5_star,1008,12,293,41721312,1,1.0,1.0,1.0,1.0,1.0,5.416666666666667,12,0,0.0,0.0,1.0
t5_star,1008,12,294,41721313,1,1.0,1.0,1.0,1.0,1.0,8.083333333333334,12,0,0.0,0.0,1.0
t5_star,1008,12,295,41721314,1,1.0,1.0,1.0,1.0,1.0,3.8333333333333335,10,0,0.0,0.08333333333333333,1.0
t5_star,1008,12,296,41721315,1,1.0,1.0,1.0,1.0,1.0,3.5,10,0,0.0,0.0,1.0
t5_star,1008,12,297,41721316,1,1.0,1.0,1.0,1.0,1.0,5.833333333333333,12,0,0.0,0.0,1.0
t5_star,1008,12,298,41721317,1,1.0,1.0,1.0,1.0,1.0,4.083333333333333,12,0,0.0,0.0,1.0
t5_star,1008,12,299,41721318,1,1.0,1.0,1.0,1.0,1.0,6.666666666666667,12,0,0.0,0.0,1.0
t5_star,1008,12,300,41721319,1,1.0,1.0,1.0,1.0,1.0,5.583333333333333,12,0,0.0,0.0,1.0
t5_star,1008,12,301,41721320,1,1.0,1.0,1.0,1.0,1.0,4.166666666666667,9,0,0.0,0.08333333333333333,1.0
t5_star,1008,12,302,41721321,1,1.0,1.0,1.0,1.0,1.0,6.5,12,0,0.0,0.0,1.0
t5_star,1008,12,303,41721322,1,1.0,1.0,1.0,1.0,1.0,4.666666666666667,12,0,0.0,0.0,1.0
t5_star,1008,12,304,41721323,1,1.0,1.0,1.0,1.0,1.0,2.9166666666666665,9,0,0.0,0.08333333333333333,1.0
t5_star,1008,12,305,41721324,1,1.0,1.0,1.0,1.0,1.0,3.75,9,0,0.0,0.08333333333333333,1.0
t5_star,1008,12,306,41721325,1,1.0,1.0,1.0,1.0,1.0,3.8333333333333335,12,0,0.0,0.0,1.0
t5_star,1008,12,307,41721326,1,1.0,1.0,1.0,1.0,1.0,5.333333333333333,12,0,0.0,0.0,1.0
t5_star,1008,12,308,41721327,1,0.0,1.0,1.0,1.0,1.0,5.666666666666667,12,0,0.0,0.0,1.0
t5_star,1008,12,309,41721328,1,1.0,1.0,1.0,1.0,1.0,5.166666666666667,12,0,0.0,0.0,1.0
t5_star,1008,12,310,41721329,1,1.0,1.0,1.0,1.0,1.0,5.25,12,0,0.0,0.0,1.0
t5_star,1008,12,311,41721330,1,1.0,1.0,1.0,1.0,1.0,3.8333333333333335,9,0,0.0,0.16666666666666666,1.0
t5_star,1008,12,312,41721331,1,1.0,1.0,1.0,1.0,1.0,5.75,12,0,0.0,0.0,1.0
t5_star,1008,12,313,41721332,1,1.0,1.0,1.0,1.0,1.0,5.5,12,0,0.0,0.0,1.0
t5_star,1008,12,314,41721333,1,1.0,1.0,1.0,1.0,1.0,4.083333333333333,10,0,0.0,0.08333333333333333,1.0
t5_star,1008,12,315,41721334,1,1.0,1.0,1.0,1.0,1.0,5.0,12,0,0.0,0.0,1.0
t5_star,1008,12,316,41721335,1,1.0,1.0,1.0,1.0,1.0,4.416666666666667,12,0,0.0,0.0,1.0
t5_star,1008,12,317,41721336,1,1.0,1.0,1.0,1.0,1.0,4.333333333333333,11,0,0.0,0.0,1.0
t5_star,1008,12,318,41721337,1,1.0,1.0,1.0,1.0,1.0,4.333333333333333,12,0,0.0,0.0,1.0
t5_star,1008,12,319,41721338,1,1.0,1.0,1.0,1.0,1.0,4.25,12,0,0.0,0.0,1.0
t5_star,1008,12,320,41721339,1,1.0,1.0,1.0,1.0,1.0,3.3333333333333335,9,0,0.0,0.16666666666666666,1.0
t5_star,1008,12,321,41721340,1,1.0,1.0,1.0,1.0,1.0,5.916666666666667,12,0,0.0,0.0,1.0
t5_star,1008,12,322,41721341,1,1.0,1.0,1.0,1.0,1.0,4.916666666666667,12,0,0.0,0.0,1.0
t5_star,1008,12,323,41721342,1,1.0,1.0,1.0,1.0,1.0,7.75,12,0,0.0,0.0,1.0
t5_star,1008,12,324,41721343,1,1.0,1.0,1.0,1.0,1.0,5.5,12,0,0.0,0.0,1.0
t5_star,1008,12,325,41721344,1,1.0,1.0,1.0,1.0,1.0,3.5833333333333335,9,0,0.0,0.0,1.0
t5_star,1008,12,326,41721345,1,1.0,1.0,1.0,1.0,1.0,4.0,12,0,0.0,0.0,1.0
t5_star,1008,12,327,41721346,1,0.0,1.0,1.0,1.0,1.0,5.0,12,0,0.0,0.0,1.0
t5_star,1008,12,328,41721347,1,1.0,1.0,1.0,1.0,1.0,4.25,11,0,0.0,0.08333333333333333,1.0
t5_star,1008,12,329,41721348,1,0.0,1.0,1.0,1.0,1.0,2.1666666666666665,4,0,0.0,0.3333333333333333,1.0
t5_star,1008,12,330,41721349,1,1.0,1.0,1.0,1.0,1.0,4.083333333333333,11,0,0.0,0.0,1.0
t5_star,1008,12,331,41721350,1,1.0,1.0,1.0,1.0,1.0,3.5,8,0,0.0,0.25,1.0
t5_star,1008,12,332,41721351,1,1.0,1.0,1.0,1.0,1.0,5.0,12,0,0.0,0.0,1.0
t5_star,1008,12,333,41721352,1,1.0,1.0,1.0,1.0,1.0,4.0,12,0,0.0,0.0,1.0
t5_star,1008,12,334,41721353,1,1.0,1.0,1.0,1.0,1.0,3.8333333333333335,9,0,0.0,0.0,1.0
t5_star,1008,12,335,41721354,1,0.0,1.0,1.0,1.0,1.0,2.9166666666666665,7,0,0.0,0.08333333333333333,1.0
t5_star,1008,12,336,41721355,1,1.0,1.0,1.0,1.0,1.0,5.666666666666667,12,0,0.0,0.0,1.0
t5_star,1008,12,337,41721356,1,1.0,1.0,1.0,1.0,1.0,5.0,12,0,0.0,0.0,1.0
t5_star,1008,12,338,41721357,1,0.0,1.0,1.0,1.0,1.0,3.25,9,0,0.0,0.08333333333333333,1.0
t5_star,1008,12,339,41721358,1,1.0,1.0,1.0,1.0,1.0,3.0833333333333335,10,0,0.0,0.08333333333333333,1.0
t5_star,1008,12,340,41721359,1,1.0,1.0,1.0,1.0,1.0,3.0,10,0,0.0,0.0,1.0
t5_star,1008,12,341,41721360,1,1.0,1.0,1.0,1.0,1.0,4.583333333333333,12,0,0.0,0.08333333333333333,1.0
t5_star,1008,12,342,41721361,1,1.0,1.0,1.0,1.0,1.0,4.416666666666667,12,0,0.0,0.0,1.0
t5_star,1008,12,343,41721362,1,1.0,1.0,1.0,1.0,1.0,3.9166666666666665,11,0,0.0,0.0,1.0
t5_star,1008,12,344,41721363,1,1.0,1.0,1.0,1.0,1.0,6.416666666666667,12,0,0.0,0.0,1.0
t5_star,1008,12,345,41721364,1,1.0,1.0,1.0,1.0,1.0,5.666666666666667,12,0,0.0,0.0,1.0
t5_star,1008,12,346,41721365,1,1.0,1.0,1.0,1.0,1.0,4.75,11,0,0.0,0.08333333333333333,1.0
t5_star,1008,12,347,41721366,1,0.0,1.0,1.0,1.0,1.0,3.25,9,0,0.0,0.08333333333333333,1.0
t5_star,1008,12,348,41721367,1,1.0,1.0,1.0,1.0,1.0,5.916666666666667,12,0,0.0,0.08333333333333333,1.0
t5_star,1008,12,349,41721368,1,1.0,1.0,1.0,1.0,1.0,6.416666666666667,12,0,0.0,0.0,1.0
t5_star,1008,12,350,41721369,1,1.0,1.0,1.0,1.0,1.0,6.75,12,0,0.0,0.0,1.0
t5_star,1008,12,351,41721370,1,1.0,1.0,1.0,1.0,1.0,6.0,12,0,0.0,0.0,1.0
t5_star,1008,12,352,41721371,1,1.0,1.0,1.0,1.0,1.0,4.916666666666667,12,0,0.0,0.0,1.0
t5_star,1008,12,353,41721372,1,1.0,1.0,1.0,1.0,1.0,6.333333333333333,12,0,0.0,0.0,1.0
t5_star,1008,12,354,41721373,1,1.0,1.0,1.0,1.0,1.0,4.583333333333333,12,0,0.0,0.0,1.0
t5_star,1008,12,355,41721374,1,1.0,1.0,1.0,1.0,1.0,3.0833333333333335,8,0,0.0,0.16666666666666666,1.0
t5_star,1008,12,356,41721375,1,1.0,1.0,1.0,1.0,1.0,2.8333333333333335,4,0,0.0,0.0,1.0
t5_star,1008,12,357,41721376,1,1.0,1.0,1.0,1.0,1.0,3.75,9,0,0.0,0.0,1.0
t5_star,1008,12,358,41721377,1,1.0,1.0,1.0,1.0,1.0,6.666666666666667,12,0,0.0,0.0,1.0
t5_star,1008,12,359,41721378,1,1.0,1.0,1.0,1.0,1.0,6.25,12,0,0.0,0.0,1.0
t5_star,1008,12,360,41721379,1,1.0,1.0,1.0,1.0,1.0,5.166666666666667,12,0,0.0,0.0,1.0
t5_star,1008,12,361,41721380,1,1.0,1.0,1.0,1.0,1.0,2.3333333333333335,2,0,0.0,0.08333333333333333,1.0
t5_star,1008,12,362,41721381,1,0.0,1.0,1.0,1.0,1.0,4.583333333333333,12,0,0.0,0.0,1.0
t5_star,1008,12,363,41721382,1,1.0,1.0,1.0,1.0,1.0,2.75,4,0,0.0,0.16666666666666666,1.0
t5_star,1008,12,364,41721383,1,1.0,1.0,1.0,1.0,1.0,5.166666666666667,12,0,0.0,0.0,1.0
t5_star,1008,12,365,41721384,1,1.0,1.0,1.0,1.0,1.0,5.416666666666667,11,0,0.0,0.0,1.0
t5_star,1008,12,366,41721385,1,1.0,1.0,1.0,1.0,1.0,3.5833333333333335,9,0,0.0,0.08333333333333333,1.0
t5_star,1008,12,367,41721386,1,1.0,1.0,1.0,1.0,1.0,5.333333333333333,12,0,0.0,0.0,1.0
t5_star,1008,12,368,41721387,1,1.0,1.0,1.0,1.0,1.0,4.583333333333333,12,0,0.0,0.0,1.0
t5_star,1008,12,369,41721388,1,1.0,1.0,1.0,1.0,1.0,5.25,12,0,0.0,0.0,1.0
t5_star,1008,12,370,41721389,1,1.0,1.0,1.0,1.0,1.0,4.583333333333333,11,0,0.0,0.0,1.0
t5_star,1008,12,371,41721390,1,1.0,1.0,1.0,1.0,1.0,3.6666666666666665,8,0,0.0,0.0,1.0
t5_star,1008,12,372,41721391,1,1.0,1.0,1.0,1.0,1.0,5.583333333333333,12,0,0.0,0.0,1.0
t5_star,1008,12,373,41721392,1,1.0,1.0,1.0,1.0,1.0,5.666666666666667,12,0,0.0,0.0,1.0
t5_star,1008,12,374,41721393,1,1.0,1.0,1.0,1.0,1.0,2.9166666666666665,8,0,0.0,0.3333333333333333,1.0
t5_star,1008,12,375,41721394,1,1.0,1.0,1.0,1.0,1.0,4.666666666666667,12,0,0.0,0.0,1.0
t5_star,1008,12,376,41721395,1,1.0,1.0,1.0,1.0,1.0,7.583333333333333,12,0,0.0,0.0,1.0
t5_star,1008,12,377,41721396,1,1.0,1.0,1.0,1.0,1.0,3.1666666666666665,11,0,0.0,0.08333333333333333,1.0
t5_star,1008,12,378,41721397,1,1.0,1.0,1.0,1.0,1.0,4.333333333333333,11,0,0.0,0.0,1.0
t5_star,1008,12,379,41721398,1,1.0,1.0,1.0,1.0,1.0,5.0,12,0,0.0,0.0,1.0
t5_star,1008,12,380,41721399,1,1.0,1.0,1.0,1.0,1.0,7.75,12,0,0.0,0.0,1.0
t5_star,1008,12,381,41721400,1,1.0,1.0,1.0,1.0,1.0,4.5,11,0,0.0,0.0,1.0
t5_star,1008,12,382,41721401,1,1.0,1.0,1.0,1.0,1.0,4.333333333333333,12,0,0.0,0.0,1.0
t5_star,1008,12,383,41721402,1,1.0,1.0,1.0,1.0,1.0,3.9166666666666665,10,0,0.0,0.08333333333333333,1.0
t5_star,1008,12,384,41721403,1,1.0,1.0,1.0,1.0,1.0,4.083333333333333,9,0,0.0,0.0,1.0
t5_star,1008,12,385,41721404,1,1.0,1.0,1.0,1.0,1.0,5.166666666666667,12,0,0.0,0.08333333333333333,1.0
t5_star,1008,12,386,41721405,1,1.0,1.0,1.0,1.0,1.0,1.5833333333333333,1,1,1.0,0.16666666666666666,1.0
t5_star,1008,12,387,41721406,1,1.0,1.0,1.0,1.0,1.0,3.9166666666666665,10,0,0.0,0.0,1.0
t5_star,1008,12,388,41721407,1,1.0,1.0,1.0,1.0,1.0,3.9166666666666665,11,0,0.0,0.08333333333333333,1.0
t5_star,1008,12,389,41721408,1,1.0,1.0,1.0,1.0,1.0,6.25,12,0,0.0,0.0,1.0
t5_star,1008,12,390,41721409,1,1.0,1.0,1.0,1.0,1.0,3.9166666666666665,11,0,0.0,0.08333333333333333,1.0
t5_star,1008,12,391,41721410,1,1.0,1.0,1.0,1.0,1.0,6.0,12,0,0.0,0.0,1.0
t5_star,1008,12,392,41721411,1,1.0,1.0,1.0,1.0,1.0,3.25,9,0,0.0,0.16666666666666666,1.0
t5_star,1008,12,393,41721412,1,1.0,1.0,1.0,1.0,1.0,5.833333333333333,12,0,0.0,0.0,1.0
t5_star,1008,12,394,41721413,1,1.0,1.0,1.0,1.0,1.0,5.25,12,0,0.0,0.0,1.0
t5_star,1008,12,395,41721414,1,1.0,1.0,1.0,1.0,1.0,5.0,12,0,0.0,0.08333333333333333,1.0
t5_star,1008,12,396,41721415,1,1.0,1.0,1.0,1.0,1.0,3.25,4,0,0.0,0.08333333333333333,1.0
t5_star,1008,12,397,41721416,1,1.0,1.0,1.0,1.0,1.0,5.166666666666667,12,0,0.0,0.0,1.0
t5_star,1008,12,398,41721417,1,1.0,1.0,1.0,1.0,1.0,4.75,12,0,0.0,0.0,1.0
t5_star,1008,12,399,41721418,1,1.0,1.0,1.0,1.0,1.0,8.0,12,0,0.0,0.0,1.0
t5_star,1008,12,400,41721419,1,1.0,1.0,1.0,1.0,1.0,4.166666666666667,9,0,0.0,0.0,1.0
t5_star,1008,12,401,41721420,1,1.0,1.0,1.0,1.0,1.0,3.5,11,0,0.0,0.08333333333333333,1.0
t5_star,1008,12,402,41721421,1,1.0,1.0,1.0,1.0,1.0,4.833333333333333,12,0,0.0,0.0,1.0
t5_star,1008,12,403,41721422,1,1.0,1.0,1.0,1.0,1.0,2.6666666666666665,6,0,0.0,0.16666666666666666,1.0
t5_star,1008,12,404,41721423,1,1.0,1.0,1.0,1.0,1.0,4.083333333333333,9,0,0.0,0.08333333333333333,1.0
t5_star,1008,12,405,41721424,1,1.0,1.0,1.0,1.0,1.0,2.6666666666666665,8,0,0.0,0.25,1.0
t5_star,1008,12,406,41721425,1,1.0,1.0,1.0,1.0,1.0,3.5833333333333335,12,0,0.0,0.0,1.0
t5_star,1008,12,407,41721426,1,1.0,1.0,1.0,1.0,1.0,3.9166666666666665,12,0,0.0,0.0,1.0
t5_star,1008,12,408,41721427,1,1.0,1.0,1.0,1.0,1.0,6.5,12,0,0.0,0.0,1.0
t5_star,1008,12,409,41721428,1,1.0,1.0,1.0,1.0,1.0,4.333333333333333,12,0,0.0,0.0,1.0
t5_star,1008,12,410,41721429,1,1.0,1.0,1.0,1.0,1.0,4.666666666666667,12,0,0.0,0.0,1.0
t5_star,1008,12,411,41721430,1,1.0,1.0,1.0,1.0,1.0,3.5,10,0,0.0,0.08333333333333333,1.0
t5_star,1008,12,412,41721431,1,1.0,1.0,1.0,1.0,1.0,3.5833333333333335,10,0,0.0,0.0,1.0
t5_star,1008,12,413,41721432,1,1.0,1.0,1.0,1.0,1.0,4.5,12,0,0.0,0.0,1.0
t5_star,1008,12,414,41721433,1,1.0,1.0,1.0,1.0,1.0,4.333333333333333,11,0,0.0,0.0,1.0
t5_star,1008,12,415,41721434,1,1.0,1.0,1.0,1.0,1.0,2.8333333333333335,7,0,0.0,0.16666666666666666,1.0
t5_star,1008,12,416,41721435,1,1.0,1.0,1.0,1.0,1.0,4.5,12,0,0.0,0.0,1.0
t5_star,1008,12,417,41721436,1,1.0,1.0,1.0,1.0,1.0,3.75,11,0,0.0,0.08333333333333333,1.0
t5_star,1008,12,418,41721437,1,1.0,1.0,1.0,1.0,1.0,6.916666666666667,12,0,0.0,0.0,1.0
t5_star,1008,12,419,41721438,1,1.0,1.0,1.0,1.0,1.0,5.666666666666667,12,0,0.0,0.0,1.0
t5_star,1008,12,420,41721439,1,0.0,1.0,1.0,1.0,1.0,3.9166666666666665,12,0,0.0,0.0,1.0
t5_star,1008,12,421,41721440,1,0.0,1.0,1.0,1.0,1.0,5.416666666666667,12,0,0.0,0.0,1.0
t5_star,1008,12,422,41721441,1,1.0,1.0,1.0,1.0,1.0,3.75,10,0,0.0,0.16666666666666666,1.0
t5_star,1008,12,423,41721442,1,1.0,1.0,1.0,1.0,1.0,4.0,11,0,0.0,0.08333333333333333,1.0
t5_star,1008,12,424,41721443,1,1.0,1.0,1.0,1.0,1.0,3.5833333333333335,10,0,0.0,0.16666666666666666,1.0
t5_star,1008,12,425,41721444,1,1.0,1.0,1.0,1.0,1.0,3.3333333333333335,10,0,0.0,0.0,1.0
t5_star,1008,12,426,41721445,1,1.0,1.0,1.0,1.0,1.0,4.416666666666667,12,0,0.0,0.0,1.0
t5_star,1008,12,427,41721446,1,1.0,1.0,1.0,1.0,1.0,2.8333333333333335,6,0,0.0,0.0,1.0
t5_star,1008,12,428,41721447,1,1.0,1.0,1.0,1.0,1.0,3.8333333333333335,11,0,0.0,0.08333333333333333,1.0
t5_star,1008,12,429,41721448,1,1.0,1.0,1.0,1.0,1.0,6.833333333333333,12,0,0.0,0.0,1.0
t5_star,1008,12,430,41721449,1,1.0,1.0,1.0,1.0,1.0,4.25,12,0,0.0,0.0,1.0
t5_star,1008,12,431,41721450,1,0.0,1.0,1.0,1.0,1.0,5.666666666666667,12,0,0.0,0.0,1.0
t5_star,1008,12,432,41721451,1,1.0,1.0,1.0,1.0,1.0,3.6666666666666665,9,0,0.0,0.0,1.0
t5_star,1008,12,433,41721452,1,1.0,1.0,1.0,1.0,1.0,6.166666666666667,12,0,0.0,0.0,1.0
t5_star,1008,12,434,41721453,1,1.0,1.0,1.0,1.0,1.0,4.583333333333333,12,0,0.0,0.0,1.0
t5_star,1008,12,435,41721454,1,1.0,1.0,1.0,1.0,1.0,4.083333333333333,12,0,0.0,0.0,1.0
t5_star,1008,12,436,41721455,1,1.0,1.0,1.0,1.0,1.0,4.916666666666667,12,0,0.0,0.0,1.0
t5_star,1008,12,437,41721456,1,1.0,1.0,1.0,1.0,1.0,4.416666666666667,12,0,0.0,0.0,1.0
t5_star,1008,12,438,41721457,1,1.0,1.0,1.0,1.0,1.0,4.166666666666667,11,0,0.0,0.0,1.0
t5_star,1008,12,439,41721458,1,1.0,1.0,1.0,1.0,1.0,5.75,12,0,0.0,0.0,1.0
t5_star,1008,12,440,41721459,1,1.0,1.0,1.0,1.0,1.0,3.9166666666666665,12,0,0.0,0.0,1.0
t5_star,1008,12,441,41721460,1,1.0,1.0,1.0,1.0,1.0,2.1666666666666665,2,0,0.0,0.25,1.0
t5_star,1008,12,442,41721461,1,1.0,1.0,1.0,1.0,1.0,3.1666666666666665,12,0,0.0,0.0,1.0
t5_star,1008,12,443,41721462,1,1.0,1.0,1.0,1.0,1.0,4.5,12,0,0.0,0.0,1.0
t5_star,1008,12,444,41721463,1,1.0,1.0,1.0,1.0,1.0,4.666666666666667,12,0,0.0,0.0,1.0
t5_star,1008,12,445,41721464,1,1.0,1.0,1.0,1.0,1.0,5.083333333333333,12,0,0.0,0.0,1.0
t5_star,1008,12,446,41721465,1,1.0,1.0,1.0,1.0,1.0,6.833333333333333,12,0,0.0,0.0,1.0
t5_star,1008,12,447,41721466,1,1.0,1.0,1.0,1.0,1.0,4.916666666666667,12,0,0.0,0.0,1.0
t5_star,1008,12,448,41721467,1,1.0,1.0,1.0,1.0,1.0,3.1666666666666665,11,0,0.0,0.08333333333333333,1.0
t5_star,1008,12,449,41721468,1,1.0,1.0,1.0,1.0,1.0,4.25,12,0,0.0,0.0,1.0
t5_star,1008,12,450,41721469,1,1.0,1.0,1.0,1.0,1.0,5.25,12,0,0.0,0.0,1.0
t5_star,1008,12,451,41721470,1,1.0,1.0,1.0,1.0,1.0,1.8333333333333333,1,1,1.0,0.16666666666666666,1.0
t5_star,1008,12,452,41721471,1,1.0,1.0,1.0,1.0,1.0,3.5833333333333335,11,0,0.0,0.08333333333333333,1.0
t5_star,1008,12,453,41721472,1,0.0,1.0,1.0,1.0,1.0,4.0,11,0,0.0,0.08333333333333333,1.0
t5_star,1008,12,454,41721473,1,1.0,1.0,1.0,1.0,1.0,3.5,6,0,0.0,0.08333333333333333,1.0
t5_star,1008,12,455,41721474,1,1.0,1.0,1.0,1.0,1.0,4.666666666666667,12,0,0.0,0.0,1.0
t5_star,1008,12,456,41721475,1,1.0,1.0,1.0,1.0,1.0,3.3333333333333335,9,0,0.0,0.08333333333333333,1.0
t5_star,1008,12,457,41721476,1,1.0,1.0,1.0,1.0,1.0,6.833333333333333,12,0,0.0,0.0,1.0
t5_star,1008,12,458,41721477,1,1.0,1.0,1.0,1.0,1.0,4.5,12,0,0.0,0.0,1.0
t5_star,1008,12,459,41721478,1,1.0,1.0,1.0,1.0,1.0,5.083333333333333,12,0,0.0,0.0,1.0
t5_star,1008,12,460,41721479,1,1.0,1.0,1.0,1.0,1.0,4.166666666666667,12,0,0.0,0.0,1.0
t5_star,1008,12,461,41721480,1,1.0,1.0,1.0,1.0,1.0,4.083333333333333,11,0,0.0,0.0,1.0
t5_star,1008,12,462,41721481,1,1.0,1.0,1.0,1.0,1.0,2.25,5,0,0.0,0.16666666666666666,1.0
t5_star,1008,12,463,41721482,1,1.0,1.0,1.0,1.0,1.0,3.75,10,0,0.0,0.0,1.0
t5_star,1008,12,464,41721483,1,1.0,1.0,1.0,1.0,1.0,3.5833333333333335,12,0,0.0,0.0,1.0
t5_star,1008,12,465,41721484,1,1.0,1.0,1.0,1.0,1.0,2.0,3,0,0.0,0.25,1.0
t5_star,1008,12,466,41721485,1,1.0,1.0,1.0,1.0,1.0,3.6666666666666665,12,0,0.0,0.08333333333333333,1.0
t5_star,1008,12,467,41721486,1,1.0,1.0,1.0,1.0,1.0,3.4166666666666665,12,0,0.0,0.16666666666666666,1.0
t5_star,1008,12,468,41721487,1,1.0,1.0,1.0,1.0,1.0,6.25,12,0,0.0,0.0,1.0
t5_star,1008,12,469,41721488,1,1.0,1.0,1.0,1.0,1.0,5.333333333333333,12,0,0.0,0.0,1.0
t5_star,1008,12,470,41721489,1,0.0,1.0,1.0,1.0,1.0,6.75,12,0,0.0,0.0,1.0
t5_star,1008,12,471,41721490,1,1.0,1.0,1.0,1.0,1.0,3.5,11,0,0.0,0.08333333333333333,1.0
t5_star,1008,12,472,41721491,1,1.0,1.0,1.0,1.0,1.0,5.583333333333333,12,0,0.0,0.0,1.0
t5_star,1008,12,473,41721492,1,1.0,1.0,1.0,1.0,1.0,6.666666666666667,12,0,0.0,0.0,1.0
t5_star,1008,12,474,41721493,1,1.0,1.0,1.0,1.0,1.0,5.666666666666667,12,0,0.0,0.0,1.0
t5_star,1008,12,475,41721494,1,0.0,1.0,1.0,1.0,1.0,5.416666666666667,12,0,0.0,0.0,1.0
t5_star,1008,12,476,41721495,1,1.0,1.0,1.0,1.0,1.0,3.5833333333333335,7,0,0.0,0.0,1.0
t5_star,1008,12,477,41721496,1,1.0,1.0,1.0,1.0,1.0,4.333333333333333,12,0,0.0,0.08333333333333333,1.0
t5_star,1008,12,478,41721497,1,1.0,1.0,1.0,1.0,1.0,4.166666666666667,12,0,0.0,0.0,1.0
t5_star,1008,12,479,41721498,1,1.0,1.0,1.0,1.0,1.0,4.166666666666667,11,0,0.0,0.0,1.0
t5_star,1008,12,480,41721499,1,1.0,1.0,1.0,1.0,1.0,3.9166666666666665,10,0,0.0,0.16666666666666666,1.0
t5_star,1008,12,481,41721500,1,0.0,1.0,1.0,1.0,1.0,4.166666666666667,12,0,0.0,0.0,1.0
t5_star,1008,12,482,41721501,1,1.0,1.0,1.0,1.0,1.0,3.5833333333333335,12,0,0.0,0.0,1.0
t5_star,1008,12,483,41721502,1,1.0,1.0,1.0,1.0,1.0,4.166666666666667,12,0,0.0,0.0,1.0
t5_star,1008,12,484,41721503,1,1.0,1.0,1.0,1.0,1.0,3.9166666666666665,12,0,0.0,0.0,1.0
t5_star,1008,12,485,41721504,1,1.0,1.0,1.0,1.0,1.0,5.75,12,0,0.0,0.0,1.0
t5_star,1008,12,486,41721505,1,1.0,1.0,1.0,1.0,1.0,5.083333333333333,12,0,0.0,0.0,1.0
t5_star,1008,12,487,41721506,1,1.0,1.0,1.0,1.0,1.0,5.916666666666667,12,0,0.0,0.0,1.0
t5_star,1008,12,488,41721507,1,1.0,1.0,1.0,1.0,1.0,4.166666666666667,11,0,0.0,0.08333333333333333,1.0
t5_star,1008,12,489,41721508,1,1.0,1.0,1.0,1.0,1.0,2.9166666666666665,10,0,0.0,0.0,1.0
t5_star,1008,12,490,41721509,1,1.0,1.0,1.0,1.0,1.0,5.25,12,0,0.0,0.0,1.0
t5_star,1008,12,491,41721510,1,1.0,1.0,1.0,1.0,1.0,3.9166666666666665,12,0,0.0,0.0,1.0
t5_star,1008,12,492,41721511,1,1.0,1.0,1.0,1.0,1.0,4.833333333333333,12,0,0.0,0.0,1.0
t5_star,1008,12,493,41721512,1,1.0,1.0,1.0,1.0,1.0,3.25,11,0,0.0,0.08333333333333333,1.0
t5_star,1008,12,494,41721513,1,1.0,1.0,1.0,1.0,1.0,2.9166666666666665,7,0,0.0,0.16666666666666666,1.0
t5_star,1008,12,495,41721514,1,1.0,1.0,1.0,1.0,1.0,3.5833333333333335,12,0,0.0,0.0,1.0
t5_star,1008,12,496,41721515,1,1.0,1.0,1.0,1.0,1.0,4.833333333333333,12,0,0.0,0.16666666666666666,1.0
t5_star,1008,12,497,41721516,1,1.0,1.0,1.0,1.0,1.0,3.9166666666666665,10,0,0.0,0.16666666666666666,1.0
t5_star,1008,12,498,41721517,1,1.0,1.0,1.0,1.0,1.0,3.3333333333333335,8,0,0.0,0.16666666666666666,1.0
t5_star,1008,12,499,41721518,1,1.0,1.0,1.0,1.0,1.0,3.1666666666666665,10,0,0.0,0.0,1.0
