origin_date,isin,reasons
2007-03-19,CZ0005112300,incomplete_past_return_window;incomplete_past_volume
2007-03-19,HU0000068952,unavailable_source_series
2007-03-19,PLBH00000012,too_many_zero_close_returns
2007-03-19,PLSOFTB00016,incomplete_past_return_window;incomplete_past_volume
2007-03-19,PLZPW0000017,incomplete_past_return_window;incomplete_past_volume
2007-03-19,PLMLMDP00015,incomplete_past_return_window;incomplete_past_volume
2007-03-19,PLDMDVL00012,incomplete_past_return_window;incomplete_past_volume
2007-03-19,PLDWORY00019,insufficient_positive_volume;too_many_zero_close_returns
2007-03-19,PLKRDTB00011,too_many_zero_close_returns
2007-03-19,PLLPP0000011,incomplete_past_return_window;incomplete_past_volume;too_many_zero_close_returns
2007-03-19,NL0000474351,unavailable_source_series
2007-03-19,PLNFI0900014,incomplete_past_return_window;incomplete_past_volume
2007-03-19,PLNFI1200018,incomplete_past_return_window;incomplete_past_volume
2007-03-19,PLHUTMN00017,unavailable_source_series
2007-04-18,CZ0005112300,incomplete_past_return_window;incomplete_past_volume
2007-04-18,HU0000068952,unavailable_source_series
2007-04-18,PLBH00000012,too_many_zero_close_returns
2007-04-18,PLECHPS00019,too_many_zero_close_returns
2007-04-18,PLSOFTB00016,incomplete_past_return_window;incomplete_past_volume
2007-04-18,PLZPW0000017,incomplete_past_return_window;incomplete_past_volume
2007-04-18,PLMLMDP00015,incomplete_past_return_window;incomplete_past_volume
2007-04-18,PLDMDVL00012,incomplete_past_return_window;incomplete_past_volume
2007-04-18,PLDWORY00019,insufficient_positive_volume;too_many_zero_close_returns
2007-04-18,PLLPP0000011,incomplete_past_return_window;incomplete_past_volume
2007-04-18,NL0000474351,unavailable_source_series
2007-04-18,PLNFI0900014,incomplete_past_return_window;incomplete_past_volume
2007-04-18,PLNFI1200018,incomplete_past_return_window;incomplete_past_volume
2007-04-18,PLHUTMN00017,unavailable_source_series
2007-05-18,CZ0005112300,incomplete_past_return_window;incomplete_past_volume
2007-05-18,HU0000068952,unavailable_source_series
2007-05-18,PLSOFTB00016,incomplete_past_return_window;incomplete_past_volume
2007-05-18,PLZPW0000017,incomplete_past_return_window;incomplete_past_volume
2007-05-18,PLMLMDP00015,incomplete_past_return_window;incomplete_past_volume
2007-05-18,PLDMDVL00012,incomplete_past_return_window;incomplete_past_volume
2007-05-18,PLDWORY00019,insufficient_positive_volume;too_many_zero_close_returns
2007-05-18,PLLPP0000011,incomplete_past_return_window;incomplete_past_volume
2007-05-18,NL0000474351,unavailable_source_series
2007-05-18,PLNFI0900014,incomplete_past_return_window;incomplete_past_volume
2007-05-18,PLNFI1200018,incomplete_past_return_window;incomplete_past_volume
2007-05-18,PLHUTMN00017,unavailable_source_series
2007-06-18,CZ0005112300,incomplete_past_return_window;incomplete_past_volume
2007-06-18,HU0000068952,unavailable_source_series
2007-06-18,PLSOFTB00016,incomplete_past_return_window;incomplete_past_volume
2007-06-18,PLLPP0000011,incomplete_past_return_window;incomplete_past_volume
2007-06-18,PLDWORY00019,insufficient_positive_volume;too_many_zero_close_returns
2007-06-18,PLDMDVL00012,incomplete_past_return_window;incomplete_past_volume
2007-06-18,PLMLMDP00015,incomplete_past_return_window;incomplete_past_volume
2007-06-18,NL0000474351,unavailable_source_series
2007-06-18,PLNFI0900014,incomplete_past_return_window;incomplete_past_volume
2007-06-18,PLHUTMN00017,unavailable_source_series
2007-06-18,PLNFI1200018,incomplete_past_return_window;incomplete_past_volume
2007-07-16,CZ0005112300,incomplete_past_return_window;incomplete_past_volume
2007-07-16,HU0000068952,unavailable_source_series
2007-07-16,PLSOFTB00016,incomplete_past_return_window;incomplete_past_volume
2007-07-16,PLLPP0000011,incomplete_past_return_window;incomplete_past_volume
2007-07-16,PLDWORY00019,insufficient_positive_volume;too_many_zero_close_returns
2007-07-16,PLDMDVL00012,incomplete_past_return_window;incomplete_past_volume
2007-07-16,PLMLMDP00015,incomplete_past_return_window;incomplete_past_volume
2007-07-16,NL0000474351,unavailable_source_series
2007-07-16,PLNFI0900014,incomplete_past_return_window;incomplete_past_volume
2007-07-16,PLHUTMN00017,unavailable_source_series
2007-07-16,PLNFI1200018,incomplete_past_return_window;incomplete_past_volume
2007-08-13,CZ0005112300,incomplete_past_return_window;incomplete_past_volume
2007-08-13,HU0000068952,unavailable_source_series
2007-08-13,PLSOFTB00016,incomplete_past_return_window;incomplete_past_volume
2007-08-13,PLLPP0000011,incomplete_past_return_window;incomplete_past_volume
2007-08-13,PLDWORY00019,insufficient_positive_volume;too_many_zero_close_returns
2007-08-13,PLDMDVL00012,incomplete_past_return_window;incomplete_past_volume
2007-08-13,PLMLMDP00015,incomplete_past_return_window;incomplete_past_volume
2007-08-13,NL0000474351,unavailable_source_series
2007-08-13,PLNFI0900014,incomplete_past_return_window;incomplete_past_volume
2007-08-13,PLHUTMN00017,unavailable_source_series
2007-08-13,PLNFI1200018,incomplete_past_return_window;incomplete_past_volume
2007-09-11,CZ0005112300,incomplete_past_return_window;incomplete_past_volume
2007-09-11,HU0000068952,unavailable_source_series
2007-09-11,PLSOFTB00016,incomplete_past_return_window;incomplete_past_volume
2007-09-11,PLLPP0000011,incomplete_past_return_window;incomplete_past_volume
2007-09-11,PLDWORY00019,insufficient_positive_volume;too_many_zero_close_returns
2007-09-11,PLDMDVL00012,incomplete_past_return_window;incomplete_past_volume
2007-09-11,PLMLMDP00015,incomplete_past_return_window;incomplete_past_volume
2007-09-11,NL0000474351,unavailable_source_series
2007-09-11,PLNFI0900014,incomplete_past_return_window;incomplete_past_volume
2007-09-11,PLHUTMN00017,unavailable_source_series
2007-09-11,PLNFI1200018,incomplete_past_return_window;incomplete_past_volume
2007-10-09,CZ0005112300,incomplete_past_return_window;incomplete_past_volume
2007-10-09,PLSOFTB00016,incomplete_past_return_window;incomplete_past_volume
2007-10-09,PLDWORY00019,insufficient_positive_volume;too_many_zero_close_returns
2007-10-09,PLLPP0000011,incomplete_past_return_window;incomplete_past_volume
2007-10-09,NL0000474351,unavailable_source_series
2007-10-09,PLNETIA00014,too_many_zero_close_returns
2007-10-09,PLDMDVL00012,incomplete_past_return_window;incomplete_past_volume
2007-10-09,LU0275164910,incomplete_past_return_window;incomplete_past_volume
2007-10-09,PLMLMDP00015,incomplete_past_return_window;incomplete_past_volume
2007-10-09,PLNFI1200018,incomplete_past_return_window;incomplete_past_volume
2007-10-09,PLHUTMN00017,unavailable_source_series
2007-10-09,PLNFI0900014,incomplete_past_return_window;incomplete_past_volume
2007-10-09,PLELPO000016,too_many_zero_close_returns
2007-10-09,PLCASPL00019,unavailable_source_series
2007-11-07,PLSOFTB00016,incomplete_past_return_window;incomplete_past_volume
2007-11-07,PLDWORY00019,insufficient_positive_volume;too_many_zero_close_returns
2007-11-07,PLLPP0000011,incomplete_past_return_window;incomplete_past_volume
2007-11-07,NL0000474351,unavailable_source_series
2007-11-07,PLNETIA00014,too_many_zero_close_returns
2007-11-07,LU0275164910,incomplete_past_return_window;incomplete_past_volume
2007-11-07,PLMLMDP00015,incomplete_past_return_window;incomplete_past_volume
2007-11-07,PLNFI1200018,incomplete_past_return_window;incomplete_past_volume
2007-11-07,PLHUTMN00017,unavailable_source_series
2007-11-07,PLNFI0900014,incomplete_past_return_window;incomplete_past_volume
2007-11-07,PLELPO000016,too_many_zero_close_returns
2007-11-07,PLCASPL00019,unavailable_source_series
2007-12-05,PLSOFTB00016,incomplete_past_return_window;incomplete_past_volume
2007-12-05,PLDWORY00019,insufficient_positive_volume;too_many_zero_close_returns
2007-12-05,PLLPP0000011,incomplete_past_return_window;incomplete_past_volume
2007-12-05,NL0000474351,unavailable_source_series
2007-12-05,LU0275164910,incomplete_past_return_window;incomplete_past_volume
2007-12-05,PLHUTMN00017,unavailable_source_series
2007-12-05,PLELPO000016,too_many_zero_close_returns
2007-12-05,PLCASPL00019,unavailable_source_series
2008-01-09,PLLPP0000011,incomplete_past_return_window;incomplete_past_volume
2008-01-09,NL0000474351,unavailable_source_series
2008-01-09,PLDWORY00019,insufficient_positive_volume;too_many_zero_close_returns
2008-01-09,LU0275164910,incomplete_past_return_window;incomplete_past_volume
2008-01-09,PLHUTMN00017,unavailable_source_series
2008-01-09,PLELPO000016,too_many_zero_close_returns
2008-01-09,PLCASPL00019,unavailable_source_series
2008-01-09,PLSANWL00012,too_many_zero_close_returns
2008-02-06,PLLPP0000011,incomplete_past_return_window;incomplete_past_volume
2008-02-06,NL0000474351,unavailable_source_series
2008-02-06,PLDWORY00019,insufficient_positive_volume;too_many_zero_close_returns
2008-02-06,LU0275164910,incomplete_past_return_window;incomplete_past_volume
2008-02-06,PLHUTMN00017,unavailable_source_series
2008-02-06,PLELPO000016,too_many_zero_close_returns
2008-02-06,PLCASPL00019,unavailable_source_series
2008-02-06,PLSANWL00012,too_many_zero_close_returns
2008-03-05,NL0000474351,unavailable_source_series
2008-03-05,PLDWORY00019,insufficient_positive_volume;too_many_zero_close_returns
2008-03-05,LU0275164910,incomplete_past_return_window;incomplete_past_volume
2008-03-05,PLHUTMN00017,unavailable_source_series
2008-03-05,PLELPO000016,too_many_zero_close_returns
2008-03-05,PLCASPL00019,unavailable_source_series
2008-03-05,PLSANWL00012,too_many_zero_close_returns
2008-04-04,PLLPP0000011,incomplete_past_return_window;incomplete_past_volume
2008-04-04,NL0000474351,unavailable_source_series
2008-04-04,PLPROKM00013,incomplete_past_return_window;incomplete_past_volume
2008-04-04,PLPAQUA00018,incomplete_past_return_window;incomplete_past_volume
2008-04-04,PLDWORY00019,insufficient_positive_volume;too_many_zero_close_returns
2008-04-04,LU0275164910,incomplete_past_return_window;incomplete_past_volume
2008-04-04,PLLCCRP00017,incomplete_past_return_window;incomplete_past_volume
2008-04-04,PLCCC0000016,incomplete_past_return_window;incomplete_past_volume
2008-04-04,PLCASPL00019,unavailable_source_series
2008-04-04,PLELPO000016,too_many_zero_close_returns
2008-04-04,PLSANWL00012,too_many_zero_close_returns
2008-05-06,PLLPP0000011,incomplete_past_return_window;incomplete_past_volume
2008-05-06,NL0000474351,unavailable_source_series
2008-05-06,PLPROKM00013,incomplete_past_return_window;incomplete_past_volume
2008-05-06,PLNETIA00014,too_many_zero_close_returns
2008-05-06,PLPAQUA00018,incomplete_past_return_window;incomplete_past_volume
2008-05-06,PLKRDTB00011,incomplete_past_return_window;incomplete_past_volume
2008-05-06,PLDWORY00019,insufficient_positive_volume
2008-05-06,LU0275164910,incomplete_past_return_window;incomplete_past_volume
2008-05-06,PLLCCRP00017,incomplete_past_return_window;incomplete_past_volume
2008-05-06,PLCCC0000016,incomplete_past_return_window;incomplete_past_volume
2008-05-06,PLCASPL00019,unavailable_source_series
2008-05-06,PLPRCHK00018,too_many_zero_close_returns
2008-05-06,PLELPO000016,too_many_zero_close_returns
2008-05-06,PLSANWL00012,too_many_zero_close_returns
2008-06-04,PLLPP0000011,incomplete_past_return_window;incomplete_past_volume
2008-06-04,NL0000474351,unavailable_source_series
2008-06-04,PLPROKM00013,incomplete_past_return_window;incomplete_past_volume
2008-06-04,PLNETIA00014,too_many_zero_close_returns
2008-06-04,PLPAQUA00018,incomplete_past_return_window;incomplete_past_volume
2008-06-04,PLKRDTB00011,incomplete_past_return_window;incomplete_past_volume
2008-06-04,PLDWORY00019,insufficient_positive_volume
2008-06-04,LU0275164910,incomplete_past_return_window;incomplete_past_volume
2008-06-04,PLLCCRP00017,incomplete_past_return_window;incomplete_past_volume
2008-06-04,PLCCC0000016,incomplete_past_return_window;incomplete_past_volume
2008-06-04,PLCASPL00019,unavailable_source_series
2008-06-04,PLPRCHK00018,too_many_zero_close_returns
2008-06-04,PLELPO000016,too_many_zero_close_returns
2008-06-04,PLSANWL00012,too_many_zero_close_returns
2008-07-02,PLLPP0000011,incomplete_past_return_window;incomplete_past_volume
2008-07-02,NL0000474351,unavailable_source_series
2008-07-02,PLNETIA00014,too_many_zero_close_returns
2008-07-02,PLKRDTB00011,incomplete_past_return_window;incomplete_past_volume
2008-07-02,PLPAQUA00018,incomplete_past_return_window;incomplete_past_volume
2008-07-02,PLLCCRP00017,incomplete_past_return_window
2008-07-02,PLDWORY00019,insufficient_positive_volume;too_many_zero_close_returns
2008-07-02,PLCCC0000016,incomplete_past_return_window;incomplete_past_volume
2008-07-02,LU0275164910,incomplete_past_return_window;incomplete_past_volume
2008-07-02,PLPRCHK00018,too_many_zero_close_returns
2008-07-02,PLCASPL00019,unavailable_source_series
2008-07-02,PLSANWL00012,too_many_zero_close_returns
2008-07-30,PLELDRD00017,incomplete_past_return_window;incomplete_past_volume
2008-07-30,PLLPP0000011,incomplete_past_return_window;incomplete_past_volume
2008-07-30,NL0000474351,unavailable_source_series
2008-07-30,PLNETIA00014,too_many_zero_close_returns
2008-07-30,PLKRDTB00011,incomplete_past_return_window;incomplete_past_volume
2008-07-30,PLPAQUA00018,incomplete_past_return_window;incomplete_past_volume
2008-07-30,PLDWORY00019,insufficient_positive_volume
2008-07-30,PLCCC0000016,incomplete_past_return_window;incomplete_past_volume
2008-07-30,LU0275164910,incomplete_past_return_window;incomplete_past_volume
2008-07-30,PLPRCHK00018,too_many_zero_close_returns
2008-07-30,PLCASPL00019,unavailable_source_series
2008-07-30,PLSANWL00012,too_many_zero_close_returns
2008-08-28,PLELDRD00017,incomplete_past_return_window;incomplete_past_volume
2008-08-28,PLLPP0000011,incomplete_past_return_window;incomplete_past_volume
2008-08-28,PLSTLPD00017,incomplete_past_return_window;incomplete_past_volume
2008-08-28,NL0000474351,unavailable_source_series
2008-08-28,PLNETIA00014,too_many_zero_close_returns
2008-08-28,PLKRDTB00011,incomplete_past_return_window;incomplete_past_volume
2008-08-28,PLDWORY00019,insufficient_positive_volume
2008-08-28,PLCCC0000016,incomplete_past_return_window;incomplete_past_volume
2008-08-28,LU0275164910,incomplete_past_return_window;incomplete_past_volume
2008-08-28,PLPRCHK00018,too_many_zero_close_returns
2008-08-28,PLCASPL00019,unavailable_source_series
2008-08-28,PLSANWL00012,too_many_zero_close_returns
2008-09-25,PLBIOTN00029,too_many_zero_close_returns
2008-09-25,PLLPP0000011,incomplete_past_return_window;incomplete_past_volume
2008-09-25,PLSTLPD00017,incomplete_past_return_window;incomplete_past_volume
2008-09-25,PLELDRD00017,incomplete_past_return_window;incomplete_past_volume
2008-09-25,PLCFRPT00013,incomplete_past_return_window;incomplete_past_volume
2008-09-25,NL0000474351,unavailable_source_series
2008-09-25,PLNETIA00014,too_many_zero_close_returns
2008-09-25,PLELTBD00017,incomplete_past_return_window;incomplete_past_volume
2008-09-25,LU0327357389,incomplete_past_return_window;incomplete_past_volume
2008-09-25,PLKRDTB00011,incomplete_past_return_window;incomplete_past_volume
2008-09-25,PLEURCH00011,incomplete_past_return_window;incomplete_past_volume
2008-09-25,PLCCC0000016,incomplete_past_return_window;incomplete_past_volume
2008-09-25,PLDWORY00019,insufficient_positive_volume
2008-09-25,PLSANWL00012,too_many_zero_close_returns
2008-10-23,PLBIOTN00029,too_many_zero_close_returns
2008-10-23,PLLPP0000011,incomplete_past_return_window;incomplete_past_volume
2008-10-23,PLSTLPD00017,incomplete_past_return_window;incomplete_past_volume
2008-10-23,PLELDRD00017,incomplete_past_return_window;incomplete_past_volume
2008-10-23,PLCFRPT00013,incomplete_past_return_window;incomplete_past_volume
2008-10-23,NL0000474351,unavailable_source_series
2008-10-23,PLNETIA00014,too_many_zero_close_returns
2008-10-23,PLELTBD00017,incomplete_past_return_window;incomplete_past_volume
2008-10-23,LU0327357389,incomplete_past_return_window;incomplete_past_volume
2008-10-23,PLKRDTB00011,incomplete_past_return_window;incomplete_past_volume
2008-10-23,PLEURCH00011,incomplete_past_return_window;incomplete_past_volume
2008-10-23,PLCCC0000016,incomplete_past_return_window;incomplete_past_volume
2008-10-23,PLSANWL00012,too_many_zero_close_returns
2008-11-21,PLBIOTN00029,too_many_zero_close_returns
2008-11-21,PLLPP0000011,incomplete_past_return_window;incomplete_past_volume
2008-11-21,PLSTLPD00017,incomplete_past_return_window;incomplete_past_volume
2008-11-21,PLELDRD00017,incomplete_past_return_window;incomplete_past_volume
2008-11-21,PLCFRPT00013,incomplete_past_return_window;incomplete_past_volume
2008-11-21,NL0000474351,unavailable_source_series
2008-11-21,PLNETIA00014,too_many_zero_close_returns
2008-11-21,PLELTBD00017,incomplete_past_return_window;incomplete_past_volume
2008-11-21,LU0327357389,incomplete_past_return_window;incomplete_past_volume
2008-11-21,PLKRDTB00011,incomplete_past_return_window;incomplete_past_volume
2008-11-21,PLEURCH00011,incomplete_past_return_window;incomplete_past_volume
2008-11-21,PLNFI1500011,too_many_zero_close_returns
2008-11-21,PLCCC0000016,incomplete_past_return_window;incomplete_past_volume
2008-11-21,PLSANWL00012,too_many_zero_close_returns
2008-12-19,PLBIOTN00029,too_many_zero_close_returns
2008-12-19,PLLPP0000011,incomplete_past_return_window;incomplete_past_volume
2008-12-19,PLSTLPD00017,incomplete_past_return_window;incomplete_past_volume
2008-12-19,PLELDRD00017,incomplete_past_return_window;incomplete_past_volume
2008-12-19,PLCFRPT00013,incomplete_past_return_window;incomplete_past_volume
2008-12-19,NL0000474351,unavailable_source_series
2008-12-19,PLNETIA00014,too_many_zero_close_returns
2008-12-19,PLELTBD00017,incomplete_past_return_window;incomplete_past_volume
2008-12-19,LU0327357389,incomplete_past_return_window;incomplete_past_volume
2008-12-19,PLKRDTB00011,incomplete_past_return_window;incomplete_past_volume
2008-12-19,PLEURCH00011,incomplete_past_return_window;incomplete_past_volume
2008-12-19,PLNFI1500011,too_many_zero_close_returns
2008-12-19,PLCCC0000016,incomplete_past_return_window;incomplete_past_volume;too_many_zero_close_returns
2008-12-19,PLDWORY00019,too_many_zero_close_returns
2008-12-19,PLSANWL00012,too_many_zero_close_returns
2009-01-23,PLBIOTN00029,too_many_zero_close_returns
2009-01-23,PLCFRPT00013,incomplete_past_return_window;incomplete_past_volume
2009-01-23,PLSTLPD00017,incomplete_past_return_window;incomplete_past_volume
2009-01-23,PLELTBD00017,incomplete_past_return_window;incomplete_past_volume
2009-01-23,PLLPP0000011,incomplete_past_return_window;incomplete_past_volume
2009-01-23,NL0000474351,unavailable_source_series
2009-01-23,PLELDRD00017,incomplete_past_return_window;incomplete_past_volume
2009-01-23,PLEURCH00011,incomplete_past_return_window;incomplete_past_volume
2009-01-23,PLCCC0000016,incomplete_past_return_window;incomplete_past_volume;too_many_zero_close_returns
2009-01-23,PLNFI1500011,too_many_zero_close_returns
2009-01-23,PLNETIA00014,too_many_zero_close_returns
2009-01-23,PLDWORY00019,too_many_zero_close_returns
2009-01-23,PLKRDTB00011,incomplete_past_return_window;incomplete_past_volume
2009-01-23,LU0327357389,incomplete_past_return_window;incomplete_past_volume
2009-02-20,PLBIOTN00029,too_many_zero_close_returns
2009-02-20,PLCFRPT00013,incomplete_past_return_window;incomplete_past_volume
2009-02-20,PLSTLPD00017,incomplete_past_return_window;incomplete_past_volume
2009-02-20,PLELTBD00017,incomplete_past_return_window;incomplete_past_volume
2009-02-20,PLLPP0000011,incomplete_past_return_window;incomplete_past_volume
2009-02-20,NL0000474351,unavailable_source_series
2009-02-20,PLELDRD00017,incomplete_past_return_window;incomplete_past_volume
2009-02-20,PLEURCH00011,incomplete_past_return_window;incomplete_past_volume
2009-02-20,PLCCC0000016,incomplete_past_return_window;incomplete_past_volume;too_many_zero_close_returns
2009-02-20,PLNFI1500011,too_many_zero_close_returns
2009-02-20,PLNETIA00014,too_many_zero_close_returns
2009-02-20,PLDWORY00019,too_many_zero_close_returns
2009-02-20,PLMLMDP00015,incomplete_past_return_window;incomplete_past_volume
2009-02-20,PLKRDTB00011,incomplete_past_return_window;incomplete_past_volume
2009-02-20,LU0327357389,incomplete_past_return_window;incomplete_past_volume
2009-03-20,PLBIOTN00029,too_many_zero_close_returns
2009-03-20,PLCFRPT00013,incomplete_past_return_window;incomplete_past_volume
2009-03-20,PLSTLPD00017,incomplete_past_return_window;incomplete_past_volume
2009-03-20,PLELTBD00017,incomplete_past_return_window;incomplete_past_volume
2009-03-20,PLLPP0000011,incomplete_past_return_window;incomplete_past_volume
2009-03-20,NL0000474351,unavailable_source_series
2009-03-20,PLELDRD00017,incomplete_past_return_window;incomplete_past_volume
2009-03-20,PLEURCH00011,incomplete_past_return_window;incomplete_past_volume
2009-03-20,PLCCC0000016,incomplete_past_return_window;incomplete_past_volume;too_many_zero_close_returns
2009-03-20,PLNFI1500011,too_many_zero_close_returns
2009-03-20,PLNETIA00014,too_many_zero_close_returns
2009-03-20,PLKETY000011,incomplete_past_return_window;incomplete_past_volume
2009-03-20,PLDWORY00019,too_many_zero_close_returns
2009-03-20,PLMLMDP00015,incomplete_past_return_window;incomplete_past_volume
2009-03-20,PLKRDTB00011,incomplete_past_return_window;incomplete_past_volume
2009-03-20,LU0327357389,incomplete_past_return_window;incomplete_past_volume
2009-04-21,PLCFRPT00013,incomplete_past_return_window;incomplete_past_volume
2009-04-21,PLBIOTN00029,too_many_zero_close_returns
2009-04-21,PLLPP0000011,incomplete_past_return_window;incomplete_past_volume
2009-04-21,PLELDRD00017,incomplete_past_return_window;incomplete_past_volume
2009-04-21,PLNETIA00014,too_many_zero_close_returns
2009-04-21,PLSTLPD00017,incomplete_past_return_window;incomplete_past_volume
2009-04-21,PLELTBD00017,incomplete_past_return_window;incomplete_past_volume
2009-04-21,NL0000474351,unavailable_source_series
2009-04-21,PLEURCH00011,incomplete_past_return_window;incomplete_past_volume
2009-04-21,PLKETY000011,incomplete_past_return_window;incomplete_past_volume
2009-04-21,PLMLMDP00015,incomplete_past_return_window;incomplete_past_volume
2009-04-21,PLCCC0000016,incomplete_past_return_window;incomplete_past_volume;too_many_zero_close_returns
2009-04-21,LU0327357389,incomplete_past_return_window;incomplete_past_volume
2009-04-21,PLNFI1500011,too_many_zero_close_returns
2009-04-21,PLDWORY00019,too_many_zero_close_returns
2009-05-20,PLBIOTN00029,too_many_zero_close_returns
2009-05-20,PLLPP0000011,incomplete_past_return_window;incomplete_past_volume
2009-05-20,PLELDRD00017,incomplete_past_return_window;incomplete_past_volume
2009-05-20,PLNETIA00014,too_many_zero_close_returns
2009-05-20,PLSTLPD00017,incomplete_past_return_window;incomplete_past_volume
2009-05-20,PLELTBD00017,incomplete_past_return_window;incomplete_past_volume
2009-05-20,NL0000474351,unavailable_source_series
2009-05-20,PLEURCH00011,incomplete_past_return_window;incomplete_past_volume
2009-05-20,PLKETY000011,incomplete_past_return_window;incomplete_past_volume
2009-05-20,PLMLMDP00015,incomplete_past_return_window;incomplete_past_volume
2009-05-20,PLCCC0000016,incomplete_past_return_window;incomplete_past_volume
2009-05-20,LU0327357389,incomplete_past_return_window;incomplete_past_volume
2009-05-20,PLNFI1500011,too_many_zero_close_returns
2009-05-20,PLDWORY00019,too_many_zero_close_returns
2009-06-18,PLBIOTN00029,too_many_zero_close_returns
2009-06-18,PLLPP0000011,incomplete_past_return_window;incomplete_past_volume
2009-06-18,PLELDRD00017,incomplete_past_return_window;incomplete_past_volume
2009-06-18,PLNETIA00014,too_many_zero_close_returns
2009-06-18,PLSTLPD00017,incomplete_past_return_window;incomplete_past_volume
2009-06-18,PLELTBD00017,incomplete_past_return_window;incomplete_past_volume
2009-06-18,NL0000474351,unavailable_source_series
2009-06-18,PLEURCH00011,incomplete_past_return_window;incomplete_past_volume
2009-06-18,PLKETY000011,incomplete_past_return_window;incomplete_past_volume
2009-06-18,PLMLMDP00015,incomplete_past_return_window;incomplete_past_volume
2009-06-18,PLCCC0000016,incomplete_past_return_window;incomplete_past_volume
2009-06-18,LU0327357389,incomplete_past_return_window;incomplete_past_volume
2009-06-18,PLDWORY00019,too_many_zero_close_returns
2009-07-16,PLBIOTN00029,too_many_zero_close_returns
2009-07-16,PLSTLPD00017,incomplete_past_return_window;incomplete_past_volume
2009-07-16,LU0327357389,incomplete_past_return_window;incomplete_past_volume
2009-07-16,PLELTBD00017,incomplete_past_return_window;incomplete_past_volume
2009-07-16,PLEURCH00011,incomplete_past_return_window;incomplete_past_volume
2009-07-16,PLKETY000011,incomplete_past_return_window;incomplete_past_volume
2009-07-16,PLELDRD00017,incomplete_past_return_window;incomplete_past_volume
2009-07-16,NL0000474351,unavailable_source_series
2009-07-16,PLMSTWS00019,incomplete_past_return_window;incomplete_past_volume
2009-07-16,PLMLMDP00015,incomplete_past_return_window;incomplete_past_volume
2009-07-16,PLCCC0000016,incomplete_past_return_window;incomplete_past_volume
2009-07-16,PLDWORY00019,too_many_zero_close_returns
2009-08-13,PLBIOTN00029,too_many_zero_close_returns
2009-08-13,LU0327357389,incomplete_past_return_window;incomplete_past_volume
2009-08-13,PLELTBD00017,incomplete_past_return_window;incomplete_past_volume
2009-08-13,PLEURCH00011,incomplete_past_return_window;incomplete_past_volume
2009-08-13,PLKETY000011,incomplete_past_return_window;incomplete_past_volume
2009-08-13,PLELDRD00017,incomplete_past_return_window;incomplete_past_volume
2009-08-13,NL0000474351,unavailable_source_series
2009-08-13,PLMSTWS00019,incomplete_past_return_window;incomplete_past_volume
2009-08-13,PLMLMDP00015,incomplete_past_return_window;incomplete_past_volume
2009-08-13,PLCCC0000016,incomplete_past_return_window;incomplete_past_volume
2009-08-13,PLDWORY00019,too_many_zero_close_returns
2009-09-10,PLBIOTN00029,too_many_zero_close_returns
2009-09-10,LU0327357389,incomplete_past_return_window;incomplete_past_volume
2009-09-10,PLELTBD00017,incomplete_past_return_window;incomplete_past_volume
2009-09-10,PLEURCH00011,incomplete_past_return_window;incomplete_past_volume
2009-09-10,PLKETY000011,incomplete_past_return_window;incomplete_past_volume
2009-09-10,PLELDRD00017,incomplete_past_return_window;incomplete_past_volume
2009-09-10,NL0000474351,unavailable_source_series
2009-09-10,PLMSTWS00019,incomplete_past_return_window;incomplete_past_volume
2009-09-10,PLMLMDP00015,incomplete_past_return_window;incomplete_past_volume
2009-09-10,PLCCC0000016,incomplete_past_return_window;incomplete_past_volume
2009-09-10,PLDWORY00019,too_many_zero_close_returns
2009-10-08,PLBIOTN00029,too_many_zero_close_returns
2009-10-08,LU0327357389,incomplete_past_return_window;incomplete_past_volume
2009-10-08,PLLWBGD00016,incomplete_past_return_window;incomplete_past_volume
2009-10-08,PLELDRD00017,incomplete_past_return_window;incomplete_past_volume
2009-10-08,PLEURCH00011,incomplete_past_return_window;incomplete_past_volume
2009-10-08,NL0000474351,unavailable_source_series
2009-10-08,PLELTBD00017,incomplete_past_return_window;incomplete_past_volume
2009-10-08,PLKETY000011,incomplete_past_return_window;incomplete_past_volume
2009-10-08,PLDWORY00019,too_many_zero_close_returns
2009-10-08,PLCCC0000016,incomplete_past_return_window;incomplete_past_volume
2009-10-08,PLMSTWS00019,incomplete_past_return_window;incomplete_past_volume
2009-10-08,PLMLMDP00015,incomplete_past_return_window;incomplete_past_volume
2009-10-08,PLSTLEX00019,too_many_zero_close_returns
2009-10-08,PLCNTZP00010,too_many_zero_close_returns
2009-11-05,PLBIOTN00029,too_many_zero_close_returns
2009-11-05,LU0327357389,incomplete_past_return_window;incomplete_past_volume
2009-11-05,PLLWBGD00016,incomplete_past_return_window;incomplete_past_volume
2009-11-05,PLELDRD00017,incomplete_past_return_window;incomplete_past_volume
2009-11-05,PLEURCH00011,incomplete_past_return_window;incomplete_past_volume
2009-11-05,NL0000474351,unavailable_source_series
2009-11-05,PLELTBD00017,incomplete_past_return_window;incomplete_past_volume
2009-11-05,PLKETY000011,incomplete_past_return_window;incomplete_past_volume
2009-11-05,PLDWORY00019,too_many_zero_close_returns
2009-11-05,PLCCC0000016,incomplete_past_return_window;incomplete_past_volume
2009-11-05,PLMSTWS00019,incomplete_past_return_window;incomplete_past_volume
2009-11-05,PLMLMDP00015,incomplete_past_return_window;incomplete_past_volume
2009-11-05,PLSTLEX00019,too_many_zero_close_returns
2009-11-05,PLCNTZP00010,too_many_zero_close_returns
2009-12-04,PLBIOTN00029,too_many_zero_close_returns
2009-12-04,PLLWBGD00016,incomplete_past_return_window;incomplete_past_volume
2009-12-04,PLELDRD00017,incomplete_past_return_window;incomplete_past_volume
2009-12-04,PLEURCH00011,incomplete_past_return_window;incomplete_past_volume
2009-12-04,NL0000474351,unavailable_source_series
2009-12-04,PLELTBD00017,incomplete_past_return_window;incomplete_past_volume
2009-12-04,PLKETY000011,incomplete_past_return_window;incomplete_past_volume
2009-12-04,PLDWORY00019,too_many_zero_close_returns
2009-12-04,PLCCC0000016,incomplete_past_return_window;incomplete_past_volume
2009-12-04,PLMSTWS00019,incomplete_past_return_window;incomplete_past_volume
2009-12-04,PLMLMDP00015,incomplete_past_return_window;incomplete_past_volume
2009-12-04,PLSTLEX00019,too_many_zero_close_returns
2009-12-04,PLDUDA000016,too_many_zero_close_returns
2009-12-04,PLCNTZP00010,too_many_zero_close_returns
2010-01-06,PLBIOTN00029,too_many_zero_close_returns
2010-01-06,PLKETY000011,incomplete_past_return_window;incomplete_past_volume
2010-01-06,NL0000474351,unavailable_source_series
2010-01-06,PLEURCH00011,incomplete_past_return_window;incomplete_past_volume
2010-01-06,PLLWBGD00016,incomplete_past_return_window;incomplete_past_volume
2010-01-06,PLELDRD00017,incomplete_past_return_window;incomplete_past_volume
2010-01-06,PLELTBD00017,incomplete_past_return_window;incomplete_past_volume
2010-01-06,PLDWORY00019,too_many_zero_close_returns
2010-01-06,PLMSTWS00019,incomplete_past_return_window;incomplete_past_volume
2010-01-06,PLCCC0000016,incomplete_past_return_window;incomplete_past_volume
2010-01-06,PLMLMDP00015,incomplete_past_return_window;incomplete_past_volume
2010-01-06,PLSTLEX00019,too_many_zero_close_returns
2010-01-06,PLDUDA000016,too_many_zero_close_returns
2010-01-06,PLCNTZP00010,too_many_zero_close_returns
2010-02-03,PLBIOTN00029,too_many_zero_close_returns
2010-02-03,PLLPP0000011,incomplete_past_return_window;incomplete_past_volume
2010-02-03,PLKETY000011,incomplete_past_return_window;incomplete_past_volume
2010-02-03,NL0000474351,unavailable_source_series
2010-02-03,PLEURCH00011,incomplete_past_return_window;incomplete_past_volume
2010-02-03,PLLWBGD00016,incomplete_past_return_window;incomplete_past_volume
2010-02-03,PLELDRD00017,incomplete_past_return_window;incomplete_past_volume
2010-02-03,PLELTBD00017,incomplete_past_return_window;incomplete_past_volume
2010-02-03,PLDWORY00019,too_many_zero_close_returns
2010-02-03,PLMSTWS00019,incomplete_past_return_window;incomplete_past_volume
2010-02-03,PLCCC0000016,incomplete_past_return_window;incomplete_past_volume
2010-02-03,PLMLMDP00015,incomplete_past_return_window;incomplete_past_volume
2010-02-03,PLSTLEX00019,too_many_zero_close_returns
2010-02-03,PLDUDA000016,too_many_zero_close_returns
2010-02-03,PLCNTZP00010,too_many_zero_close_returns
2010-03-03,PLBIOTN00029,too_many_zero_close_returns
2010-03-03,PLLPP0000011,incomplete_past_return_window;incomplete_past_volume
2010-03-03,PLKETY000011,incomplete_past_return_window;incomplete_past_volume
2010-03-03,NL0000474351,unavailable_source_series
2010-03-03,PLEURCH00011,incomplete_past_return_window;incomplete_past_volume
2010-03-03,PLLWBGD00016,incomplete_past_return_window;incomplete_past_volume
2010-03-03,PLELDRD00017,incomplete_past_return_window;incomplete_past_volume
2010-03-03,PLELTBD00017,incomplete_past_return_window;incomplete_past_volume
2010-03-03,PLDWORY00019,too_many_zero_close_returns
2010-03-03,PLMSTWS00019,incomplete_past_return_window;incomplete_past_volume
2010-03-03,PLCCC0000016,incomplete_past_return_window;incomplete_past_volume
2010-03-03,PLSTLEX00019,too_many_zero_close_returns
2010-03-03,PLDUDA000016,too_many_zero_close_returns
2010-03-03,PLCNTZP00010,too_many_zero_close_returns
2010-03-31,PLPGER000010,incomplete_past_return_window;incomplete_past_volume
2010-03-31,PLBIOTN00029,too_many_zero_close_returns
2010-03-31,PLLPP0000011,incomplete_past_return_window;incomplete_past_volume
2010-03-31,PLEURCH00011,incomplete_past_return_window;incomplete_past_volume
2010-03-31,PLELDRD00017,incomplete_past_return_window;incomplete_past_volume
2010-03-31,PLLWBGD00016,incomplete_past_return_window;incomplete_past_volume
2010-03-31,NL0000474351,unavailable_source_series
2010-03-31,PLCCC0000016,incomplete_past_return_window;incomplete_past_volume
2010-03-31,PLELTBD00017,incomplete_past_return_window;incomplete_past_volume
2010-03-31,PLDWORY00019,too_many_zero_close_returns
2010-03-31,PLMSTWS00019,incomplete_past_return_window;incomplete_past_volume
2010-03-31,PLDUDA000016,too_many_zero_close_returns
2010-03-31,PLCNTZP00010,too_many_zero_close_returns
2010-04-30,PLPGER000010,incomplete_past_return_window;incomplete_past_volume
2010-04-30,PLBIOTN00029,too_many_zero_close_returns
2010-04-30,PLLPP0000011,incomplete_past_return_window;incomplete_past_volume
2010-04-30,PLEURCH00011,incomplete_past_return_window;incomplete_past_volume
2010-04-30,PLELDRD00017,incomplete_past_return_window;incomplete_past_volume
2010-04-30,PLLWBGD00016,incomplete_past_return_window;incomplete_past_volume
2010-04-30,NL0000474351,unavailable_source_series
2010-04-30,PLCCC0000016,incomplete_past_return_window;incomplete_past_volume
2010-04-30,PLELTBD00017,incomplete_past_return_window;incomplete_past_volume
2010-04-30,PLDWORY00019,too_many_zero_close_returns
2010-04-30,PLMSTWS00019,incomplete_past_return_window;incomplete_past_volume
2010-04-30,PLDUDA000016,too_many_zero_close_returns
2010-04-30,PLCNTZP00010,too_many_zero_close_returns
2010-05-31,PLPGER000010,incomplete_past_return_window;incomplete_past_volume
2010-05-31,PLBIOTN00029,too_many_zero_close_returns
2010-05-31,PLLPP0000011,incomplete_past_return_window;incomplete_past_volume
2010-05-31,PLEURCH00011,incomplete_past_return_window;incomplete_past_volume
2010-05-31,PLELDRD00017,incomplete_past_return_window;incomplete_past_volume
2010-05-31,PLLWBGD00016,incomplete_past_return_window;incomplete_past_volume
2010-05-31,NL0000474351,unavailable_source_series
2010-05-31,PLCCC0000016,incomplete_past_return_window;incomplete_past_volume
2010-05-31,PLELTBD00017,incomplete_past_return_window;incomplete_past_volume
2010-05-31,PLDWORY00019,too_many_zero_close_returns
2010-05-31,PLMSTWS00019,incomplete_past_return_window;incomplete_past_volume
2010-05-31,PLDUDA000016,too_many_zero_close_returns
2010-05-31,PLCNTZP00010,too_many_zero_close_returns
2010-06-29,PLPZU0000011,incomplete_past_return_window;incomplete_past_volume
2010-06-29,PLPGER000010,incomplete_past_return_window;incomplete_past_volume
2010-06-29,PLBIOTN00029,too_many_zero_close_returns
2010-06-29,PLLPP0000011,incomplete_past_return_window;incomplete_past_volume
2010-06-29,PLEURCH00011,incomplete_past_return_window;incomplete_past_volume
2010-06-29,PLELDRD00017,incomplete_past_return_window;incomplete_past_volume
2010-06-29,PLDWORY00019,too_many_zero_close_returns
2010-06-29,PLCCC0000016,incomplete_past_return_window;incomplete_past_volume
2010-06-29,NL0000474351,unavailable_source_series
2010-06-29,PLELTBD00017,incomplete_past_return_window;incomplete_past_volume
2010-06-29,PLNFI1500011,too_many_zero_close_returns
2010-06-29,PLMSTWS00019,incomplete_past_return_window;incomplete_past_volume
2010-06-29,PLDUDA000016,too_many_zero_close_returns
2010-06-29,PLCNTZP00010,too_many_zero_close_returns
2010-07-27,PLPZU0000011,incomplete_past_return_window;incomplete_past_volume
2010-07-27,PLPGER000010,incomplete_past_return_window;incomplete_past_volume
2010-07-27,PLBIOTN00029,too_many_zero_close_returns
2010-07-27,PLLPP0000011,incomplete_past_return_window;incomplete_past_volume
2010-07-27,PLDWORY00019,too_many_zero_close_returns
2010-07-27,PLCCC0000016,incomplete_past_return_window;incomplete_past_volume;too_many_zero_close_returns
2010-07-27,NL0000474351,unavailable_source_series
2010-07-27,PLKGNRC00015,incomplete_past_return_window;incomplete_past_volume
2010-07-27,PLELTBD00017,incomplete_past_return_window;incomplete_past_volume
2010-07-27,PLNFI1500011,too_many_zero_close_returns
2010-07-27,PLMSTWS00019,incomplete_past_return_window;incomplete_past_volume
2010-07-27,PLDUDA000016,too_many_zero_close_returns
2010-07-27,PLCNTZP00010,too_many_zero_close_returns
2010-08-24,PLPZU0000011,incomplete_past_return_window;incomplete_past_volume
2010-08-24,PLPGER000010,incomplete_past_return_window;incomplete_past_volume
2010-08-24,PLBIOTN00029,too_many_zero_close_returns
2010-08-24,PLLPP0000011,incomplete_past_return_window;incomplete_past_volume
2010-08-24,PLDWORY00019,too_many_zero_close_returns
2010-08-24,PLCCC0000016,incomplete_past_return_window;incomplete_past_volume;too_many_zero_close_returns
2010-08-24,NL0000474351,unavailable_source_series
2010-08-24,PLKGNRC00015,incomplete_past_return_window;incomplete_past_volume
2010-08-24,PLELTBD00017,incomplete_past_return_window;incomplete_past_volume
2010-08-24,PLNFI1500011,too_many_zero_close_returns
2010-08-24,PLMSTWS00019,incomplete_past_return_window;incomplete_past_volume
2010-08-24,PLDUDA000016,too_many_zero_close_returns
2010-08-24,PLCNTZP00010,too_many_zero_close_returns
2010-09-21,PLPZU0000011,incomplete_past_return_window;incomplete_past_volume
2010-09-21,PLPGER000010,incomplete_past_return_window;incomplete_past_volume
2010-09-21,PLBIOTN00029,too_many_zero_close_returns
2010-09-21,PLTAURN00011,incomplete_past_return_window;incomplete_past_volume
2010-09-21,PLLPP0000011,incomplete_past_return_window;incomplete_past_volume
2010-09-21,PLDWORY00019,too_many_zero_close_returns
2010-09-21,PLCCC0000016,incomplete_past_return_window;incomplete_past_volume;too_many_zero_close_returns
2010-09-21,NL0000474351,unavailable_source_series
2010-09-21,PLKGNRC00015,incomplete_past_return_window;incomplete_past_volume
2010-09-21,PLELTBD00017,incomplete_past_return_window;incomplete_past_volume
2010-09-21,PLNFI1500011,too_many_zero_close_returns
2010-09-21,PLMSTWS00019,incomplete_past_return_window;incomplete_past_volume
2010-09-21,PLDUDA000016,too_many_zero_close_returns
2010-09-21,PLCNTZP00010,too_many_zero_close_returns
2010-10-19,PLPZU0000011,incomplete_past_return_window;incomplete_past_volume
2010-10-19,PLPGER000010,incomplete_past_return_window;incomplete_past_volume
2010-10-19,PLBIOTN00029,too_many_zero_close_returns
2010-10-19,PLTAURN00011,incomplete_past_return_window;incomplete_past_volume
2010-10-19,PLLPP0000011,incomplete_past_return_window;incomplete_past_volume
2010-10-19,PLDWORY00019,too_many_zero_close_returns
2010-10-19,PLCCC0000016,incomplete_past_return_window;incomplete_past_volume;too_many_zero_close_returns
2010-10-19,NL0000474351,unavailable_source_series
2010-10-19,PLKGNRC00015,incomplete_past_return_window;incomplete_past_volume
2010-10-19,PLELTBD00017,incomplete_past_return_window;incomplete_past_volume
2010-10-19,PLNFI1500011,too_many_zero_close_returns
2010-10-19,PLMSTWS00019,incomplete_past_return_window;incomplete_past_volume
2010-10-19,PLDUDA000016,too_many_zero_close_returns
2010-10-19,PLCNTZP00010,too_many_zero_close_returns
2010-11-18,PLPZU0000011,incomplete_past_return_window;incomplete_past_volume
2010-11-18,PLBIOTN00029,too_many_zero_close_returns
2010-11-18,PLTAURN00011,incomplete_past_return_window;incomplete_past_volume
2010-11-18,PLLPP0000011,incomplete_past_return_window;incomplete_past_volume
2010-11-18,PLDWORY00019,too_many_zero_close_returns
2010-11-18,PLCCC0000016,incomplete_past_return_window;incomplete_past_volume;too_many_zero_close_returns
2010-11-18,NL0000474351,unavailable_source_series
2010-11-18,PLKGNRC00015,incomplete_past_return_window;incomplete_past_volume
2010-11-18,PLELTBD00017,incomplete_past_return_window;incomplete_past_volume
2010-11-18,PLNFI1500011,too_many_zero_close_returns
2010-11-18,PLMSTWS00019,incomplete_past_return_window;incomplete_past_volume
2010-11-18,PLDUDA000016,too_many_zero_close_returns
2010-11-18,PLCNTZP00010,too_many_zero_close_returns
2010-12-16,PLPZU0000011,incomplete_past_return_window;incomplete_past_volume
2010-12-16,PLBIOTN00029,too_many_zero_close_returns
2010-12-16,PLTAURN00011,incomplete_past_return_window;incomplete_past_volume
2010-12-16,PLLPP0000011,incomplete_past_return_window;incomplete_past_volume
2010-12-16,PLDWORY00019,too_many_zero_close_returns
2010-12-16,PLCCC0000016,incomplete_past_return_window;incomplete_past_volume;too_many_zero_close_returns
2010-12-16,NL0000474351,unavailable_source_series
2010-12-16,PLKGNRC00015,incomplete_past_return_window;incomplete_past_volume
2010-12-16,PLELTBD00017,incomplete_past_return_window;incomplete_past_volume
2010-12-16,PLNFI1500011,too_many_zero_close_returns
2010-12-16,PLMSTWS00019,incomplete_past_return_window;incomplete_past_volume
2010-12-16,PLDUDA000016,too_many_zero_close_returns
2010-12-16,PLCNTZP00010,too_many_zero_close_returns
2011-01-17,PLPZU0000011,incomplete_past_return_window;incomplete_past_volume
2011-01-17,PLTAURN00011,incomplete_past_return_window;incomplete_past_volume
2011-01-17,PLLPP0000011,incomplete_past_return_window;incomplete_past_volume
2011-01-17,PLDWORY00019,too_many_zero_close_returns
2011-01-17,PLCCC0000016,incomplete_past_return_window;incomplete_past_volume;too_many_zero_close_returns
2011-01-17,NL0000687309,incomplete_past_return_window;incomplete_past_volume
2011-01-17,NL0000474351,unavailable_source_series
2011-01-17,PLELTBD00017,incomplete_past_return_window;incomplete_past_volume
2011-01-17,PLNFI1500011,too_many_zero_close_returns
2011-01-17,PLKGNRC00015,incomplete_past_return_window;incomplete_past_volume
2011-01-17,PLBIOTN00029,too_many_zero_close_returns
2011-01-17,PLMSTWS00019,incomplete_past_return_window;incomplete_past_volume
2011-01-17,PLDUDA000016,too_many_zero_close_returns
2011-01-17,PLCNTZP00010,too_many_zero_close_returns
2011-02-14,PLPZU0000011,incomplete_past_return_window;incomplete_past_volume
2011-02-14,PLTAURN00011,incomplete_past_return_window;incomplete_past_volume
2011-02-14,PLLPP0000011,incomplete_past_return_window;incomplete_past_volume
2011-02-14,PLCCC0000016,incomplete_past_return_window;incomplete_past_volume;too_many_zero_close_returns
2011-02-14,NL0000687309,incomplete_past_return_window;incomplete_past_volume
2011-02-14,NL0000474351,unavailable_source_series
2011-02-14,PLELTBD00017,incomplete_past_return_window;incomplete_past_volume
2011-02-14,PLKGNRC00015,incomplete_past_return_window;incomplete_past_volume
2011-02-14,PLBIOTN00029,too_many_zero_close_returns
2011-02-14,PLMSTWS00019,incomplete_past_return_window;incomplete_past_volume
2011-02-14,PLDUDA000016,too_many_zero_close_returns
2011-02-14,PLCNTZP00010,too_many_zero_close_returns
2011-03-14,PLPZU0000011,incomplete_past_return_window;incomplete_past_volume
2011-03-14,PLTAURN00011,incomplete_past_return_window;incomplete_past_volume
2011-03-14,PLLPP0000011,incomplete_past_return_window;incomplete_past_volume
2011-03-14,PLCCC0000016,incomplete_past_return_window;incomplete_past_volume;too_many_zero_close_returns
2011-03-14,NL0000687309,incomplete_past_return_window;incomplete_past_volume
2011-03-14,NL0000474351,unavailable_source_series
2011-03-14,PLELTBD00017,incomplete_past_return_window;incomplete_past_volume
2011-03-14,PLNFI1500011,too_many_zero_close_returns
2011-03-14,PLKGNRC00015,incomplete_past_return_window;incomplete_past_volume
2011-03-14,PLBIOTN00029,too_many_zero_close_returns
2011-03-14,PLDUDA000016,too_many_zero_close_returns
2011-03-14,PLCNTZP00010,too_many_zero_close_returns
2011-04-11,PLPZU0000011,incomplete_past_return_window;incomplete_past_volume
2011-04-11,PLTAURN00011,incomplete_past_return_window;incomplete_past_volume
2011-04-11,PLLPP0000011,incomplete_past_return_window;incomplete_past_volume
2011-04-11,PLGPW0000017,incomplete_past_return_window;incomplete_past_volume
2011-04-11,PLCCC0000016,incomplete_past_return_window;incomplete_past_volume;too_many_zero_close_returns
2011-04-11,NL0000474351,unavailable_source_series
2011-04-11,PLELTBD00017,incomplete_past_return_window;incomplete_past_volume
2011-04-11,PLNFI1500011,too_many_zero_close_returns
2011-04-11,NL0000686509,incomplete_past_return_window;incomplete_past_volume
2011-04-11,PLKGNRC00015,incomplete_past_return_window;incomplete_past_volume
2011-04-11,PLBIOTN00029,too_many_zero_close_returns
2011-04-11,PLDUDA000016,too_many_zero_close_returns
2011-04-11,PLCNTZP00010,too_many_zero_close_returns
2011-05-12,PLTAURN00011,incomplete_past_return_window;incomplete_past_volume
2011-05-12,PLMSTSD00019,too_many_zero_close_returns
2011-05-12,PLLPP0000011,incomplete_past_return_window;incomplete_past_volume
2011-05-12,PLCELZA00018,incomplete_past_return_window;incomplete_past_volume
2011-05-12,PLGPW0000017,incomplete_past_return_window;incomplete_past_volume
2011-05-12,PLCCC0000016,incomplete_past_return_window;incomplete_past_volume;too_many_zero_close_returns
2011-05-12,NL0000474351,unavailable_source_series
2011-05-12,PLELTBD00017,incomplete_past_return_window;incomplete_past_volume
2011-05-12,PLNFI1500011,too_many_zero_close_returns
2011-05-12,PLKGNRC00015,incomplete_past_return_window;incomplete_past_volume
2011-05-12,PLBIOTN00029,too_many_zero_close_returns
2011-05-12,PLDUDA000016,too_many_zero_close_returns
2011-05-12,PLCNTZP00010,too_many_zero_close_returns
2011-06-09,PLTAURN00011,incomplete_past_return_window;incomplete_past_volume
2011-06-09,PLMSTSD00019,too_many_zero_close_returns
2011-06-09,PLLPP0000011,incomplete_past_return_window;incomplete_past_volume
2011-06-09,PLCELZA00018,incomplete_past_return_window;incomplete_past_volume
2011-06-09,PLGPW0000017,incomplete_past_return_window;incomplete_past_volume
2011-06-09,PLCCC0000016,incomplete_past_return_window;incomplete_past_volume;too_many_zero_close_returns
2011-06-09,NL0000474351,unavailable_source_series
2011-06-09,PLBRSZW00011,too_many_zero_close_returns
2011-06-09,PLELTBD00017,incomplete_past_return_window;incomplete_past_volume
2011-06-09,PLNFI1500011,too_many_zero_close_returns
2011-06-09,PLKGNRC00015,incomplete_past_return_window;incomplete_past_volume
2011-06-09,PLBIOTN00029,too_many_zero_close_returns
2011-06-09,PLDUDA000016,too_many_zero_close_returns
2011-06-09,PLCNTZP00010,too_many_zero_close_returns
2011-07-08,PLLPP0000011,incomplete_past_return_window;incomplete_past_volume
2011-07-08,PLCELZA00018,incomplete_past_return_window;incomplete_past_volume
2011-07-08,PLGPW0000017,incomplete_past_return_window;incomplete_past_volume
2011-07-08,PLKETY000011,incomplete_past_return_window;incomplete_past_volume
2011-07-08,PLCCC0000016,incomplete_past_return_window;incomplete_past_volume;too_many_zero_close_returns
2011-07-08,NL0000474351,unavailable_source_series
2011-07-08,PLELTBD00017,incomplete_past_return_window;incomplete_past_volume
2011-07-08,PLBIOTN00029,too_many_zero_close_returns
2011-07-08,CA5012401058,unavailable_source_series
2011-07-08,PLDUDA000016,too_many_zero_close_returns
2011-07-08,PLCNTZP00010,too_many_zero_close_returns
2011-08-05,PLLPP0000011,incomplete_past_return_window;incomplete_past_volume
2011-08-05,PLCELZA00018,incomplete_past_return_window;incomplete_past_volume
2011-08-05,PLGPW0000017,incomplete_past_return_window;incomplete_past_volume
2011-08-05,PLKETY000011,incomplete_past_return_window;incomplete_past_volume;too_many_zero_close_returns
2011-08-05,PLCCC0000016,incomplete_past_return_window;incomplete_past_volume;too_many_zero_close_returns
2011-08-05,NL0000474351,unavailable_source_series
2011-08-05,PLORBIS00014,incomplete_past_return_window;incomplete_past_volume
2011-08-05,NL0000687309,incomplete_past_return_window;incomplete_past_volume
2011-08-05,PLELTBD00017,incomplete_past_return_window;incomplete_past_volume
2011-08-05,PLBIOTN00029,too_many_zero_close_returns
2011-08-05,CA5012401058,unavailable_source_series
2011-08-05,PLDUDA000016,too_many_zero_close_returns
2011-08-05,PLCNTZP00010,too_many_zero_close_returns
2011-09-05,PLLPP0000011,incomplete_past_return_window;incomplete_past_volume
2011-09-05,PLCELZA00018,incomplete_past_return_window;incomplete_past_volume
2011-09-05,PLGPW0000017,incomplete_past_return_window;incomplete_past_volume
2011-09-05,PLKETY000011,incomplete_past_return_window;incomplete_past_volume;too_many_zero_close_returns
2011-09-05,PLCCC0000016,incomplete_past_return_window;incomplete_past_volume;too_many_zero_close_returns
2011-09-05,NL0000474351,unavailable_source_series
2011-09-05,PLORBIS00014,incomplete_past_return_window;incomplete_past_volume
2011-09-05,NL0000687309,incomplete_past_return_window;incomplete_past_volume
2011-09-05,PLELTBD00017,incomplete_past_return_window;incomplete_past_volume
2011-09-05,PLBIOTN00029,too_many_zero_close_returns
2011-09-05,CA5012401058,unavailable_source_series
2011-09-05,PLDUDA000016,too_many_zero_close_returns
2011-09-05,PLCNTZP00010,too_many_zero_close_returns
2011-10-03,PLJSW0000015,incomplete_past_return_window;incomplete_past_volume
2011-10-03,PLLPP0000011,incomplete_past_return_window;incomplete_past_volume
2011-10-03,PLCELZA00018,incomplete_past_return_window;incomplete_past_volume
2011-10-03,PLGPW0000017,incomplete_past_return_window;incomplete_past_volume
2011-10-03,PLCCC0000016,incomplete_past_return_window;incomplete_past_volume;too_many_zero_close_returns
2011-10-03,PLKETY000011,incomplete_past_return_window;incomplete_past_volume
2011-10-03,NL0000474351,unavailable_source_series
2011-10-03,PLORBIS00014,incomplete_past_return_window;incomplete_past_volume
2011-10-03,NL0000687309,incomplete_past_return_window;incomplete_past_volume
2011-10-03,PLELTBD00017,incomplete_past_return_window;incomplete_past_volume
2011-10-03,PLBIOTN00029,too_many_zero_close_returns
2011-10-03,PLBRSZW00011,too_many_zero_close_returns
2011-10-03,CA5012401058,unavailable_source_series
2011-10-03,PLDUDA000016,too_many_zero_close_returns
2011-10-03,PLCNTZP00010,too_many_zero_close_returns
2011-10-31,PLJSW0000015,incomplete_past_return_window;incomplete_past_volume
2011-10-31,PLLPP0000011,incomplete_past_return_window;incomplete_past_volume
2011-10-31,PLCELZA00018,incomplete_past_return_window;incomplete_past_volume
2011-10-31,PLGPW0000017,incomplete_past_return_window;incomplete_past_volume
2011-10-31,PLCCC0000016,incomplete_past_return_window;incomplete_past_volume;too_many_zero_close_returns
2011-10-31,PLKETY000011,incomplete_past_return_window;incomplete_past_volume
2011-10-31,NL0000474351,unavailable_source_series
2011-10-31,PLORBIS00014,incomplete_past_return_window;incomplete_past_volume
2011-10-31,NL0000687309,incomplete_past_return_window;incomplete_past_volume
2011-10-31,PLELTBD00017,incomplete_past_return_window;incomplete_past_volume
2011-10-31,PLBIOTN00029,too_many_zero_close_returns
2011-10-31,PLBRSZW00011,too_many_zero_close_returns
2011-10-31,CA5012401058,unavailable_source_series
2011-10-31,PLDUDA000016,too_many_zero_close_returns
2011-10-31,PLCNTZP00010,too_many_zero_close_returns
2011-11-30,PLJSW0000015,incomplete_past_return_window;incomplete_past_volume
2011-11-30,PLLPP0000011,incomplete_past_return_window;incomplete_past_volume
2011-11-30,PLCELZA00018,incomplete_past_return_window;incomplete_past_volume
2011-11-30,PLCCC0000016,incomplete_past_return_window;incomplete_past_volume;too_many_zero_close_returns
2011-11-30,PLKETY000011,incomplete_past_return_window;incomplete_past_volume
2011-11-30,NL0000474351,unavailable_source_series
2011-11-30,PLORBIS00014,incomplete_past_return_window;incomplete_past_volume
2011-11-30,NL0000687309,incomplete_past_return_window;incomplete_past_volume
2011-11-30,PLELTBD00017,incomplete_past_return_window;incomplete_past_volume
2011-11-30,PLBIOTN00029,too_many_zero_close_returns
2011-11-30,PLBRSZW00011,too_many_zero_close_returns
2011-11-30,CA5012401058,unavailable_source_series
2011-11-30,PLDUDA000016,too_many_zero_close_returns
2011-11-30,PLCNTZP00010,too_many_zero_close_returns
2011-12-30,PLJSW0000015,incomplete_past_return_window;incomplete_past_volume
2011-12-30,PLLPP0000011,incomplete_past_return_window;incomplete_past_volume
2011-12-30,PLELDRD00017,incomplete_past_return_window;incomplete_past_volume
2011-12-30,PLCELZA00018,incomplete_past_return_window;incomplete_past_volume
2011-12-30,PLKETY000011,incomplete_past_return_window;incomplete_past_volume
2011-12-30,PLORBIS00014,incomplete_past_return_window;incomplete_past_volume
2011-12-30,PLCCC0000016,incomplete_past_return_window;incomplete_past_volume;too_many_zero_close_returns
2011-12-30,NL0000474351,unavailable_source_series
2011-12-30,PLINTCS00010,incomplete_past_return_window;incomplete_past_volume
2011-12-30,PLBRSZW00011,too_many_zero_close_returns
2011-12-30,NL0000687309,incomplete_past_return_window;incomplete_past_volume
2011-12-30,PLBIOTN00029,too_many_zero_close_returns
2011-12-30,CA5012401058,unavailable_source_series
2012-01-30,PLJSW0000015,incomplete_past_return_window;incomplete_past_volume
2012-01-30,PLLPP0000011,incomplete_past_return_window;incomplete_past_volume
2012-01-30,PLELDRD00017,incomplete_past_return_window;incomplete_past_volume
2012-01-30,PLCELZA00018,incomplete_past_return_window;incomplete_past_volume
2012-01-30,PLKETY000011,incomplete_past_return_window;incomplete_past_volume;too_many_zero_close_returns
2012-01-30,PLORBIS00014,incomplete_past_return_window;incomplete_past_volume
2012-01-30,PLCCC0000016,incomplete_past_return_window;incomplete_past_volume;too_many_zero_close_returns
2012-01-30,NL0000474351,unavailable_source_series
2012-01-30,PLINTCS00010,incomplete_past_return_window;incomplete_past_volume
2012-01-30,PLBRSZW00011,too_many_zero_close_returns
2012-01-30,NL0000687309,incomplete_past_return_window;incomplete_past_volume
2012-01-30,PLCRSNT00011,incomplete_past_return_window;incomplete_past_volume
2012-01-30,PLBIOTN00029,too_many_zero_close_returns
2012-01-30,CA5012401058,unavailable_source_series
2012-02-27,PLJSW0000015,incomplete_past_return_window;incomplete_past_volume
2012-02-27,PLLPP0000011,incomplete_past_return_window;incomplete_past_volume
2012-02-27,PLELDRD00017,incomplete_past_return_window;incomplete_past_volume
2012-02-27,PLCELZA00018,incomplete_past_return_window;incomplete_past_volume
2012-02-27,PLKETY000011,incomplete_past_return_window;incomplete_past_volume
2012-02-27,PLORBIS00014,incomplete_past_return_window;incomplete_past_volume
2012-02-27,PLCCC0000016,incomplete_past_return_window;incomplete_past_volume;too_many_zero_close_returns
2012-02-27,NL0000474351,unavailable_source_series
2012-02-27,PLINTCS00010,incomplete_past_return_window;incomplete_past_volume
2012-02-27,PLBRSZW00011,too_many_zero_close_returns
2012-02-27,NL0000687309,incomplete_past_return_window;incomplete_past_volume
2012-02-27,PLCRSNT00011,incomplete_past_return_window;incomplete_past_volume
2012-02-27,PLBIOTN00029,too_many_zero_close_returns
2012-02-27,CA5012401058,unavailable_source_series
2012-03-26,PLJSW0000015,incomplete_past_return_window;incomplete_past_volume
2012-03-26,PLBRSZW00011,too_many_zero_close_returns
2012-03-26,PLGETBK00012,incomplete_past_return_window;incomplete_past_volume
2012-03-26,PLLPP0000011,incomplete_past_return_window;incomplete_past_volume
2012-03-26,PLELDRD00017,incomplete_past_return_window;incomplete_past_volume
2012-03-26,PLCELZA00018,incomplete_past_return_window;incomplete_past_volume
2012-03-26,PLCCC0000016,incomplete_past_return_window;incomplete_past_volume;too_many_zero_close_returns
2012-03-26,PLKETY000011,incomplete_past_return_window;incomplete_past_volume;too_many_zero_close_returns
2012-03-26,PLORBIS00014,incomplete_past_return_window;incomplete_past_volume
2012-03-26,NL0000474351,unavailable_source_series
2012-03-26,NL0000687309,incomplete_past_return_window;incomplete_past_volume
2012-03-26,PLINTCS00010,incomplete_past_return_window;incomplete_past_volume
2012-03-26,PLCRSNT00011,incomplete_past_return_window;incomplete_past_volume
2012-03-26,PLBIOTN00029,too_many_zero_close_returns
2012-03-26,CA5012401058,unavailable_source_series
2012-04-25,PLJSW0000015,incomplete_past_return_window;incomplete_past_volume
2012-04-25,PLBRSZW00011,too_many_zero_close_returns
2012-04-25,PLGETBK00012,incomplete_past_return_window;incomplete_past_volume
2012-04-25,PLLPP0000011,incomplete_past_return_window;incomplete_past_volume
2012-04-25,PLELDRD00017,incomplete_past_return_window;incomplete_past_volume
2012-04-25,PLCELZA00018,incomplete_past_return_window;incomplete_past_volume
2012-04-25,PLCCC0000016,incomplete_past_return_window;incomplete_past_volume;too_many_zero_close_returns
2012-04-25,PLKETY000011,incomplete_past_return_window;incomplete_past_volume;too_many_zero_close_returns
2012-04-25,PLORBIS00014,incomplete_past_return_window;incomplete_past_volume
2012-04-25,NL0000474351,unavailable_source_series
2012-04-25,NL0000687309,incomplete_past_return_window;incomplete_past_volume
2012-04-25,PLINTCS00010,incomplete_past_return_window;incomplete_past_volume
2012-04-25,PLCRSNT00011,incomplete_past_return_window;incomplete_past_volume
2012-04-25,PLBIOTN00029,too_many_zero_close_returns
2012-04-25,CA5012401058,unavailable_source_series
2012-05-25,PLJSW0000015,incomplete_past_return_window;incomplete_past_volume
2012-05-25,PLBRSZW00011,too_many_zero_close_returns
2012-05-25,PLGETBK00012,incomplete_past_return_window;incomplete_past_volume
2012-05-25,PLLPP0000011,incomplete_past_return_window;incomplete_past_volume
2012-05-25,PLELDRD00017,incomplete_past_return_window;incomplete_past_volume
2012-05-25,PLCELZA00018,incomplete_past_return_window;incomplete_past_volume
2012-05-25,PLCCC0000016,incomplete_past_return_window;incomplete_past_volume
2012-05-25,PLKETY000011,incomplete_past_return_window;incomplete_past_volume
2012-05-25,PLORBIS00014,incomplete_past_return_window;incomplete_past_volume
2012-05-25,NL0000474351,unavailable_source_series
2012-05-25,NL0000687309,incomplete_past_return_window;incomplete_past_volume
2012-05-25,PLINTCS00010,incomplete_past_return_window;incomplete_past_volume
2012-05-25,PLCRSNT00011,incomplete_past_return_window;incomplete_past_volume
2012-05-25,PLBIOTN00029,too_many_zero_close_returns
2012-05-25,CA5012401058,unavailable_source_series
2012-06-25,PLJSW0000015,incomplete_past_return_window;incomplete_past_volume
2012-06-25,PLBRSZW00011,too_many_zero_close_returns
2012-06-25,PLLPP0000011,incomplete_past_return_window;incomplete_past_volume
2012-06-25,PLGETBK00012,incomplete_past_return_window;incomplete_past_volume
2012-06-25,PLELDRD00017,incomplete_past_return_window;incomplete_past_volume
2012-06-25,PLKETY000011,incomplete_past_return_window;incomplete_past_volume
2012-06-25,PLECHPS00019,incomplete_past_return_window;incomplete_past_volume
2012-06-25,NL0000474351,unavailable_source_series
2012-06-25,PLORBIS00014,incomplete_past_return_window;incomplete_past_volume
2012-06-25,PLINTCS00010,incomplete_past_return_window;incomplete_past_volume
2012-06-25,NL0000687309,incomplete_past_return_window;incomplete_past_volume
2012-06-25,PLCRSNT00011,incomplete_past_return_window;incomplete_past_volume
2012-06-25,PLBIOTN00029,too_many_zero_close_returns
2012-06-25,CA5012401058,unavailable_source_series
2012-07-23,PLBRSZW00011,too_many_zero_close_returns
2012-07-23,PLLPP0000011,incomplete_past_return_window;incomplete_past_volume
2012-07-23,PLGETBK00012,incomplete_past_return_window;incomplete_past_volume
2012-07-23,PLELDRD00017,incomplete_past_return_window;incomplete_past_volume
2012-07-23,PLKETY000011,incomplete_past_return_window;incomplete_past_volume
2012-07-23,PLECHPS00019,incomplete_past_return_window;incomplete_past_volume
2012-07-23,NL0000474351,unavailable_source_series
2012-07-23,PLORBIS00014,incomplete_past_return_window;incomplete_past_volume
2012-07-23,PLINTCS00010,incomplete_past_return_window;incomplete_past_volume
2012-07-23,NL0000687309,incomplete_past_return_window;incomplete_past_volume
2012-07-23,PLCRSNT00011,incomplete_past_return_window;incomplete_past_volume
2012-07-23,PLBIOTN00029,too_many_zero_close_returns
2012-07-23,CA5012401058,unavailable_source_series
2012-08-21,PLBRSZW00011,too_many_zero_close_returns
2012-08-21,PLLPP0000011,incomplete_past_return_window;incomplete_past_volume
2012-08-21,PLGETBK00012,incomplete_past_return_window;incomplete_past_volume
2012-08-21,PLELDRD00017,incomplete_past_return_window;incomplete_past_volume
2012-08-21,PLCCC0000016,too_many_zero_close_returns
2012-08-21,PLKETY000011,incomplete_past_return_window;incomplete_past_volume
2012-08-21,PLECHPS00019,incomplete_past_return_window;incomplete_past_volume
2012-08-21,NL0000474351,unavailable_source_series
2012-08-21,PLORBIS00014,incomplete_past_return_window;incomplete_past_volume
2012-08-21,PLINTCS00010,incomplete_past_return_window;incomplete_past_volume
2012-08-21,NL0000687309,incomplete_past_return_window;incomplete_past_volume
2012-08-21,PLCRSNT00011,incomplete_past_return_window;incomplete_past_volume
2012-08-21,PLBIOTN00029,too_many_zero_close_returns
2012-08-21,CA5012401058,unavailable_source_series
2012-08-21,PLIDMSA00044,too_many_zero_close_returns
2012-08-21,PLNFI0900014,too_many_zero_close_returns
2012-09-18,PLBRSZW00011,too_many_zero_close_returns
2012-09-18,PLLPP0000011,incomplete_past_return_window;incomplete_past_volume
2012-09-18,PLGETBK00012,incomplete_past_return_window;incomplete_past_volume
2012-09-18,PLELDRD00017,incomplete_past_return_window;incomplete_past_volume
2012-09-18,PLCCC0000016,too_many_zero_close_returns
2012-09-18,PLKETY000011,incomplete_past_return_window;incomplete_past_volume
2012-09-18,PLECHPS00019,incomplete_past_return_window;incomplete_past_volume
2012-09-18,NL0000474351,unavailable_source_series
2012-09-18,PLORBIS00014,incomplete_past_return_window;incomplete_past_volume
2012-09-18,PLINTCS00010,incomplete_past_return_window;incomplete_past_volume
2012-09-18,NL0000687309,incomplete_past_return_window;incomplete_past_volume
2012-09-18,PLCRSNT00011,incomplete_past_return_window;incomplete_past_volume
2012-09-18,PLBIOTN00029,too_many_zero_close_returns
2012-09-18,CA5012401058,unavailable_source_series
2012-09-18,PLIDMSA00044,too_many_zero_close_returns
2012-09-18,US1534351028,incomplete_past_return_window;incomplete_past_volume
2012-09-18,PLNFI0900014,too_many_zero_close_returns
2012-10-16,PLBRSZW00011,too_many_zero_close_returns
2012-10-16,PLLPP0000011,incomplete_past_return_window
2012-10-16,PLGETBK00012,incomplete_past_return_window;incomplete_past_volume
2012-10-16,PLCCC0000016,too_many_zero_close_returns
2012-10-16,PLKETY000011,incomplete_past_return_window;incomplete_past_volume
2012-10-16,NL0000474351,unavailable_source_series
2012-10-16,PLECHPS00019,incomplete_past_return_window;incomplete_past_volume
2012-10-16,PLORBIS00014,incomplete_past_return_window;incomplete_past_volume
2012-10-16,PLINTCS00010,incomplete_past_return_window;incomplete_past_volume
2012-10-16,NL0000687309,incomplete_past_return_window;incomplete_past_volume
2012-10-16,PLELDRD00017,incomplete_past_return_window;incomplete_past_volume
2012-10-16,PLBGZ0000010,too_many_zero_close_returns
2012-10-16,PLBIOTN00029,too_many_zero_close_returns
2012-10-16,CA5012401058,unavailable_source_series
2012-10-16,PLNFI0900014,too_many_zero_close_returns
2012-10-16,PLCRSNT00011,incomplete_past_return_window;incomplete_past_volume
2012-10-16,US1534351028,incomplete_past_return_window;incomplete_past_volume
2012-10-16,PLIDMSA00044,too_many_zero_close_returns
2012-11-14,PLBRSZW00011,too_many_zero_close_returns
2012-11-14,PLGETBK00012,incomplete_past_return_window;incomplete_past_volume
2012-11-14,PLCCC0000016,too_many_zero_close_returns
2012-11-14,PLKETY000011,incomplete_past_return_window;incomplete_past_volume
2012-11-14,NL0000474351,unavailable_source_series
2012-11-14,PLECHPS00019,incomplete_past_return_window;incomplete_past_volume
2012-11-14,PLORBIS00014,incomplete_past_return_window;incomplete_past_volume
2012-11-14,PLINTCS00010,incomplete_past_return_window;incomplete_past_volume
2012-11-14,NL0000687309,incomplete_past_return_window;incomplete_past_volume
2012-11-14,PLELDRD00017,incomplete_past_return_window;incomplete_past_volume
2012-11-14,PLCIECH00018,incomplete_past_return_window;incomplete_past_volume
2012-11-14,PLBGZ0000010,too_many_zero_close_returns
2012-11-14,PLBIOTN00029,too_many_zero_close_returns
2012-11-14,CA5012401058,unavailable_source_series
2012-11-14,PLNFI0900014,too_many_zero_close_returns
2012-11-14,PLCRSNT00011,incomplete_past_return_window;incomplete_past_volume
2012-11-14,US1534351028,incomplete_past_return_window;incomplete_past_volume
2012-11-14,PLIDMSA00044,too_many_zero_close_returns
2012-12-12,PLBRSZW00011,too_many_zero_close_returns
2012-12-12,PLGETBK00012,incomplete_past_return_window;incomplete_past_volume
2012-12-12,PLCCC0000016,too_many_zero_close_returns
2012-12-12,PLKETY000011,incomplete_past_return_window;incomplete_past_volume
2012-12-12,NL0000474351,unavailable_source_series
2012-12-12,PLECHPS00019,incomplete_past_return_window;incomplete_past_volume
2012-12-12,PLORBIS00014,incomplete_past_return_window;incomplete_past_volume
2012-12-12,PLINTCS00010,incomplete_past_return_window;incomplete_past_volume
2012-12-12,NL0000687309,incomplete_past_return_window;incomplete_past_volume
2012-12-12,PLCIECH00018,incomplete_past_return_window;incomplete_past_volume
2012-12-12,PLBGZ0000010,too_many_zero_close_returns
2012-12-12,PLBIOTN00029,too_many_zero_close_returns
2012-12-12,CA5012401058,unavailable_source_series
2012-12-12,PLNFI0900014,too_many_zero_close_returns
2012-12-12,PLCRSNT00011,incomplete_past_return_window;incomplete_past_volume
2012-12-12,US1534351028,incomplete_past_return_window;incomplete_past_volume
2012-12-12,PLIDMSA00044,too_many_zero_close_returns
2013-01-16,PLBRSZW00011,too_many_zero_close_returns
2013-01-16,PLGETBK00012,incomplete_past_return_window;incomplete_past_volume;too_many_zero_close_returns
2013-01-16,PLKETY000011,incomplete_past_return_window;incomplete_past_volume
2013-01-16,PLECHPS00019,incomplete_past_return_window;incomplete_past_volume
2013-01-16,NL0000474351,unavailable_source_series
2013-01-16,GB00B42CTW68,incomplete_past_return_window;incomplete_past_volume
2013-01-16,PLKRDTB00011,incomplete_past_return_window;incomplete_past_volume
2013-01-16,PLORBIS00014,incomplete_past_return_window
2013-01-16,NL0000687309,incomplete_past_return_window;incomplete_past_volume
2013-01-16,PLINTCS00010,incomplete_past_return_window;incomplete_past_volume
2013-01-16,PLCIECH00018,incomplete_past_return_window;incomplete_past_volume
2013-01-16,PLBIOTN00029,too_many_zero_close_returns
2013-01-16,PLNFI0900014,too_many_zero_close_returns
2013-01-16,PLCRSNT00011,incomplete_past_return_window;incomplete_past_volume
2013-01-16,CA5012401058,unavailable_source_series
2013-01-16,US1534351028,incomplete_past_return_window;incomplete_past_volume
2013-01-16,PLIDMSA00044,too_many_zero_close_returns
2013-02-13,PLBRSZW00011,too_many_zero_close_returns
2013-02-13,PLGETBK00012,too_many_zero_close_returns
2013-02-13,PLKETY000011,incomplete_past_return_window;incomplete_past_volume
2013-02-13,PLECHPS00019,incomplete_past_return_window;incomplete_past_volume
2013-02-13,NL0000474351,unavailable_source_series
2013-02-13,GB00B42CTW68,incomplete_past_return_window;incomplete_past_volume
2013-02-13,PLKRDTB00011,incomplete_past_return_window;incomplete_past_volume
2013-02-13,NL0000687309,incomplete_past_return_window;incomplete_past_volume
2013-02-13,PLINTCS00010,incomplete_past_return_window;incomplete_past_volume
2013-02-13,PLCIECH00018,incomplete_past_return_window;incomplete_past_volume
2013-02-13,PLBIOTN00029,too_many_zero_close_returns
2013-02-13,PLNFI0900014,too_many_zero_close_returns
2013-02-13,PLMSTSD00019,too_many_zero_close_returns
2013-02-13,CA5012401058,unavailable_source_series
2013-02-13,US1534351028,incomplete_past_return_window;incomplete_past_volume
2013-02-13,PLIDMSA00044,too_many_zero_close_returns
2013-03-13,PLBRSZW00011,too_many_zero_close_returns
2013-03-13,PLGETBK00012,too_many_zero_close_returns
2013-03-13,PLKETY000011,incomplete_past_return_window;incomplete_past_volume
2013-03-13,PLECHPS00019,incomplete_past_return_window;incomplete_past_volume
2013-03-13,NL0000474351,unavailable_source_series
2013-03-13,GB00B42CTW68,incomplete_past_return_window;incomplete_past_volume
2013-03-13,PLKRDTB00011,incomplete_past_return_window;incomplete_past_volume
2013-03-13,NL0000687309,incomplete_past_return_window;incomplete_past_volume
2013-03-13,PLINTCS00010,incomplete_past_return_window;incomplete_past_volume
2013-03-13,PLCIECH00018,incomplete_past_return_window;incomplete_past_volume
2013-03-13,PLBIOTN00029,too_many_zero_close_returns
2013-03-13,PLNFI0900014,too_many_zero_close_returns
2013-03-13,PLMSTSD00019,too_many_zero_close_returns
2013-03-13,CA5012401058,unavailable_source_series
2013-03-13,US1534351028,incomplete_past_return_window;incomplete_past_volume
2013-03-13,PLIDMSA00044,too_many_zero_close_returns
2013-04-12,PLBRSZW00011,too_many_zero_close_returns
2013-04-12,PLALIOR00045,incomplete_past_return_window;incomplete_past_volume
2013-04-12,PLGETBK00012,too_many_zero_close_returns
2013-04-12,PLKETY000011,incomplete_past_return_window;incomplete_past_volume
2013-04-12,GB00B42CTW68,incomplete_past_return_window;incomplete_past_volume
2013-04-12,PLECHPS00019,incomplete_past_return_window;incomplete_past_volume
2013-04-12,NL0000474351,unavailable_source_series
2013-04-12,PLINTCS00010,incomplete_past_return_window;incomplete_past_volume
2013-04-12,PLZEPAK00012,incomplete_past_return_window;incomplete_past_volume
2013-04-12,PLCIECH00018,incomplete_past_return_window;incomplete_past_volume
2013-04-12,NL0000687309,incomplete_past_return_window;incomplete_past_volume
2013-04-12,PLBIOTN00029,too_many_zero_close_returns
2013-04-12,PLNFI0900014,too_many_zero_close_returns
2013-04-12,PLMSTSD00019,too_many_zero_close_returns
2013-04-12,CA5012401058,unavailable_source_series
2013-04-12,PLGRBRN00012,too_many_zero_close_returns
2013-04-12,US1534351028,incomplete_past_return_window;incomplete_past_volume
2013-04-12,PLIDMSA00044,too_many_zero_close_returns
2013-05-15,PLBRSZW00011,too_many_zero_close_returns
2013-05-15,PLALIOR00045,incomplete_past_return_window;incomplete_past_volume
2013-05-15,PLGETBK00012,too_many_zero_close_returns
2013-05-15,PLKETY000011,incomplete_past_return_window;incomplete_past_volume
2013-05-15,GB00B42CTW68,incomplete_past_return_window;incomplete_past_volume
2013-05-15,PLECHPS00019,incomplete_past_return_window;incomplete_past_volume
2013-05-15,NL0000474351,unavailable_source_series
2013-05-15,PLORBIS00014,incomplete_past_return_window;incomplete_past_volume
2013-05-15,PLINTCS00010,incomplete_past_return_window;incomplete_past_volume
2013-05-15,PLZEPAK00012,incomplete_past_return_window;incomplete_past_volume
2013-05-15,PLCIECH00018,incomplete_past_return_window;incomplete_past_volume
2013-05-15,NL0000687309,incomplete_past_return_window;incomplete_past_volume
2013-05-15,PLBIOTN00029,too_many_zero_close_returns
2013-05-15,PLNFI0900014,too_many_zero_close_returns
2013-05-15,PLMSTSD00019,too_many_zero_close_returns
2013-05-15,CA5012401058,unavailable_source_series
2013-05-15,PLGRBRN00012,too_many_zero_close_returns
2013-05-15,US1534351028,incomplete_past_return_window;incomplete_past_volume
2013-05-15,PLIDMSA00044,too_many_zero_close_returns
2013-06-13,PLBRSZW00011,too_many_zero_close_returns
2013-06-13,PLALIOR00045,incomplete_past_return_window;incomplete_past_volume
2013-06-13,PLGETBK00012,too_many_zero_close_returns
2013-06-13,PLKETY000011,incomplete_past_return_window;incomplete_past_volume
2013-06-13,GB00B42CTW68,incomplete_past_return_window;incomplete_past_volume
2013-06-13,PLECHPS00019,incomplete_past_return_window;incomplete_past_volume
2013-06-13,NL0000474351,unavailable_source_series
2013-06-13,PLORBIS00014,incomplete_past_return_window;incomplete_past_volume
2013-06-13,PLINTCS00010,incomplete_past_return_window;incomplete_past_volume
2013-06-13,PLZEPAK00012,incomplete_past_return_window;incomplete_past_volume
2013-06-13,PLCIECH00018,incomplete_past_return_window;incomplete_past_volume
2013-06-13,NL0000687309,incomplete_past_return_window;incomplete_past_volume
2013-06-13,PLBIOTN00029,too_many_zero_close_returns
2013-06-13,PLNFI0900014,too_many_zero_close_returns
2013-06-13,PLMSTSD00019,too_many_zero_close_returns
2013-06-13,CA5012401058,unavailable_source_series
2013-06-13,US1534351028,incomplete_past_return_window;incomplete_past_volume
2013-06-13,PLIDMSA00044,too_many_zero_close_returns
2013-07-11,PLBZ00000044,incomplete_past_return_window;incomplete_past_volume;too_many_zero_close_returns
2013-07-11,PLALIOR00045,incomplete_past_return_window;incomplete_past_volume
2013-07-11,PLGETBK00012,too_many_zero_close_returns
2013-07-11,PLKETY000011,incomplete_past_return_window;incomplete_past_volume
2013-07-11,PLECHPS00019,incomplete_past_return_window;incomplete_past_volume
2013-07-11,NL0000474351,unavailable_source_series
2013-07-11,PLINTCS00010,incomplete_past_return_window;incomplete_past_volume
2013-07-11,PLORBIS00014,incomplete_past_return_window;incomplete_past_volume
2013-07-11,PLCIECH00018,incomplete_past_return_window;incomplete_past_volume
2013-07-11,PLZEPAK00012,incomplete_past_return_window;incomplete_past_volume
2013-07-11,NL0000687309,incomplete_past_return_window;incomplete_past_volume
2013-07-11,PLBRSZW00011,too_many_zero_close_returns
2013-07-11,PLNFI0900014,too_many_zero_close_returns
2013-07-11,CA5012401058,unavailable_source_series
2013-07-11,PLBIOTN00029,too_many_zero_close_returns
2013-07-11,PLMSTSD00019,too_many_zero_close_returns
2013-07-11,PLIDMSA00044,too_many_zero_close_returns
2013-08-08,PLBZ00000044,incomplete_past_return_window;incomplete_past_volume
2013-08-08,PLALIOR00045,incomplete_past_return_window;incomplete_past_volume
2013-08-08,PLGETBK00012,too_many_zero_close_returns
2013-08-08,PLKETY000011,incomplete_past_return_window;incomplete_past_volume
2013-08-08,PLECHPS00019,incomplete_past_return_window;incomplete_past_volume
2013-08-08,NL0000474351,unavailable_source_series
2013-08-08,PLINTCS00010,incomplete_past_return_window;incomplete_past_volume
2013-08-08,PLORBIS00014,incomplete_past_return_window;incomplete_past_volume
2013-08-08,PLCIECH00018,incomplete_past_return_window;incomplete_past_volume
2013-08-08,PLZEPAK00012,incomplete_past_return_window;incomplete_past_volume
2013-08-08,NL0000687309,incomplete_past_return_window;incomplete_past_volume
2013-08-08,PLBRSZW00011,too_many_zero_close_returns
2013-08-08,PLNFI0900014,too_many_zero_close_returns
2013-08-08,CA5012401058,unavailable_source_series
2013-08-08,PLBIOTN00029,too_many_zero_close_returns
2013-08-08,PLMSTSD00019,too_many_zero_close_returns
2013-08-08,PLIDMSA00044,too_many_zero_close_returns
2013-09-06,PLBZ00000044,incomplete_past_return_window;incomplete_past_volume
2013-09-06,PLALIOR00045,incomplete_past_return_window;incomplete_past_volume
2013-09-06,PLGETBK00012,too_many_zero_close_returns
2013-09-06,PLKETY000011,incomplete_past_return_window;incomplete_past_volume
2013-09-06,PLECHPS00019,incomplete_past_return_window;incomplete_past_volume
2013-09-06,NL0000474351,unavailable_source_series
2013-09-06,PLINTCS00010,incomplete_past_return_window;incomplete_past_volume
2013-09-06,PLORBIS00014,incomplete_past_return_window;incomplete_past_volume
2013-09-06,PLCIECH00018,incomplete_past_return_window;incomplete_past_volume
2013-09-06,PLZEPAK00012,incomplete_past_return_window;incomplete_past_volume
2013-09-06,NL0000687309,incomplete_past_return_window;incomplete_past_volume
2013-09-06,PLBRSZW00011,too_many_zero_close_returns
2013-09-06,PLNFI0900014,too_many_zero_close_returns
2013-09-06,CA5012401058,unavailable_source_series
2013-09-06,PLBIOTN00029,too_many_zero_close_returns
2013-09-06,PLMSTSD00019,too_many_zero_close_returns
2013-09-06,PLGRBRN00012,too_many_zero_close_returns
2013-09-06,PLIDMSA00044,too_many_zero_close_returns
2013-10-04,PLBZ00000044,incomplete_past_return_window;incomplete_past_volume
2013-10-04,PLALIOR00045,incomplete_past_return_window;incomplete_past_volume
2013-10-04,PLGETBK00012,too_many_zero_close_returns
2013-10-04,NL0000474351,unavailable_source_series
2013-10-04,PLINTCS00010,incomplete_past_return_window;incomplete_past_volume
2013-10-04,PLCIECH00018,incomplete_past_return_window;incomplete_past_volume
2013-10-04,PLORBIS00014,incomplete_past_return_window;incomplete_past_volume
2013-10-04,PLFAMUR00012,too_many_zero_close_returns
2013-10-04,NL0000687309,incomplete_past_return_window;incomplete_past_volume
2013-10-04,PLWAWEL00013,incomplete_past_return_window;incomplete_past_volume
2013-10-04,PLZEPAK00012,incomplete_past_return_window;incomplete_past_volume
2013-10-04,PLNFI0900014,too_many_zero_close_returns
2013-10-04,PLBRSZW00011,too_many_zero_close_returns
2013-10-04,CA81752K1057,unavailable_source_series
2013-10-04,PLMSTSD00019,too_many_zero_close_returns
2013-10-04,PLGRBRN00012,too_many_zero_close_returns
2013-10-04,PLPTRLI00018,too_many_zero_close_returns
2013-11-04,PLBZ00000044,incomplete_past_return_window;incomplete_past_volume
2013-11-04,PLALIOR00045,incomplete_past_return_window;incomplete_past_volume
2013-11-04,NL0000474351,unavailable_source_series
2013-11-04,PLINTCS00010,incomplete_past_return_window;incomplete_past_volume
2013-11-04,PLCIECH00018,incomplete_past_return_window;incomplete_past_volume
2013-11-04,PLORBIS00014,incomplete_past_return_window;incomplete_past_volume
2013-11-04,PLFAMUR00012,too_many_zero_close_returns
2013-11-04,NL0000687309,incomplete_past_return_window;incomplete_past_volume
2013-11-04,PLWAWEL00013,incomplete_past_return_window;incomplete_past_volume
2013-11-04,PLZEPAK00012,incomplete_past_return_window;incomplete_past_volume
2013-11-04,PLNFI0900014,too_many_zero_close_returns
2013-11-04,PLBRSZW00011,too_many_zero_close_returns
2013-11-04,CA81752K1057,unavailable_source_series
2013-11-04,PLMSTSD00019,too_many_zero_close_returns
2013-11-04,PLGRBRN00012,too_many_zero_close_returns
2013-11-04,PLPTRLI00018,too_many_zero_close_returns
2013-12-03,PLALIOR00045,incomplete_past_return_window;incomplete_past_volume
2013-12-03,NL0000474351,unavailable_source_series
2013-12-03,PLINTCS00010,incomplete_past_return_window;incomplete_past_volume
2013-12-03,PLORBIS00014,incomplete_past_return_window;incomplete_past_volume
2013-12-03,PLFAMUR00012,too_many_zero_close_returns
2013-12-03,PLWAWEL00013,incomplete_past_return_window;incomplete_past_volume
2013-12-03,PLNFI0900014,too_many_zero_close_returns
2013-12-03,PLBRSZW00011,too_many_zero_close_returns
2013-12-03,CA81752K1057,unavailable_source_series
2013-12-03,PLMSTSD00019,too_many_zero_close_returns
2013-12-03,PLGRBRN00012,too_many_zero_close_returns
2013-12-03,PLPTRLI00018,too_many_zero_close_returns
2014-01-08,PLPKPCR00011,incomplete_past_return_window;incomplete_past_volume
2014-01-08,PLINTCS00010,incomplete_past_return_window;incomplete_past_volume
2014-01-08,NL0000474351,unavailable_source_series
2014-01-08,PLORBIS00014,incomplete_past_return_window;incomplete_past_volume
2014-01-08,PLWAWEL00013,incomplete_past_return_window;incomplete_past_volume
2014-01-08,PLFAMUR00012,too_many_zero_close_returns
2014-01-08,PLBRSZW00011,too_many_zero_close_returns
2014-01-08,PLNFI0900014,too_many_zero_close_returns
2014-01-08,PLTRKPL00014,too_many_zero_close_returns
2014-01-08,CA81752K1057,unavailable_source_series
2014-01-08,PLMSTSD00019,too_many_zero_close_returns
2014-01-08,PLGRBRN00012,too_many_zero_close_returns
2014-01-08,PLPTRLI00018,too_many_zero_close_returns
2014-02-05,PLPKPCR00011,incomplete_past_return_window;incomplete_past_volume
2014-02-05,PLINTCS00010,incomplete_past_return_window;incomplete_past_volume
2014-02-05,NL0000474351,unavailable_source_series
2014-02-05,PLORBIS00014,incomplete_past_return_window;incomplete_past_volume
2014-02-05,PLWAWEL00013,incomplete_past_return_window;incomplete_past_volume
2014-02-05,PLFAMUR00012,too_many_zero_close_returns
2014-02-05,PLBRSZW00011,too_many_zero_close_returns
2014-02-05,PLNFI0900014,too_many_zero_close_returns
2014-02-05,PLTRKPL00014,too_many_zero_close_returns
2014-02-05,CA81752K1057,unavailable_source_series
2014-02-05,PLMSTSD00019,too_many_zero_close_returns
2014-02-05,PLGRBRN00012,too_many_zero_close_returns
2014-02-05,PLPTRLI00018,too_many_zero_close_returns
2014-03-05,PLPKPCR00011,incomplete_past_return_window;incomplete_past_volume
2014-03-05,NL0000474351,unavailable_source_series
2014-03-05,PLORBIS00014,incomplete_past_return_window;incomplete_past_volume
2014-03-05,PLWAWEL00013,incomplete_past_return_window;incomplete_past_volume
2014-03-05,PLFAMUR00012,too_many_zero_close_returns
2014-03-05,PLBRSZW00011,too_many_zero_close_returns
2014-03-05,PLNFI0900014,too_many_zero_close_returns
2014-03-05,PLTRKPL00014,too_many_zero_close_returns
2014-03-05,CA81752K1057,unavailable_source_series
2014-03-05,PLMSTSD00019,too_many_zero_close_returns
2014-03-05,PLGRBRN00012,too_many_zero_close_returns
2014-03-05,PLPTRLI00018,too_many_zero_close_returns
2014-04-02,PLENERG00022,incomplete_past_return_window;incomplete_past_volume
2014-04-02,PLPKPCR00011,incomplete_past_return_window;incomplete_past_volume
2014-04-02,NL0000474351,unavailable_source_series
2014-04-02,PLWAWEL00013,incomplete_past_return_window;incomplete_past_volume
2014-04-02,PLORBIS00014,incomplete_past_return_window;incomplete_past_volume
2014-04-02,PLBRSZW00011,incomplete_past_return_window;incomplete_past_volume;too_many_zero_close_returns
2014-04-02,PLTRKPL00014,too_many_zero_close_returns
2014-04-02,PLNFI0900014,too_many_zero_close_returns
2014-04-02,PLMSTSD00019,too_many_zero_close_returns
2014-05-05,PLENERG00022,incomplete_past_return_window;incomplete_past_volume
2014-05-05,PLPKPCR00011,incomplete_past_return_window;incomplete_past_volume
2014-05-05,NL0000474351,unavailable_source_series
2014-05-05,PLWAWEL00013,incomplete_past_return_window;incomplete_past_volume
2014-05-05,PLORBIS00014,incomplete_past_return_window;incomplete_past_volume
2014-05-05,PLBRSZW00011,incomplete_past_return_window;incomplete_past_volume;too_many_zero_close_returns
2014-05-05,PLTRKPL00014,too_many_zero_close_returns
2014-05-05,PLNFI0900014,too_many_zero_close_returns
2014-05-05,PLMSTSD00019,too_many_zero_close_returns
2014-06-02,PLENERG00022,incomplete_past_return_window;incomplete_past_volume
2014-06-02,PLPKPCR00011,incomplete_past_return_window;incomplete_past_volume
2014-06-02,NL0000474351,unavailable_source_series
2014-06-02,PLORBIS00014,incomplete_past_return_window;incomplete_past_volume
2014-06-02,NL0000687309,incomplete_past_return_window;incomplete_past_volume
2014-06-02,PLBRSZW00011,incomplete_past_return_window;incomplete_past_volume;too_many_zero_close_returns
2014-06-02,PLTRKPL00014,too_many_zero_close_returns
2014-06-02,PLNFI0900014,too_many_zero_close_returns
2014-06-02,PLMSTSD00019,too_many_zero_close_returns
2014-07-01,PLENERG00022,incomplete_past_return_window;incomplete_past_volume
2014-07-01,PLPKPCR00011,incomplete_past_return_window;incomplete_past_volume
2014-07-01,NL0000474351,unavailable_source_series
2014-07-01,PLORBIS00014,incomplete_past_return_window;incomplete_past_volume
2014-07-01,NL0000687309,incomplete_past_return_window;incomplete_past_volume
2014-07-01,PLBRSZW00011,incomplete_past_return_window;incomplete_past_volume;too_many_zero_close_returns
2014-07-01,PLTRKPL00014,too_many_zero_close_returns
2014-07-01,PLNFI0900014,too_many_zero_close_returns
2014-07-01,PLGRBRN00012,too_many_zero_close_returns
2014-07-29,PLENERG00022,incomplete_past_return_window;incomplete_past_volume
2014-07-29,PLPKPCR00011,incomplete_past_return_window;incomplete_past_volume
2014-07-29,NL0000474351,unavailable_source_series
2014-07-29,PLORBIS00014,incomplete_past_return_window;incomplete_past_volume
2014-07-29,NL0000687309,incomplete_past_return_window;incomplete_past_volume
2014-07-29,PLBRSZW00011,incomplete_past_return_window;incomplete_past_volume;too_many_zero_close_returns
2014-07-29,PLTRKPL00014,too_many_zero_close_returns
2014-07-29,PLNFI0900014,too_many_zero_close_returns
2014-07-29,PLGRBRN00012,too_many_zero_close_returns
2014-08-27,PLENERG00022,incomplete_past_return_window;incomplete_past_volume
2014-08-27,PLPKPCR00011,incomplete_past_return_window;incomplete_past_volume
2014-08-27,NL0000474351,unavailable_source_series
2014-08-27,PLELDRD00017,incomplete_past_return_window;incomplete_past_volume
2014-08-27,PLORBIS00014,incomplete_past_return_window;incomplete_past_volume
2014-08-27,NL0000687309,incomplete_past_return_window;incomplete_past_volume
2014-08-27,PLBRSZW00011,incomplete_past_return_window;incomplete_past_volume;too_many_zero_close_returns
2014-08-27,PLTRKPL00014,too_many_zero_close_returns
2014-08-27,PLNFI0900014,too_many_zero_close_returns
2014-08-27,PLGRBRN00012,too_many_zero_close_returns
2014-09-24,PLENERG00022,incomplete_past_return_window;incomplete_past_volume
2014-09-24,PLPKPCR00011,incomplete_past_return_window;incomplete_past_volume
2014-09-24,NL0000474351,unavailable_source_series
2014-09-24,PLORBIS00014,incomplete_past_return_window;incomplete_past_volume
2014-09-24,PLELDRD00017,incomplete_past_return_window;incomplete_past_volume
2014-09-24,NL0000687309,incomplete_past_return_window;incomplete_past_volume
2014-09-24,PLBRSZW00011,incomplete_past_return_window;incomplete_past_volume;too_many_zero_close_returns
2014-09-24,PLTRKPL00014,too_many_zero_close_returns
2014-09-24,PLNFI0900014,too_many_zero_close_returns
2014-09-24,PLGRBRN00012,too_many_zero_close_returns
2014-10-22,PLENERG00022,incomplete_past_return_window;incomplete_past_volume
2014-10-22,PLPKPCR00011,incomplete_past_return_window;incomplete_past_volume
2014-10-22,NL0000474351,unavailable_source_series
2014-10-22,PLORBIS00014,incomplete_past_return_window;incomplete_past_volume
2014-10-22,PLELDRD00017,incomplete_past_return_window;incomplete_past_volume
2014-10-22,NL0000687309,incomplete_past_return_window;incomplete_past_volume
2014-10-22,PLBRSZW00011,incomplete_past_return_window;incomplete_past_volume;too_many_zero_close_returns
2014-10-22,PLTRKPL00014,too_many_zero_close_returns
2014-10-22,PLNFI0900014,too_many_zero_close_returns
2014-10-22,PLGRBRN00012,too_many_zero_close_returns
2014-11-20,PLENERG00022,incomplete_past_return_window;incomplete_past_volume
2014-11-20,NL0000474351,unavailable_source_series
2014-11-20,PLORBIS00014,incomplete_past_return_window;incomplete_past_volume
2014-11-20,PLAPATR00018,incomplete_past_return_window;incomplete_past_volume
2014-11-20,PLELDRD00017,incomplete_past_return_window;incomplete_past_volume
2014-11-20,NL0000687309,incomplete_past_return_window;incomplete_past_volume
2014-11-20,PLBRSZW00011,incomplete_past_return_window;incomplete_past_volume;too_many_zero_close_returns
2014-11-20,PLTRKPL00014,too_many_zero_close_returns
2014-11-20,PLNFI0900014,too_many_zero_close_returns
2014-11-20,PLGRBRN00012,too_many_zero_close_returns
2014-12-18,NL0000474351,unavailable_source_series
2014-12-18,PLORBIS00014,incomplete_past_return_window;incomplete_past_volume
2014-12-18,PLAPATR00018,incomplete_past_return_window;incomplete_past_volume
2014-12-18,PLELDRD00017,incomplete_past_return_window;incomplete_past_volume
2014-12-18,NL0000687309,incomplete_past_return_window;incomplete_past_volume
2014-12-18,PLBRSZW00011,incomplete_past_return_window;incomplete_past_volume
2014-12-18,PLCRSNT00011,too_many_zero_close_returns
2014-12-18,PLTRKPL00014,incomplete_past_return_window;incomplete_past_volume;too_many_zero_close_returns
2014-12-18,PLNFI0900014,too_many_zero_close_returns
2014-12-18,PLGRBRN00012,too_many_zero_close_returns
2015-01-23,NL0000474351,unavailable_source_series
2015-01-23,PLAPATR00018,incomplete_past_return_window;incomplete_past_volume
2015-01-23,NL0000687309,incomplete_past_return_window;incomplete_past_volume
2015-01-23,PLORBIS00014,incomplete_past_return_window;incomplete_past_volume
2015-01-23,PLELDRD00017,incomplete_past_return_window;incomplete_past_volume
2015-01-23,PLBRSZW00011,incomplete_past_return_window;incomplete_past_volume
2015-01-23,PLCRSNT00011,too_many_zero_close_returns
2015-01-23,PLTRKPL00014,incomplete_past_return_window;incomplete_past_volume;too_many_zero_close_returns
2015-01-23,PLNFI0900014,too_many_zero_close_returns
2015-01-23,PLGRBRN00012,too_many_zero_close_returns
2015-02-20,NL0000474351,unavailable_source_series
2015-02-20,PLAPATR00018,incomplete_past_return_window;incomplete_past_volume
2015-02-20,NL0000687309,incomplete_past_return_window;incomplete_past_volume
2015-02-20,PLORBIS00014,incomplete_past_return_window;incomplete_past_volume
2015-02-20,PLWAWEL00013,incomplete_past_return_window;incomplete_past_volume
2015-02-20,PLELDRD00017,incomplete_past_return_window;incomplete_past_volume
2015-02-20,PLBRSZW00011,incomplete_past_return_window;incomplete_past_volume
2015-02-20,PLCRSNT00011,too_many_zero_close_returns
2015-02-20,PLTRKPL00014,incomplete_past_return_window;incomplete_past_volume;too_many_zero_close_returns
2015-02-20,PLNFI0900014,too_many_zero_close_returns
2015-02-20,PLGRBRN00012,too_many_zero_close_returns
2015-03-20,NL0000474351,unavailable_source_series
2015-03-20,PLAPATR00018,incomplete_past_return_window;incomplete_past_volume
2015-03-20,NL0000687309,incomplete_past_return_window;incomplete_past_volume
2015-03-20,PLORBIS00014,incomplete_past_return_window;incomplete_past_volume
2015-03-20,PLWAWEL00013,incomplete_past_return_window;incomplete_past_volume
2015-03-20,PLELDRD00017,incomplete_past_return_window;incomplete_past_volume
2015-03-20,PLBRSZW00011,incomplete_past_return_window;incomplete_past_volume
2015-03-20,PLCRSNT00011,too_many_zero_close_returns
2015-03-20,PLTRKPL00014,incomplete_past_return_window;incomplete_past_volume;too_many_zero_close_returns
2015-03-20,PLNFI0900014,too_many_zero_close_returns
2015-03-20,PLGRBRN00012,too_many_zero_close_returns
2015-04-21,NL0000474351,unavailable_source_series
2015-04-21,PLORBIS00014,incomplete_past_return_window;incomplete_past_volume
2015-04-21,PLAPATR00018,incomplete_past_return_window;incomplete_past_volume
2015-04-21,NL0000687309,incomplete_past_return_window;incomplete_past_volume
2015-04-21,PLWAWEL00013,incomplete_past_return_window;incomplete_past_volume
2015-04-21,PLELDRD00017,incomplete_past_return_window;incomplete_past_volume
2015-04-21,PLSTLPD00017,incomplete_past_return_window;incomplete_past_volume
2015-04-21,PLTRKPL00014,incomplete_past_return_window;incomplete_past_volume;too_many_zero_close_returns
2015-04-21,PLGRBRN00012,too_many_zero_close_returns
2015-05-20,NL0000474351,unavailable_source_series
2015-05-20,PLORBIS00014,incomplete_past_return_window;incomplete_past_volume
2015-05-20,PLAPATR00018,incomplete_past_return_window;incomplete_past_volume
2015-05-20,NL0000687309,incomplete_past_return_window;incomplete_past_volume
2015-05-20,PLWAWEL00013,incomplete_past_return_window;incomplete_past_volume
2015-05-20,PLELDRD00017,incomplete_past_return_window;incomplete_past_volume
2015-05-20,PLSTLPD00017,incomplete_past_return_window;incomplete_past_volume
2015-05-20,PLTRKPL00014,incomplete_past_return_window;incomplete_past_volume
2015-05-20,PLGRBRN00012,too_many_zero_close_returns
2015-06-18,NL0000474351,unavailable_source_series
2015-06-18,PLORBIS00014,incomplete_past_return_window;incomplete_past_volume
2015-06-18,PLAPATR00018,incomplete_past_return_window;incomplete_past_volume
2015-06-18,NL0000687309,incomplete_past_return_window;incomplete_past_volume
2015-06-18,PLWAWEL00013,incomplete_past_return_window;incomplete_past_volume
2015-06-18,PLELDRD00017,incomplete_past_return_window;incomplete_past_volume
2015-06-18,PLSTLPD00017,incomplete_past_return_window;incomplete_past_volume
2015-06-18,PLTRKPL00014,incomplete_past_return_window;incomplete_past_volume
2015-06-18,PLGRBRN00012,too_many_zero_close_returns
2015-07-16,NL0000474351,unavailable_source_series
2015-07-16,PLORBIS00014,incomplete_past_return_window;incomplete_past_volume
2015-07-16,PLAPATR00018,incomplete_past_return_window;incomplete_past_volume
2015-07-16,PLWAWEL00013,incomplete_past_return_window;incomplete_past_volume
2015-07-16,NL0000687309,incomplete_past_return_window;incomplete_past_volume
2015-07-16,PLSTLPD00017,incomplete_past_return_window;incomplete_past_volume
2015-07-16,PLELDRD00017,incomplete_past_return_window;incomplete_past_volume
2015-07-16,PLTRKPL00014,incomplete_past_return_window;incomplete_past_volume
2015-08-13,NL0000474351,unavailable_source_series
2015-08-13,PLORBIS00014,incomplete_past_return_window;incomplete_past_volume
2015-08-13,PLAPATR00018,incomplete_past_return_window;incomplete_past_volume
2015-08-13,PLWAWEL00013,incomplete_past_return_window;incomplete_past_volume
2015-08-13,NL0000687309,incomplete_past_return_window;incomplete_past_volume
2015-08-13,PLSTLPD00017,incomplete_past_return_window;incomplete_past_volume
2015-08-13,PLELDRD00017,incomplete_past_return_window;incomplete_past_volume
2015-08-13,PLTRKPL00014,incomplete_past_return_window;incomplete_past_volume
2015-09-10,NL0000474351,unavailable_source_series
2015-09-10,PLORBIS00014,incomplete_past_return_window;incomplete_past_volume
2015-09-10,PLAPATR00018,incomplete_past_return_window;incomplete_past_volume
2015-09-10,PLWAWEL00013,incomplete_past_return_window;incomplete_past_volume
2015-09-10,NL0000687309,incomplete_past_return_window;incomplete_past_volume
2015-09-10,PLSTLPD00017,incomplete_past_return_window;incomplete_past_volume
2015-09-10,PLBRSZW00011,too_many_zero_close_returns
2015-09-10,PLTRKPL00014,incomplete_past_return_window;incomplete_past_volume
2015-10-08,PLTVN0000017,incomplete_past_return_window;incomplete_past_volume
2015-10-08,NL0000474351,unavailable_source_series
2015-10-08,PLORBIS00014,incomplete_past_return_window;incomplete_past_volume
2015-10-08,PLAPATR00018,incomplete_past_return_window;incomplete_past_volume
2015-10-08,PLWAWEL00013,incomplete_past_return_window;incomplete_past_volume
2015-10-08,PLSTLPD00017,incomplete_past_return_window;incomplete_past_volume
2015-10-08,PLTRKPL00014,incomplete_past_return_window;incomplete_past_volume
2015-11-05,PLTVN0000017,incomplete_past_return_window;incomplete_past_volume
2015-11-05,NL0000474351,unavailable_source_series
2015-11-05,PLORBIS00014,incomplete_past_return_window;incomplete_past_volume
2015-11-05,PLAPATR00018,incomplete_past_return_window;incomplete_past_volume
2015-11-05,PLWAWEL00013,incomplete_past_return_window;incomplete_past_volume
2015-11-05,PLSTLPD00017,incomplete_past_return_window;incomplete_past_volume
2015-11-05,PLTRKPL00014,incomplete_past_return_window;incomplete_past_volume
2015-12-04,PLTVN0000017,incomplete_past_return_window;incomplete_past_volume
2015-12-04,NL0000474351,unavailable_source_series
2015-12-04,PLORBIS00014,incomplete_past_return_window;incomplete_past_volume
2015-12-04,PLAPATR00018,incomplete_past_return_window;incomplete_past_volume
2015-12-04,PLWAWEL00013,incomplete_past_return_window;incomplete_past_volume
2015-12-04,PLSTLPD00017,incomplete_past_return_window;incomplete_past_volume
2015-12-04,PLBRSZW00011,too_many_zero_close_returns
2015-12-04,PLTRKPL00014,incomplete_past_return_window;incomplete_past_volume
2016-01-08,NL0000474351,unavailable_source_series
2016-01-08,PLORBIS00014,incomplete_past_return_window;incomplete_past_volume
2016-01-08,PLAPATR00018,incomplete_past_return_window;incomplete_past_volume
2016-01-08,PLWAWEL00013,incomplete_past_return_window;incomplete_past_volume
2016-01-08,PLSTLPD00017,incomplete_past_return_window;incomplete_past_volume
2016-01-08,PLPRMCM00048,incomplete_past_return_window;incomplete_past_volume
2016-01-08,PLBRSZW00011,too_many_zero_close_returns
2016-02-05,NL0000474351,unavailable_source_series
2016-02-05,PLORBIS00014,incomplete_past_return_window;incomplete_past_volume
2016-02-05,PLAPATR00018,incomplete_past_return_window;incomplete_past_volume
2016-02-05,PLWAWEL00013,incomplete_past_return_window;incomplete_past_volume
2016-02-05,PLSTLPD00017,incomplete_past_return_window;incomplete_past_volume
2016-02-05,PLBRSZW00011,too_many_zero_close_returns
2016-03-04,NL0000474351,unavailable_source_series
2016-03-04,PLORBIS00014,incomplete_past_return_window;incomplete_past_volume
2016-03-04,PLAPATR00018,incomplete_past_return_window;incomplete_past_volume
2016-03-04,PLWAWEL00013,incomplete_past_return_window;incomplete_past_volume
2016-03-04,PLBRSZW00011,too_many_zero_close_returns
2016-04-05,NL0000474351,unavailable_source_series
2016-04-05,PLORBIS00014,incomplete_past_return_window;incomplete_past_volume
2016-04-05,PLWAWEL00013,incomplete_past_return_window;incomplete_past_volume
2016-04-05,PLROBYG00016,unavailable_source_series
2016-04-05,PLAPATR00018,incomplete_past_return_window;incomplete_past_volume
2016-04-05,PLGETBK00012,too_many_zero_close_returns
2016-04-05,DE000A13STW4,incomplete_past_return_window;incomplete_past_volume
2016-04-05,PLBRSZW00011,too_many_zero_close_returns
2016-04-05,PLVENTS00019,incomplete_past_return_window;incomplete_past_volume
2016-05-04,NL0000474351,unavailable_source_series
2016-05-04,PLWAWEL00013,incomplete_past_return_window;incomplete_past_volume
2016-05-04,PLROBYG00016,unavailable_source_series
2016-05-04,PLAPATR00018,incomplete_past_return_window;incomplete_past_volume
2016-05-04,PLGETBK00012,too_many_zero_close_returns
2016-05-04,DE000A13STW4,incomplete_past_return_window;incomplete_past_volume
2016-05-04,PLBRSZW00011,too_many_zero_close_returns
2016-05-04,PLVENTS00019,incomplete_past_return_window;incomplete_past_volume
2016-06-02,NL0000474351,unavailable_source_series
2016-06-02,PLWAWEL00013,incomplete_past_return_window;incomplete_past_volume
2016-06-02,PLROBYG00016,unavailable_source_series
2016-06-02,PLAPATR00018,incomplete_past_return_window;incomplete_past_volume
2016-06-02,PLGETBK00012,too_many_zero_close_returns
2016-06-02,PLBRSZW00011,too_many_zero_close_returns
2016-06-02,PLVENTS00019,incomplete_past_return_window;incomplete_past_volume
2016-06-30,NL0000474351,unavailable_source_series
2016-06-30,PLAPATR00018,incomplete_past_return_window;incomplete_past_volume
2016-06-30,PLWAWEL00013,incomplete_past_return_window;incomplete_past_volume
2016-06-30,PLROBYG00016,unavailable_source_series
2016-06-30,PLGETBK00012,too_many_zero_close_returns
2016-06-30,PLBRSZW00011,too_many_zero_close_returns
2016-06-30,PLVENTS00019,incomplete_past_return_window;incomplete_past_volume
2016-07-28,NL0000474351,unavailable_source_series
2016-07-28,PLWAWEL00013,incomplete_past_return_window;incomplete_past_volume
2016-07-28,PLROBYG00016,unavailable_source_series
2016-07-28,PLELDRD00017,incomplete_past_return_window;incomplete_past_volume
2016-07-28,PLGETBK00012,too_many_zero_close_returns
2016-07-28,PLBRSZW00011,too_many_zero_close_returns
2016-07-28,PLVENTS00019,incomplete_past_return_window;incomplete_past_volume
2016-08-26,NL0000474351,unavailable_source_series
2016-08-26,PLWAWEL00013,incomplete_past_return_window;incomplete_past_volume
2016-08-26,PLROBYG00016,unavailable_source_series
2016-08-26,PLELDRD00017,incomplete_past_return_window;incomplete_past_volume
2016-08-26,PLGETBK00012,too_many_zero_close_returns
2016-08-26,PLBRSZW00011,too_many_zero_close_returns
2016-08-26,PLVENTS00019,incomplete_past_return_window;incomplete_past_volume
2016-09-23,NL0000474351,unavailable_source_series
2016-09-23,PLELDRD00017,incomplete_past_return_window;incomplete_past_volume
2016-09-23,PLROBYG00016,unavailable_source_series
2016-09-23,PLSTLPD00017,incomplete_past_return_window;incomplete_past_volume
2016-09-23,PLWAWEL00013,incomplete_past_return_window;incomplete_past_volume
2016-09-23,PLGETBK00012,incomplete_past_return_window;incomplete_past_volume;too_many_zero_close_returns
2016-09-23,PLBRSZW00011,too_many_zero_close_returns
2016-10-21,NL0000474351,unavailable_source_series
2016-10-21,PLGTC0000037,too_many_zero_close_returns
2016-10-21,PLELDRD00017,incomplete_past_return_window;incomplete_past_volume
2016-10-21,PLROBYG00016,unavailable_source_series
2016-10-21,PLSTLPD00017,incomplete_past_return_window;incomplete_past_volume
2016-10-21,PLGETBK00012,incomplete_past_return_window;incomplete_past_volume;too_many_zero_close_returns
2016-10-21,PLBRSZW00011,too_many_zero_close_returns
2016-11-22,NL0000474351,unavailable_source_series
2016-11-22,PLELDRD00017,incomplete_past_return_window;incomplete_past_volume
2016-11-22,PLROBYG00016,unavailable_source_series
2016-11-22,PLSTLPD00017,incomplete_past_return_window;incomplete_past_volume
2016-11-22,PLGETBK00012,incomplete_past_return_window;incomplete_past_volume;too_many_zero_close_returns
2016-11-22,PLBRSZW00011,too_many_zero_close_returns
2016-12-20,NL0000474351,unavailable_source_series
2016-12-20,PLSTLPD00017,incomplete_past_return_window;incomplete_past_volume
2016-12-20,PLELDRD00017,incomplete_past_return_window;incomplete_past_volume
2016-12-20,PLROBYG00016,unavailable_source_series
2016-12-20,PLBRSZW00011,too_many_zero_close_returns
2016-12-20,PLGETBK00012,incomplete_past_return_window;incomplete_past_volume;too_many_zero_close_returns
2017-01-19,NL0000474351,unavailable_source_series
2017-01-19,PLSTLPD00017,incomplete_past_return_window;incomplete_past_volume
2017-01-19,PLELDRD00017,incomplete_past_return_window;incomplete_past_volume
2017-01-19,PLROBYG00016,unavailable_source_series
2017-01-19,PLBRSZW00011,too_many_zero_close_returns
2017-01-19,PLGETBK00012,incomplete_past_return_window;incomplete_past_volume;too_many_zero_close_returns
2017-02-16,NL0000474351,unavailable_source_series
2017-02-16,PLSTLPD00017,incomplete_past_return_window;incomplete_past_volume
2017-02-16,PLELDRD00017,incomplete_past_return_window;incomplete_past_volume
2017-02-16,PLROBYG00016,unavailable_source_series
2017-02-16,PLBRSZW00011,too_many_zero_close_returns
2017-02-16,PLGETBK00012,incomplete_past_return_window;incomplete_past_volume;too_many_zero_close_returns
2017-03-16,NL0000474351,unavailable_source_series
2017-03-16,PLSTLPD00017,incomplete_past_return_window;incomplete_past_volume
2017-03-16,PLELDRD00017,incomplete_past_return_window;incomplete_past_volume
2017-03-16,PLROBYG00016,unavailable_source_series
2017-03-16,PLGETBK00012,incomplete_past_return_window;incomplete_past_volume;too_many_zero_close_returns
2017-04-13,NL0000474351,unavailable_source_series
2017-04-13,PLSTLPD00017,incomplete_past_return_window;incomplete_past_volume
2017-04-13,PLELDRD00017,incomplete_past_return_window;incomplete_past_volume
2017-04-13,PLGETBK00012,incomplete_past_return_window;incomplete_past_volume;too_many_zero_close_returns
2017-04-13,PLROBYG00016,unavailable_source_series
2017-05-17,NL0000474351,unavailable_source_series
2017-05-17,PLELDRD00017,incomplete_past_return_window;incomplete_past_volume
2017-05-17,PLGETBK00012,incomplete_past_return_window;incomplete_past_volume;too_many_zero_close_returns
2017-05-17,PLROBYG00016,unavailable_source_series
2017-06-14,NL0000474351,unavailable_source_series
2017-06-14,PLELDRD00017,incomplete_past_return_window;incomplete_past_volume
2017-06-14,PLGETBK00012,incomplete_past_return_window;incomplete_past_volume;too_many_zero_close_returns
2017-06-14,PLROBYG00016,unavailable_source_series
2017-07-13,NL0000474351,unavailable_source_series
2017-07-13,PLDINPL00011,incomplete_past_return_window;incomplete_past_volume
2017-07-13,PLORBIS00014,incomplete_past_return_window;incomplete_past_volume
2017-07-13,PLROBYG00016,unavailable_source_series
2017-07-13,PLGETBK00012,incomplete_past_return_window;incomplete_past_volume;too_many_zero_close_returns
2017-08-10,NL0000474351,unavailable_source_series
2017-08-10,PLDINPL00011,incomplete_past_return_window;incomplete_past_volume
2017-08-10,PLORBIS00014,incomplete_past_return_window;incomplete_past_volume
2017-08-10,DE000A13STW4,incomplete_past_return_window;incomplete_past_volume
2017-08-10,PLROBYG00016,unavailable_source_series
2017-08-10,PLGETBK00012,incomplete_past_return_window;incomplete_past_volume;too_many_zero_close_returns
2017-09-08,NL0000474351,unavailable_source_series
2017-09-08,PLDINPL00011,incomplete_past_return_window;incomplete_past_volume
2017-09-08,PLORBIS00014,incomplete_past_return_window;incomplete_past_volume
2017-09-08,DE000A13STW4,incomplete_past_return_window;incomplete_past_volume
2017-09-08,PLROBYG00016,unavailable_source_series
2017-09-08,PLGETBK00012,incomplete_past_return_window;incomplete_past_volume;too_many_zero_close_returns
2017-10-06,LU1642887738,incomplete_past_return_window;incomplete_past_volume
2017-10-06,NL0000474351,unavailable_source_series
2017-10-06,PLDINPL00011,incomplete_past_return_window;incomplete_past_volume
2017-10-06,PLORBIS00014,incomplete_past_return_window;incomplete_past_volume
2017-10-06,PLROBYG00016,unavailable_source_series
2017-11-06,LU1642887738,incomplete_past_return_window;incomplete_past_volume
2017-11-06,NL0000474351,unavailable_source_series
2017-11-06,PLDINPL00011,incomplete_past_return_window;incomplete_past_volume
2017-11-06,PLORBIS00014,incomplete_past_return_window;incomplete_past_volume
2017-11-06,PLROBYG00016,unavailable_source_series
2017-11-06,PLAPATR00018,incomplete_past_return_window;incomplete_past_volume
2017-11-06,PLNETIA00014,too_many_zero_close_returns
2017-12-04,LU1642887738,incomplete_past_return_window;incomplete_past_volume
2017-12-04,NL0000474351,unavailable_source_series
2017-12-04,PLDINPL00011,incomplete_past_return_window;incomplete_past_volume
2017-12-04,PLORBIS00014,incomplete_past_return_window;incomplete_past_volume
2017-12-04,PLROBYG00016,unavailable_source_series
2017-12-04,PLAPATR00018,incomplete_past_return_window;incomplete_past_volume
2017-12-04,PLNETIA00014,too_many_zero_close_returns
2018-01-05,LU1642887738,incomplete_past_return_window;incomplete_past_volume
2018-01-05,PLDINPL00011,incomplete_past_return_window;incomplete_past_volume
2018-01-05,NL0000474351,unavailable_source_series
2018-01-05,PLORBIS00014,incomplete_past_return_window;incomplete_past_volume
2018-01-05,PLLCCRP00017,too_many_zero_close_returns
2018-01-05,PLROBYG00016,unavailable_source_series
2018-01-05,PLNETIA00014,too_many_zero_close_returns
2018-02-02,LU1642887738,incomplete_past_return_window;incomplete_past_volume
2018-02-02,PLDINPL00011,incomplete_past_return_window;incomplete_past_volume
2018-02-02,NL0000474351,unavailable_source_series
2018-02-02,PLDWORY00019,incomplete_past_return_window;incomplete_past_volume
2018-02-02,PLORBIS00014,incomplete_past_return_window;incomplete_past_volume
2018-02-02,PLLCCRP00017,too_many_zero_close_returns
2018-02-02,PLROBYG00016,unavailable_source_series
2018-02-02,PLNETIA00014,too_many_zero_close_returns
2018-02-02,PLCTINT00018,too_many_zero_close_returns
2018-03-02,LU1642887738,incomplete_past_return_window;incomplete_past_volume
2018-03-02,PLDINPL00011,incomplete_past_return_window;incomplete_past_volume
2018-03-02,NL0000474351,unavailable_source_series
2018-03-02,PLDWORY00019,incomplete_past_return_window;incomplete_past_volume
2018-03-02,PLORBIS00014,incomplete_past_return_window;incomplete_past_volume
2018-03-02,PLLCCRP00017,too_many_zero_close_returns
2018-03-02,PLROBYG00016,unavailable_source_series
2018-03-02,PLNETIA00014,too_many_zero_close_returns
2018-03-02,PLCTINT00018,too_many_zero_close_returns
2018-04-03,PLDINPL00011,incomplete_past_return_window;incomplete_past_volume
2018-04-03,LU1642887738,incomplete_past_return_window;incomplete_past_volume
2018-04-03,NL0000474351,unavailable_source_series
2018-04-03,PLORBIS00014,incomplete_past_return_window;incomplete_past_volume
2018-04-03,PLLCCRP00017,too_many_zero_close_returns
2018-04-03,PLNETIA00014,too_many_zero_close_returns
2018-04-03,PLGTBCK00297,incomplete_past_return_window;incomplete_past_volume
2018-04-03,PLGETBK00012,too_many_zero_close_returns
2018-04-03,PLCTINT00018,too_many_zero_close_returns
2018-05-02,LU1642887738,incomplete_past_return_window;incomplete_past_volume
2018-05-02,NL0000474351,unavailable_source_series
2018-05-02,PLORBIS00014,incomplete_past_return_window;incomplete_past_volume
2018-05-02,PLLCCRP00017,too_many_zero_close_returns
2018-05-02,PLELDRD00017,too_many_zero_close_returns
2018-05-02,PLNETIA00014,too_many_zero_close_returns
2018-05-02,PLGTBCK00297,incomplete_past_return_window;incomplete_past_volume
2018-05-02,PLGETBK00012,too_many_zero_close_returns
2018-05-02,PLCTINT00018,too_many_zero_close_returns
2018-06-01,LU1642887738,incomplete_past_return_window;incomplete_past_volume
2018-06-01,NL0000474351,unavailable_source_series
2018-06-01,PLORBIS00014,incomplete_past_return_window;incomplete_past_volume
2018-06-01,PLLCCRP00017,too_many_zero_close_returns
2018-06-01,PLELDRD00017,incomplete_past_return_window;incomplete_past_volume;too_many_zero_close_returns
2018-06-01,PLNETIA00014,too_many_zero_close_returns
2018-06-01,PLGTBCK00297,incomplete_past_return_window;incomplete_past_volume
2018-06-01,PLCTINT00018,too_many_zero_close_returns
2018-06-29,NL0000474351,unavailable_source_series
2018-06-29,LU1642887738,incomplete_past_return_window;incomplete_past_volume
2018-06-29,PLLCCRP00017,too_many_zero_close_returns
2018-06-29,PLNETIA00014,too_many_zero_close_returns
2018-06-29,PLCTINT00018,too_many_zero_close_returns
2018-07-27,NL0000474351,unavailable_source_series
2018-07-27,LU1642887738,incomplete_past_return_window;incomplete_past_volume
2018-07-27,PLLCCRP00017,too_many_zero_close_returns
2018-07-27,PLNETIA00014,too_many_zero_close_returns
2018-07-27,PLCTINT00018,too_many_zero_close_returns
2018-08-27,NL0000474351,unavailable_source_series
2018-08-27,PLWRTPL00027,incomplete_past_return_window;incomplete_past_volume
2018-08-27,PLWAWEL00013,too_many_zero_close_returns
2018-08-27,PLCTINT00018,too_many_zero_close_returns
2018-09-24,NL0000474351,unavailable_source_series
2018-09-24,PLWRTPL00027,incomplete_past_return_window;incomplete_past_volume
2018-09-24,PLWAWEL00013,too_many_zero_close_returns
2018-09-24,PLCTINT00018,too_many_zero_close_returns
2018-10-22,NL0000474351,unavailable_source_series
2018-10-22,PLWRTPL00027,incomplete_past_return_window;incomplete_past_volume;too_many_zero_close_returns
2018-10-22,PLWAWEL00013,too_many_zero_close_returns
2018-10-22,PLGETBK00012,too_many_zero_close_returns
2018-10-22,PLCTINT00018,too_many_zero_close_returns
2018-11-21,NL0000474351,unavailable_source_series
2018-11-21,PLWRTPL00027,incomplete_past_return_window;incomplete_past_volume;too_many_zero_close_returns
2018-11-21,PLWAWEL00013,incomplete_past_return_window;incomplete_past_volume;too_many_zero_close_returns
2018-11-21,PLGETBK00012,too_many_zero_close_returns
2018-11-21,PLCTINT00018,too_many_zero_close_returns
2018-12-19,NL0000474351,unavailable_source_series
2018-12-19,PLWRTPL00027,incomplete_past_return_window;incomplete_past_volume;too_many_zero_close_returns
2018-12-19,PLCOMAR00012,too_many_zero_close_returns
2018-12-19,PLSTLSK00016,incomplete_past_return_window;incomplete_past_volume
2018-12-19,PLWAWEL00013,incomplete_past_return_window;incomplete_past_volume;too_many_zero_close_returns
2018-12-19,PLGETBK00012,too_many_zero_close_returns
2018-12-19,PLCTINT00018,too_many_zero_close_returns
2019-01-23,ES0105375002,incomplete_past_return_window;incomplete_past_volume
2019-01-23,PLWRTPL00027,incomplete_past_return_window;incomplete_past_volume;too_many_zero_close_returns
2019-01-23,PLCOMAR00012,too_many_zero_close_returns
2019-01-23,PLSTLSK00016,incomplete_past_return_window;incomplete_past_volume;too_many_zero_close_returns
2019-01-23,PLWAWEL00013,incomplete_past_return_window;incomplete_past_volume;too_many_zero_close_returns
2019-01-23,PLGETBK00012,too_many_zero_close_returns
2019-01-23,PLCTINT00018,too_many_zero_close_returns
2019-02-20,ES0105375002,incomplete_past_return_window;incomplete_past_volume
2019-02-20,PLINTCS00010,too_many_zero_close_returns
2019-02-20,PLWRTPL00027,incomplete_past_return_window;incomplete_past_volume;too_many_zero_close_returns
2019-02-20,PLCOMAR00012,too_many_zero_close_returns
2019-02-20,PLSTLSK00016,incomplete_past_return_window;incomplete_past_volume;too_many_zero_close_returns
2019-02-20,PLWAWEL00013,incomplete_past_return_window;incomplete_past_volume;too_many_zero_close_returns
2019-02-20,PLGETBK00012,too_many_zero_close_returns
2019-02-20,PLCTINT00018,too_many_zero_close_returns
2019-03-20,ES0105375002,incomplete_past_return_window;incomplete_past_volume
2019-03-20,PLINTCS00010,too_many_zero_close_returns
2019-03-20,PLWRTPL00027,incomplete_past_return_window;incomplete_past_volume;too_many_zero_close_returns
2019-03-20,PLCOMAR00012,too_many_zero_close_returns
2019-03-20,PLWAWEL00013,incomplete_past_return_window;incomplete_past_volume;too_many_zero_close_returns
2019-03-20,PLGSPR000014,incomplete_past_return_window;incomplete_past_volume;too_many_zero_close_returns
2019-03-20,PLCTINT00018,too_many_zero_close_returns
2019-04-17,ES0105375002,incomplete_past_return_window;incomplete_past_volume
2019-04-17,PLINTCS00010,too_many_zero_close_returns
2019-04-17,PLWRTPL00027,incomplete_past_return_window;incomplete_past_volume;too_many_zero_close_returns
2019-04-17,PLCOMAR00012,too_many_zero_close_returns
2019-04-17,PLORBIS00014,incomplete_past_return_window;incomplete_past_volume
2019-04-17,PLWAWEL00013,incomplete_past_return_window;incomplete_past_volume;too_many_zero_close_returns
2019-04-17,PLGSPR000014,incomplete_past_return_window;incomplete_past_volume;too_many_zero_close_returns
2019-05-22,ES0105375002,incomplete_past_return_window;incomplete_past_volume
2019-05-22,PLINTCS00010,too_many_zero_close_returns
2019-05-22,PLWRTPL00027,incomplete_past_return_window;incomplete_past_volume;too_many_zero_close_returns
2019-05-22,PLCOMAR00012,too_many_zero_close_returns
2019-05-22,PLORBIS00014,incomplete_past_return_window;incomplete_past_volume
2019-05-22,PLWAWEL00013,incomplete_past_return_window;incomplete_past_volume;too_many_zero_close_returns
2019-05-22,PLGSPR000014,incomplete_past_return_window;incomplete_past_volume;too_many_zero_close_returns
2019-05-22,PLCTINT00018,too_many_zero_close_returns
2019-06-19,ES0105375002,incomplete_past_return_window;incomplete_past_volume
2019-06-19,PLINTCS00010,too_many_zero_close_returns
2019-06-19,PLWRTPL00027,incomplete_past_return_window;incomplete_past_volume;too_many_zero_close_returns
2019-06-19,PLCOMAR00012,too_many_zero_close_returns
2019-06-19,PLORBIS00014,incomplete_past_return_window;incomplete_past_volume
2019-06-19,PLWAWEL00013,incomplete_past_return_window;incomplete_past_volume;too_many_zero_close_returns
2019-06-19,PLGSPR000014,incomplete_past_return_window;incomplete_past_volume;too_many_zero_close_returns
2019-07-18,ES0105375002,incomplete_past_return_window;incomplete_past_volume
2019-07-18,PLINTCS00010,too_many_zero_close_returns
2019-07-18,PLWRTPL00027,incomplete_past_return_window;incomplete_past_volume;too_many_zero_close_returns
2019-07-18,PLVSTLA00011,incomplete_past_return_window;incomplete_past_volume
2019-07-18,PLORBIS00014,incomplete_past_return_window;incomplete_past_volume;too_many_zero_close_returns
2019-07-18,PLGETBK00012,too_many_zero_close_returns
2019-07-18,PLGSPR000014,incomplete_past_return_window;incomplete_past_volume;too_many_zero_close_returns
2019-08-16,ES0105375002,incomplete_past_return_window;incomplete_past_volume
2019-08-16,PLINTCS00010,too_many_zero_close_returns
2019-08-16,PLWRTPL00027,incomplete_past_return_window;incomplete_past_volume;too_many_zero_close_returns
2019-08-16,PLVSTLA00011,incomplete_past_return_window;incomplete_past_volume
2019-08-16,PLORBIS00014,incomplete_past_return_window;incomplete_past_volume;too_many_zero_close_returns
2019-08-16,PLGETBK00012,incomplete_past_return_window;incomplete_past_volume;too_many_zero_close_returns
2019-08-16,PLGSPR000014,incomplete_past_return_window;incomplete_past_volume;too_many_zero_close_returns
2019-09-13,ES0105375002,incomplete_past_return_window;incomplete_past_volume
2019-09-13,PLINTCS00010,too_many_zero_close_returns
2019-09-13,PLLCCRP00017,incomplete_past_return_window;incomplete_past_volume
2019-09-13,PLWRTPL00027,too_many_zero_close_returns
2019-09-13,PLVSTLA00011,incomplete_past_return_window;incomplete_past_volume
2019-09-13,PLORBIS00014,incomplete_past_return_window;incomplete_past_volume;too_many_zero_close_returns
2019-09-13,PLGETBK00012,incomplete_past_return_window;incomplete_past_volume;too_many_zero_close_returns
2019-09-13,PLGSPR000014,incomplete_past_return_window;incomplete_past_volume
2019-10-11,ES0105375002,incomplete_past_return_window;incomplete_past_volume
2019-10-11,PLINTCS00010,too_many_zero_close_returns
2019-10-11,PLBGZ0000010,incomplete_past_return_window;incomplete_past_volume;too_many_zero_close_returns
2019-10-11,PLWRTPL00027,too_many_zero_close_returns
2019-10-11,PLLCCRP00017,incomplete_past_return_window;incomplete_past_volume
2019-10-11,PLVSTLA00011,incomplete_past_return_window;incomplete_past_volume
2019-10-11,PLORBIS00014,incomplete_past_return_window;incomplete_past_volume;too_many_zero_close_returns
2019-10-11,PLSTLPD00017,too_many_zero_close_returns
2019-10-11,PLGETBK00012,incomplete_past_return_window;incomplete_past_volume
2019-10-11,PLGSPR000014,incomplete_past_return_window;incomplete_past_volume
2019-11-12,PLINTCS00010,too_many_zero_close_returns
2019-11-12,PLBGZ0000010,incomplete_past_return_window;incomplete_past_volume;too_many_zero_close_returns
2019-11-12,PLWRTPL00027,too_many_zero_close_returns
2019-11-12,PLLCCRP00017,incomplete_past_return_window;incomplete_past_volume
2019-11-12,PLVSTLA00011,incomplete_past_return_window;incomplete_past_volume
2019-11-12,PLORBIS00014,incomplete_past_return_window;incomplete_past_volume;too_many_zero_close_returns
2019-11-12,PLSTLPD00017,too_many_zero_close_returns
2019-11-12,PLGETBK00012,incomplete_past_return_window;incomplete_past_volume
2019-11-12,PLGSPR000014,incomplete_past_return_window;incomplete_past_volume
2019-12-10,PLINTCS00010,too_many_zero_close_returns
2019-12-10,PLBGZ0000010,incomplete_past_return_window;incomplete_past_volume;too_many_zero_close_returns
2019-12-10,PLWRTPL00027,too_many_zero_close_returns
2019-12-10,PLLCCRP00017,incomplete_past_return_window;incomplete_past_volume
2019-12-10,PLVSTLA00011,incomplete_past_return_window;incomplete_past_volume
2019-12-10,PLORBIS00014,incomplete_past_return_window;incomplete_past_volume;too_many_zero_close_returns
2019-12-10,PLSTLPD00017,too_many_zero_close_returns
2019-12-10,PLGETBK00012,incomplete_past_return_window;incomplete_past_volume
2019-12-10,PLGSPR000014,incomplete_past_return_window;incomplete_past_volume
2020-01-15,PLINTCS00010,too_many_zero_close_returns
2020-01-15,PLWRTPL00027,too_many_zero_close_returns
2020-01-15,PLLCCRP00017,incomplete_past_return_window;incomplete_past_volume
2020-01-15,PLBGZ0000010,incomplete_past_return_window;incomplete_past_volume;too_many_zero_close_returns
2020-01-15,PLORBIS00014,incomplete_past_return_window;incomplete_past_volume;too_many_zero_close_returns
2020-01-15,PLVSTLA00011,incomplete_past_return_window;incomplete_past_volume
2020-01-15,PLGSPR000014,incomplete_past_return_window;incomplete_past_volume
2020-02-12,PLINTCS00010,too_many_zero_close_returns
2020-02-12,PLLCCRP00017,incomplete_past_return_window;incomplete_past_volume
2020-02-12,PLBGZ0000010,incomplete_past_return_window;incomplete_past_volume;too_many_zero_close_returns
2020-02-12,PLORBIS00014,incomplete_past_return_window;incomplete_past_volume;too_many_zero_close_returns
2020-02-12,PLVSTLA00011,incomplete_past_return_window;incomplete_past_volume
2020-03-11,PLINTCS00010,too_many_zero_close_returns
2020-03-11,PLLCCRP00017,incomplete_past_return_window;incomplete_past_volume
2020-03-11,PLBGZ0000010,incomplete_past_return_window;too_many_zero_close_returns
2020-03-11,PLORBIS00014,incomplete_past_return_window;incomplete_past_volume;too_many_zero_close_returns
2020-03-11,PLVSTLA00011,incomplete_past_return_window;incomplete_past_volume
2020-04-08,PLINTCS00010,too_many_zero_close_returns
2020-04-08,PLLCCRP00017,incomplete_past_return_window;incomplete_past_volume
2020-04-08,PLDMDVL00012,too_many_zero_close_returns
2020-04-08,PLORBIS00014,incomplete_past_return_window;incomplete_past_volume;too_many_zero_close_returns
2020-04-08,PLVSTLA00011,incomplete_past_return_window;incomplete_past_volume
2020-05-11,PLLCCRP00017,incomplete_past_return_window;incomplete_past_volume
2020-05-11,PLDMDVL00012,too_many_zero_close_returns
2020-05-11,PLORBIS00014,incomplete_past_return_window;incomplete_past_volume;too_many_zero_close_returns
2020-05-11,PLVSTLA00011,incomplete_past_return_window;incomplete_past_volume
2020-06-08,PLLCCRP00017,incomplete_past_return_window;incomplete_past_volume
2020-06-08,PLORBIS00014,incomplete_past_return_window;incomplete_past_volume;too_many_zero_close_returns
2020-06-08,PLVSTLA00011,incomplete_past_return_window;incomplete_past_volume
2020-07-07,PLASSEE00014,too_many_zero_close_returns
2020-07-07,PLLCCRP00017,incomplete_past_return_window;incomplete_past_volume
2020-07-07,PLVSTLA00011,incomplete_past_return_window;incomplete_past_volume
2020-07-07,PLBMDLB00018,incomplete_past_return_window;incomplete_past_volume;too_many_zero_close_returns
2020-08-04,PLASSEE00014,too_many_zero_close_returns
2020-08-04,PLLCCRP00017,incomplete_past_return_window;incomplete_past_volume
2020-08-04,PLBMDLB00018,incomplete_past_return_window;incomplete_past_volume
2020-09-01,PLLCCRP00017,incomplete_past_return_window;incomplete_past_volume
2020-09-01,PLBMDLB00018,incomplete_past_return_window;incomplete_past_volume
2020-09-29,PLBMDLB00018,incomplete_past_return_window;incomplete_past_volume
2020-09-29,PLXTRDM00011,incomplete_past_return_window;incomplete_past_volume
2020-10-27,PLBMDLB00018,incomplete_past_return_window;incomplete_past_volume
2020-11-25,PLBMDLB00018,incomplete_past_return_window;incomplete_past_volume
2020-12-23,LU2237380790,incomplete_past_return_window;incomplete_past_volume
2021-01-27,LU2237380790,incomplete_past_return_window;incomplete_past_volume
2021-02-24,LU2237380790,incomplete_past_return_window;incomplete_past_volume
2021-03-24,LU2237380790,incomplete_past_return_window;incomplete_past_volume
2021-04-23,LU2237380790,incomplete_past_return_window;incomplete_past_volume
2021-05-24,LU2237380790,incomplete_past_return_window;incomplete_past_volume
2021-06-22,LU2237380790,incomplete_past_return_window;incomplete_past_volume
2021-07-20,LU2237380790,incomplete_past_return_window;incomplete_past_volume
2021-08-17,LU2237380790,incomplete_past_return_window;incomplete_past_volume
2021-09-14,LU2237380790,incomplete_past_return_window;incomplete_past_volume
2021-10-12,LU2237380790,incomplete_past_return_window
2021-10-12,US44853H1086,incomplete_past_return_window;incomplete_past_volume
2021-11-10,US44853H1086,incomplete_past_return_window;incomplete_past_volume
2021-12-09,US44853H1086,incomplete_past_return_window;incomplete_past_volume
2022-01-11,NL0015000AU7,incomplete_past_return_window;incomplete_past_volume
2022-01-11,US44853H1086,incomplete_past_return_window;incomplete_past_volume
2022-02-08,NL0015000AU7,incomplete_past_return_window;incomplete_past_volume
2022-02-08,US44853H1086,incomplete_past_return_window;incomplete_past_volume
2022-03-08,NL0015000AU7,incomplete_past_return_window;incomplete_past_volume
2022-03-08,US44853H1086,incomplete_past_return_window;incomplete_past_volume
2022-04-05,NL0015000AU7,incomplete_past_return_window;incomplete_past_volume
2022-04-05,US44853H1086,incomplete_past_return_window;incomplete_past_volume
2022-05-06,NL0015000AU7,incomplete_past_return_window;incomplete_past_volume
2022-05-06,US44853H1086,incomplete_past_return_window;incomplete_past_volume
2022-06-03,US44853H1086,incomplete_past_return_window;incomplete_past_volume
2022-07-04,PLGRPRC00015,incomplete_past_return_window;incomplete_past_volume
2022-07-04,US44853H1086,incomplete_past_return_window;incomplete_past_volume
2022-08-01,PLLOTOS00025,incomplete_past_return_window;incomplete_past_volume
2022-08-01,PLGRPRC00015,incomplete_past_return_window;incomplete_past_volume
2022-08-01,US44853H1086,incomplete_past_return_window;incomplete_past_volume
2022-08-30,PLLOTOS00025,incomplete_past_return_window;incomplete_past_volume
2022-08-30,PLGRPRC00015,incomplete_past_return_window;incomplete_past_volume
2022-08-30,US44853H1086,incomplete_past_return_window;incomplete_past_volume
2022-09-27,US44853H1086,incomplete_past_return_window;incomplete_past_volume
2022-09-27,PLGRPRC00015,incomplete_past_return_window;incomplete_past_volume
2022-09-27,PLSTSHL00012,incomplete_past_return_window;incomplete_past_volume
2022-10-25,US44853H1086,incomplete_past_return_window;incomplete_past_volume
2022-10-25,PLGRPRC00015,incomplete_past_return_window;incomplete_past_volume
2022-10-25,PLSTSHL00012,incomplete_past_return_window;incomplete_past_volume
2022-11-24,PLPGNIG00014,incomplete_past_return_window;incomplete_past_volume
2022-11-24,US44853H1086,incomplete_past_return_window;incomplete_past_volume
2022-11-24,PLGRPRC00015,incomplete_past_return_window;incomplete_past_volume
2022-11-24,PLSTSHL00012,incomplete_past_return_window;incomplete_past_volume
2022-12-22,US44853H1086,incomplete_past_return_window;incomplete_past_volume
2023-01-23,US44853H1086,incomplete_past_return_window;incomplete_past_volume
2023-02-20,US44853H1086,incomplete_past_return_window;incomplete_past_volume
2023-03-20,PLBGZ0000010,too_many_zero_close_returns
2023-04-19,PLFAMUR00012,incomplete_past_return_window;incomplete_past_volume
2023-04-19,PLBGZ0000010,too_many_zero_close_returns
2023-05-19,PLFAMUR00012,incomplete_past_return_window;incomplete_past_volume
2023-05-19,PLBGZ0000010,too_many_zero_close_returns
2023-06-19,PLBGZ0000010,too_many_zero_close_returns
2023-06-19,PLFAMUR00012,incomplete_past_return_window;incomplete_past_volume
2023-07-17,PLBGZ0000010,too_many_zero_close_returns
2023-07-17,PLFAMUR00012,incomplete_past_return_window;incomplete_past_volume
2023-08-14,PLBGZ0000010,too_many_zero_close_returns
2023-08-14,PLFAMUR00012,incomplete_past_return_window;incomplete_past_volume
2023-09-12,PLBGZ0000010,too_many_zero_close_returns
2023-09-12,PLFAMUR00012,incomplete_past_return_window;incomplete_past_volume
2023-10-10,PLFAMUR00012,incomplete_past_return_window;incomplete_past_volume
2023-11-08,PLFAMUR00012,incomplete_past_return_window;incomplete_past_volume
2023-11-08,PLTIM0000016,too_many_zero_close_returns
2023-11-08,PLCIECH00018,incomplete_past_return_window;incomplete_past_volume
2023-12-06,PLFAMUR00012,incomplete_past_return_window;incomplete_past_volume
2023-12-06,PLTIM0000016,too_many_zero_close_returns
2023-12-06,PLCIECH00018,incomplete_past_return_window;incomplete_past_volume
2024-01-08,PLFAMUR00012,incomplete_past_return_window;incomplete_past_volume
2024-01-08,PLTIM0000016,too_many_zero_close_returns
2024-02-05,PLFAMUR00012,incomplete_past_return_window;incomplete_past_volume
2024-02-05,PLTIM0000016,too_many_zero_close_returns
2024-03-04,PLFAMUR00012,incomplete_past_return_window;incomplete_past_volume
2024-03-04,PLTIM0000016,incomplete_past_return_window;incomplete_past_volume;too_many_zero_close_returns
2024-04-03,PLFAMUR00012,incomplete_past_return_window;incomplete_past_volume
2024-12-19,PLCOMAR00012,incomplete_past_return_window;incomplete_past_volume
2025-01-24,LU2910446546,incomplete_past_return_window;incomplete_past_volume
2025-02-21,LU2910446546,incomplete_past_return_window;incomplete_past_volume
2025-03-21,LU2910446546,incomplete_past_return_window;incomplete_past_volume
2025-04-22,LU2910446546,incomplete_past_return_window;incomplete_past_volume
2025-05-21,LU2910446546,incomplete_past_return_window;incomplete_past_volume
2025-06-18,LU2910446546,incomplete_past_return_window;incomplete_past_volume
2025-07-17,LU2910446546,incomplete_past_return_window;incomplete_past_volume
2025-08-14,LU2910446546,incomplete_past_return_window;incomplete_past_volume
