origin_date,label_end_date,snapshot_revision_date,n_assets,future_y,current_y20,current_y252,mean_correlation,pc1_share,market_vol20,market_vol252,zero_volume_share,ewma_y,degree_raw,reliability_raw,discount_raw,max_selection_raw,stable_count_raw,degree_demeaned,reliability_demeaned,discount_demeaned,max_selection_demeaned,stable_count_demeaned,degree_factor_residual,reliability_factor_residual,discount_factor_residual,max_selection_factor_residual,stable_count_factor_residual
2007-03-19,2007-04-18,2007-03-16,46,0.11690639551292979,0.2760528984544671,0.18557366595273628,0.18883568028248807,0.22991774722864147,0.016419092018870207,0.013512810174545246,0.0,0.23543905503150467,0.28888888888888886,0.23357670995671004,0.055312178932178824,0.8641214285714288,1,0.2222222222222222,0.15470374304707643,0.06751847917514578,0.5617601176601178,0,0.23333333333333334,0.14853726464893138,0.08479606868440195,0.392192973692974,0
2007-04-18,2007-05-18,2007-03-16,46,0.2099463812021979,0.11493084300495203,0.19041544794417112,0.19254762596892294,0.23020096138316196,0.009569762202655527,0.013607502337059454,0.0,0.14804009540424812,0.2777777777777778,0.23711892897226228,0.04065884880551551,0.8557007936507938,1,0.2222222222222222,0.15181607922941265,0.07040614299280956,0.49409229104229113,0,0.23333333333333334,0.1488708019141353,0.08446253141919804,0.444144166944167,0
2007-05-18,2007-06-18,2007-03-16,48,0.20082850125540083,0.20748477687267544,0.2014486603335312,0.20276953719179142,0.2375389208898905,0.01037582517295578,0.013271741960361206,0.0,0.19022642869708414,0.2872340425531915,0.22997589313759534,0.05725814941559618,0.7465276556776559,0,0.20212765957446807,0.143738486749657,0.05838917282481107,0.3998832167832168,0,0.22340425531914893,0.159352399757453,0.06405185556169593,0.6748789294039296,0
2007-06-18,2007-07-16,2007-06-15,49,0.14288887380418427,0.20436059228842055,0.16643986946230002,0.16556149092980024,0.20123939630590634,0.010683768613835758,0.012046565774117843,0.0,0.19457135866676212,0.25,0.1857992978086728,0.0642007021913272,0.8295984126984128,1,0.19791666666666666,0.14007887592731347,0.05783779073935319,0.48348699078699103,0,0.21875,0.14421606212074964,0.07453393787925036,0.4270208402708403,0
2007-07-16,2007-08-13,2007-06-15,49,0.3125464239728134,0.14288887380418427,0.16750894112195772,0.1644816926221652,0.19656088562747553,0.009282672522735028,0.011428929827016997,0.0,0.1784534542041321,0.25,0.19282289498695748,0.05717710501304252,0.8373603396603397,1,0.17708333333333334,0.13827641490453996,0.038806918428793385,0.5971607947607948,0,0.21875,0.142946329220548,0.07580367077945199,0.41146124986125,0
2007-08-13,2007-09-11,2007-06-15,49,0.4669266522732709,0.3125464239728134,0.18135918341770435,0.17706321129722669,0.2062325259598557,0.014673095057117537,0.011492467214358221,0.0,0.32111295011743485,0.25,0.19434612303206053,0.05565387696793947,0.859710461760462,1,0.17708333333333334,0.14239241314241316,0.03469092019092018,0.575256327006327,0,0.21875,0.14719050068599707,0.07155949931400293,0.47552289932289954,0
2007-09-11,2007-10-09,2007-06-15,49,0.2618598220410791,0.4669266522732709,0.21926239361604138,0.21435067936163352,0.24351088818780145,0.021696414592702898,0.012511116602698609,0.0,0.39549226965013806,0.28125,0.20663416930291925,0.07461583069708075,0.660666738816739,0,0.20833333333333334,0.1479846893268769,0.06034864400645645,0.48520447885447926,0,0.23958333333333334,0.15093935005966264,0.0886439832736707,0.4438124542124544,0
2007-10-09,2007-11-07,2007-09-21,46,0.29675121984073627,0.272002538646315,0.2539082124670995,0.2396481040355276,0.2656304865161279,0.011431319955863214,0.012707352695592046,0.0,0.32797485098766116,0.3,0.22911079550079544,0.07088920449920455,0.696856105006105,0,0.2222222222222222,0.15126187374354047,0.07096034847868174,0.40299177489177507,0,0.26666666666666666,0.18715459916626584,0.07951206750040082,0.7497687701187703,0
2007-11-07,2007-12-05,2007-09-21,48,0.2719545274871555,0.2765375924577371,0.261539680003375,0.24679855697323075,0.2728354335783143,0.011299619049459763,0.012840150797856033,0.0,0.30330064252988614,0.32978723404255317,0.2708387330754352,0.058948500967117956,0.7981000721500722,0,0.22340425531914893,0.1675473034058141,0.05585695191333481,0.4928767121767122,0,0.24468085106382978,0.16908102264166103,0.07559982842216875,0.7352863858363863,0
2007-12-05,2008-01-09,2007-09-21,52,0.31087661778252745,0.290573316592619,0.2553363717243717,0.2433549845639969,0.2745096902980058,0.015358183497907862,0.013227130819886785,0.0,0.25051595774214197,0.3333333333333333,0.26425449577655463,0.06907883755677868,0.817802014652015,1,0.23529411764705882,0.1770762257894611,0.05821789185759771,0.4649672827172829,0,0.2549019607843137,0.18832571268600684,0.06657624809830687,0.8476744422244424,1
2008-01-09,2008-02-06,2007-12-21,52,0.5307983821539707,0.31607372392755534,0.26471545987403877,0.25099033788329456,0.28099102121847086,0.011819433539198242,0.013359143894883135,0.0,0.2916989417549976,0.3235294117647059,0.24546954842543078,0.07805986333927512,0.7761452380952384,0,0.23529411764705885,0.17085694131576487,0.06443717633129398,0.6245025363525364,0,0.24509803921568626,0.17426912123823898,0.07082891797744728,0.7562491230991234,0
2008-02-06,2008-03-05,2007-12-21,52,0.31251856164104824,0.5307983821539707,0.2973866242742289,0.28462472969555047,0.31524243140741104,0.02513128503515831,0.01467373247655724,0.0,0.4604604754050784,0.35294117647058826,0.27282199241390426,0.080119184056684,0.8072065379065382,1,0.24509803921568626,0.1713444218091278,0.07375361740655847,0.596904542679543,0,0.23529411764705882,0.1782270183520184,0.05706709929504042,0.6565339271839276,0
2008-03-05,2008-04-04,2007-12-21,53,,0.3042927590000534,0.29275494795324686,0.2808693918539857,0.3104962156948277,0.013627451437579548,0.014525673271502865,0.0,0.35291905965840015,0.33653846153846156,0.26543983543166233,0.07109862610679923,0.8110857142857146,1,0.25,0.16752981927260777,0.08247018072739223,0.6700322760572761,0,0.2403846153846154,0.1711263116282913,0.06925830375632408,0.6416027965498555,0
2008-04-04,2008-05-06,2008-03-20,49,,0.2915307220198628,0.2969739575901488,0.2863725285751408,0.31511330686996836,0.016062028086096455,0.01474073638190201,0.0,0.29229172792071995,0.3645833333333333,0.30282970322501573,0.06175363010831758,0.9262139194139194,2,0.16666666666666666,0.13299248107216863,0.03367418559449803,0.43180197302697326,0,0.24999999999999997,0.18348827746327745,0.06651172253672252,0.6879951381951382,0
2008-05-06,2008-06-04,2008-03-20,46,0.14679553635593046,0.23790640235296784,0.30436574722329474,0.2931965986829407,0.32223814272311857,0.011624372035091325,0.014864409496733857,0.0,0.2569911644700539,0.3333333333333333,0.25575582892416227,0.07757750440917105,0.8020293650793653,1,0.16666666666666666,0.14447969382469386,0.022186972841972796,0.41534792984792984,0,0.24444444444444444,0.17482330804997476,0.06962113639446968,0.7193449661449663,0
2008-06-04,2008-07-02,2008-03-20,46,0.18161128456433825,0.14679553635593046,0.30323671006937797,0.2918941519964747,0.3216499446413919,0.00834109492565156,0.014709316042444173,0.0,0.17108559264946974,0.3333333333333333,0.270995467372134,0.062337865961199335,0.8893952380952381,1,0.2222222222222222,0.14812917798251135,0.07409304423971086,0.49908460428460444,0,0.26666666666666666,0.19437124246124246,0.0722954242054242,0.7037244699744698,0
2008-07-02,2008-07-30,2008-06-20,48,,0.17952409862388277,0.29835735300887095,0.28724527931469174,0.31819429764665863,0.010747087572935009,0.014709865966852127,0.0,0.16343534662413206,0.3191489361702128,0.24942608915906792,0.06972284701114487,0.762038888888889,0,0.18085106382978725,0.1419800979753108,0.03887096585447644,0.4538927988677991,0,0.20212765957446807,0.1595302000009447,0.04259745957352337,0.663632611832612,0
2008-07-30,2008-08-28,2008-06-20,48,,0.3430195580150919,0.309400472084455,0.2981421051818166,0.32842217612840696,0.016578918158025986,0.015168631648380945,0.0,0.3183300792112582,0.35106382978723405,0.2727811759162823,0.07828265387095173,0.80747673992674,1,0.2127659574468085,0.15714081834241414,0.05562513910439437,0.6193879592629595,0,0.2127659574468085,0.15790243420881725,0.05486352323799126,0.6450278998779001,0
2008-08-28,2008-09-25,2008-06-20,48,0.441753374547424,0.2086031280650535,0.27830419732295697,0.26573000390582674,0.2981230674948105,0.010785810450017953,0.014120453137312413,0.0,0.25613287750368086,0.2765957446808511,0.22026344677780849,0.05633229790304259,0.7509190476190475,0,0.2234042553191489,0.1578451871119425,0.06555906820720639,0.6250896936396939,0,0.22340425531914893,0.16809522513538477,0.05530903018376415,0.8191968781218781,1
2008-09-25,2008-10-23,2008-09-19,46,0.5640419694908524,0.4590779423419719,0.2872029531866621,0.27950397629095863,0.3126184828035761,0.020888032560897277,0.01473012657213183,0.0,0.41764288316138726,0.32222222222222224,0.23958378306878308,0.08263843915343916,0.7865611111111114,0,0.2111111111111111,0.1714696132879467,0.03964149782316442,0.6353218725718729,0,0.24444444444444444,0.1868038846338847,0.05764055981055974,0.8179415584415586,1
2008-10-23,2008-11-21,2008-09-19,47,0.46293517462833944,0.5666967510189155,0.3477523707352938,0.3433573146519426,0.3728881774626431,0.03220183338693303,0.01752952841883852,0.0014353259034110097,0.5638653033158371,0.30434782608695654,0.24498433402346445,0.05936349206349209,0.8283214285714288,1,0.22826086956521738,0.17644503057329147,0.051815838991925905,0.6099855588855592,0,0.21739130434782614,0.16049531108987633,0.056895993257949806,0.7775281385281386,0
2008-11-21,2008-12-19,2008-09-19,46,0.4115458500177787,0.46393310440008556,0.36499306388352515,0.35636627346811306,0.38646359755078896,0.03040475603989073,0.01912548960890978,0.0,0.48439698150665417,0.34444444444444444,0.2739171869488536,0.07052725749559086,0.8581023809523809,1,0.25555555555555554,0.1724397634464302,0.08311579210912534,0.5106512321012323,0,0.2222222222222222,0.15414991341991346,0.06807230880230875,0.5544239760239759,0
2008-12-19,2009-01-23,2008-09-19,45,0.36400191846838975,0.4178895219256889,0.3883561865483495,0.37410532912505035,0.39916362734307737,0.02253944895832735,0.019791727461274746,0.0,0.4303697461321859,0.3522727272727273,0.2948665854978355,0.057406141774891783,0.8951452380952382,1,0.25,0.19026656752338578,0.05973343247661422,0.7417291597291601,0,0.20454545454545456,0.15222432788171425,0.05232112666374031,0.5184135642135644,0
2009-01-23,2009-02-20,2008-12-19,46,,0.3428150605952194,0.37507636897200364,0.3549294720961077,0.3822679511077163,0.017662077186583424,0.01958909154355456,0.0,0.34949724523262454,0.28888888888888886,0.24446967372134043,0.04441921516754843,0.7720571428571433,0,0.24444444444444444,0.18848689970523308,0.05595754473921136,0.7435013708513711,0,0.2111111111111111,0.15102423120089792,0.06008687991021319,0.5224548451548454,0
2009-02-20,2009-03-20,2008-12-19,45,,0.4275687110147071,0.37402925530894965,0.35172694004657856,0.3799098129273341,0.026131703940044,0.020124301461327123,0.0,0.408038787727702,0.36363636363636365,0.30109694264069264,0.062539420995671,0.8533142857142861,1,0.25,0.18902720089254188,0.06097279910745812,0.679154673104673,0,0.25,0.1665658752232616,0.0834341247767384,0.5710773559773562,0
2009-03-20,2009-04-21,2008-12-19,44,0.38334285495795345,0.17716255650095458,0.3674521174349417,0.3463492054660775,0.3764817483410685,0.013376807485635677,0.020191585247939646,0.0,0.2773837347447637,0.37209302325581395,0.30276102805463273,0.06933199520118122,0.8535499999999998,1,0.2558139534883721,0.19647074592074598,0.05934320756762612,0.6505014596514602,0,0.2441860465116279,0.1732982756261826,0.07088777088544529,0.5035358974358974,0
2009-04-21,2009-05-20,2009-03-20,45,0.34656982023105826,0.3879348203886546,0.372756465415822,0.3452289693278518,0.3764020944142182,0.02476078402882806,0.021087565410449767,0.0,0.34802131058932856,0.36363636363636365,0.30626960678210685,0.057366756854256795,0.9092619047619049,2,0.20454545454545459,0.17328005145107422,0.03126540309438036,0.7581455377955381,0,0.25,0.16640716694921245,0.08359283305078755,0.43304795204795204,0
2009-05-20,2009-06-18,2009-03-20,46,0.3179982637782087,0.34737890146256756,0.3730984393948318,0.3441132804027624,0.37538292742565327,0.017437860874607237,0.021525010888724497,0.0,0.32688591450209226,0.4,0.3367523721340388,0.06324762786596122,0.8537015873015872,2,0.2222222222222222,0.17313848632848636,0.04908373589373585,0.7047544677544679,0,0.23333333333333334,0.16106826457493126,0.07226506875840208,0.4737654789654791,0
2009-06-18,2009-07-16,2009-03-20,47,,0.3162802688232985,0.3721539676419873,0.34404914978864937,0.3749921377052672,0.01753941936408184,0.02187543633536017,0.0,0.30280638673742877,0.3804347826086957,0.31767275707384407,0.0627620255348516,0.8876055555555556,1,0.22826086956521738,0.17064966259585831,0.05761120696935906,0.7829681984681987,0,0.22826086956521735,0.15372854434213132,0.07453232522308603,0.4967913419913422,0
2009-07-16,2009-08-13,2009-06-19,48,0.20020083802756775,0.37808872805164484,0.3724875835080805,0.3434351869896998,0.37609141386634376,0.017642414472626086,0.02223937904117687,0.0,0.3314474974050424,0.39361702127659576,0.3295481003039514,0.06406892097264438,0.8318547619047619,1,0.23404255319148937,0.17347607758671593,0.060566475604773434,0.7609102397602401,0,0.2553191489361702,0.17285823349227605,0.08246091544389414,0.4585997113997115,0
2009-08-13,2009-09-10,2009-06-19,49,0.43954734835335574,0.19678235403490116,0.3657820185819628,0.3356033209719978,0.3685670040834722,0.0165288621585043,0.022309873188655596,0.0,0.22592072155605253,0.3958333333333333,0.3174272817460318,0.07840605158730152,0.7856023809523811,0,0.23958333333333334,0.19287341605154107,0.046709917281792274,0.9573014430014433,1,0.25,0.15149452497733748,0.09850547502266252,0.481962925962926,0
2009-09-10,2009-10-08,2009-06-19,49,0.31341537551752974,0.43954734835335574,0.37158254825139786,0.3418485048129798,0.3740742529218846,0.020061909948519033,0.022664046796690845,0.0,0.38300152189197173,0.375,0.3121103505291005,0.06288964947089948,0.8515833333333332,1,0.22916666666666666,0.18992098410848415,0.039245682558182504,0.8841803751803755,1,0.25,0.15726906398000154,0.09273093601999846,0.5147150460650463,0
2009-10-08,2009-11-05,2009-09-18,46,0.2501753142407753,0.3261446415760656,0.35654201331863483,0.32994335410622566,0.36503441241935464,0.016220613988277267,0.022026737656722077,0.0,0.33886079744480047,0.37777777777777777,0.3083751763668431,0.06940260141093468,0.7883850649350651,0,0.2222222222222222,0.17341113294113297,0.04881108928108924,0.7090568487068488,0,0.25555555555555554,0.17877104105770777,0.07678451449784776,0.63628445998446,0
2009-11-05,2009-12-04,2009-09-18,46,0.2540159468214892,0.2501753142407753,0.3171592297411824,0.28640213668323794,0.3284134072805644,0.013940760379960308,0.019608485109072187,0.0,0.2820919904561452,0.35555555555555557,0.3064359700176367,0.04911958553791884,0.9886904761904762,1,0.23333333333333336,0.1810772071755405,0.052256126157792876,0.698790076590077,0,0.25555555555555554,0.16389667906167915,0.09165887649387638,0.6477652125652127,0
2009-12-04,2010-01-06,2009-09-18,46,0.13438866715090006,0.26104633287117907,0.2990794636603214,0.27041685505037494,0.314528918545304,0.01382762823706322,0.018418021402934637,0.0,0.2514020124534191,0.32222222222222224,0.28854626984126985,0.03367595238095239,0.9505460317460319,1,0.2444444444444444,0.19056533485033486,0.05387910959410955,0.5376293539793541,0,0.2222222222222222,0.16350405896572567,0.058718163256496536,0.5214719114219115,0
2010-01-06,2010-02-03,2009-12-18,46,,0.15527114568489966,0.29317017800858314,0.2619718165065162,0.30847723543936995,0.00891400080660351,0.01774953284305738,0.0,0.18671432304781943,0.35555555555555557,0.3122112698412698,0.04334428571428578,0.914502380952381,2,0.24444444444444444,0.19309327635327633,0.0513511680911681,0.7555212065712067,0,0.24444444444444444,0.1673420480753815,0.07710239636906294,0.5196691253191256,0
2010-02-03,2010-03-03,2009-12-18,45,0.40248084043709714,0.16344029127611193,0.29451350275791144,0.264966569587459,0.31103351790275896,0.007780696368944429,0.016944417038938366,0.0,0.17433614970527592,0.3522727272727273,0.2890012413091958,0.06327148596353149,0.8785722222222219,1,0.23863636363636365,0.16761863326067877,0.07101773037568487,0.478886940836941,0,0.22727272727272727,0.17128025289104837,0.0559924743816789,0.47730182040182034,0
2010-03-03,2010-03-31,2009-12-18,46,0.15900132603487346,0.39992290155167654,0.29312524043018634,0.26582880285053906,0.3104094448308784,0.015068597116985065,0.016033522239921792,0.0,0.31890836658553867,0.32222222222222224,0.2579733333333333,0.06424888888888897,0.801692857142857,1,0.24444444444444444,0.18900929212762546,0.055435152316818975,0.6360008769008771,0,0.26666666666666666,0.18672547717714388,0.07994118948952278,0.4796474747474747,0
2010-03-31,2010-04-30,2010-03-19,47,0.4029753588614942,0.1562840040299653,0.28209034095549257,0.2653347228810661,0.3095292239072942,0.006717553892558387,0.015380576060895162,0.0,0.19285874701861083,0.2717391304347826,0.2246492596775205,0.04708987075726209,0.8105690476190474,1,0.25,0.18664501693958216,0.06335498306041784,0.7023473526473529,0,0.2608695652173913,0.17849342625973066,0.08237613895766063,0.49888452658452653,0
2010-04-30,2010-05-31,2010-03-19,47,0.555716052625597,0.4029753588614942,0.2659151308534517,0.2530327369518523,0.29752709062265026,0.013046772551099806,0.01418781200005089,0.0,0.33583487310231036,0.2826086956521739,0.22098830052797447,0.06162039512419942,0.7471771284271288,0,0.20652173913043476,0.15710198454926713,0.049419754581167624,0.5998923631923634,0,0.21739130434782608,0.15067408105179847,0.06671722329602761,0.5284701631701634,0
2010-05-31,2010-06-29,2010-03-19,47,0.23369356784100676,0.555716052625597,0.2847219591491154,0.27226329769398727,0.31478296860585553,0.020835508408427267,0.014652050812231206,0.0,0.483845754287907,0.2717391304347826,0.21574057657318538,0.05599855386159722,0.7739531746031748,0,0.2065217391304348,0.1441163748690923,0.06240536426134252,0.42904670329670336,0,0.25,0.1677830867803694,0.0822169132196306,0.5957589410589411,0
2010-06-29,2010-07-27,2010-06-18,46,,0.2263624948647801,0.29360485637492034,0.2807044174979767,0.3188840372777612,0.00935909708488861,0.014129570398793057,0.0,0.3535280665958728,0.3,0.24296286195286187,0.057037138047138114,0.7724699855699856,0,0.2,0.14757056344889685,0.05242943655110316,0.519016605616606,0,0.2222222222222222,0.16164814907314912,0.06057407314907309,0.4820492285492286,0
2010-07-27,2010-08-24,2010-06-18,47,0.25642564469738527,0.18153671519415107,0.2884832706521865,0.2766766924424369,0.3154927154040575,0.0073370634020972075,0.013535756080466019,0.0,0.2658404807237604,0.31521739130434784,0.25422807814166504,0.0609893131626828,0.8931214285714286,1,0.22826086956521738,0.15918214695932092,0.06907872260589645,0.5747286047286049,0,0.1956521739130435,0.14300160618367144,0.052650567729372044,0.428479603729604,0
2010-08-24,2010-09-21,2010-06-18,47,0.09620001439011276,0.25642564469738527,0.29322004053497713,0.28328328829578997,0.3215827889498259,0.008679755977076247,0.012780125839664713,0.0,0.2713238807157647,0.29347826086956524,0.23492253199698857,0.05855572887257668,0.7767944444444442,0,0.20652173913043478,0.14949487831009572,0.05702686082033906,0.5241144411144413,0,0.21739130434782608,0.15619685031152428,0.061194454036301804,0.588659934509935,0
2010-09-21,2010-10-19,2010-09-17,46,0.12992942829776338,0.09925535804478147,0.27623165597979904,0.2605356998329591,0.3027479946109016,0.00580912591655012,0.011785215772958916,0.0,0.148135491909663,0.3333333333333333,0.2745413139329805,0.058792019400352835,0.8040920634920634,1,0.23333333333333334,0.16054570235320242,0.07278763098013091,0.5252313797313797,0,0.2222222222222222,0.1564173655356989,0.0658048566865233,0.44340525030525024,0
2010-10-19,2010-11-18,2010-09-17,46,0.11608362130615336,0.12992942829776338,0.2635575960957683,0.25332562211510046,0.29637588488463495,0.008065269062017705,0.011414061164995005,0.0,0.13669446144395608,0.35555555555555557,0.30101860670194003,0.05453694885361554,0.8342523809523807,1,0.2222222222222222,0.161811761016761,0.0604104612054612,0.5491674048174049,0,0.23333333333333328,0.15371556881390216,0.07961776451943112,0.5324397213897213,0
2010-11-18,2010-12-16,2010-09-17,47,0.12101615386818397,0.11554802191813757,0.24927920142362858,0.2397386966834438,0.2819669312846415,0.006879785149732598,0.010713512239156718,0.0,0.11852334546973917,0.358695652173913,0.28607342995169077,0.07262222222222225,0.778324603174603,0,0.22826086956521738,0.15812369460249903,0.07013717496271835,0.5556124819624819,0,0.2391304347826087,0.1529709533220403,0.0861594814605684,0.5133167471417472,0
2010-12-16,2011-01-17,2010-09-17,47,0.13390891750061631,0.12101615386818397,0.24278535765364642,0.23302492356600882,0.2751132023268651,0.00689486233027714,0.010434256558607346,0.0,0.11509602671545639,0.30434782608695654,0.2695658902691512,0.034781935817805365,0.8670023809523811,2,0.2391304347826087,0.162481012827752,0.07664942195485669,0.44521838716838724,0,0.1956521739130435,0.13799365169854302,0.05765852221450046,0.3904919524919524,0
2011-01-17,2011-02-14,2010-12-17,46,0.15973367621532136,0.14987374625558356,0.2556797456128338,0.2405610716763666,0.2807306452259982,0.00711958408632859,0.01041084468849299,0.0,0.1385892738380783,0.33333333333333337,0.274896278659612,0.058437054673721345,0.8166023809523809,1,0.25555555555555554,0.17958649461649473,0.0759690609390608,0.5249964035964039,0,0.2222222222222222,0.1520709807476474,0.0701512414745748,0.4444688533688536,0
2011-02-14,2011-03-14,2010-12-17,48,0.14818666328777463,0.16454184950890507,0.22075595063839473,0.2083714406454071,0.25134799658578094,0.007158997103442863,0.00982575952523364,0.0,0.1449924447613738,0.3191489361702127,0.26190820668693005,0.05724072948328268,0.7736793650793649,0,0.23404255319148937,0.16423939184338124,0.06980316134810813,0.5168396436896439,0,0.22340425531914893,0.14646362980990646,0.07694062550924247,0.4389335331335334,0
2011-03-14,2011-04-11,2010-12-17,48,0.1384972155178056,0.14392797717814632,0.2163816521089397,0.20544475524412523,0.24682784699328322,0.007129181748044585,0.009703579992592744,0.0,0.13082687078698402,0.32978723404255317,0.2635154454883178,0.06627178855423538,0.8098920634920636,1,0.2553191489361702,0.16761714461661278,0.08770200431955741,0.5083487234987237,0,0.22340425531914893,0.14808255795622818,0.07532169736292074,0.4836033161283161,0
2011-04-11,2011-05-12,2011-03-18,47,,0.14295916408346948,0.2105371772648617,0.20112096919670733,0.2445529799480117,0.006853145275989239,0.009591518726116782,0.0,0.13267525412215814,0.358695652173913,0.2976986111111112,0.06099704106280185,0.8042746031746033,1,0.25,0.16912273390860352,0.08087726609139648,0.5658305305805307,0,0.2065217391304348,0.14309466071368251,0.0634270784167523,0.4622981962481964,0
2011-05-12,2011-06-09,2011-03-18,47,0.1460955149919806,0.13726037999595397,0.1633473673385859,0.15494027132663712,0.20036782515096851,0.007217527507092861,0.008346979759005205,0.0,0.1417308711887882,0.31521739130434784,0.2629816401593576,0.05223575114499024,0.8240373015873017,1,0.25,0.17311417960059275,0.07688582039940725,0.6274344488844491,0,0.20652173913043478,0.1561294006114659,0.05039233851896888,0.5364719502719505,0
2011-06-09,2011-07-08,2011-03-18,46,,0.14509685437352857,0.14518205106489135,0.12759656374330933,0.1662370663405973,0.005768672313412867,0.0072484270036117845,0.0,0.13661792279593582,0.3333333333333333,0.27289519801186474,0.06043813532146858,0.8817523809523812,1,0.25555555555555554,0.18406978040478042,0.07148577515077512,0.6986487845487844,0,0.24444444444444444,0.17761937254103924,0.0668250719034052,0.6999741147741144,0
2011-07-08,2011-08-05,2011-06-17,49,,0.20047624057937335,0.12555167605755047,0.11574709324316412,0.15304167030503205,0.0070043203429947486,0.0071176358201562925,0.0,0.19010630633898412,0.31249999999999994,0.24733266293891296,0.06516733706108699,0.8886515873015873,1,0.2291666666666667,0.17696583931115184,0.05220082735551487,0.7322739149739154,0,0.22916666666666666,0.15579847762191515,0.07336818904475151,0.5330629370629372,0
2011-08-05,2011-09-05,2011-06-17,47,0.5055475151768797,0.4417655320920838,0.1693029011989367,0.16513686363627936,0.20021486749334746,0.013818743523750903,0.008012175103030447,0.0,0.445449560337715,0.34782608695652173,0.27946876293995865,0.06835732401656308,0.8212690476190478,1,0.22826086956521738,0.16606972803766287,0.062191141527554505,0.5464889332889337,0,0.22826086956521738,0.16730865776735346,0.06095221179786392,0.5772665889665892,0
2011-09-05,2011-10-03,2011-06-17,47,0.41028468612223595,0.5055475151768797,0.2535892043476538,0.25792985875179086,0.29195297557541094,0.028092369101564273,0.010967179744019855,0.0,0.48046485043975173,0.3695652173913043,0.31303131469979295,0.05653390269151137,0.9003269841269842,2,0.25,0.17137019176475707,0.07862980823524293,0.527801803751804,0,0.22826086956521738,0.17406889077106472,0.05419197879415266,0.5821760794760796,0
2011-10-03,2011-10-31,2011-09-16,45,0.4355448971694288,0.4383719217989515,0.30329876918968135,0.30596873964461957,0.3360439156154812,0.02350440764570495,0.012563455199909614,0.0,0.4281703099594969,0.375,0.30066301406926405,0.07433698593073595,0.9245523809523812,1,0.26136363636363635,0.17633348949030775,0.0850301468733286,0.47427220557220573,0,0.25,0.17103269470428567,0.07896730529571433,0.46018109668109664,0
2011-10-31,2011-11-30,2011-09-16,45,0.3005635567091709,0.4355448971694288,0.3214593535984566,0.32283073090510667,0.35153895702121635,0.01743404100986476,0.013365719817578881,0.0,0.43410356550968004,0.375,0.32261815476190475,0.05238184523809525,0.9255190476190475,2,0.23863636363636365,0.17202981456674643,0.06660654906961722,0.4820037407037411,0,0.23863636363636365,0.1748631045721955,0.06377325906416814,0.4955098790098791,0
2011-11-30,2011-12-30,2011-09-16,46,,0.30541872612126103,0.32794000776058463,0.3328149687663529,0.3614892012130196,0.016138031526804077,0.013947553770423778,0.0,0.35627270019789137,0.37777777777777777,0.30745717813051154,0.07032059964726622,0.9495047619047622,1,0.23333333333333334,0.1637117214267215,0.06962161190661184,0.5497452214452216,0,0.2222222222222222,0.16666576475993145,0.055556457462290765,0.48998722943722955,0
2011-12-30,2012-01-30,2011-12-16,47,,0.170818232523635,0.31420333767546077,0.3220797706908836,0.35025126478207314,0.010043688257295178,0.014091727706584022,0.0,0.2459551618471136,0.32608695652173914,0.2767058339607253,0.049381122561013846,0.9503,1,0.22826086956521738,0.16321727131564093,0.06504359824957645,0.7144881784881786,0,0.21739130434782608,0.15887290607942786,0.05851839826839822,0.3942942279942281,0
2012-01-30,2012-02-27,2011-12-16,46,0.15962868204695083,0.15803613332726857,0.306115762823334,0.3128191548259921,0.34260074325220774,0.008842233688439297,0.01416982436440094,0.0,0.17564280949690028,0.36666666666666664,0.2897594708994709,0.07690719576719574,0.9326666666666669,1,0.25555555555555554,0.17237770260603597,0.08317785294951957,0.5668794927294928,0,0.24444444444444444,0.15795365591198932,0.08649078853245512,0.4783995060495065,0
2012-02-27,2012-03-26,2011-12-16,46,0.2815886739848116,0.15962868204695083,0.31711555145405407,0.3187570322683781,0.3483754209278001,0.008000592274460887,0.01426022411043424,0.0,0.1606451671811991,0.3555555555555555,0.29479417989418,0.060761375661375516,0.9075523809523811,1,0.24444444444444444,0.16724053508220177,0.07720390936224267,0.5495913364413366,0,0.24444444444444444,0.17938351734685073,0.0650609270975937,0.507230414030414,0
2012-03-26,2012-04-25,2012-03-16,45,0.351798614912478,0.26494608713575374,0.320217651971014,0.31998854440227364,0.3488078655308107,0.00877885618826781,0.014309155378650984,0.0,0.2510229948219574,0.35227272727272724,0.2913782180571953,0.06089450921553191,0.8771857142857143,1,0.23863636363636365,0.16256836149961154,0.0760680021367521,0.5511566544566545,0,0.23863636363636365,0.16516080258125718,0.07347556105510647,0.47900314685314677,0
2012-04-25,2012-05-25,2012-03-16,45,0.2688581110398575,0.351798614912478,0.3228967497920553,0.3227817577168154,0.3510043630082151,0.010103435793255532,0.014418873702041873,0.0,0.32470252709988967,0.375,0.3150595262691853,0.05994047373081468,0.9252285714285714,1,0.23863636363636365,0.15689754569925024,0.0817388179371134,0.48282420357420386,0,0.22727272727272727,0.162451267860927,0.06482145941180026,0.44886946941946954,0
2012-05-25,2012-06-25,2012-03-16,45,,0.2688581110398575,0.3245175098412729,0.3246343726086897,0.35274321102353906,0.011207323352235678,0.01465850693566668,0.0,0.288526085298169,0.36363636363636365,0.31600445526695536,0.04763190836940828,0.9371333333333335,1,0.22727272727272727,0.16074547882672888,0.06652724844599839,0.48870439560439566,0,0.20454545454545456,0.15127849139496874,0.05326696315048582,0.4346096348096348,0
2012-06-25,2012-07-23,2012-06-15,46,0.2002914572828872,0.2272828297920615,0.3187050736337838,0.3200649025480816,0.34896114380804144,0.012708970914086995,0.015046809999412169,0.0,0.235308660661754,0.35555555555555557,0.305124126984127,0.05043142857142857,0.8972428571428571,2,0.24444444444444444,0.178506436896437,0.06593800754800744,0.7125896270396275,0,0.2111111111111111,0.15512943118609787,0.05598167992501324,0.576904023754024,0
2012-07-23,2012-08-21,2012-06-15,47,0.10711584294850085,0.1991105957573081,0.3096387595455805,0.31531830762704327,0.3450340301710844,0.011052726569938302,0.015151608738353728,0.0,0.2064948450037524,0.34782608695652173,0.29861575224292614,0.049210334713595594,0.9252952380952382,2,0.22826086956521738,0.1758440669234148,0.05241680264180257,0.81234388944389,1,0.21739130434782614,0.14461551111931548,0.07277579322851066,0.32169557664557663,0
2012-08-21,2012-09-18,2012-06-15,44,,0.1221629617235515,0.26665261244170596,0.2683182023286824,0.301435163669956,0.008357887913630298,0.013287936263247353,0.0,0.17506414693763092,0.37209302325581395,0.29987589516426727,0.07221712809154668,0.8551095238095239,2,0.2441860465116279,0.18801979344944464,0.05616625306218326,0.7817025252525254,0,0.22093023255813954,0.15557869120543544,0.0653515413527041,0.41756319791319796,0
2012-09-18,2012-10-16,2012-06-15,43,0.1451331216245198,0.14879857845630207,0.2503250623698869,0.2441017453158455,0.27711529197647405,0.007809445205220226,0.01209366097692648,0.0,0.16802969739211443,0.36904761904761907,0.30793689101903393,0.06111072802858514,0.8736531746031745,2,0.27380952380952384,0.20408748103748106,0.06972204277204277,0.829546536796537,1,0.23809523809523808,0.1741569584516013,0.06393827964363677,0.5093197358197357,0
2012-10-16,2012-11-14,2012-09-21,42,,0.1524301349932995,0.23993000953507854,0.22677065847948363,0.25829464116798495,0.006822991508027512,0.010781452847979243,0.0,0.1630274866366706,0.34146341463414637,0.2925736159504452,0.04888979868370119,0.8922769841269843,2,0.24390243902439024,0.18257089306357602,0.06133154596081422,0.7130715895215897,0,0.25609756097560976,0.1718173916869039,0.08428016928870585,0.532875407925408,0
2012-11-14,2012-12-12,2012-09-21,42,0.08998745029770225,0.10275336649058987,0.21885463322991017,0.20406997444204975,0.23733476736793277,0.006318210088844279,0.009993249481149137,0.0,0.11390271939493715,0.3170731707317073,0.25577453542392575,0.06129863530778157,0.8134785714285715,1,0.24390243902439024,0.165932598160647,0.07796984086374323,0.5024903318903323,0,0.21951219512195116,0.1629862400472157,0.05652595507473546,0.48362772782772806,0
2012-12-12,2013-01-16,2012-09-21,43,,0.08452316154815666,0.18636518376311645,0.17341452444617,0.20943889189744871,0.005708701971933783,0.009124801019198377,0.0,0.10773742886946637,0.3214285714285714,0.25837200491307644,0.06305656651549496,0.8064873015873019,1,0.2261904761904762,0.1642620887710174,0.0619283874194588,0.4688630591630592,0,0.2619047619047619,0.176855624137767,0.08504913776699491,0.5469022311022312,0
2013-01-16,2013-02-13,2012-12-21,43,0.09208932276876255,0.11776228896205182,0.18827250400759732,0.17730738429861528,0.21392635656424705,0.006187154349889736,0.00888556476132595,0.0,0.10934970700193748,0.3333333333333333,0.2634580636294922,0.06987526970384111,0.838152380952381,1,0.2261904761904762,0.16194825822325828,0.06424221796721791,0.542349006549007,0,0.25,0.16142555116840832,0.08857444883159168,0.40930028860028866,0
2013-02-13,2013-03-13,2012-12-21,44,0.08312728883083129,0.08522694417902327,0.17416636078437528,0.16747286808496373,0.20648254783085943,0.005441649999361804,0.008779798321120458,0.0,0.09065660468527238,0.313953488372093,0.2566740897345548,0.057279398637538226,0.910931746031746,1,0.19767441860465115,0.14414131585468795,0.0535331027499632,0.37541914196914206,0,0.23255813953488372,0.15017503375177793,0.08238310578310579,0.38498454323454323,0
2013-03-13,2013-04-12,2012-12-21,44,0.17996311994440053,0.08312728883083129,0.16600332929175018,0.1595402932209787,0.19911711597382323,0.005472083656259086,0.008558569344275584,0.0,0.0850021407432334,0.3372093023255814,0.257145199503339,0.08006410282224241,0.8066468253968256,1,0.20930232558139536,0.15334918356836963,0.05595314201302573,0.36844849594849605,0,0.19767441860465115,0.14738557869778804,0.050288839906863114,0.32452750582750584,0
2013-04-12,2013-05-15,2013-03-15,42,,0.19570441897872437,0.1666257253942439,0.15270219813286692,0.19516748965368927,0.008338898888542315,0.00854154734069422,0.0,0.1588284850221629,0.3170731707317073,0.2515672517861542,0.06550591894555313,0.8163158730158733,1,0.23170731707317074,0.15633453606014586,0.07537278101302489,0.4497497835497839,0,0.23170731707317074,0.1611400832906931,0.07056723378247765,0.3949766233766236,0
2013-05-15,2013-06-13,2013-03-15,41,0.2017921874381348,0.1813356047368534,0.16200135095058227,0.14780437860419116,0.18948322685860258,0.008796304327640904,0.008412818634015648,0.0,0.16051485781455704,0.325,0.2616750793650794,0.06332492063492062,0.6981119047619049,0,0.2125,0.15454974476911984,0.057950255230880154,0.42282582972583,0,0.225,0.16115244498557005,0.06384755501442996,0.46843322788322816,0
2013-06-13,2013-07-11,2013-03-15,42,0.2852150815045721,0.19705807551815901,0.15117807483129886,0.13283245592055168,0.17134379650792678,0.008256453700353135,0.007790344189777127,0.0,0.17931807393858248,0.3170731707317073,0.2581489828599585,0.0589241878717488,0.8963215728715731,1,0.25609756097560976,0.18020795891100774,0.07588960206460202,0.5548744255744256,0,0.2926829268292683,0.1860356170929342,0.10664730973633407,0.5784884226884229,0
2013-07-11,2013-08-08,2013-06-21,43,0.1568420601151804,0.2879091575769346,0.15867021722646749,0.14201239671576776,0.18028114957547292,0.015833027678764548,0.00841570485119428,0.0,0.2521546329772987,0.30952380952380953,0.24391262540369688,0.06561118412011266,0.8995071428571428,1,0.25,0.16933361935683372,0.08066638064316628,0.5106115440115441,0,0.21428571428571427,0.1434096565471566,0.07087605773855768,0.3871794760794763,0
2013-08-08,2013-09-06,2013-06-21,43,0.27492844822255685,0.1568420601151804,0.1524679152525249,0.13563588968342827,0.17400914705256665,0.007082392367068213,0.008209683942126149,0.0,0.2082720366528581,0.2857142857142857,0.23187018913626053,0.05384409657802516,0.7737501443001444,0,0.2261904761904762,0.15763424452531602,0.06855623166516017,0.42428671883671915,0,0.2261904761904762,0.14860016352694932,0.07759031266352687,0.40479559607059645,0
2013-09-06,2013-10-04,2013-06-21,42,0.2972566573581461,0.27941502044681027,0.1691409556336084,0.15946460432157164,0.19530189529986178,0.014264597960458779,0.008829963564352764,0.0,0.30213499094965585,0.2926829268292683,0.2254342519269348,0.06724867490233347,0.6685350649350651,0,0.21951219512195128,0.15472343672587577,0.06478875839607551,0.3703542735042735,0,0.21951219512195122,0.15283103712006152,0.0666811580018897,0.3665242590742592,0
2013-10-04,2013-11-04,2013-09-20,43,0.22927152069797738,0.30333864369190233,0.18156875097029532,0.1694172743867313,0.20334797510565047,0.010299689240804587,0.009062118338471285,0.0,0.29937297845020383,0.2857142857142857,0.22121766817838243,0.06449661753590327,0.719143650793651,0,0.22619047619047614,0.14952268326911186,0.07666779292136428,0.3345758741258743,0,0.2261904761904762,0.1637809036862609,0.062409572504215305,0.4430630647130648,0
2013-11-04,2013-12-03,2013-09-20,44,0.2572895990859984,0.23154934020677764,0.18806982993988666,0.17623645831139326,0.20927616411995917,0.009886944643928886,0.009240235488810753,0.0,0.24996169636958804,0.29069767441860467,0.21870201181247684,0.07199566260612783,0.6655484126984125,0,0.20930232558139536,0.1549896921553899,0.05431263342600545,0.3764120490620495,0,0.2441860465116279,0.17560518512495257,0.06858086138667532,0.4967990897990898,0
2013-12-03,2014-01-08,2013-09-20,48,0.25166411432235514,0.25626880969746185,0.19618575421384696,0.18452852365698583,0.21501417350302043,0.009928014003704543,0.009547207046284556,0.0,0.24552548500435298,0.2872340425531915,0.21111686699825002,0.07611717555494149,0.6956833333333334,0,0.2127659574468085,0.14667911958018345,0.06608683786662506,0.5235946997446999,0,0.19148936170212766,0.14821701433908882,0.04327234736303884,0.627926334776335,0
2014-01-08,2014-02-05,2013-12-20,47,0.1952714533224397,0.2620488090246489,0.20970089698813435,0.19788190887147872,0.22783442635061885,0.00822639227799369,0.009700736073026895,0.0,0.26761218196543,0.2717391304347826,0.20830568338666175,0.06343344704812084,0.7064706349206351,0,0.217391304347826,0.15307855121931213,0.06431275312851387,0.5179414751914752,0,0.21739130434782608,0.15254803252303262,0.06484327182479346,0.520416011766012,0
2014-02-05,2014-03-05,2013-12-20,47,0.5080875854185254,0.1952714533224397,0.21338274068236554,0.20224743516298835,0.23204581270608587,0.009017198452576343,0.009888136389918777,0.0,0.21312514659785498,0.30434782608695654,0.23247524745785608,0.07187257862910046,0.7222276057276057,0,0.19565217391304343,0.14488551937193245,0.050766654541110984,0.4457302586302587,0,0.20652173913043478,0.148291561518192,0.05823017761224278,0.521567404817405,0
2014-03-05,2014-04-02,2013-12-20,48,0.33591877635989204,0.5005768012355063,0.24660306714665325,0.23497208423288898,0.26302141707651755,0.01628709600689906,0.010734282099558646,0.0,0.4981937075803003,0.3191489361702127,0.24407448190107764,0.07507445426913509,0.8742087301587302,1,0.22340425531914893,0.14519699505750824,0.07820726026164068,0.3639416749916752,0,0.2127659574468085,0.14709356110792282,0.06567239633888569,0.4562830946830945,0
2014-04-02,2014-05-05,2014-03-21,51,0.1814838318174034,0.3388578860621057,0.24417095603245073,0.23144215147903427,0.2592311232101689,0.010084848379002887,0.01088335289673333,0.0,0.35869651664162283,0.33,0.2576949098124098,0.07230509018759024,0.8252882395382395,1,0.22,0.1512637845210346,0.06873621547896541,0.3696288211788213,0,0.26,0.17739856668331677,0.08260143331668324,0.5602624264624265,0
2014-05-05,2014-06-02,2014-03-21,51,,0.1814838318174034,0.25029030992904977,0.23704712067970485,0.2645444274767354,0.006665083691707028,0.010766198599273365,0.0,0.2603629324871743,0.34,0.275567562049062,0.064432437950938,0.8569674603174601,2,0.23,0.15709513980463988,0.07290486019536013,0.42451780996781013,0,0.23,0.1606743413253414,0.06932565867465862,0.6801502997002997,0
2014-06-02,2014-07-01,2014-03-21,51,0.1563539045967776,0.15112029784949102,0.2523809254056258,0.23988492240848674,0.2663542005909369,0.006363932954901518,0.010673039406499604,0.0,0.17673116863040145,0.32,0.2499454348984349,0.0700545651015651,0.8358349206349207,1,0.25,0.1580185927405928,0.0919814072594072,0.42779801309801363,0,0.24,0.18029664929514932,0.059703350704850666,0.7048690864690865,0
2014-07-01,2014-07-29,2014-06-20,51,0.1237504016724614,0.15635390459677753,0.25321030815094675,0.2406619518920111,0.26638588786371303,0.0053685781644850885,0.010204692490316376,0.0,0.16684754075711308,0.33,0.2624751893661894,0.0675248106338106,0.9233949938949941,1,0.21,0.15674857303807307,0.05325142696192692,0.46320861915861966,0,0.27,0.180155223998224,0.08984477600177601,0.7459789432789431,0
2014-07-29,2014-08-27,2014-06-20,51,,0.1237504016724614,0.24744696156384643,0.23559866858556014,0.26148429468724227,0.0054187846682913245,0.009776477828415973,0.0,0.13583055614954767,0.31,0.25254510533910535,0.05745489466089465,0.9410025252525253,1,0.26,0.16939480952380953,0.09060519047619048,0.49405633255633274,0,0.27,0.19094873443223448,0.07905126556776554,0.7297570984570985,0
2014-08-27,2014-09-24,2014-06-20,50,0.24311671476078628,0.26200290432678575,0.25519945287104645,0.24245616006006016,0.2677894529475457,0.00871038361637736,0.009795593881760767,0.0,0.19685762424671885,0.3469387755102041,0.29618059457549256,0.050758180934711516,0.9740904761904763,1,0.1836734693877551,0.1323206346408027,0.0513528347469524,0.4780255567961451,0,0.22448979591836732,0.15869931281870062,0.0657904830996667,0.8289395687645688,1
2014-09-24,2014-10-22,2014-09-19,50,0.2063842210196866,0.24311671476078628,0.23569180514108554,0.22149557884620144,0.24718159098695844,0.009328939432632207,0.009082879272452011,0.0,0.20952336353442114,0.3469387755102041,0.2918856598050476,0.055053115705156475,0.9961428571428571,1,0.20408163265306123,0.13255248391064722,0.071529148742414,0.4956364302364304,0,0.23469387755102042,0.1706450081664368,0.06404886938458362,0.8978090298590302,1
2014-10-22,2014-11-20,2014-09-19,50,,0.2063842210196866,0.2349109006755253,0.21995879555635073,0.24489986839961708,0.007419925767349971,0.008918151339928617,0.0,0.21590622513856578,0.336734693877551,0.27574792752598876,0.06098676635156225,0.9928666666666668,1,0.20408163265306123,0.14043697294768728,0.06364465970537395,0.5593500333000335,0,0.23469387755102042,0.1679756893333424,0.06671818821767803,0.8516651515151517,1
2014-11-20,2014-12-18,2014-09-19,50,0.18768214835132174,0.04388966677389074,0.2270355150191156,0.21138245409948175,0.2372226587204743,0.004348678215072175,0.008608518138824767,0.0,0.08979714377089788,0.3469387755102041,0.2868583340695585,0.06008044144064556,0.9847166666666668,1,0.21428571428571427,0.13972903440097323,0.07455667988474105,0.4818204628704632,0,0.23469387755102042,0.16995162518887014,0.06474225236215028,0.830622510822511,1
2014-12-18,2015-01-23,2014-09-19,50,0.25486327009563964,0.18215569791855687,0.22364248602865217,0.20806990980405513,0.23452775787757965,0.008232000480117579,0.00856144379624793,0.0,0.18289111418042103,0.37755102040816324,0.31732773581293994,0.0602232845952233,0.9955714285714286,1,0.20408163265306123,0.14345588685690727,0.06062574579615396,0.5746207126207129,0,0.20408163265306123,0.15884203732775165,0.04523959532530958,0.8250875568875571,1
2015-01-23,2015-02-20,2014-12-19,50,,0.25681278418632825,0.2308453846084704,0.21196786772221907,0.23925009674382636,0.011446476787957254,0.008748557174251832,0.0,0.2384826522605749,0.3673469387755102,0.32381087125668223,0.04353606751882799,0.9888222222222223,1,0.23469387755102042,0.15448234209101558,0.08021153546000484,0.505872904872905,0,0.23469387755102036,0.16964808915574225,0.06504578839527811,0.6652038600288601,0
2015-02-20,2015-03-20,2014-12-19,49,0.10627875462156089,0.06523704491623264,0.22309032406463805,0.20324631280566044,0.23132099864121172,0.003481055527441331,0.008409953100705641,0.0,0.1357621098239871,0.375,0.31860839247558,0.05639160752442002,0.9952333333333333,1,0.21875,0.1531245607401858,0.0656254392598142,0.5359568764568765,0,0.21875,0.15467778806841312,0.06407221193158688,0.6235288211788215,0
2015-03-20,2015-04-21,2014-12-19,49,0.14455546812284858,0.10627875462156089,0.16517439094049105,0.14597846544974113,0.17494773540224826,0.006345684310587528,0.007128337405036738,0.0,0.1172259091371548,0.2916666666666667,0.22179112253487254,0.06987554413179414,0.8456089466089465,1,0.21875,0.14006980201511457,0.07868019798488543,0.40616927516927553,0,0.21875,0.14776264776889783,0.07098735223110217,0.4119290320790325,0
2015-04-21,2015-05-20,2015-03-20,51,0.04803575100653577,0.13388722252846644,0.15788131581230974,0.13856020413030176,0.16878036003769134,0.006624649762026429,0.007154300131492863,0.0,0.12777769907185135,0.26,0.2231654098124098,0.03683459018759022,0.7690673160173164,0,0.24,0.1578961773324715,0.0821038226675285,0.46104702176908113,0,0.21,0.14064313203463205,0.06935686796536794,0.3583309385059388,0
2015-05-20,2015-06-18,2015-03-20,51,0.1188830268994676,0.04803575100653577,0.1481575002956909,0.1285215097155167,0.15999394126200764,0.004608284077245533,0.007015767093039357,0.0,0.07088511166207816,0.3,0.2314411733821734,0.06855882661782658,0.7544907148407153,0,0.25,0.15798579953379963,0.09201420046620037,0.37773293373293415,0,0.22,0.15096587123987126,0.06903412876012874,0.37420962925962936,0
2015-06-18,2015-07-16,2015-03-20,51,0.29003010257431544,0.1188830268994676,0.1487868446429768,0.1302930968107323,0.1618496187082667,0.007024869328862932,0.007154536000183027,0.0,0.11333142111016177,0.29,0.23099736002886004,0.05900263997113994,0.7656562770562771,0,0.22,0.14979579368997023,0.07020420631002977,0.39958477682448296,0,0.21,0.1506660220335221,0.05933397796647788,0.46409870684870747,0
2015-07-16,2015-08-13,2015-06-19,52,0.18399653077678227,0.29587873324816955,0.15615388387854412,0.13893228977996658,0.17172112893405256,0.010079559091375914,0.007469617840715261,0.0,0.24371548958072767,0.27450980392156865,0.2061350190114896,0.06837478491007906,0.7573584859584859,0,0.19607843137254902,0.1419249332911098,0.05415349808143921,0.2946525474525476,0,0.24509803921568626,0.15027770045858285,0.09482033875710341,0.46601890331890344,0
2015-08-13,2015-09-10,2015-06-19,52,0.41525681871955183,0.18399653077678227,0.15288569914104222,0.13381620813926134,0.16857496380793593,0.010202080963469537,0.007751558804101753,0.0,0.1908892040338376,0.29411764705882354,0.21723500921736225,0.0768826378414613,0.6965931124431123,0,0.24509803921568626,0.15751963494022325,0.08757840427546301,0.425313494838495,0,0.22549019607843138,0.15633371933077822,0.06915647674765316,0.5045007353757358,0
2015-09-10,2015-10-08,2015-06-19,52,,0.41683392723983936,0.18474555630782724,0.16803614600288613,0.19841969138369,0.016877687938857706,0.008637136864322346,0.0,0.33488831796416896,0.27450980392156865,0.20669276165011452,0.06781704227145413,0.632509090909091,0,0.2549019607843137,0.16806802854008743,0.08683393224422628,0.5461667721167723,0,0.27450980392156865,0.17668038122008722,0.09782942270148143,0.42079428904428934,0
2015-10-08,2015-11-05,2015-09-18,53,0.14090816403500897,0.16730522022593097,0.1747355684448565,0.1640686202932578,0.19672168970557816,0.009011374520767803,0.008755093506522937,0.0,0.21841893180522043,0.28846153846153844,0.22247342225082617,0.06598811621071227,0.7146964091464092,0,0.25961538461538464,0.18100323949554728,0.07861214511983736,0.5863274836274837,0,0.25961538461538464,0.1634709344074729,0.09614445020791174,0.4857459318459321,0
2015-11-05,2015-12-04,2015-09-18,53,0.15156129133947588,0.14090816403500897,0.1740153031614762,0.16339875043448815,0.19653033739383755,0.006149120246380239,0.008740018227315757,0.0,0.16633865345467735,0.2980769230769231,0.22939821983571987,0.0686787032412032,0.7083093795093794,0,0.22115384615384615,0.16202629095389282,0.05912755519995333,0.4786766857325684,0,0.23076923076923078,0.15810446383524723,0.07266476693398355,0.5641295098692158,0
2015-12-04,2016-01-08,2015-09-18,52,0.260556143538977,0.15391999711328913,0.18211716929154134,0.1712251115045983,0.2038705961560032,0.008363584803241186,0.00898429054805832,0.0,0.16011427424263322,0.28431372549019607,0.22088250970162737,0.0634312157885687,0.7820643578643579,0,0.24509803921568626,0.17395238454356104,0.07114565467212522,0.5585026307026308,0,0.2647058823529412,0.18137952151334508,0.0833263608395961,0.6622794899544898,0
2016-01-08,2016-02-05,2015-12-18,53,0.2443911595113476,0.26326307876958865,0.1874101724072253,0.17995757132472998,0.21096185962756717,0.0131325701752892,0.00934212607473206,0.0,0.24170535226619394,0.28846153846153844,0.2187803211211866,0.06968121734035185,0.7460395382395387,0,0.25,0.18121895055987258,0.06878104944012742,0.5894978299478302,0,0.28846153846153844,0.20517548754664144,0.08328605091489699,0.7791624320124317,0
2016-02-05,2016-03-04,2015-12-18,54,0.18777528999681797,0.24091469312494193,0.1902814880799497,0.18471712134816576,0.2176213978811107,0.014067273824491704,0.009746431264196833,0.0,0.21768125442297712,0.29245283018867924,0.2288586784284898,0.06359415176018943,0.8159477966477967,1,0.20754716981132076,0.15049426877845307,0.0570529010328677,0.5659888513447336,0,0.2358490566037736,0.17874785727898937,0.05710119932478422,0.5324697191697193,0
2016-03-04,2016-04-05,2015-12-18,55,,0.18411929676575292,0.19123626088383436,0.18482059195181086,0.2183432763116099,0.010747698126346511,0.010116651632853345,0.0,0.17900015182644263,0.2962962962962963,0.2201051426968094,0.07619115359948689,0.7084933621933621,0,0.23148148148148148,0.16039627662491224,0.07108520485656925,0.5591570845820847,0,0.25,0.17127637321526215,0.07872362678473785,0.521217776667777,0
2016-04-05,2016-05-04,2016-03-18,51,0.1479326258668779,0.11047788237569704,0.19571986259029236,0.1848876008883066,0.21967779636809176,0.009233962404577791,0.01029475434079167,0.0,0.14824702604741066,0.28,0.21173372799422796,0.06826627200577207,0.655356132756133,0,0.2,0.1539100772054743,0.0460899227945257,0.4051306267262153,0,0.29,0.19167320523920528,0.0983267947607947,0.6128497890997893,0
2016-05-04,2016-06-02,2016-03-18,52,0.1938367648824332,0.14740174790890997,0.1954924082132533,0.18487695794964107,0.21784604037947627,0.006752490050097721,0.010283092039553203,0.0,0.13518126949569953,0.30392156862745096,0.22367912245706364,0.08024244617038731,0.7028512265512268,0,0.24509803921568626,0.15832873447198706,0.0867693047436992,0.40962655612361515,0,0.29411764705882354,0.19368370083075967,0.10043394622806387,0.731615306915307,0
2016-06-02,2016-06-30,2016-03-18,53,0.40466450344632066,0.19504037805256494,0.19943879134575088,0.18842654528863756,0.22043501630544976,0.009801227331051316,0.010533538955658697,0.0,0.20780708443914372,0.3173076923076923,0.23690003169907017,0.08040766060862212,0.8052513431013432,1,0.22115384615384615,0.1568340684225806,0.06431977773126554,0.43766612042927855,0,0.25961538461538464,0.17567962362863387,0.08393576098675076,0.6574560661560663,0
2016-06-30,2016-07-28,2016-06-17,53,,0.4136109189706152,0.22354927129692184,0.21155092109509735,0.24154929512062712,0.015788067055002592,0.011117479548046294,0.0,0.3653735395566804,0.3076923076923077,0.240251517926518,0.06744078976578971,0.7585891053391056,0,0.2403846153846154,0.15869926022475517,0.08168535515986022,0.44304989177489196,0,0.2692307692307692,0.17636938051264972,0.0928613887181195,0.6529946053946049,0
2016-07-28,2016-08-26,2016-06-17,53,0.10796747913541262,0.1405346118559289,0.22029109452868012,0.21057282392705506,0.24033278463362087,0.00778681612902402,0.011034439195824725,0.0,0.21885488039117512,0.3269230769230769,0.26910202228327224,0.05782105463980469,0.8692944444444445,1,0.23076923076923078,0.16571036555199456,0.06505886521723622,0.5143592032150858,0,0.22115384615384615,0.16131910914939762,0.059834737004448524,0.6819423964923963,0
2016-08-26,2016-09-23,2016-06-17,53,0.18056475531834631,0.10796747913541262,0.1928927871376325,0.18192671105761457,0.2133479125605102,0.007235089702968011,0.01026045078236693,0.0,0.1331937858596064,0.30769230769230765,0.2327994512432012,0.07489285644910645,0.7550218614718615,0,0.23076923076923078,0.16398560136444756,0.06678362940478322,0.5889169441669442,0,0.25961538461538464,0.18361506703766325,0.07600031757772138,0.6215493339993339,0
2016-09-23,2016-10-21,2016-09-16,53,0.06048108554925067,0.1747503058659583,0.1944361402478064,0.18345117115398119,0.212236276150392,0.008299704046331036,0.010139688010445262,0.0,0.1425886606469564,0.3269230769230769,0.2423547521922522,0.08456832473082473,0.6632050505050509,0,0.2403846153846154,0.17320906633430677,0.06717554905030862,0.6144554057054059,0,0.25,0.17393800723848807,0.07606199276151193,0.5920189282939285,0
2016-10-21,2016-11-22,2016-09-16,53,0.21586462986652205,0.054836182323558275,0.18604281144060394,0.1736165076232507,0.20298455884353972,0.005956270439808128,0.009993876085391892,0.0,0.08234140867321611,0.2980769230769231,0.22826902910124064,0.06980789397568243,0.7122657953157956,0,0.2403846153846154,0.17009899995209674,0.07028561543251866,0.4977324660633488,0,0.24038461538461536,0.16395340930437083,0.07643120608024453,0.5002942085692089,0
2016-11-22,2016-12-20,2016-09-16,54,0.15836525452700667,0.21204327398967654,0.1912054228782392,0.17920501478824818,0.20760526907374363,0.00980670855404195,0.010149455284773063,0.0,0.17634949022805754,0.3018867924528302,0.2339284201123824,0.06795837234044777,0.7326917193917196,0,0.2358490566037736,0.16548103421735502,0.07036802238641857,0.5384003052503055,0,0.24528301886792453,0.16791903583837547,0.07736398302954905,0.6911595487845489,0
2016-12-20,2017-01-19,2016-12-16,54,0.08656494444616047,0.1598484208045948,0.18520477031366317,0.17345068338261316,0.20363736897710893,0.008907212495726149,0.00995347493141952,0.0,0.16573219007773488,0.29245283018867924,0.22579992701219115,0.06665290317648809,0.6810143800643801,0,0.2169811320754717,0.16126388629714108,0.05571724577833062,0.5736756465756466,0,0.2358490566037736,0.16406179636586146,0.07178726023791213,0.5158722555222558,0
2017-01-19,2017-02-16,2016-12-16,54,0.18494227710794536,0.08656494444616047,0.16695706010912756,0.1537258787915125,0.18441985558705923,0.004359471879573685,0.00915878048609625,0.0,0.11297746977983804,0.27358490566037735,0.21202492784992785,0.0615599778104495,0.6252171883671885,0,0.24528301886792453,0.170186465966516,0.07509655290140854,0.6395613704922528,0,0.19811320754716982,0.15230201318597553,0.045811194361194296,0.5496264013764018,0
2017-02-16,2017-03-16,2016-12-16,54,0.24846948309522565,0.18494227710794536,0.16804427716750653,0.1546718293943245,0.18356681907282812,0.00883311256591088,0.008960960261431306,0.0,0.16275202286106544,0.2452830188679245,0.19460924913660765,0.05067376973131685,0.671593145743146,0,0.19811320754716982,0.14814463748115253,0.04996857006601729,0.4215260001436472,0,0.2169811320754717,0.14769271543138085,0.06928841664409086,0.4628036213786218,0
2017-03-16,2017-04-13,2016-12-16,55,0.1288073181253081,0.24371162435887272,0.17594070159103836,0.16264019089273962,0.1905936615819085,0.010940767728572965,0.009177453258184781,0.0,0.21419044955948158,0.28703703703703703,0.21194532864255086,0.07509170839448617,0.6924457431457431,0,0.20370370370370366,0.13824232896128327,0.06546137474242039,0.41932581209640074,0,0.2222222222222222,0.14252710158245294,0.07969512063976927,0.34448013783602033,0
2017-04-13,2017-05-17,2017-03-17,55,0.14081063710986588,0.13061928507370732,0.17153979125092048,0.16059626994895418,0.18854820999421215,0.007582608989552746,0.009045791779931481,0.0,0.15673344731895303,0.2777777777777778,0.21358550636606194,0.06419227141171585,0.7114262570762574,0,0.23148148148148148,0.14179465905412547,0.08968682242735601,0.4357305216713115,0,0.2222222222222222,0.15018596208620721,0.072036260136015,0.44446389443889467,0
2017-05-17,2017-06-14,2017-03-17,56,0.15369126066835967,0.13924225712972296,0.17074952490715636,0.15963426062119737,0.18693510883032058,0.00861887644029457,0.009122502995212924,0.0,0.14013452013054514,0.2818181818181818,0.2167128591105864,0.06510532270759539,0.7024129870129872,0,0.2,0.13507655475243713,0.06492344524756288,0.3488719620249033,0,0.21818181818181823,0.14703137932774302,0.07115043885407521,0.5187814574314578,0
2017-06-14,2017-07-13,2017-03-17,56,,0.15369126066835967,0.1577982669095507,0.14665287551935985,0.17551463131666095,0.008153647171622817,0.008842881477064002,0.0,0.13885243177949205,0.2818181818181818,0.2244100642791552,0.05740811753902661,0.8256033189033192,2,0.20000000000000004,0.141429351895876,0.058570648104124046,0.48857793366763985,0,0.20909090909090908,0.14618365603796094,0.06290725305294814,0.5491056024041321,0
2017-07-13,2017-08-10,2017-06-16,55,,0.13325213354287807,0.13011977823392984,0.1147272667340325,0.1452724341777735,0.006575448845387741,0.00795791625130467,0.0,0.13682507390982895,0.25925925925925924,0.21263454498176723,0.04662471427749201,0.8730763236763237,1,0.21296296296296297,0.14824600283068426,0.0647169601322787,0.5070583803451453,0,0.25,0.16540863385585614,0.08459136614414386,0.5710120490620489,0
2017-08-10,2017-09-08,2017-06-16,54,0.0906478271096747,0.08596459222193023,0.13350411169178064,0.1176601407409912,0.14914645986094485,0.005064256759296792,0.007818020451417359,0.0,0.09988343464222967,0.27358490566037735,0.22277875128016641,0.05080615438021094,0.93135927960928,1,0.2169811320754717,0.15785554811294275,0.059125583962528955,0.5381815023212086,0,0.18867924528301888,0.14912089469754566,0.03955835058547322,0.6443801615051613,0
2017-09-08,2017-10-06,2017-06-16,54,0.04051663848424962,0.0906478271096747,0.1307384661405008,0.11476140177865297,0.1478778263010593,0.0073405404715320656,0.007864434913829774,0.0,0.09019929382913434,0.2641509433962264,0.21215848978065965,0.05199245361556676,0.8502137973137978,1,0.22641509433962265,0.1604701800819726,0.06594491425765003,0.4767550754800756,0,0.20754716981132076,0.14708524925869548,0.06046192055262528,0.5860479957950547,0
2017-10-06,2017-11-06,2017-09-15,55,,0.042446321403076144,0.12119330153476239,0.10899587615801277,0.1433993574175679,0.005004103719308358,0.007709406263839802,0.0,0.0528511504317434,0.26851851851851855,0.21653632673910456,0.05198219177941399,0.7063134199134202,0,0.24074074074074073,0.1661112670841021,0.07462947365663863,0.4730715567112628,0,0.21296296296296297,0.15666864101312636,0.05629432194983661,0.5997661144411145,0
2017-11-06,2017-12-04,2017-09-15,53,0.1317101346747296,0.14546952790676707,0.12379982151423423,0.11280121526462786,0.1468162009434517,0.006757664003157405,0.007604049369189209,0.0,0.11591352446679964,0.2692307692307692,0.20875894607529222,0.060471823155477,0.6757865800865801,0,0.2403846153846154,0.1700804506124218,0.07030416477219359,0.6084434176934175,0,0.2692307692307692,0.19122027625152635,0.07801049297924287,0.606816910866911,0
2017-12-04,2018-01-05,2017-09-15,53,0.08505827990641758,0.1317101346747296,0.12201580290683922,0.1107899217345236,0.14629881668513983,0.007996684496004372,0.007645797810888894,0.0,0.11693687215603703,0.25961538461538464,0.20468278943278942,0.05493259518259522,0.7506336940836942,0,0.23076923076923078,0.1655686664046111,0.06520056436461968,0.48103245267804123,0,0.2692307692307692,0.19284202031942427,0.07638874891134495,0.6395528388278392,0
2018-01-05,2018-02-02,2017-12-15,53,,0.08347991681040785,0.11655827543444819,0.10393475058200526,0.14066365048058588,0.007176658158484754,0.007537507860994074,0.0,0.10433034898581992,0.25,0.21313409021534024,0.036865909784659756,0.7571314574314584,0,0.23076923076923078,0.16027628594695909,0.0704929448222717,0.5926092907092907,0,0.25961538461538464,0.18800959907362624,0.0716057855417584,0.7578775182334002,0
2018-02-02,2018-03-02,2017-12-15,51,0.21471968460038537,0.11813832324275146,0.12405958334208388,0.10619546039418605,0.1410818157295772,0.006744935562352003,0.007440995207770774,0.0,0.1227634271358819,0.26,0.2178978053613054,0.04210219463869461,0.7985672383172385,0,0.23,0.16618829487179496,0.06381170512820505,0.5575815989565995,0,0.27,0.19680032756132756,0.07319967243867245,0.7196616994116993,0
2018-03-02,2018-04-03,2017-12-15,51,0.17500368288485882,0.21471968460038537,0.126526477127464,0.10958826217185891,0.14301091547807548,0.010640896881584573,0.007646480226489366,0.0,0.16276383484544454,0.3,0.22186123876123875,0.07813876123876123,0.8929910533910533,1,0.24,0.17044411455211464,0.06955588544788535,0.6667964868464873,0,0.24999999999999997,0.1783410122655123,0.07165898773448767,0.5724025641025646,0
2018-04-03,2018-05-02,2018-03-16,51,0.07450970931193104,0.18040801537018664,0.12369170590838303,0.1062405772955557,0.13945265896024756,0.009894994856716405,0.007603937771246547,0.0,0.17591532310925664,0.27,0.19659740875790876,0.07340259124209125,0.836908574758575,1,0.23,0.15495548068598072,0.07504451931401929,0.5164733682983687,0,0.26,0.18616699722499724,0.07383300277500277,0.5147481462981464,0
2018-05-02,2018-06-01,2018-03-16,51,0.14991331036013114,0.07539345698294671,0.12164289950065801,0.10418660022821964,0.1355062736250085,0.006192579672395988,0.00745038873202059,0.0,0.10965629406312143,0.25,0.18044109013209017,0.06955890986790983,0.5565986513486517,0,0.23,0.15765990966549798,0.07234009033450203,0.44492905362611324,0,0.26,0.1694866212676213,0.09051337873237872,0.5990034021534025,0
2018-06-01,2018-06-29,2018-03-16,52,0.15790776401663298,0.14869691954302172,0.12223580445485616,0.10507322212030606,0.13769982638355194,0.009969301522126087,0.007632174743488035,0.00038156288156288156,0.12031007617481283,0.2549019607843137,0.19018738614326852,0.06471457464104519,0.6052095626595628,0,0.23529411764705882,0.16613092920151745,0.06916318844554137,0.5465073315573318,0,0.22549019607843138,0.16459844697785883,0.060891749100572545,0.4764026473526477,0
2018-06-29,2018-07-27,2018-06-15,55,0.09364254282225075,0.14817078735008835,0.1192435330626747,0.10411083931038533,0.13646807197689015,0.009893180089178907,0.007878838360984615,0.0,0.13890158299597014,0.2222222222222222,0.16674188214049324,0.055480340081728974,0.7193670940170939,0,0.23148148148148145,0.15376527346786859,0.07771620801361287,0.5789749948881534,0,0.24074074074074073,0.15670950169414224,0.08403123904659848,0.5359172050172053,0
2018-07-27,2018-08-27,2018-06-15,55,,0.09364254282225075,0.11765724086370535,0.10266302334754197,0.13639134520241486,0.007749702981778351,0.008051601828025026,0.0,0.11120774328504605,0.24074074074074073,0.18125124438318882,0.05948949635755191,0.7743328504828505,0,0.19444444444444442,0.1467462688818081,0.04769817556263631,0.6149942694560341,0,0.22222222222222218,0.15179597616889287,0.07042624605332931,0.4246160839160841,0
2018-08-27,2018-09-24,2018-06-15,56,0.17325661301765147,0.1667771474960882,0.12078965278570139,0.10797585047449368,0.14156826977703263,0.010537757927136453,0.00844283150798887,7.086167800453515e-05,0.14897823948743386,0.22727272727272727,0.17670751561569747,0.05056521165702979,0.639336435786436,0,0.2,0.14450870381104342,0.055491296188956596,0.5040122668181494,0,0.21818181818181817,0.1520703242575513,0.06611149392426688,0.4438364200642839,0
2018-09-24,2018-10-22,2018-09-21,56,0.14504214639216528,0.17611062106722736,0.12995412902127954,0.11713799367811972,0.1477976699143408,0.008787643794579499,0.00855708479890364,7.086167800453515e-05,0.16820455244217344,0.21818181818181817,0.17436665264028897,0.0438151655415292,0.6533750194250195,0,0.21818181818181817,0.13968481584369288,0.07849700233812529,0.4929082123758599,0,0.2545454545454545,0.17570608944679805,0.07883936509865647,0.6453902963050021,0
2018-10-22,2018-11-21,2018-09-21,55,0.19148796059721856,0.1516411251628462,0.13294689730817508,0.11948287516187955,0.15140342027347609,0.009076443958324444,0.008775171850256362,7.215007215007215e-05,0.14526908395141522,0.24074074074074073,0.17861065123148462,0.06213008950925611,0.6996467032967032,0,0.2037037037037037,0.14200751085938995,0.06169619284431374,0.4957804838951901,0,0.21296296296296297,0.15637181800286382,0.05659114496009915,0.5310941258088316,0
2018-11-21,2018-12-19,2018-09-21,55,,0.19148796059721856,0.13899719485956255,0.12504820286592608,0.15723554701515877,0.012727582054655812,0.009213701824960398,7.215007215007215e-05,0.18142180255668489,0.25925925925925924,0.20022356409023082,0.05903569516902843,0.7370115023865024,0,0.21296296296296297,0.15039262730582179,0.06257033565714118,0.4738955738705743,0,0.24074074074074073,0.162741163003663,0.07799957773707772,0.6508198801198802,0
2018-12-19,2019-01-23,2018-09-21,53,0.21950879945652021,0.2028453866839661,0.15322720541118567,0.13929900844407603,0.1716774673740797,0.011178487632232862,0.009548634603080145,7.487271638215035e-05,0.19780307547681367,0.2692307692307692,0.21339094143036455,0.05583982780040467,0.7219311688311694,0,0.2403846153846154,0.1547426363386488,0.0856419790459666,0.4354878800937629,0,0.25961538461538464,0.17465560676283248,0.08495977785255215,0.6502142592701415,0
2019-01-23,2019-02-20,2018-12-21,53,0.1482007383924027,0.2239492655564069,0.15901495504719085,0.14664770013949968,0.1774593715735439,0.01056716249148385,0.009719805822465661,0.0,0.19464560699768496,0.28846153846153844,0.22106962556674098,0.06739191289479746,0.6891366688866688,0,0.21153846153846156,0.15234177585235287,0.059196685686108697,0.4474298923298927,0,0.25,0.1654291522940986,0.0845708477059014,0.6435481059789889,0
2019-02-20,2019-03-20,2018-12-21,52,0.07008519361596484,0.14916730118835525,0.15515252131358698,0.14288647174387029,0.17544128745686963,0.007427711470281365,0.00949077859942664,0.0,0.16550574559775932,0.27450980392156865,0.21922402238284594,0.05528578153872271,0.772024458874459,0,0.2549019607843137,0.1687163528464999,0.0861856079378138,0.5772598568098569,0,0.28431372549019607,0.18224864917217865,0.10206507631801742,0.6673187090687092,0
2019-03-20,2019-04-17,2019-03-15,53,,0.08523819752980268,0.14981071088010955,0.1379140646463034,0.17144684283155304,0.005142514891025622,0.009356163214523844,0.0,0.10580066029283615,0.25961538461538464,0.20494983808926126,0.054665546526123376,0.7363309024309027,0,0.25,0.17066083771997242,0.07933916228002758,0.6174482794982794,0,0.25,0.17955270534964363,0.07044729465035637,0.7084647273778858,0
2019-04-17,2019-05-22,2019-03-15,53,0.15696857865906508,0.148835039764083,0.14577940433126124,0.13705048576352352,0.1710521360174129,0.007601495789603209,0.009187245147308249,0.0,0.12294392274580859,0.28846153846153844,0.21522092933775633,0.07324060912378211,0.7414496558996558,0,0.25,0.1671113630493439,0.0828886369506561,0.6025706515706518,0,0.25961538461538464,0.1801176176921369,0.07949776692324773,0.6061081862581863,0
2019-05-22,2019-06-19,2019-03-15,52,0.14625027188808631,0.16357114611796839,0.15261747369046955,0.14296367552647393,0.17646692114042545,0.008699082858015688,0.009249234986574211,0.0,0.15570023580331752,0.28431372549019607,0.22124908707849883,0.06306463841169724,0.7453554834054837,0,0.20588235294117646,0.15947573414666846,0.046406618794508,0.5369758365817191,0,0.2549019607843137,0.1739398292339469,0.0809621315503668,0.5741763042513047,0
2019-06-19,2019-07-18,2019-03-15,53,,0.14214594472581912,0.15219895328892236,0.14542709702940848,0.1777725815584827,0.0077934078575082446,0.0092431907275028,0.0,0.1395918772658803,0.2980769230769231,0.23247723659887115,0.06559968647805192,0.8482795815295814,1,0.24038461538461542,0.1695963027624086,0.0707883126222068,0.6316378427128428,0,0.22115384615384615,0.163327348666291,0.05782649748755514,0.5815690420690421,0
2019-07-18,2019-08-16,2019-06-21,53,0.24609186921615817,0.09421667426734105,0.1458761070653944,0.13965857715023,0.17198523778124336,0.0048979100855965135,0.008890699080067382,0.0,0.1040102275199425,0.3076923076923077,0.22956207131543682,0.07813023637687089,0.7149671328671334,0,0.25,0.15562431137238836,0.09437568862761164,0.5887193972693973,0,0.24038461538461542,0.15615746128871136,0.08422715409590406,0.45361383061383087,0
2019-08-16,2019-09-13,2019-06-21,53,,0.24609186921615817,0.15824745962332357,0.15223782838252903,0.1843962529621518,0.010441511714338256,0.009168524743781426,0.0,0.22890293729946887,0.30769230769230776,0.24681336334605572,0.060878944346252045,0.8306525363525367,1,0.21153846153846154,0.1527448016193209,0.05879365991914062,0.6214987512487516,0,0.23076923076923078,0.15521604506604517,0.07555318570318562,0.3941848762348763,0
2019-09-13,2019-10-11,2019-06-21,52,0.1998423652412549,0.1457115358936468,0.157222863073536,0.14871847254690462,0.18231898006628783,0.009738723441757196,0.009087585138863019,0.0,0.16719339975865583,0.29411764705882354,0.227762775242187,0.06635487181663655,0.8063509823509826,1,0.22549019607843138,0.1572939696469109,0.06819622643152048,0.5727544511044512,0,0.2647058823529412,0.16717313816357945,0.09753274418936173,0.4761099460996522,0
2019-10-11,2019-11-12,2019-09-20,50,0.10518737721670884,0.2165426587747104,0.1733434280082248,0.1615335378345944,0.19437266609933807,0.008894421102087375,0.009148334661411727,0.0,0.200560919364465,0.24489795918367346,0.2077937296263827,0.03710422955729076,0.8177135864135864,1,0.19387755102040816,0.13526944410464822,0.05860810691575993,0.5149858918858919,0,0.19387755102040816,0.13361793313062825,0.060259617889779904,0.38629994776465376,0
2019-11-12,2019-12-10,2019-09-20,51,0.07435788910875177,0.10117276953445835,0.16253976700708883,0.1509039326343783,0.1841148553616234,0.008688299958995697,0.008865206506320725,0.0,0.1341049959538078,0.3,0.24181978854478853,0.05818021145521146,0.9182366522366525,1,0.19,0.1549366882806736,0.03506331171932639,0.7357340958061547,0,0.23,0.14997122938172944,0.08002877061827057,0.34127499444999476,0
2019-12-10,2020-01-15,2019-09-20,51,0.13411053811797305,0.07435788910875177,0.15393702946051313,0.14264351350847068,0.17528062926054816,0.004763930359357861,0.008430281617932462,0.0,0.08541305004760982,0.31,0.23512932844932852,0.07487067155067148,0.7651567044067045,0,0.25,0.15673740298590305,0.09326259701409695,0.49187612110112156,0,0.22,0.15826060571454695,0.06173939428545305,0.40517007992008025,0
2020-01-15,2020-02-12,2019-12-20,53,0.14529027770610525,0.1291730543841268,0.13676305017747079,0.125840456871701,0.15946288474256123,0.0086167711683102,0.008031739475828666,0.0,0.12716473270400214,0.25,0.19862448902593133,0.05137551097406867,0.6293662670662673,0,0.18269230769230768,0.14703068559771054,0.03566162209459714,0.45292359584859593,0,0.22115384615384615,0.1506444692939037,0.07050937685994244,0.35169133089133114,0
2020-02-12,2020-03-11,2019-12-20,55,0.5796211380518831,0.14797120330394628,0.1288553767616672,0.12230260555881717,0.1562312606580911,0.008385263415927604,0.008161972778002822,0.0,0.1305635287646815,0.24074074074074073,0.19058764044597384,0.050153100294766884,0.7323806582306586,0,0.19444444444444445,0.1438074482404548,0.05063699620398965,0.46912508504567335,0,0.19444444444444445,0.13484233337922072,0.05960211106522373,0.42862198634698667,0
2020-03-11,2020-04-08,2019-12-20,55,0.47259790560936343,0.5796211380518831,0.23976710796242923,0.23612530854407265,0.26383709108251663,0.026687327889090846,0.011564734266541582,0.0,0.5812522632468202,0.28703703703703703,0.23736762101067665,0.04966941602636038,0.8048854645354647,1,0.2037037037037037,0.1468114310798135,0.05689227262389018,0.5348468531468537,0,0.18518518518518517,0.13106181778310053,0.05412336740208465,0.4740098772142893,0
2020-04-08,2020-05-11,2020-03-20,55,0.3394698212697693,0.47384882281963464,0.3198037156229136,0.3175170835378628,0.3444364805065822,0.04140196420813315,0.01616204710665247,0.0,0.4404878110646229,0.28703703703703703,0.24082901481234817,0.046208022224688866,0.8812344877344879,1,0.2222222222222222,0.16358198234378796,0.05864023987843425,0.5761433344433345,0,0.22222222222222227,0.17263744321522106,0.0495847790070012,0.6902815517815517,0
2020-05-11,2020-06-08,2020-03-20,56,0.181131672939546,0.34670365666512887,0.3273175939959604,0.32516809099645194,0.35114641804674473,0.019222417429255505,0.016910377550935538,0.0,0.36481261489938266,0.3181818181818182,0.25257968158104527,0.06560213660077291,0.9355309523809525,1,0.22727272727272727,0.16664393612477843,0.060628791147948835,0.5234752871311696,0,0.22727272727272727,0.18314125354443536,0.0441314737282919,0.7783945221445222,0
2020-06-08,2020-07-07,2020-03-20,57,0.2543747791108271,0.1804436748199632,0.3275999140206364,0.32441421466411513,0.35011831884589645,0.013500619607066638,0.017234857401346573,0.0,0.24741437512096434,0.32142857142857145,0.26423365181445535,0.0571949196141161,0.9508666666666669,2,0.22321428571428573,0.15891203260295964,0.06430225311132609,0.47894129530600127,0,0.23214285714285712,0.17183569761352896,0.060307159529328164,0.7336019151900733,0
2020-07-07,2020-08-04,2020-06-19,56,0.24031408276521488,0.25549243155294304,0.31765389783414455,0.31920514796437477,0.34592055853388803,0.014011405520436733,0.017535181694300093,0.0,0.24225032617726616,0.36363636363636365,0.31702915781188507,0.04660720582447858,0.9825818181818181,1,0.21818181818181817,0.1486343743837862,0.06954744379803196,0.4603635932694758,0,0.24545454545454545,0.1734958653170953,0.07195868013745016,0.48703527354997983,0
2020-08-04,2020-09-01,2020-06-19,57,0.13077452267926748,0.23690831842966953,0.3150045343011189,0.31872655479947365,0.34469228379353617,0.012992754519268854,0.01785075248437187,0.0,0.25217436349856076,0.33035714285714285,0.26998425651729224,0.06037288633985061,0.9243071428571428,1,0.19642857142857142,0.14168973966626283,0.05473883176230859,0.5198038252597078,0,0.23214285714285715,0.16784576725357978,0.06429708988927738,0.5691987900987904,0
2020-09-01,2020-09-29,2020-06-19,58,0.2183177659971455,0.13134426124402143,0.30918409403975133,0.3134775151484745,0.3396643879016792,0.007716047173000217,0.017680236309998005,0.0,0.17660898801054292,0.3157894736842105,0.2510869379645695,0.06470253571964102,0.7834333333333334,0,0.22807017543859648,0.14667059159880375,0.08139958383979273,0.4730720658426543,0,0.21929824561403508,0.15732008585066679,0.06197815976336829,0.6724010360038999,0
2020-09-29,2020-10-27,2020-09-18,58,0.1573101026864443,0.21710285913475547,0.30505062819041506,0.3095871907106406,0.33682400236585375,0.01373499480189993,0.017867840789736876,0.0,0.19301936774304732,0.3157894736842105,0.2532791615791616,0.06251031210504893,0.8322985569985568,2,0.21052631578947367,0.14704799901680715,0.06347831677266652,0.4620370459605756,0,0.22807017543859645,0.1588935410106463,0.06917663442795016,0.6391706210456208,0
2020-10-27,2020-11-25,2020-09-18,59,0.3505497071444948,0.1583600217382768,0.2941489790716026,0.30087935746832445,0.3294331741151018,0.00946652699916998,0.017922997819108232,0.0,0.16298671416834237,0.29310344827586204,0.22424401714186193,0.06885943113400012,0.7974460317460317,0,0.1896551724137931,0.14254481633140365,0.04711035608238945,0.5945016207648561,0,0.2413793103448276,0.16798659645937783,0.07339271388544977,0.6335481764967058,0
2020-11-25,2020-12-23,2020-09-18,59,,0.3505497071444948,0.30095523399601826,0.30645461117169226,0.33582566934038677,0.020085520461210305,0.01869427633033404,0.0,0.27149126020840675,0.2672413793103448,0.2106681025870681,0.056573276723276694,0.6836852258852257,0,0.1982758620689655,0.14828176918866579,0.04999409288029971,0.5384014596514599,0,0.25,0.18770313132467037,0.06229686867532963,0.7454946300431594,0
2020-12-23,2021-01-27,2020-12-18,59,0.26337000412255535,0.20409710004468415,0.28087932070402644,0.3050970036913455,0.33471364861926195,0.013041493135286731,0.01895870996662848,0.0,0.22778367660801788,0.25862068965517243,0.2089846210303107,0.04963606862486172,0.6838484126984126,0,0.22413793103448273,0.1585076215662296,0.06563030946825313,0.587526259524789,0,0.2413793103448276,0.17714510110269494,0.06423420924213266,0.6534489959387022,0
2021-01-27,2021-02-24,2020-12-18,59,0.183926980389185,0.26337000412255535,0.28269972054938997,0.3063520673543064,0.3359877776737227,0.014398160241091923,0.01916837702789876,0.0,0.248245511274272,0.26724137931034486,0.21135028840890907,0.05589109090143579,0.6835645021645024,0,0.1982758620689655,0.15131098351749378,0.04696487855147172,0.6679048222503335,0,0.2327586206896552,0.17028991385958275,0.06246870683007244,0.6504686578041845,0
2021-02-24,2021-03-24,2020-12-18,59,0.13119209444481303,0.183926980389185,0.2828071910568534,0.30424792448290106,0.3337899537151083,0.012027676125368689,0.01921571235287759,0.0,0.21271164463905867,0.27586206896551724,0.2082677942268459,0.06759427473867133,0.6641215229215233,0,0.1982758620689655,0.1461192289412751,0.052156633127690394,0.550412766318649,0,0.22413793103448276,0.16436329479766346,0.059774636236819306,0.6280103334573923,0
2021-03-24,2021-04-23,2021-03-19,59,0.21631323487003265,0.11770656032423289,0.19024291117536157,0.20347005065544527,0.2419234559036723,0.009689443565392624,0.014021687796625167,0.0,0.14046873346265173,0.26724137931034486,0.19490850126884607,0.0723328780414988,0.809929193029193,1,0.23275862068965517,0.1676092224754624,0.06514939821419277,0.5864558882294176,0,0.22413793103448276,0.16412440918051982,0.06001352185396294,0.7594781928855461,0
2021-04-23,2021-05-24,2021-03-19,59,0.09924288494645275,0.21631323487003265,0.18153466745466132,0.19182914211623428,0.23285534141535247,0.009617381875902062,0.012954923012888829,0.0,0.16328022106246035,0.25862068965517243,0.20036483248552217,0.05825585716965026,0.8844278943278946,1,0.25000000000000006,0.17137597367135912,0.07862402632864093,0.6069172324407618,0,0.22413793103448276,0.16466621533329195,0.05947171570119081,0.716978657616893,0
2021-05-24,2021-06-22,2021-03-19,59,0.09523576205199259,0.09924288494645275,0.17969153121025733,0.18672740576039862,0.22676488286751578,0.008785902536109521,0.012504005173848077,0.0,0.10751089326404266,0.25862068965517243,0.19805914028500238,0.060561549370170054,0.8022040404040408,1,0.2155172413793104,0.15866291960518641,0.05685432177412397,0.6580446377152261,0,0.21551724137931033,0.1599039697681179,0.05561327161119242,0.6276124297271355,0
2021-06-22,2021-07-20,2021-06-18,59,0.2119836653961196,0.0856969221314823,0.16881396879341412,0.18010672023840918,0.22097555192919244,0.006451056146227633,0.011950577139263589,0.0,0.08616103054853683,0.25,0.19078187707885988,0.05921812292114012,0.7469326784326785,0,0.1896551724137931,0.14601369776372047,0.04364147465007262,0.4577234154734157,0,0.1810344827586207,0.13922768068223199,0.041806802076388705,0.44054923540511803,0
2021-07-20,2021-08-17,2021-06-18,59,0.08893029156075449,0.2119836653961196,0.1705797908998816,0.1806455310849148,0.223230784586105,0.011406579517147554,0.012024408437462445,0.0,0.1835008015474709,0.2413793103448276,0.18856105211837962,0.05281825822644798,0.7950781385281387,0,0.20689655172413793,0.1477017105978313,0.05919484112630663,0.5143968531468534,0,0.21551724137931033,0.14533415078695255,0.07018309059235778,0.5947741758241761,0
2021-08-17,2021-09-14,2021-06-18,59,0.11286031102201541,0.08893029156075449,0.16394480586154406,0.17227813376357373,0.218080507603449,0.0051353089072460134,0.011586057599421867,0.0,0.11347735672153836,0.21551724137931033,0.17416508730732874,0.04135215407198159,0.7646490620490625,0,0.19827586206896552,0.15406399307814114,0.04421186899082438,0.5676106945342242,0,0.22413793103448276,0.15742264826506253,0.06671528276942024,0.5165437844319423,0
2021-09-14,2021-10-12,2021-06-18,59,0.18931730005150607,0.11286031102201541,0.15617410139801452,0.164137651297995,0.2133740820896301,0.00730123268143052,0.011349590549530268,0.0,0.11033220761433754,0.23275862068965517,0.17851697282602458,0.05424164786363059,0.7989752525252529,0,0.20689655172413793,0.15729358598147167,0.04960296574266626,0.4726280168661747,0,0.19827586206896547,0.1427148888186414,0.05556097325032408,0.5004878987026048,0
2021-10-12,2021-11-10,2021-09-17,58,0.07851582538015844,0.18855173624982907,0.1552980336621728,0.16337922242698275,0.21462882134280048,0.010873242592571579,0.011223040815314271,0.0,0.14393696074751008,0.2543859649122807,0.1984121360121361,0.05597382890014463,0.7831251748251752,0,0.21929824561403508,0.15807520525645427,0.061223040357580805,0.44934794938463674,0,0.19298245614035087,0.14256957219194066,0.0504128839484102,0.5237441530691532,0
2021-11-10,2021-12-09,2021-09-17,59,0.10689911482456932,0.07985789235395148,0.13991781723604652,0.13582563551871743,0.19016860429844976,0.007616632353255304,0.010188218006070532,0.0,0.11481082764962902,0.22413793103448273,0.17748003466839676,0.04665789636608597,0.6366993506493509,0,0.19827586206896552,0.15372237309918535,0.044553488969780175,0.511851126651127,0,0.20689655172413793,0.1487096627805934,0.05818688894354454,0.45203753468753505,0
2021-12-09,2022-01-11,2021-09-17,59,0.17501510364243344,0.10689911482456932,0.13241069835436933,0.13078435657479182,0.17767578925465036,0.011639023355388082,0.010030760273109009,0.0,0.11275197200537793,0.2586206896551724,0.21045917616865897,0.0481615134865134,0.7894151515151518,0,0.19827586206896552,0.14562586743322045,0.05264999463574507,0.46933741030211634,0,0.2155172413793103,0.14377255300480457,0.07174468837450573,0.5393039013274309,0
2022-01-11,2022-02-08,2021-12-17,58,0.34910561798971457,0.1793285568573255,0.12740520902634386,0.12609259819345142,0.17010282727782783,0.009405964158270908,0.00959989949477549,0.0,0.14488906913110622,0.22807017543859648,0.17964530396217707,0.04842487147641941,0.6556103412926946,0,0.18421052631578946,0.13044272817825453,0.05376779813753493,0.5764563686313686,0,0.20175438596491227,0.140381387927518,0.061372998037394266,0.4615800033300036,0
2022-02-08,2022-03-08,2021-12-17,58,0.5571656922764143,0.34910561798971457,0.1432535701101422,0.14211108427327948,0.1819386784831482,0.01592193826819473,0.009962928963867572,0.0,0.27195683241866464,0.22807017543859648,0.18971041614331094,0.03835975929528554,0.7063844155844158,0,0.17543859649122803,0.13688953432776554,0.03854906216346249,0.725675050388208,0,0.18421052631578946,0.1340360796175201,0.05017444669826937,0.42429415780298135,0
2022-03-08,2022-04-05,2021-12-17,58,0.15928294592167866,0.5571656922764143,0.23596663933700252,0.233096024274933,0.2668988608901689,0.0353989479957959,0.013790563476772258,0.0,0.4905279406388658,0.30701754385964913,0.24792598220492962,0.059091561654719515,0.9135431623931625,1,0.23684210526315788,0.18463789801816127,0.05220420724499661,0.7447582695082697,0,0.22807017543859648,0.16979405535841297,0.05827612008018351,0.7065876636435461,0
2022-04-05,2022-05-06,2022-03-18,58,0.09007659394261557,0.1574336460050676,0.2373124097439036,0.22964744049078362,0.2612527505122409,0.015222876604068616,0.014143883983355213,0.0,0.3036241577589556,0.2807017543859649,0.22514122909254491,0.05556052529341998,0.7876369297369298,0,0.22807017543859648,0.17657978340888564,0.05149039202971084,0.7431006438006438,0,0.22807017543859648,0.17107243479058495,0.056997740648011525,0.6481840941738,0
2022-05-06,2022-06-03,2022-03-18,58,0.23401903344597616,0.09007659394261557,0.2368162503838842,0.2271364709656257,0.2582880072815831,0.009154294698151592,0.014387981220835741,0.0,0.1867313067876295,0.2719298245614035,0.21401719401456246,0.057912630546841065,0.7901586302586304,0,0.24561403508771928,0.18778670895381416,0.05782732613390512,0.7499677183927184,0,0.23684210526315794,0.18502457595723856,0.051817529305919374,0.7332978812037636,0
2022-06-03,2022-07-04,2022-03-18,59,0.2769761208654452,0.23344435942638683,0.24350912591485732,0.23212392793075506,0.26285382019696174,0.014914595693009541,0.014767447669352235,0.0,0.20126967525690997,0.29310344827586204,0.24155679531196778,0.05154665296389427,0.8811391053391053,1,0.25,0.17622798249163146,0.07377201750836854,0.6019029886779889,0,0.23275862068965517,0.17648448041140746,0.0562741402782477,0.7451934500140385,0
2022-07-04,2022-08-01,2022-06-17,58,,0.27621240434660926,0.24925451554726877,0.23880721555126805,0.2688452331938011,0.014536919438157768,0.015148169008387094,0.0,0.2404222502677176,0.2719298245614035,0.22722930203324945,0.04470052252815407,0.8597304695304697,1,0.24561403508771928,0.17346440307485206,0.07214963201286723,0.7039219904278733,0,0.22807017543859653,0.1702373135378554,0.057832861900741134,0.6999377258362551,0
2022-08-01,2022-08-30,2022-06-17,57,0.22663359362387508,0.2638462540620016,0.2525439198445246,0.2413378090299664,0.27060997816062976,0.016803263467387346,0.015591551874301052,0.0,0.2508868617436361,0.30357142857142855,0.238582267831375,0.06498916074005354,0.8067808302808304,1,0.23214285714285715,0.16445812541508448,0.06768473172777267,0.6901066296448648,0,0.24107142857142858,0.17830263953192005,0.06276878903950853,0.621488233988234,0
2022-08-30,2022-09-27,2022-06-17,57,0.3551781450245485,0.22663359362387508,0.2548243019968261,0.24374750842284088,0.2726049572566578,0.01303698663616595,0.01595191072165927,0.0,0.24675705036418566,0.28571428571428575,0.22837304149223803,0.05734124422204773,0.8115220501720503,1,0.25000000000000006,0.18486614422284073,0.06513385577715933,0.6965122155622157,0,0.25,0.18326109897047407,0.06673890102952593,0.6714141025641029,0
2022-09-27,2022-10-25,2022-09-16,57,0.29348905783123036,0.3391471410222621,0.26090560526567463,0.2528851170265477,0.28118352122166257,0.019092721991558596,0.01653963815647475,0.0,0.3089256132149274,0.30357142857142855,0.24207376244786954,0.061497666123559,0.7507236874236874,0,0.24107142857142858,0.1827019808564452,0.05836944771498337,0.7297351454101454,0,0.25892857142857145,0.19148017768441886,0.0674483937441526,0.711403787878788,0
2022-10-25,2022-11-24,2022-09-16,57,,0.29348905783123036,0.272389128511972,0.2627482569069156,0.2895666113225892,0.01631086591318594,0.01700181622233317,0.0,0.26531865948937966,0.3125,0.24204984152752013,0.07045015847247987,0.6967715728715734,0,0.24107142857142858,0.17307544429400704,0.06799598427742154,0.6346374168229433,0,0.26785714285714285,0.18665963020114815,0.0811975126559947,0.629847641247641,0
2022-11-24,2022-12-22,2022-09-16,56,0.14138676906662148,0.18465535521508208,0.27904057582977476,0.2713571251127163,0.2983797177633483,0.01333637311998274,0.017420510157706195,0.0,0.21327027438432142,0.3,0.24528977845386934,0.054710221546130644,0.7200689976689978,0,0.23636363636363636,0.18075919350109193,0.05560444286254443,0.7211720958779779,0,0.23636363636363636,0.1796007028325211,0.05676293353111525,0.6052637251637255,0
2022-12-22,2023-01-23,2022-12-16,59,0.173690649912936,0.12760074366689914,0.2718354546512712,0.26534874168849426,0.29165484682796117,0.009062411231787726,0.01724666033323799,0.0,0.16553164669253173,0.3017241379310345,0.23545733131810723,0.06626680661292725,0.7371939393939395,0,0.20689655172413793,0.1576953824938866,0.049201169230251335,0.7397751633986926,0,0.25862068965517243,0.18317630989137076,0.07544437976380167,0.7205810522810523,0
2023-01-23,2023-02-20,2022-12-16,59,0.2677288679144923,0.173690649912936,0.27204282295855375,0.26653588524796973,0.29322057843131977,0.010640142754630664,0.01729875302632252,0.0,0.15972573243642924,0.31896551724137934,0.24508554328812954,0.0738799739532498,0.7733533189033187,0,0.21551724137931033,0.16021236235451508,0.05530487902479525,0.7351523259420322,0,0.2413793103448276,0.16649198245973099,0.07488732788509661,0.6328982716629775,0
2023-02-20,2023-03-20,2022-12-16,59,0.29697671529989667,0.2677288679144923,0.26493895541409135,0.26081899711607487,0.2884160691440639,0.010403614517266603,0.01693442266643602,0.0,0.2068536650713453,0.3103448275862069,0.24764152112255564,0.06270330646365127,0.8441651515151517,1,0.21551724137931033,0.161153654060893,0.05436358731841734,0.7348450978759808,0,0.2413793103448276,0.17009758842689882,0.07128172191792878,0.5949417610167611,0
2023-03-20,2023-04-19,2023-03-17,59,,0.3109163565157792,0.2087210713728609,0.2039703008731697,0.2363801094891452,0.01288609126749093,0.013797583093868497,0.0,0.27451241968049717,0.3103448275862069,0.24482664887794198,0.06551817870826493,0.7732233766233766,0,0.22413793103448276,0.1535717451947422,0.07056618583974056,0.591883588633589,0,0.19827586206896552,0.13533324558583185,0.06294261648313368,0.4404368407736057,0
2023-04-19,2023-05-19,2023-03-17,58,0.17389904338744544,0.16016408713719152,0.21573364180054133,0.21141092038967532,0.2454046964525366,0.00969671109984756,0.013894406379479111,0.0,0.18801479519925132,0.2894736842105263,0.23947138884507302,0.05000229536545331,0.8761047619047625,1,0.22807017543859648,0.1643862721700957,0.06368390326850079,0.6242460738607793,0,0.22807017543859648,0.15218300955098052,0.07588716588761596,0.4916667930023196,0
2023-05-19,2023-06-19,2023-03-17,58,0.27863410763966073,0.17389904338744544,0.214747019833922,0.2099269811583206,0.24366379536741753,0.009958329660225036,0.013482968240069348,0.0,0.1633715063814367,0.30701754385964913,0.2416972283564389,0.06532031550321024,0.7849992063492066,0,0.24561403508771928,0.16693982772903057,0.07867420735868871,0.7530524170274173,0,0.21929824561403508,0.15807787950353744,0.06122036611049764,0.5625679847929851,0
2023-06-19,2023-07-17,2023-06-16,58,0.15089494178833018,0.2682994608314465,0.20989718126442206,0.20692340747294488,0.24252607148587302,0.014375709357412076,0.0134947570628865,0.0,0.2188175948913358,0.2894736842105263,0.23439688552188553,0.05507679868864079,0.832116666666667,1,0.20175438596491227,0.15951444157694158,0.042239944387970685,0.628710606060606,0,0.23684210526315788,0.16175868524893303,0.07508342001422486,0.5503815674521563,0
2023-07-17,2023-08-14,2023-06-16,58,0.1324795497784043,0.15089494178833018,0.20408993732029065,0.20021130490363379,0.23752358484562117,0.00986996301793832,0.012944583835450161,0.0,0.16256848776503183,0.2894736842105263,0.2371703410624463,0.05230334314808002,0.7982172161172162,0,0.22807017543859648,0.15712896077362434,0.07094121466497214,0.6473703436570309,0,0.21929824561403508,0.15230137297343188,0.0669968726406032,0.5086378923364219,0
2023-08-14,2023-09-12,2023-06-16,58,0.12412958727242175,0.1324795497784043,0.20295827203349096,0.19891521163388548,0.23648461992264527,0.008298748858339356,0.012671001902425195,0.0,0.15160367139951195,0.30701754385964913,0.2434155050115577,0.06360203884809143,0.8949428571428573,2,0.21929824561403508,0.1513375198502908,0.06796072576374426,0.6666854733501794,0,0.22807017543859648,0.1483514741407544,0.07971870129784209,0.5153694777444778,0
2023-09-12,2023-10-10,2023-06-16,58,,0.12412958727242175,0.19164769841165372,0.1854742431727771,0.22383051810477628,0.008356883716182881,0.011903569944405808,0.0,0.13062411457279888,0.30701754385964913,0.26540836074257124,0.0416091831170779,0.9138436507936509,2,0.21929824561403508,0.15360087683357818,0.0656973687804569,0.7330165990871869,0,0.22807017543859648,0.1563204903212257,0.07174968511737079,0.6085047841047839,0
2023-10-10,2023-11-08,2023-09-15,59,,0.2111205531478419,0.1711763222922929,0.1631215424264094,0.2026406065248277,0.011850568257757897,0.011159019605743142,0.0,0.20888909621420199,0.27586206896551724,0.2217619724145587,0.05410009655095854,0.9397500000000002,1,0.19827586206896552,0.1408842672864098,0.05739159478255573,0.6744169534713652,0,0.2068965517241379,0.15330092981027316,0.053595621913864744,0.5671349012099015,0
2023-11-08,2023-12-06,2023-09-15,57,0.20738369126463402,0.19670462170918343,0.17409939792123247,0.16592477779241396,0.20875741480656723,0.01362412120815737,0.011114800122485873,0.0,0.1893078070180568,0.2767857142857143,0.23239795046223624,0.04438776382347806,0.9484309523809523,2,0.23214285714285715,0.16669892438618805,0.0654439327566691,0.6692113177672002,0,0.20535714285714285,0.1419075669124846,0.06344957594465825,0.42971829603145417,0
2023-12-06,2024-01-08,2023-09-15,57,0.10971799435020324,0.20738369126463402,0.18152825000233702,0.1728202257709213,0.21462932611028188,0.011568633533006285,0.011066558856350182,0.0,0.17459223048310615,0.2767857142857143,0.2275885545506082,0.049197159735106105,0.9213793650793654,1,0.21428571428571427,0.16220237298590776,0.05208334129980652,0.689178449818156,0,0.22321428571428573,0.1479692147138576,0.07524507100042813,0.4578599844599846,0
2024-01-08,2024-02-05,2023-12-15,58,0.2077766273297541,0.10579640864897209,0.17147963034052124,0.16625311704341544,0.20908680012814712,0.005957399303565494,0.010852474460191804,0.0,0.12953153687984464,0.2807017543859649,0.22689721944721947,0.05380453493874543,0.9603928571428573,1,0.20175438596491233,0.1569576977946948,0.044796688170217536,0.711403257853258,0,0.22807017543859648,0.16090304763462662,0.06716712780396986,0.6274974580974582,0
2024-02-05,2024-03-04,2023-12-15,58,0.19837948925856813,0.2077766273297541,0.1722593790067274,0.1663202515661156,0.20963913529990888,0.009741179375966346,0.010739470392315998,0.0,0.17381004509866213,0.2807017543859649,0.21937799685694429,0.06132375752902061,0.9008914141414144,1,0.21929824561403508,0.16055021881713066,0.05874802679690441,0.6087308526440881,0,0.23684210526315788,0.16289297441751008,0.0739491308456478,0.6306063002357115,0
2024-03-04,2024-04-03,2023-12-15,58,0.11487465467413922,0.19837948925856813,0.1690170198430936,0.16337424815531515,0.20728860273848138,0.00990186428855739,0.010669686599998028,0.0,0.182432133291784,0.2631578947368421,0.20914698644435484,0.05401090829248725,0.8633446608946608,1,0.21929824561403508,0.16007029573024156,0.05922794988379351,0.6144121009709244,0,0.23684210526315788,0.16629259297920299,0.0705495122839549,0.6139910233557297,0
2024-04-03,2024-05-02,2024-03-15,59,0.19397692261981914,0.13119275454534524,0.1537664684039905,0.14825022741158822,0.19091112538829047,0.01111344018860183,0.01041271751398867,0.0,0.14338043807376324,0.25862068965517243,0.2008674043868009,0.057753285268371535,0.8348481684981687,1,0.19827586206896552,0.13523366705978274,0.06304219500918279,0.49274914480943927,0,0.19827586206896555,0.13898861004006735,0.0592872520288982,0.3751311032448803,0
2024-05-02,2024-06-03,2024-03-15,60,0.15522746675649313,0.1944806778582759,0.15738736245782822,0.15130344086421105,0.19108350708238706,0.010699744762801229,0.010508966996595329,0.0,0.17114577359652436,0.2457627118644068,0.20317181053409866,0.04259090133030813,0.8491067460317461,1,0.1864406779661017,0.14343256559824366,0.04300811236785804,0.677992982017982,0,0.19491525423728814,0.13792622273456026,0.05698903150272788,0.36947062284121135,0
2024-06-03,2024-07-01,2024-03-15,60,0.21581955794629645,0.15522746675649313,0.15243440306391517,0.14644242782430322,0.18336242351272555,0.00883196488118935,0.010271182151780413,0.0,0.1529786672244961,0.2457627118644068,0.18965680501231352,0.05610590685209327,0.7994942668442672,0,0.211864406779661,0.1458989508497485,0.06596545592991251,0.6799041329585445,0,0.19491525423728814,0.13892703570938875,0.0559882185278994,0.4275822470013649,0
2024-07-01,2024-07-29,2024-06-21,60,0.20562449291152682,0.20166868959412004,0.15381655121395535,0.1472292931524199,0.1828835847624949,0.010221245688765491,0.010090844944371732,0.0,0.1655663577778463,0.2627118644067797,0.20954438762743843,0.05316747677934125,0.8795033189033188,1,0.22033898305084743,0.15852610774595619,0.06181287530489124,0.8072629884735151,1,0.2033898305084746,0.1451169658025591,0.0582728647059155,0.4736983738483742,0
2024-07-29,2024-08-27,2024-06-21,60,0.3217434332515557,0.20562449291152682,0.16461521340351296,0.15666815848284665,0.1907812905088266,0.010011615035478939,0.010213159386170493,0.0,0.18202792494745568,0.2966101694915254,0.22405465330338215,0.07255551618814327,0.8189492063492064,1,0.2033898305084745,0.1465735641601669,0.05681626634830761,0.7360040404040401,0,0.22033898305084745,0.144612176626409,0.07572680642443846,0.4150381456778518,0
2024-08-27,2024-09-24,2024-06-21,60,0.23258474777549742,0.3217434332515557,0.17721651449096534,0.16982587594268045,0.20199714217761044,0.014824088247092129,0.010712541273928351,0.0,0.2471226487475687,0.288135593220339,0.2048949524580881,0.0832406407622509,0.7148341269841268,0,0.18644067796610167,0.14010927207969837,0.046331405886403304,0.6777515652648003,0,0.211864406779661,0.13680496743480297,0.07505943934485804,0.38685262368350637,0
2024-09-24,2024-10-22,2024-09-20,60,0.17803634082010633,0.20906324711741944,0.17794078684525713,0.17095338194327764,0.20351316633252084,0.012501667562953069,0.01093826955728378,0.0,0.1986506737062014,0.2711864406779661,0.21059924218907267,0.060587198488893435,0.7804206571206569,0,0.211864406779661,0.15621401806346974,0.05565038871619127,0.7091287983258571,0,0.19491525423728814,0.14374611262781758,0.05116914160947056,0.49645540570540597,0
2024-10-22,2024-11-21,2024-09-20,60,0.1847876198704335,0.17803634082010633,0.17251766341982533,0.16770276525534403,0.20030041391607664,0.009887173760446254,0.010417657728618137,0.0,0.19551841718922355,0.2711864406779661,0.21519860817148959,0.055987832506476515,0.7684620490620492,0,0.19491525423728812,0.14234173559353028,0.05257351864375784,0.5370263798293212,0,0.19491525423728814,0.14165474590513888,0.053260508332149264,0.51577709066819,0
2024-11-21,2024-12-19,2024-09-20,60,,0.1847876198704335,0.1679528629982838,0.16192151536525018,0.19444936092006468,0.012964534014745389,0.010513209633414565,0.0,0.1993459780325372,0.2796610169491525,0.21753449342559505,0.062126523523557464,0.8119846320346322,1,0.2033898305084746,0.14553893455054978,0.05785089595792481,0.5086011708879359,0,0.19491525423728812,0.13905013776657602,0.0558651164707121,0.4317716797907975,0
2024-12-19,2025-01-24,2024-09-20,59,0.16716183284235642,0.16069358484212581,0.17246083251753777,0.16693553009328455,0.19901002832007952,0.008849493296460207,0.010565398765697287,0.0,0.17591329549450585,0.2672413793103448,0.2153140461549945,0.05192733315535031,0.8328707792207796,1,0.22413793103448276,0.15484132486569105,0.06929660616879171,0.6501438089688091,0,0.1896551724137931,0.13737719906305104,0.05227797335074205,0.382128059032471,0
2025-01-24,2025-02-21,2024-12-20,59,0.19414421498792098,0.17350896178743816,0.168582077976217,0.16469265069324798,0.19818838645057943,0.008556287966166736,0.010631953006081309,0.0,0.17009454762458012,0.2672413793103448,0.21235807195677878,0.05488330735356603,0.7980283272283275,0,0.21551724137931033,0.1514464036590612,0.06407083772024913,0.6040925177677501,0,0.21551724137931033,0.15074513847798587,0.06477210290132446,0.43273906028611925,0
2025-02-21,2025-03-21,2024-12-20,59,0.35922896164837365,0.19414421498792098,0.1685455466340838,0.16506166122486615,0.19972780938218748,0.011040634381435977,0.010759064013543576,0.0,0.17922129503075557,0.3017241379310345,0.22887835770551282,0.07284578022552166,0.8444612554112556,1,0.22413793103448276,0.15483182746068747,0.0693061035737953,0.5104318737935611,0,0.20689655172413796,0.1503472676171586,0.05654928410697935,0.4891777005674066,0
2025-03-21,2025-04-22,2024-12-20,59,0.4509135451655744,0.35922896164837365,0.18421306808167043,0.18190069043003743,0.21683619695937473,0.01572029737453076,0.011327375985095516,0.0,0.27988414980116305,0.33620689655172414,0.2529138231021852,0.08329307344953896,0.8695142857142857,1,0.21551724137931033,0.15588627513741618,0.05963096624189415,0.5739273060273061,0,0.22413793103448273,0.15919697027110824,0.0649409607633745,0.5539895215895213,0
2025-04-22,2025-05-21,2025-03-21,59,0.21467271101681906,0.4450996046234818,0.2177687210004157,0.21518195613017724,0.2528376636252438,0.024045954188496182,0.012743343535136854,0.0,0.4016247283120477,0.3620689655172414,0.2925259178560903,0.0695430476611511,0.9418404761904762,1,0.2068965517241379,0.14902522798860812,0.05787132373552978,0.518838987148043,0,0.19827586206896552,0.14304832860163813,0.055227533467327394,0.4462605688343308,0
2025-05-21,2025-06-18,2025-03-21,59,0.20087115789710314,0.21467271101681906,0.219640055556502,0.2168065488795054,0.25497641638491575,0.012150018717464278,0.012814625117936957,0.0,0.2713982571572611,0.33620689655172414,0.286793525153008,0.049413371398716155,0.9680166666666667,1,0.19827586206896552,0.14159771254635609,0.05667814952260944,0.4949359784006843,0,0.22413793103448276,0.1416996135090963,0.08243831752538647,0.4861593184593187,0
2025-06-18,2025-07-17,2025-03-21,59,0.1558424171190315,0.20087115789710314,0.2215867681199892,0.21881110493148498,0.25790995571423336,0.011317106103176053,0.012911606164903704,0.0,0.2137984405292155,0.3103448275862069,0.25860691147932524,0.051737916106881665,0.9359396825396827,1,0.19827586206896552,0.1433794808076755,0.05489638126129001,0.5332160982808043,0,0.19827586206896552,0.13964302165464695,0.05863284041431857,0.43251784604284627,0
2025-07-17,2025-08-14,2025-06-20,59,0.2080226381699041,0.16499592268853938,0.2327686428491321,0.225303304103905,0.2630025969744163,0.009764317805605308,0.013033383693940208,0.0,0.16538209780289917,0.35344827586206895,0.29082365029606416,0.06262462556600479,0.9484333333333334,2,0.2155172413793103,0.1473457358226628,0.0681715055566475,0.5392798257298258,0,0.2155172413793103,0.14141163740348184,0.07410560397582847,0.5216951992451991,0
2025-08-14,2025-09-12,2025-06-20,59,0.2338926385900625,0.2080226381699041,0.22408848742644094,0.21405453250246761,0.25395807396415127,0.011202630975068732,0.012775860915733036,0.0,0.18809840439248768,0.33620689655172414,0.27800101632084384,0.0582058802308803,0.940404761904762,1,0.21551724137931033,0.1487734099698476,0.06674383140946274,0.546292877057583,0,0.1810344827586207,0.1285033694936459,0.05253111326497478,0.41917918649977504,0
