origin_date,label_end_date,snapshot_revision_date,n_assets,future_y,current_y20,current_y252,mean_correlation,pc1_share,market_vol20,market_vol252,zero_volume_share,ewma_y,degree_raw,reliability_raw,discount_raw,max_selection_raw,stable_count_raw,degree_demeaned,reliability_demeaned,discount_demeaned,max_selection_demeaned,stable_count_demeaned,degree_factor_residual,reliability_factor_residual,discount_factor_residual,max_selection_factor_residual,stable_count_factor_residual
2007-03-19,2007-04-18,2007-03-16,46,0.08696248880143362,0.31707828894767814,0.1919142847586637,0.18166541383653503,0.21239836618468544,0.012574564269353198,0.011743405495596096,0.0,0.26383472642619515,0.3,0.23537081930415266,0.06462918069584733,0.8404325396825397,1,0.23333333333333334,0.15017776519776524,0.0831555681355681,0.5323045954045955,0,0.2222222222222222,0.15263814561981232,0.0695840766024099,0.5859963702963703,0
2007-04-18,2007-05-18,2007-03-16,46,0.2466619896794619,0.08648908674100524,0.1891124608083811,0.17974608055996305,0.21053769041009734,0.00742555672019494,0.011739600262027384,0.0,0.1306641889571602,0.2777777777777778,0.21564263427930103,0.062135143498476764,0.8060380952380954,1,0.19999999999999996,0.14913429786263122,0.05086570213736874,0.6248374014874019,0,0.2111111111111111,0.15700761133927799,0.054103499771833125,0.6197905760905763,0
2007-05-18,2007-06-18,2007-03-16,48,0.13733689354009723,0.24374040342495043,0.19865771347063033,0.18654557676615421,0.21331267905672568,0.009660180883335458,0.011412884994303615,0.0,0.2228624921795958,0.26595744680851063,0.20210405286203156,0.06385339394647907,0.6800754689754692,0,0.22340425531914893,0.15242323297270105,0.07098102234644788,0.6834423243423243,0,0.22340425531914893,0.16842766010585164,0.054976595213297286,0.5837063159063159,0
2007-06-18,2007-07-16,2007-06-15,49,0.1335541829417022,0.14475865881280275,0.16956337598842622,0.15520231372336402,0.18269869851023657,0.0077860052302597986,0.010633182469464642,0.0,0.1721984776810247,0.28125,0.2111275506900507,0.07012244930994929,0.8452794372294372,1,0.2395833333333333,0.17844189063251567,0.061141442700817616,0.7647659507159503,0,0.22916666666666666,0.15965077561327568,0.06951589105339098,0.42185266400266414,0
2007-07-16,2007-08-13,2007-06-15,49,0.17483787372900683,0.1335541829417022,0.15854288875208128,0.14213810061686272,0.16660605397201117,0.007980186272251756,0.009564726207926453,0.0,0.1617241904556729,0.2708333333333333,0.20023130561568062,0.0706020277176527,0.8775096681096682,1,0.19791666666666666,0.1548010252479003,0.043115641418766365,0.7948475191475192,0,0.19791666666666666,0.1473866418882044,0.050530024778462246,0.4228589022089024,0
2007-08-13,2007-09-11,2007-06-15,49,0.40777582395114764,0.17483787372900683,0.1609358401651461,0.1424319159867866,0.16643387546270283,0.011242984123108632,0.009426801237017167,0.0,0.1909635209108093,0.2708333333333333,0.19578323279729537,0.07505010053603794,0.766387301587302,0,0.19791666666666663,0.15295967163623417,0.04495699503043246,0.7787218836718839,0,0.19791666666666666,0.15056490922272173,0.04735175744394493,0.5207069097569099,0
2007-09-11,2007-10-09,2007-06-15,49,0.1731846720017427,0.40777582395114764,0.1946736646327502,0.17440327558451843,0.19927259900983663,0.017617386107617667,0.010102152662376965,0.0,0.3434966213894951,0.2916666666666667,0.21283797793641546,0.07882868873025123,0.6942952103452106,0,0.21875,0.1569783493994432,0.06177165060055681,0.7011777084027082,0,0.23958333333333334,0.16492039788914795,0.0746629354441854,0.669197918747919,0
2007-10-09,2007-11-07,2007-09-21,46,0.2383245717351145,0.1830483314521073,0.20567812077957864,0.18214701965363728,0.2096309754783375,0.009487541559211806,0.010249515611521827,0.0,0.2569268156654885,0.28888888888888886,0.22920346881513554,0.059685420073753326,0.8423714285714288,1,0.2111111111111111,0.16478342928676262,0.04632768182434849,0.6841361416361418,0,0.25555555555555554,0.18492129136295807,0.07063426419259747,0.6582253579753581,0
2007-11-07,2007-12-05,2007-09-21,48,0.3705508207500015,0.2226163929932395,0.2106796523741011,0.18663121500670568,0.21443990991120568,0.009908168244183788,0.010339637948198662,0.0,0.24596978132756595,0.2765957446808511,0.21837224099777292,0.05822350368307816,0.7040150793650795,0,0.19148936170212766,0.15381955373231973,0.03766980796980793,0.6620765678765683,0,0.20212765957446807,0.14944098950694693,0.052686670067521146,0.5686954989454988,0
2007-12-05,2008-01-09,2007-09-21,52,0.2229747310963293,0.3862467278250236,0.23466125631101,0.20867611118440732,0.2355422398446434,0.01493786803562522,0.010889753148728601,0.0,0.3366608419367144,0.30392156862745096,0.2427075778796367,0.06121399074781425,0.8139764790764793,1,0.23529411764705882,0.1635037828184887,0.07179033482857011,0.5576235542235544,0,0.2549019607843137,0.17874528597763895,0.07615667480667476,0.5983693861693863,0
2008-01-09,2008-02-06,2007-12-21,52,0.4891611330824927,0.22529617970718557,0.23681804332743855,0.20919801434092852,0.23612937917483398,0.009729854608149582,0.010930353135753858,0.0,0.2566571664702169,0.3137254901960784,0.25234745069745074,0.06137803949862769,0.8619458152958156,1,0.20588235294117646,0.16433558883926533,0.04154676410191113,0.6181040265290265,0,0.20588235294117652,0.15472944054855828,0.05115291239261824,0.4763475413475416,0
2008-02-06,2008-03-05,2007-12-21,52,0.22075491534093525,0.4891611330824927,0.27432116980301474,0.2477123135743714,0.2728169618816858,0.02208611461844927,0.012193648059061321,0.0,0.4411550561067628,0.3431372549019608,0.26585291837791836,0.07728433652404243,0.7693001165501168,0,0.21568627450980388,0.16226943541208252,0.05341683909772135,0.6619427239427239,0,0.2647058823529412,0.18818815166315173,0.07651773068978945,0.7547139749139748,0
2008-03-05,2008-04-04,2007-12-21,53,,0.2099132169415494,0.2590282305209513,0.23489801247447537,0.2595580129938585,0.011554564020129974,0.012158871754344963,0.0,0.2959878479547274,0.3173076923076923,0.2448601971212548,0.07244749518643748,0.8616606227106226,1,0.23076923076923078,0.16088038809481123,0.06988884267441955,0.7698489177489178,0,0.2403846153846154,0.1693032623893201,0.07108135299529528,0.7182534521034522,0
2008-04-04,2008-05-06,2008-03-20,49,,0.2140947502346511,0.2655694867838867,0.24266439404017787,0.2666127858399122,0.011044547770834303,0.012240080517574487,0.0,0.23785142865954004,0.34375,0.26841162442881195,0.07533837557118805,0.9160222222222223,1,0.19791666666666666,0.13665329433298185,0.06126337233368481,0.6495141303141303,0,0.21875,0.14241363931207687,0.07633636068792313,0.42911008991009014,0
2008-05-06,2008-06-04,2008-03-20,46,0.14157365857437695,0.21161119302491188,0.27775803881156597,0.2540078874735513,0.27927932148613027,0.010309300696957225,0.01243212989616915,0.0,0.21781032907432016,0.34444444444444444,0.2720321396504729,0.07241230479397154,0.8926841269841272,1,0.2,0.13425111770945108,0.06574888229054893,0.6433245809745813,0,0.2222222222222222,0.1539021772671773,0.0683200449550449,0.4867961815961816,0
2008-06-04,2008-07-02,2008-03-20,46,0.19821070154608472,0.14157365857437695,0.27465252023675135,0.25078176029718385,0.27721204630795315,0.00673654893644765,0.012268028773149697,0.0,0.1625044065545616,0.3333333333333333,0.27049774090107426,0.06283559243225906,0.856510461760462,1,0.2222222222222222,0.1348142305225639,0.08740799169965832,0.6113381007881011,0,0.2,0.15580752099752096,0.04419247900247905,0.6067602064602068,0
2008-07-02,2008-07-30,2008-06-20,48,,0.1970013853854436,0.27024643434010565,0.24833630467817996,0.2745765710470929,0.011640343240277535,0.012486043342954483,0.0,0.17739794583548507,0.32978723404255317,0.26330323140216755,0.06648400264038562,0.8909286435786437,1,0.18085106382978725,0.13749080269612188,0.04336026113366537,0.4309405816405818,0,0.2553191489361702,0.18196904425361876,0.07335010468255143,0.7526194361194362,0
2008-07-30,2008-08-28,2008-06-20,48,,0.25779777556453615,0.27755887472461355,0.2560686576945526,0.2823851098230046,0.013490885716916484,0.01282521087090076,0.0,0.2588341082746357,0.3191489361702128,0.2522494427558257,0.06689949341438706,0.789993650793651,0,0.19148936170212766,0.1491744235669768,0.04231493813515086,0.46095193695193715,0,0.2765957446808511,0.18571126845967273,0.09088447622117835,0.6951653735153737,0
2008-08-28,2008-09-25,2008-06-20,48,0.32691337593805736,0.19474350280061384,0.2636229540804948,0.2422275738982107,0.2699509431287001,0.010309172317585873,0.012380748155456997,0.0,0.21207681516455512,0.26595744680851063,0.20673597295139848,0.059221473857112156,0.6981779220779222,0,0.22340425531914893,0.15446075089213396,0.06894350442701497,0.4660178876678881,0,0.2553191489361702,0.18820553229276635,0.06711361664340385,0.8152844766344768,1
2008-09-25,2008-10-23,2008-09-19,46,0.49150490968845795,0.3315752112966461,0.26331852452721527,0.2452978623665261,0.2733839050458455,0.015044055412513021,0.012559680995288201,0.0,0.3085551483887201,0.26666666666666666,0.21646913259579925,0.05019753407086741,0.8001968253968254,1,0.24444444444444444,0.17036710709044053,0.0740773373540039,0.6084276501276505,0,0.23333333333333334,0.17397596008929347,0.05935737324403986,0.8484938061938062,1
2008-10-23,2008-11-21,2008-09-19,47,0.23614889680986698,0.4939020290637794,0.32027902571756983,0.30310329253500895,0.32869022932103015,0.02824881609040634,0.015030814870255618,0.0014353259034110097,0.46944278576236786,0.32608695652173914,0.272704338415208,0.05338261810653111,0.8381690476190481,1,0.1956521739130435,0.1523033425210056,0.04334883139203788,0.5138697163947168,0,0.2391304347826087,0.17081867432084824,0.06831176046176046,0.7962074259074261,0
2008-11-21,2008-12-19,2008-09-19,46,0.33516707682060526,0.25219425473651663,0.3073466176202543,0.28962552529428737,0.31695848776363167,0.017869595310296735,0.015397000160735027,0.0,0.31801586175706836,0.3111111111111111,0.2531794171877505,0.057931693923360617,0.8965261904761904,1,0.24444444444444444,0.16690244638077975,0.07754199806366469,0.6730652181152184,0,0.2222222222222222,0.15411558460058467,0.06810663762163754,0.5650344377844378,0
2008-12-19,2009-01-23,2008-09-19,45,0.3608843427619462,0.3382046387743605,0.3077215981473133,0.28928561272685543,0.3200412945450654,0.019237762662794408,0.015976137975948664,0.0,0.3153942288857402,0.3181818181818182,0.2506778409090909,0.06750397727272728,0.901693650793651,1,0.2159090909090909,0.16399004959686783,0.05191904131222308,0.6537814185814188,0,0.23863636363636365,0.16601632471064295,0.07262003892572069,0.5609301087801092,0
2009-01-23,2009-02-20,2008-12-19,46,,0.33941877533398584,0.3032683237428046,0.281072341621785,0.3151339355726969,0.018143499700064836,0.01632333346631101,0.0,0.3208803894028603,0.3333333333333333,0.2710273071989739,0.06230602613435943,0.8783761904761909,1,0.24444444444444444,0.1843902841602842,0.060054160284160246,0.6742799478299482,0,0.2222222222222222,0.15712299274799277,0.06509922947422944,0.5529636308136311,0
2009-02-20,2009-03-20,2008-12-19,45,,0.3091710846185634,0.28817631191945164,0.26421903579780165,0.30214602724526246,0.022377478486346827,0.01655262484742024,0.0,0.2942615156535711,0.3409090909090909,0.2819748827561328,0.05893420815295808,0.885938888888889,2,0.23863636363636365,0.1785212459257914,0.060115117710572236,0.6295256132756134,0,0.2159090909090909,0.15036987942612942,0.06553921148296149,0.4701729825729825,0
2009-03-20,2009-04-21,2008-12-19,44,0.35305206751878243,0.25571932323588353,0.29264783879641354,0.27003489598349223,0.310003736352307,0.017495126427668126,0.017011114453800262,0.0,0.27027056107738207,0.36046511627906974,0.3019823643410853,0.05848275193798447,0.9436380952380953,2,0.2441860465116279,0.1940050119131515,0.05018103459847639,0.7531769841269849,0,0.23255813953488372,0.16026534899209316,0.07229279054279056,0.4885927794427795,0
2009-04-21,2009-05-20,2009-03-20,45,0.3136131193118235,0.3566866056890393,0.2952835696640556,0.26760295229064646,0.30998532920659655,0.023185530193651875,0.017929767182901405,0.0,0.3303927757818733,0.3068181818181818,0.2494064935064935,0.05741168831168833,0.8467499999999999,1,0.23863636363636365,0.16836290666404308,0.07027345697232057,0.6182221500721502,0,0.25,0.1655840267686859,0.08441597323131411,0.4032520091020091,0
2009-05-20,2009-06-18,2009-03-20,46,0.21560560713539126,0.3147991886925325,0.29763882197064623,0.2691591115432332,0.30975364975586966,0.014557609264099918,0.01830405870440793,0.0,0.31812732738829586,0.32222222222222224,0.2686865432098765,0.05353567901234574,0.9098357142857142,2,0.2222222222222222,0.1648211667961668,0.05740105542605542,0.594971128871129,0,0.2222222222222222,0.16148906365239699,0.060733158569825224,0.4391384504384507,0
2009-06-18,2009-07-16,2009-03-20,47,,0.2111594617352106,0.29086151167749796,0.26433999616421205,0.3062768918855939,0.013895391349815673,0.01848873587432604,0.0,0.24699745430960215,0.31521739130434784,0.2628060386473429,0.05241135265700492,0.8889317460317461,2,0.21739130434782605,0.17102354843224413,0.046367755915581926,0.7099784604284605,0,0.21739130434782608,0.15283190269875058,0.0645594016490755,0.5034920246420248,0
2009-07-16,2009-08-13,2009-06-19,48,0.14555246676071734,0.37742695925806863,0.2939676075743153,0.26511405009350025,0.3080984145262076,0.016559211214455034,0.01880410851368422,0.0,0.2897198599995503,0.3191489361702128,0.2627717831813577,0.056377152988855095,0.9416166666666669,2,0.24468085106382978,0.17914845556334918,0.0655323955004806,0.7039955155955158,0,0.22340425531914893,0.15455239772048288,0.06885185759866605,0.6194163003663007,0
2009-08-13,2009-09-10,2009-06-19,49,0.34068792877143356,0.14574639305981804,0.2845892672575728,0.25433409500650034,0.29854075926631435,0.013420443907246992,0.018807410015555453,0.0,0.17421058076790716,0.3125,0.26107914186507936,0.051420858134920644,0.9659333333333333,2,0.2604166666666667,0.20426863252488262,0.05614803414178407,0.7000097569097573,0,0.20833333333333334,0.15085147907647908,0.05748185425685426,0.5726732822732822,0
2009-09-10,2009-10-08,2009-06-19,49,0.21123086012546569,0.34068792877143356,0.28980877958721724,0.2599441985981303,0.30315835676300124,0.016302354393662063,0.019096006798465126,0.0,0.3001674898369011,0.3020833333333333,0.25169128290690795,0.05039205042642536,0.9672238095238098,2,0.25,0.18793858386983395,0.06206141613016605,0.6104177766677767,0,0.23958333333333334,0.16311707233738484,0.0764662609959485,0.626389194139194,0
2009-10-08,2009-11-05,2009-09-18,46,0.20104647289889016,0.21904364961160158,0.27438086554209157,0.24651455855945578,0.2931491105477665,0.012218369343831904,0.01841062379988761,0.0,0.23753891981075256,0.3111111111111111,0.24579694626361293,0.06531416484749819,0.8998794372294375,2,0.2222222222222223,0.17652836496836505,0.045693857253857245,0.6594895326895334,0,0.23333333333333334,0.18230345333678674,0.051029879996546595,0.7304388056388057,0
2009-11-05,2009-12-04,2009-09-18,46,0.21924652433587508,0.20104647289889016,0.2515115996515132,0.22378848529406298,0.27306656472406987,0.012552341851845296,0.016780133012519675,0.0,0.21489288490243197,0.3,0.25262698412698414,0.047373015873015845,0.9863095238095239,1,0.2,0.1541340084606752,0.0458659915393248,0.7139959040959044,0,0.24444444444444444,0.17729014719848055,0.06715429724596389,0.6055526140526143,0
2009-12-04,2010-01-06,2009-09-18,46,0.09691993493536273,0.22288903283924372,0.23825947507376502,0.21396156425272625,0.26573043124894563,0.012355262426188254,0.016292712266553187,0.0,0.20959537749006746,0.3111111111111111,0.26085755812089145,0.05025355299021966,0.9055619047619049,2,0.24444444444444444,0.17576194879194887,0.06868249565249557,0.7017343489843496,0,0.2222222222222222,0.1447156654456655,0.07750655677655671,0.4262080697080698,0
2010-01-06,2010-02-03,2009-12-18,46,,0.10683290792919156,0.24145318952337952,0.21403325588546923,0.26731893265691353,0.006869549795308363,0.015953713491407246,0.0,0.1478312692069482,0.31111111111111106,0.27527038800705467,0.03584072310405639,0.9160587301587303,2,0.24444444444444444,0.17510993050159726,0.06933451394284718,0.763091225441226,0,0.2,0.15101200299700304,0.04898799700299697,0.4129379620379622,0
2010-02-03,2010-03-03,2009-12-18,45,0.3099508341766724,0.09669196121054982,0.2337147342439201,0.2073958715728733,0.26014205176804683,0.0054153197824592745,0.014695179877226005,0.0,0.1126739695728137,0.2840909090909091,0.23915539895710358,0.044935510133805534,0.8101128427128429,1,0.21590909090909094,0.16497961098245195,0.05092947992663899,0.599852308802309,0,0.21590909090909086,0.15926641912380554,0.056642671785285315,0.46284608724608745,0
2010-03-03,2010-03-31,2009-12-18,46,0.150942193575144,0.3066670476670317,0.23674053988803048,0.21130388852999757,0.26134557079225673,0.01208907215064266,0.013857158112431418,0.0,0.25485125630099376,0.24444444444444444,0.20185769680936347,0.04258674763508097,0.7033612554112558,0,0.24444444444444444,0.17916270248270258,0.06528174196174186,0.6402826950826949,0,0.22222222222222218,0.1713065824299158,0.05091563979230637,0.5601049672549674,0
2010-03-31,2010-04-30,2010-03-19,47,0.2370355577377772,0.13989028715857504,0.2347537683831613,0.21508319128021758,0.2613219472539043,0.005961806168743288,0.013079269440253742,0.0,0.16013454776705238,0.2717391304347826,0.21257271707760841,0.05916641335717418,0.7057741702741707,0,0.2065217391304348,0.16433584549508465,0.04218589363535016,0.685887728937729,0,0.24999999999999997,0.16962327811077818,0.08037672188922179,0.5340479242979242,0
2010-04-30,2010-05-31,2010-03-19,47,0.41271331345253653,0.2370355577377772,0.2168630017548793,0.20117139962681738,0.2471276880520319,0.009128238720066144,0.01188801464383924,0.0,0.2020669009113352,0.2717391304347826,0.2112345669427192,0.0605045634920634,0.6694045454545456,0,0.18478260869565213,0.14367544725805598,0.04110716143759616,0.4552392107892108,0,0.1956521739130435,0.14754302503052505,0.04810914888251844,0.472756304806305,0
2010-05-31,2010-06-29,2010-03-19,47,0.17185271456098353,0.41271331345253653,0.22090153871483073,0.20705153579630386,0.2521695552089678,0.01544750390576043,0.012027273446768384,0.0,0.3423744267058397,0.2608695652173913,0.20167214144551102,0.05919742377188028,0.5751064935064936,0,0.20652173913043478,0.14294681833866618,0.0635749207917686,0.44309795759795767,0,0.22826086956521743,0.1508037264064438,0.07745714315877364,0.4216126373626374,0
2010-06-29,2010-07-27,2010-06-18,46,,0.16808868079240738,0.21875145595386922,0.20244500302405188,0.24437690816863297,0.00784712059725087,0.011306637021185811,0.0,0.23993456234440844,0.3111111111111111,0.23192000801667467,0.07919110309443644,0.7804155122655125,0,0.2,0.15018374360207698,0.04981625639792303,0.3600784937284938,0,0.23333333333333334,0.16139852548685885,0.07193480784647449,0.5006433843933843,0
2010-07-27,2010-08-24,2010-06-18,47,0.21063698106122522,0.17082996885565643,0.21883919057022905,0.20503771046169647,0.2456105474252656,0.00689583119763596,0.010873467321966337,0.0,0.2113982405898437,0.30434782608695654,0.23809143736698088,0.06625638871997566,0.8101401098901099,1,0.20652173913043478,0.1477787207056229,0.05874301842481189,0.45740914918414954,0,0.20652173913043478,0.15172053821782086,0.05480120091261392,0.5053963092463094,0
2010-08-24,2010-09-21,2010-06-18,47,0.11692266346915381,0.21063698106122522,0.2197666305277005,0.20702170245287513,0.2463443121563234,0.00743897045759774,0.01022017327047045,0.0,0.21938934748457972,0.2608695652173913,0.20344516045548658,0.05742440476190472,0.6905152236652237,0,0.19565217391304351,0.1365272762563524,0.05912489765669113,0.412375826950827,0,0.2065217391304348,0.1534313958384611,0.05309034329197371,0.5446230991230991,0
2010-09-21,2010-10-19,2010-09-17,46,0.18515472599060728,0.11454829701448793,0.20899688551803425,0.1921119713754606,0.23361200855033196,0.006460051217697133,0.009571238741426576,0.0,0.13963797496079217,0.28888888888888886,0.24985504409171078,0.039033844797178086,0.9110190476190481,1,0.2222222222222222,0.16435547125713798,0.05786675096508423,0.6376968919968922,0,0.25555555555555554,0.16821807729307728,0.08733747826247826,0.5514129759129759,0
2010-10-19,2010-11-18,2010-09-17,46,0.1210679559433984,0.18515472599060728,0.20857591427102923,0.19150283296115644,0.23213740991133222,0.007970291589257559,0.009420310529689188,0.0,0.16350217012375357,0.35555555555555557,0.28870836139169476,0.06684719416386081,0.9568112554112556,1,0.2222222222222222,0.16312448218448222,0.05909774003773999,0.6827881562881563,0,0.23333333333333334,0.16446327055660392,0.06887006277672941,0.533475890775891,0
2010-11-18,2010-12-16,2010-09-17,47,0.09672963405360752,0.12112990769314501,0.19760093662874795,0.1819108834895675,0.22237671709695253,0.006765877990423656,0.0088645820349096,0.0,0.13616507064177774,0.29347826086956524,0.24890589905263824,0.044572361816927,0.912682683982684,1,0.21739130434782608,0.15452501429729695,0.06286629005052913,0.5718606726606728,0,0.23913043478260865,0.16567632669263108,0.07345410808997757,0.5826497668997668,0
2010-12-16,2011-01-17,2010-09-17,47,0.10335739840058683,0.09672963405360752,0.1898983111361461,0.17438288699346852,0.21478032348621628,0.0056837427226411755,0.008496899763633782,0.0,0.10674602891726835,0.30434782608695654,0.24549409937888192,0.05885372670807462,0.8362523809523811,1,0.21739130434782608,0.14991282805358902,0.06747847629423706,0.43955536130536155,0,0.2717391304347826,0.1731982285830112,0.09854090185177139,0.6112828504828502,0
2011-01-17,2011-02-14,2010-12-17,46,0.13426149613201543,0.11388689187616823,0.19669620709524668,0.18008683266930356,0.2194143918394835,0.005874499060441757,0.00849965785450596,0.0,0.11723652246161548,0.2777777777777778,0.23260509700176368,0.04517268077601411,0.9334978354978356,1,0.2222222222222222,0.1576116706133373,0.0646105516088849,0.5355297008547012,0,0.25555555555555554,0.1810917870401204,0.07446376851543512,0.6584293817293815,0
2011-02-14,2011-03-14,2010-12-17,48,0.14063322371831125,0.13507784306777235,0.17261419297406752,0.15871873031061162,0.19939817807965418,0.006723968389837984,0.008169004935783432,0.0,0.12208480305093654,0.30851063829787234,0.23702514122992843,0.07148549706794391,0.9199428571428573,1,0.2127659574468085,0.1564750808293362,0.05629087661747231,0.5969240426240425,0,0.2553191489361702,0.17381147546307127,0.08150767347309892,0.6225187257187259,0
2011-03-14,2011-04-11,2010-12-17,48,0.09467435553772491,0.14021906126859102,0.17015820999031284,0.15407188607465774,0.19374699355902933,0.006845609198513643,0.00806180919062143,0.0,0.1247651926831157,0.2765957446808511,0.22727422400294747,0.0493215206779036,0.917119047619048,1,0.23404255319148937,0.16148446712861608,0.07255808606287328,0.6494049339549343,0,0.2127659574468085,0.157952002430194,0.05481395501661451,0.5551170662670666,0
2011-04-11,2011-05-12,2011-03-18,47,,0.09515848678002325,0.16832230775142376,0.1548363264989191,0.1970214274357469,0.00617004238008959,0.00804079524118156,0.0,0.1113944909341592,0.2826086956521739,0.24550437213752435,0.03710432351464954,0.9157222222222224,1,0.22826086956521738,0.1610969061735366,0.06716396339168076,0.7492058330558333,0,0.2391304347826087,0.16612846091106961,0.07300197387153909,0.5654245421245422,0
2011-05-12,2011-06-09,2011-03-18,47,0.12871992511259034,0.16334446651727647,0.14908156330259822,0.13556268961244955,0.17850551391386144,0.0056569183484845775,0.0073916368425599914,0.0,0.13302654993484256,0.2826086956521739,0.22095922030867687,0.06164947534349702,0.9264809523809526,1,0.22826086956521738,0.1641679569223048,0.06409291264291259,0.6539385836385833,0,0.22826086956521738,0.15816940499114418,0.0700914645740732,0.48152897657897664,0
2011-06-09,2011-07-08,2011-03-18,46,,0.13137796796134446,0.1275577032809587,0.11122996303942158,0.15060206663310657,0.005483583197153774,0.006574654508782174,0.0,0.11410005020554181,0.31111111111111106,0.247039443642777,0.06407166746833406,0.8676572150072153,1,0.22222222222222227,0.1727133083583084,0.04950891386391387,0.6666871517371518,0,0.23333333333333334,0.1504109230275897,0.08292241030574363,0.445900838050838,0
2011-07-08,2011-08-05,2011-06-17,49,,0.16371652567135916,0.11609114008623049,0.10527131135142566,0.1433757086478922,0.005543257011267917,0.006499208199718038,0.0,0.1633210187524249,0.2916666666666667,0.22721091119528616,0.06445575547138052,0.871343722943723,1,0.21875,0.17016867883274142,0.04858132116725858,0.7367270285270289,0,0.21875,0.16214745509120518,0.05660254490879482,0.7404714452214456,0
2011-08-05,2011-09-05,2011-06-17,47,0.46089047661569876,0.43906652061040535,0.16234270642442242,0.15022246811203424,0.1833025447300033,0.01492006360630341,0.007454164849256258,0.0,0.45283558015514236,0.33695652173913043,0.2840840493443754,0.05287247239475501,0.9267977633477633,2,0.23913043478260865,0.17338128304985725,0.06574915173275139,0.719471002526885,0,0.2717391304347826,0.19829619691902303,0.07344293351575956,0.8320593739593738,1
2011-09-05,2011-10-03,2011-06-17,47,0.25555801046333154,0.46089047661569876,0.23858034994207553,0.23302590702339657,0.26898866720438086,0.026048696548999935,0.010125998269397403,0.0,0.42180564803221476,0.358695652173913,0.3166122259383129,0.04208342623560013,0.9345293650793652,1,0.21739130434782608,0.15178652440554613,0.06560477994227995,0.3759669996669998,0,0.2608695652173913,0.2110020505460723,0.049867514671319,0.7642391053391056,0
2011-10-03,2011-10-31,2011-09-16,45,0.3136955938796095,0.26648200969253893,0.2539649286013073,0.24752142817667402,0.2825623084501773,0.016786952088582455,0.01095708452096482,0.0,0.3109670787055837,0.38636363636363635,0.327493768037518,0.058869868326118346,0.825063492063492,1,0.2159090909090909,0.15222805742237566,0.06368103348671525,0.3380485791985793,0,0.2727272727272727,0.19179178923980061,0.08093548348747209,0.7082849206349204,0
2011-10-31,2011-11-30,2011-09-16,45,0.33515649428644617,0.3136955938796095,0.26154878217580724,0.2535572369051153,0.2876806872840891,0.012275753380884494,0.011327491177256076,0.0,0.3045296174445826,0.3977272727272727,0.3500270021645022,0.047700270562770486,0.9102444444444446,2,0.2045454545454545,0.15057728950342594,0.05396816504202856,0.41945727605727634,0,0.23863636363636365,0.17920523062795793,0.05943113300840572,0.6951983405483407,0
2011-11-30,2011-12-30,2011-09-16,46,,0.3380780431125481,0.2750710528007942,0.2687051117587182,0.30186394305092135,0.017185502825594792,0.012103803481984816,0.0,0.323145620189103,0.4,0.3341129982363316,0.0658870017636684,0.8814380952380952,2,0.23333333333333334,0.15938828874828875,0.07394504458504458,0.474304933954934,0,0.26666666666666666,0.18991131794131794,0.07675534872534873,0.6553119769119773,0
2011-12-30,2012-01-30,2011-12-16,47,,0.18449803627295516,0.27115763312452185,0.26653103312007503,0.29795634991641007,0.010258316168993881,0.012384169141130328,0.0,0.233529907579223,0.3804347826086957,0.3087716097308489,0.07166317287784679,0.8540642857142857,2,0.22826086956521738,0.15229393269773703,0.07596693686748035,0.5051489343989344,0,0.22826086956521738,0.17135482916841607,0.056906040396801305,0.5348405316905316,0
2012-01-30,2012-02-27,2011-12-16,46,0.1352973006537435,0.1492940130299979,0.2721415471333578,0.2662080099902621,0.29843667010998426,0.008406026927382484,0.012431945439082347,0.0,0.16780955237677303,0.3444444444444444,0.2973105908289242,0.047133853615520194,0.9213333333333332,2,0.20000000000000004,0.14388311114811117,0.05611688885188887,0.4128470140970142,0,0.25555555555555554,0.17670019092019096,0.07885536463536458,0.5729610389610392,0
2012-02-27,2012-03-26,2011-12-16,46,0.27885557256883114,0.1352973006537435,0.2784566611000563,0.2701469980911425,0.3022787115163704,0.0062114740766963305,0.012445671690519978,0.0,0.1454528201123718,0.35555555555555557,0.31229161375661374,0.04326394179894183,0.8920333333333335,2,0.2222222222222222,0.14868294631294637,0.07353927590927584,0.40573110778110766,0,0.26666666666666666,0.1931323788557122,0.07353428781095447,0.5913764735264736,0
2012-03-26,2012-04-25,2012-03-16,45,0.27336838457957885,0.263715850575089,0.283851505023203,0.27401887209467807,0.30560081986009646,0.008002268378572815,0.012504090916009875,0.0,0.24788072821629295,0.36363636363636365,0.316273024891775,0.047363338744588646,0.9362666666666667,3,0.2159090909090909,0.14836650552730102,0.0675425853817899,0.4438927239427241,0,0.25,0.17698296760058121,0.07301703239941879,0.512034126984127,0
2012-04-25,2012-05-25,2012-03-16,45,0.29510932839752646,0.27336838457957885,0.28498198270598835,0.27536655748625116,0.30687851227083746,0.00793184850239107,0.012563565267133925,0.0,0.2723372092218059,0.42045454545454547,0.37249852092352104,0.04795602453102443,0.9374500000000003,3,0.20454545454545456,0.15097074831733923,0.05357470622811533,0.5239355810855812,0,0.23863636363636365,0.17401492825356463,0.06462143538279902,0.5429437895437894,0
2012-05-25,2012-06-25,2012-03-16,45,,0.29510932839752646,0.2899626467141557,0.2804808913556523,0.3119902415996779,0.010670729677322561,0.012825814829071601,0.0,0.2837847606745551,0.3977272727272727,0.36166942640692645,0.036057846320346254,0.9301523809523812,3,0.22727272727272727,0.16343609887587163,0.06383662839685564,0.6065145854145854,0,0.22727272727272727,0.16699067781965515,0.06028204945307211,0.6460984848484851,0
2012-06-25,2012-07-23,2012-06-15,46,0.14678431862617106,0.18856087269466762,0.28451600891751966,0.2765150023173476,0.3092396817865204,0.01186764716774691,0.013225906756614524,0.0,0.21798733393755793,0.43333333333333335,0.3750142504409171,0.058319082892416274,0.9095999999999997,3,0.22222222222222215,0.1620691710758378,0.06015305114638436,0.6983215173715175,0,0.26666666666666666,0.18277728148394823,0.08388938518271843,0.6367879453879458,0
2012-07-23,2012-08-21,2012-06-15,47,0.08401354154293535,0.145447669952743,0.2769887943956289,0.273168271733605,0.306333390288822,0.007419377401597173,0.01324414360437152,0.0,0.1671034313185382,0.34782608695652173,0.296834963768116,0.05099112318840571,0.8899150793650793,3,0.21739130434782608,0.17112200088558796,0.04626930346223812,0.7749928016428022,0,0.22826086956521735,0.1639715764308156,0.06428929313440174,0.6280862359862361,0
2012-08-21,2012-09-18,2012-06-15,44,,0.08558066860472319,0.22309567001624533,0.2172102158808093,0.25327374504995004,0.0065889296154595925,0.01106610928176316,0.0,0.13310318106197275,0.3488372093023256,0.2887881506090809,0.06004905869324467,0.945857142857143,2,0.23255813953488372,0.1704997494753309,0.062058390059552826,0.5802463147963149,0,0.2558139534883721,0.1826010071324025,0.07321294635596962,0.6073724553224555,0
2012-09-18,2012-10-16,2012-06-15,43,0.14604065567488572,0.08681094196033598,0.21731176742725575,0.20471261229824333,0.24113126489078046,0.005530109309076456,0.010206170414448233,0.0,0.09832393175840883,0.30952380952380953,0.2529713804713805,0.05655242905242902,0.8940206349206351,2,0.2738095238095238,0.1911444213194214,0.0826651024901024,0.6773210844710847,0,0.2857142857142857,0.19045707427493147,0.09525721143935423,0.6640480685980685,0
2012-10-16,2012-11-14,2012-09-21,42,,0.13634740030405845,0.22402566951867142,0.205873015712162,0.2404845132542745,0.005853628879431363,0.009538384574549518,0.0,0.12551622086532827,0.34146341463414637,0.2959334908316616,0.04552992380248477,0.92668253968254,2,0.25609756097560976,0.19057619690607497,0.0655213640695348,0.7514834221334221,0,0.2682926829268293,0.18039627262980923,0.08789641029702006,0.5961978521478521,0
2012-11-14,2012-12-12,2012-09-21,42,0.08961706137946737,0.1092123677281085,0.20000151744385278,0.18132659829452827,0.2172100008194621,0.0061054732888524595,0.008805516739540773,0.0,0.10410726231235655,0.3048780487804878,0.24923471738288813,0.055643331397599666,0.8916714285714289,1,0.2682926829268293,0.20205095114912192,0.06624173177770737,0.7929616883116887,0,0.2804878048780488,0.17652377216279655,0.10396403271525226,0.6612674603174601,0
2012-12-12,2013-01-16,2012-09-21,43,,0.08828697337864362,0.17329653986666044,0.1523844912985309,0.19052662583079014,0.005325055631314953,0.007892262371111776,0.0,0.10835174247173106,0.32142857142857145,0.26853789682539686,0.05289067460317459,0.9175079365079367,1,0.2261904761904762,0.17933854022961168,0.04685193596086451,0.7861362359862358,0,0.2261904761904762,0.16296239177489186,0.06322808441558433,0.911552236652237,1
2013-01-16,2013-02-13,2012-12-21,43,0.10159576604266857,0.08456506384538132,0.16965640012704053,0.14953076618828937,0.18834862211464293,0.0052827986883186035,0.007569574983292554,0.0,0.09296592575250413,0.36904761904761907,0.2989708522297808,0.07007676681783825,0.948188888888889,2,0.27380952380952384,0.20344917807060672,0.07036034573891711,0.8763549783549783,1,0.2619047619047619,0.16765615647579937,0.09424860542896255,0.5485359973359974,0
2013-02-13,2013-03-13,2012-12-21,44,0.061138382961342615,0.09897050075475346,0.1582279549706173,0.14284472976672785,0.18363464415634392,0.005144276460206389,0.007478923439622053,0.0,0.09679738596092087,0.3488372093023256,0.2888905005201517,0.059946708782173896,0.9546714285714286,1,0.2558139534883721,0.16221007739030996,0.09360387609806214,0.5663560495060495,0,0.2558139534883721,0.16052220595941527,0.09529174752895683,0.554649739149739,0
2013-03-13,2013-04-12,2012-12-21,44,0.16795097051972366,0.061138382961342615,0.15118501416317726,0.13720077113881632,0.17815952652021155,0.004004179873189485,0.007278871760375312,0.0,0.07556659511471857,0.38372093023255816,0.30150415450182894,0.08221677573072922,0.8981191919191922,1,0.19767441860465115,0.1463905249143622,0.05128389369028896,0.3832653457653458,0,0.2558139534883721,0.1647753502311642,0.09103860325720789,0.45998003108003116,0
2013-04-12,2013-05-15,2013-03-15,42,,0.19185865191829718,0.15601194548619982,0.1369712935386963,0.18176797239867443,0.008406792763713153,0.007448387901315174,0.0,0.16338814888882913,0.34146341463414637,0.29205002903600463,0.049413385598141735,0.9419761904761909,1,0.23170731707317074,0.15700779146327937,0.07469952560989138,0.3482306637806639,0,0.2073170731707317,0.14718560660207003,0.06013146656866167,0.385058003108003,0
2013-05-15,2013-06-13,2013-03-15,41,0.1589392251000148,0.18666824500072152,0.15298586026418154,0.13450797555736788,0.17682955213238263,0.00799099640370341,0.00731363422715878,0.0,0.17007035903316975,0.3625,0.2926251884920635,0.06987481150793651,0.8560849206349207,1,0.225,0.15943733516483521,0.06556266483516479,0.39102657897657905,0,0.25,0.16899292353479856,0.08100707646520144,0.46151933621933655,0
2013-06-13,2013-07-11,2013-03-15,42,0.25515965620218944,0.1548090344456363,0.1341010364363202,0.11555184377225446,0.15635586227359047,0.006864578363312812,0.006778268998118496,0.0,0.15008572146938234,0.35365853658536583,0.29312324816105306,0.06053528842431277,0.8842039682539684,1,0.23170731707317074,0.16745468170041347,0.06425263537275727,0.6118712287712291,0,0.2073170731707317,0.14763630989606602,0.05968076327466568,0.406388544788545,0
2013-07-11,2013-08-08,2013-06-21,43,0.1357334455738758,0.2599421907701074,0.1392510046123335,0.12361821031920218,0.16444555588036025,0.01473837141918561,0.007420444012555862,0.0,0.23416802640637963,0.32142857142857145,0.26158797241118664,0.05984059901738481,0.9306753968253969,1,0.27380952380952384,0.18943864607614613,0.0843708777333777,0.49572995892995914,0,0.2261904761904762,0.15253913797842372,0.07365133821205247,0.3869072205572205,0
2013-08-08,2013-09-06,2013-06-21,43,0.235626257369885,0.1357334455738758,0.13949603192635843,0.12331779422018994,0.16402956613100325,0.006219401229289357,0.007436383500449127,0.0,0.1847528742528157,0.32142857142857145,0.25774643801965247,0.06368213340891898,0.8980174603174605,1,0.2619047619047619,0.170046886777244,0.09185787512751792,0.54990483960484,0,0.21428571428571433,0.14611431683395967,0.06817139745175466,0.3601329115329116,0
2013-09-06,2013-10-04,2013-06-21,42,0.25790349383039973,0.2393074692629284,0.153495906334003,0.14330068599920934,0.17991697577758067,0.0116570708820009,0.007884775944667957,0.0,0.26257253716918455,0.3170731707317073,0.23665614683419559,0.08041702389751174,0.7513660173160177,0,0.24390243902439024,0.16126570211631192,0.08263673690807832,0.46279455544455567,0,0.1951219512195122,0.1443068141885215,0.05081513703099069,0.3599287379287378,0
2013-10-04,2013-11-04,2013-09-20,43,0.19964929862995845,0.26237861189193595,0.16796826377231147,0.15423471700462485,0.18846191254121106,0.008645568026714939,0.008146961079414473,0.0,0.2692490562362588,0.25,0.1998606447124305,0.05013935528756949,0.7978269841269842,0,0.25,0.16252718005539438,0.08747281994460562,0.4570334276834279,0,0.21428571428571425,0.15390501852644708,0.06038069575926716,0.4553799367299367,0
2013-11-04,2013-12-03,2013-09-20,44,0.19041226631820288,0.20347927881901623,0.17311997140997418,0.1602395733161156,0.19359453814115107,0.00867720540612946,0.008252594185462942,0.0,0.2202248861683995,0.27906976744186046,0.20341717817066648,0.07565258927119398,0.6989038239538241,0,0.23255813953488372,0.16306500831210136,0.06949313122278236,0.4898101287601288,0,0.23255813953488372,0.15968382076579757,0.07287431876908615,0.468210894660895,0
2013-12-03,2014-01-08,2013-09-20,48,0.19502132873864822,0.18934158974143786,0.17225753402085295,0.16104630954057106,0.1928790767396598,0.008036804664380894,0.008467247034649584,0.0,0.19250507103885683,0.24468085106382978,0.186051213384724,0.058629637679105784,0.6749699356199353,0,0.18085106382978725,0.14036176028463265,0.04048930354515459,0.5430279415029415,0,0.23404255319148937,0.1499842205666674,0.08405833262482196,0.6554803918303919,0
2014-01-08,2014-02-05,2013-12-20,47,0.17967574365798863,0.20416504232166385,0.18565998486982446,0.1728488547456008,0.20365724565328486,0.006993506325748288,0.008582997008314601,0.0,0.21023351214226788,0.2608695652173913,0.18534702459376373,0.07552254062362757,0.6775500000000002,0,0.25,0.159427675464632,0.09057232453536801,0.5395618492618489,0,0.21739130434782608,0.14959814611716787,0.06779315823065821,0.45210787545787584,0
2014-02-05,2014-03-05,2013-12-20,47,0.28071017995395947,0.17967574365798863,0.18955421330314154,0.17743122309193204,0.20817609005913945,0.008314283684701239,0.008780002629351597,0.0,0.19282385721227702,0.25,0.18456395591123856,0.06543604408876144,0.5648647186147188,0,0.217391304347826,0.15361704485128402,0.06377425949654197,0.5738217393717392,0,0.21739130434782608,0.15768048557722472,0.05971081877060136,0.5966682928182929,0
2014-03-05,2014-04-02,2013-12-20,48,0.27745544357207746,0.2678083769887809,0.19795491895403391,0.18594323007330482,0.21598719115942924,0.008956201961148474,0.009011601676149006,0.0,0.27439899206584384,0.2553191489361702,0.19742219075250989,0.05789695818366031,0.5905080808080808,0,0.23404255319148937,0.16023648532318746,0.0738060678683019,0.6107645021645021,0,0.24468085106382978,0.17015289090342284,0.07452796016040694,0.5961902708402707,0
2014-04-02,2014-05-05,2014-03-21,51,0.130917947575652,0.27068613410857784,0.1916312186522255,0.17976710368125504,0.2092068011579643,0.008917616097447423,0.009091218875707753,0.0,0.23968368602197473,0.3,0.2252675252525253,0.07473247474747469,0.6571492784992791,0,0.27,0.174724266927517,0.09527573307248302,0.525981088356089,0,0.24,0.17144170085470087,0.06855829914529912,0.521856576756577,0
2014-05-05,2014-06-02,2014-03-21,51,,0.130917947575652,0.19469221675757947,0.18278082040003144,0.21095372329516773,0.005836890736289113,0.008929092215421262,0.0,0.1863009120441041,0.31,0.23843622127872127,0.07156377872127873,0.7378869408369408,0,0.26,0.17078197807747816,0.08921802192252185,0.5145740259740262,0,0.26,0.18607926229326238,0.07392073770673763,0.6140829725829728,0
2014-06-02,2014-07-01,2014-03-21,51,0.10888912923615687,0.13233696657113947,0.19650130437379495,0.18567963341681545,0.21351558794216557,0.005470556054999137,0.008832737951908235,0.0,0.1343253719142301,0.33,0.24944025757575758,0.08055974242424244,0.7205877344877349,0,0.28,0.1879570546120546,0.09204294538794541,0.6623668165168163,0,0.28,0.21127545926295926,0.06872454073704076,0.736132767232767,0
2014-07-01,2014-07-29,2014-06-20,51,0.14997214521727653,0.10888912923615686,0.1974629803753879,0.18599100470380764,0.21288180294760115,0.0049453633702884236,0.00846186956057348,0.0,0.11718348924159877,0.33,0.24572254850704847,0.08427745149295154,0.8086371295371297,1,0.25,0.17601886963036964,0.07398113036963036,0.4913910644910647,0,0.32,0.22747652397602397,0.09252347602397604,0.8016594239094241,1
2014-07-29,2014-08-27,2014-06-20,51,,0.14997214521727653,0.18995637898455672,0.17786163619328035,0.20415506387176174,0.005502475526825078,0.007899600902874171,0.0,0.13476881664618653,0.32,0.2536940021645022,0.06630599783549779,0.8378994227994231,1,0.24000000000000005,0.17027518065268069,0.06972481934731936,0.5434785270285276,0,0.26,0.19290076301476305,0.06709923698523695,0.7805336330336329,0
2014-08-27,2014-09-24,2014-06-20,50,0.2228681907859331,0.24531682843559252,0.19773036680023542,0.18571074171408533,0.2115545913676396,0.007470961157216001,0.007933268201040723,0.0,0.18893356784100437,0.30612244897959184,0.24467802084536774,0.0614444281342241,0.890577777777778,1,0.23469387755102042,0.15904925471354048,0.07564462283747994,0.5702973581973585,0,0.2551020408163265,0.181455339898197,0.07364670091812947,0.8476704906204903,1
2014-09-24,2014-10-22,2014-09-19,50,0.15916545818307368,0.22286819078593298,0.17971949550651808,0.16592216246408864,0.19144463560070327,0.008414296985175729,0.007363144922181333,0.0,0.19628007095896408,0.30612244897959184,0.25552888064316637,0.050593568336425476,0.9570085581085581,1,0.21428571428571427,0.1416996785527398,0.07258603573297448,0.46658593628593625,0,0.2755102040816326,0.18242296943419398,0.09308723464743865,0.8251701909201911,1
2014-10-22,2014-11-20,2014-09-19,50,,0.15916545818307368,0.17861256061116892,0.1643958172934935,0.18945455873444608,0.00624677545732647,0.007239201117932623,0.0,0.1939393144001578,0.29591836734693877,0.24213870041523103,0.05377966693170774,0.9384984126984127,1,0.19387755102040816,0.12435467729549364,0.06952287372491452,0.461940295815296,0,0.23469387755102042,0.16418084013492182,0.0705130374160986,0.8437187701187705,1
2014-11-20,2014-12-18,2014-09-19,50,0.11348644291482238,0.035649687278373594,0.17168360772896382,0.15628488900363013,0.18174359058565692,0.0035461226987417746,0.006993943668417063,0.0,0.08332796612080591,0.3163265306122449,0.27009778248961924,0.046228748122625674,0.9675271284271286,1,0.17346938775510204,0.13214294551820066,0.04132644223690138,0.5197183483183485,0,0.21428571428571427,0.1665943951173543,0.047691319168359975,0.9023083583083583,1
2014-12-18,2015-01-23,2014-09-19,50,0.23187470545498148,0.10909575185566478,0.1685258248148529,0.15354063261642495,0.17991437352962542,0.00671308701198854,0.006951709123465478,0.0,0.1130737536394971,0.35714285714285715,0.30100311423270604,0.056139742910151114,0.9678666666666667,1,0.19387755102040816,0.1321090154743217,0.06176853554608647,0.38013047508047537,0,0.22448979591836732,0.1607577768603279,0.06373201905803941,0.8242612554112554,1
2015-01-23,2015-02-20,2014-12-19,50,,0.2342871932919027,0.17311113481877724,0.15527639596009937,0.18428219901825493,0.01090982635586987,0.007206968733357299,0.0,0.20412013860606484,0.30612244897959184,0.26304752260211445,0.043074926377477396,0.9707675324675324,1,0.20408163265306123,0.13710687065368946,0.06697476199937177,0.5083616909234558,0,0.2653061224489796,0.1829866042687472,0.08231951818023242,0.6189183483183488,0
2015-02-20,2015-03-20,2014-12-19,49,0.09755237336370629,0.048867833654014495,0.1672997988041172,0.14815628420721424,0.17705139268091397,0.0033086235653509133,0.006876730469482001,0.0,0.11453626420585236,0.3333333333333333,0.27820666705979213,0.05512666627354118,0.9658523809523811,1,0.17708333333333334,0.1289794643435269,0.04810386898980645,0.4363714008214009,0,0.17708333333333334,0.14368625445734823,0.033397078875985114,0.6037000527250529,0
2015-03-20,2015-04-21,2014-12-19,49,0.11256382928165595,0.09755237336370629,0.13990544898287105,0.12129033607642366,0.1517219919694912,0.005743637172417936,0.006399200980784947,0.0,0.1070825089899193,0.28125,0.2160780017436267,0.06517199825637329,0.7849626984126984,0,0.17708333333333334,0.12933255338411595,0.04775077994921739,0.4140559607059612,0,0.23958333333333334,0.1622688019734895,0.07731453135984384,0.614963997113997,0
2015-04-21,2015-05-20,2015-03-20,51,0.04972497014112027,0.10486474204666331,0.13393330813098295,0.11524258234247746,0.14679915455919634,0.005598491218266752,0.0064074133761174434,0.0,0.11210931851412224,0.28,0.22599276662226664,0.05400723337773339,0.7033251082251085,0,0.23,0.15946706560106566,0.07053293439893435,0.5199604617604623,0,0.25,0.16676773518148524,0.08323226481851476,0.5706086718836719,0
2015-05-20,2015-06-18,2015-03-20,51,0.10776744820026031,0.04972497014112027,0.1261011030348096,0.10729303386247797,0.13999584219125974,0.004374396327992321,0.006272253803352723,0.0,0.06619073491186138,0.33,0.2549253231768232,0.07507467682317681,0.8020401154401154,1,0.23,0.15839372055722062,0.07160627944277939,0.4911660783660785,0,0.2,0.15005840467865472,0.04994159532134529,0.47988643301143347,0
2015-06-18,2015-07-16,2015-03-20,51,0.24651827793215178,0.10776744820026031,0.1272042180839644,0.10964283251891108,0.14236509228330493,0.006288909510466936,0.006417647890342929,0.0,0.1095423544082972,0.31,0.2413715050505051,0.06862849494949491,0.8225683982683984,1,0.23,0.15932606066156071,0.0706739393384393,0.44935483405483456,0,0.19,0.14294369452769456,0.04705630547230544,0.43884612609612644,0
2015-07-16,2015-08-13,2015-06-19,52,0.15233125492352742,0.24813281956767222,0.13295762973148348,0.11619917268337346,0.150057176229318,0.009748031751629263,0.006756555169936609,0.0,0.2043667793249742,0.30392156862745096,0.2269234729322965,0.07699809569515445,0.7768993672993674,0,0.22549019607843135,0.1552002350727037,0.07028996100572765,0.5200811029527752,0,0.20588235294117646,0.14928346613396928,0.05659888680720718,0.4772725546383445,0
2015-08-13,2015-09-10,2015-06-19,52,0.23739196903600873,0.15233125492352742,0.12932570936959456,0.11068486324367265,0.14628104672987963,0.008263639406819573,0.006932658760233339,0.0,0.15770706095516326,0.3235294117647059,0.2392903873359756,0.0842390244287303,0.8535190476190481,1,0.24509803921568626,0.1687337625609686,0.07636427665471768,0.5089039155289157,0,0.24509803921568626,0.15595375555816735,0.08914428365751892,0.49489608724608736,0
2015-09-10,2015-10-08,2015-06-19,52,,0.24243781706590228,0.13474071488259837,0.11809421166699281,0.1501819592156464,0.010746711422839356,0.007152387695441841,0.0,0.20250580615016064,0.30392156862745096,0.22110655080213903,0.08281501782531192,0.8052303030303032,1,0.23529411764705882,0.15587233782813373,0.07942177981892509,0.3963638750138753,0,0.2647058823529412,0.17005785766521067,0.09464802468773051,0.5088991119991122,0
2015-10-08,2015-11-05,2015-09-18,53,0.13023923553082029,0.14625787462573323,0.13227368623920674,0.11838221941637422,0.15055259328274928,0.008645358095979059,0.007331887947403732,0.0,0.16034982809395867,0.2980769230769231,0.22241367617425317,0.0756632469026699,0.749774314574315,0,0.2403846153846154,0.1525839510539737,0.08780066433064168,0.43527157221863133,0,0.25,0.1541182722459165,0.09588172775408349,0.42186570651570665,0
2015-11-05,2015-12-04,2015-09-18,53,0.13067009188861542,0.13023923553082029,0.13264526267727053,0.11922241567911934,0.1513061985529301,0.0059514408360762,0.007348926457033107,0.0,0.14018678381657254,0.3173076923076923,0.23897472650213036,0.07833296580556193,0.6420255411255414,0,0.25,0.15758444346785694,0.09241555653214306,0.3933246142746144,0,0.2403846153846154,0.15732107923499333,0.08306353614962206,0.39718230984701586,0
2015-12-04,2016-01-08,2015-09-18,52,0.2051830965263986,0.13334782602884043,0.14195925101914714,0.1276960474829611,0.15934698185307997,0.006979606906348099,0.007554591867209967,0.0,0.13717615758453258,0.30392156862745096,0.23027905172169874,0.07364251690575221,0.6845542568542569,0,0.24509803921568626,0.16579655702813148,0.07930148218755478,0.4753945471195475,0,0.2647058823529412,0.1744247446725388,0.09028113768040238,0.4497997280497282,0
2016-01-08,2016-02-05,2015-12-18,53,0.14320438846251257,0.2063646541471877,0.14584122356581447,0.13398331232195373,0.16393361959050134,0.011465519473925132,0.00789908728866868,0.0,0.1764256951889533,0.3173076923076923,0.23220493107320034,0.08510276123449195,0.6999569430569434,0,0.24038461538461542,0.16040547158503896,0.07997914379957646,0.5433602924852927,0,0.25961538461538464,0.17174500589750877,0.08787037871787587,0.487577368383251,0
2016-02-05,2016-03-04,2015-12-18,54,0.18855118746198138,0.1408426913781273,0.14196373634503498,0.13080842437627507,0.16158056108038427,0.009601899817632565,0.007912312109573084,0.0,0.13623676105336816,0.330188679245283,0.2475163165974488,0.0826723626478342,0.8036404706404712,1,0.24528301886792453,0.15926025069701547,0.08602276817090906,0.57691620732209,0,0.2358490566037736,0.16547559371661763,0.07037346288715596,0.504395952576835,0
2016-03-04,2016-04-05,2015-12-18,55,,0.18659738394559164,0.14575919579739374,0.13446668307695994,0.16549381752735376,0.009541747788252298,0.008251256358073522,0.0,0.16393794198166806,0.3148148148148148,0.2509137410942967,0.06390107372051812,0.8346502886002886,1,0.23148148148148148,0.15831313057252602,0.07316835090895546,0.4962462055917941,0,0.25925925925925924,0.1646244611869612,0.09463479807229805,0.4825892690642693,0
2016-04-05,2016-05-04,2016-03-18,51,0.10445697377136819,0.07956312288119707,0.14809292759895867,0.13346501078967962,0.16610866056876253,0.006897746157373678,0.008372542917984175,0.0,0.12290129939463423,0.35,0.27228008391608394,0.07771991608391604,0.8254652958152959,1,0.22999999999999995,0.1541768801753802,0.07582311982461976,0.5247742035742038,0,0.26,0.16834747330447336,0.09165252669552665,0.5262328726828729,0
2016-05-04,2016-06-02,2016-03-18,52,0.17659311483827647,0.10334060371231193,0.1471576895326981,0.13287097773641954,0.16351673115335036,0.005869713515574975,0.00834235032804511,0.0,0.09546173029710679,0.29411764705882354,0.23596020607932372,0.05815744097949982,0.7542870740370744,0,0.22549019607843138,0.15428309302993565,0.07120710304849573,0.5235385932694758,0,0.27450980392156865,0.17419438116349886,0.10031542275806979,0.57391240981241,0
2016-06-02,2016-06-30,2016-03-18,53,0.3696494930974393,0.17706814926195832,0.15176987703944536,0.13704930957996384,0.16689178850719666,0.008875769319262424,0.008643944815110247,0.0,0.1885875280640613,0.33653846153846156,0.26477246567535034,0.07176599586311122,0.8257239538239539,1,0.23076923076923078,0.15672582278832287,0.07404340798090792,0.43506128593628635,0,0.2307692307692308,0.16098078828223067,0.06978844248700014,0.4868158036408039,0
2016-06-30,2016-07-28,2016-06-17,53,,0.3878052916369066,0.18102780195495025,0.16360341007755844,0.19360491260879012,0.012583080648128917,0.009054584576686387,0.0,0.37395541179987696,0.2980769230769231,0.22720658444119982,0.07087033863572326,0.9119166666666668,1,0.2211538461538462,0.15800412173296793,0.06314972442087827,0.4836081640581643,0,0.25961538461538464,0.1709480201422509,0.08866736447313373,0.5693588966588967,0
2016-07-28,2016-08-26,2016-06-17,53,0.09952346240634,0.0784184419554818,0.17595294880993032,0.15789794768722967,0.18877416041065714,0.005080202065168365,0.008821384200497004,0.0,0.20526884337335302,0.3076923076923077,0.24217890944525558,0.06551339824705213,0.8892222943722945,1,0.19230769230769232,0.14604485162273625,0.046262840684956064,0.5210709651459654,0,0.23076923076923078,0.16773703230530163,0.06303219846392916,0.4738454822954825,0
2016-08-26,2016-09-23,2016-06-17,53,0.16227360945625943,0.09952346240634,0.16260511914458942,0.14321369660209052,0.1768645792038517,0.0061027576703209605,0.008521605848852523,0.0,0.12600463547133658,0.33653846153846156,0.26999434038184045,0.06654412115662112,0.8305135642135646,1,0.25,0.16592926643335304,0.08407073356664696,0.5376559274059277,0,0.2115384615384615,0.16052494199176898,0.05101351954669253,0.5547439421689423,0
2016-09-23,2016-10-21,2016-09-16,53,0.04749139259668376,0.15655209202964518,0.1696963867515722,0.1504342892309458,0.1812997865327121,0.007287733066562361,0.008456795554749442,0.0,0.12594713982305486,0.3076923076923077,0.24214793598495518,0.06554437170735253,0.8198926850926851,1,0.23076923076923078,0.16145741856967827,0.06931181219955251,0.4564666944166945,0,0.23076923076923078,0.1561416004935236,0.07462763027570718,0.4701926462426465,0
2016-10-21,2016-11-22,2016-09-16,53,0.23663275684396073,0.045767260461678096,0.16284076930879787,0.14297931448640003,0.17484916399605327,0.004477523920929459,0.00826084352942404,0.0,0.07236008154698953,0.27884615384615385,0.21455186839304488,0.06429428545310897,0.8199568542568545,1,0.22115384615384615,0.1504226542154427,0.07073119193840344,0.39341033411033416,0,0.22115384615384615,0.1520142728798979,0.06913957327394823,0.49867811077811114,0
2016-11-22,2016-12-20,2016-09-16,54,0.12459954646551456,0.23218842923402705,0.16962828603594252,0.14986531775868403,0.18088413091654942,0.010044597262032783,0.008503421728518257,0.0,0.1881629495518749,0.29245283018867924,0.22999832525964609,0.06245450492903315,0.9025669552669554,1,0.21698113207547168,0.15442303969153315,0.06255809238393853,0.42780257226433743,0,0.2169811320754717,0.15097174946461853,0.06600938261085318,0.5297572757308053,0
2016-12-20,2017-01-19,2016-12-16,54,0.07959948625036747,0.12946647461126812,0.15944292523566284,0.13990714911084123,0.17310378522812858,0.007719535585919551,0.008159547416799138,0.0,0.14148190984984027,0.3113207547169811,0.24216613575104146,0.06915461896593966,0.8846548340548344,1,0.22641509433962265,0.15430408551246513,0.07211100882715751,0.5121997391497394,0,0.24528301886792453,0.15888417243134234,0.08639884643658219,0.5102845127095132,0
2017-01-19,2017-02-16,2016-12-16,54,0.16283218866036464,0.07959948625036747,0.1559651410329327,0.13542392663173536,0.16958005909306792,0.004406553570720296,0.007822381543000592,0.0,0.1029724478623446,0.33962264150943394,0.2584351155134174,0.08118752599601653,0.8588774336774337,1,0.22641509433962265,0.15737124219657522,0.06904385214304742,0.48976487678987685,0,0.2358490566037736,0.15825890155904038,0.07759015504473321,0.46115695970696,0
2017-02-16,2017-03-16,2016-12-16,54,0.18231772827095302,0.16283218866036464,0.15709620318997752,0.13656196691609956,0.16977678993019052,0.007380642805624784,0.00763097899495644,0.0,0.14193528949817127,0.33962264150943394,0.26155173154937306,0.07807090996006089,0.882462987012987,1,0.2075471698113207,0.15559638072803997,0.05195078908328074,0.5338810258369084,0,0.2358490566037736,0.16330024158231712,0.07254881502145646,0.459107825507826,0
2017-03-16,2017-04-13,2016-12-16,55,0.1183175318115419,0.17768978069082964,0.16197788963552714,0.14150859348162143,0.17367513470683207,0.008751628076446655,0.007793006523811986,0.0,0.15788952274373264,0.3333333333333333,0.27606569644347423,0.057267636889859086,0.9250934509934513,2,0.19444444444444445,0.14059074459491128,0.05385369984953317,0.5517559829059833,0,0.23148148148148145,0.1582501972050584,0.07323128427642306,0.44059398934398947,0
2017-04-13,2017-05-17,2017-03-17,55,0.09152168644099884,0.12639176007570826,0.15773031982769467,0.14029508046004974,0.17250393330074928,0.006354174531067035,0.007694683702066675,0.0,0.13347081457853266,0.3055555555555556,0.2478485843374733,0.05770697121808227,0.8421722943722947,1,0.21296296296296297,0.14418907982449652,0.06877388313846644,0.4106702464202465,0,0.26851851851851855,0.17238829637440758,0.09613022214411096,0.4702885281385282,0
2017-05-17,2017-06-14,2017-03-17,56,0.12465073663353556,0.09137465317951693,0.15677722468586336,0.13972421615093114,0.17130252707262095,0.007082283436410464,0.007770404966870374,0.0,0.09664140877512267,0.3090909090909091,0.25967318191909106,0.04941772717181803,0.8313825341325345,2,0.2272727272727273,0.15407442183188177,0.07319830544084552,0.5144942270148154,0,0.22727272727272727,0.16084706739487495,0.06642565987785232,0.5782327518886342,0
2017-06-14,2017-07-13,2017-03-17,56,,0.12465073663353556,0.1458936605735143,0.12949838307360811,0.16138829274872907,0.006980451001816437,0.007397160841192092,0.0,0.10828169842117392,0.3181818181818182,0.24558580273262096,0.07259601544919722,0.8481240925740929,1,0.22727272727272727,0.1555267089030994,0.07174601836962788,0.5239451323186621,0,0.23636363636363633,0.16437380669835225,0.07198982966528408,0.4353537185037188,0
2017-07-13,2017-08-10,2017-06-16,55,,0.1003205306571143,0.11010936700685357,0.09595807768248674,0.1281374497316091,0.005229282428931189,0.006803322424858177,0.0,0.10711790883530943,0.25925925925925924,0.2029955062941175,0.056263752965141745,0.737696464646465,0,0.2222222222222222,0.15844587103165542,0.0637763511905668,0.5811999510293631,0,0.24074074074074073,0.16541938054229724,0.07532136019844349,0.5743280663780667,0
2017-08-10,2017-09-08,2017-06-16,54,0.0998257985900291,0.07835052116254376,0.11297753711042607,0.09803864677612202,0.13073453393809167,0.004841309272645961,0.006761238574387668,0.0,0.08870538780930255,0.29245283018867924,0.23242728806832585,0.06002554212035338,0.862940947940948,2,0.24528301886792453,0.16764608436636744,0.07763693450155709,0.620623620823621,0,0.22641509433962262,0.16211767705718874,0.06429741728243388,0.473656308071014,0
2017-09-08,2017-10-06,2017-06-16,54,0.0377906511071377,0.0998257985900291,0.11102943660527972,0.09577043155358198,0.12904058305037894,0.006393978419178479,0.0067454762527062295,0.0,0.09857676144546293,0.3113207547169811,0.24196318210091805,0.06935757261606307,0.8693283216783222,1,0.22641509433962265,0.16448669399259022,0.061928400347032425,0.6244256715506713,0,0.22641509433962265,0.15714856752675777,0.06926652681286488,0.46660674822253795,0
2017-10-06,2017-11-06,2017-09-15,55,,0.038742354798191644,0.10604765982662856,0.09332930451990998,0.12766968342560026,0.004559390858096165,0.006715307888010968,0.0,0.05475581420037713,0.3055555555555556,0.24221752786973377,0.06333802768582181,0.8078662683721507,2,0.25925925925925924,0.17795358481387893,0.08130567444538031,0.5230880906675027,0,0.23148148148148148,0.14976728014783575,0.08171420133364574,0.35676044511044497,0
2017-11-06,2017-12-04,2017-09-15,53,0.11708124256107626,0.14190823212765027,0.11046889826503352,0.09881746044295248,0.13253273780876235,0.006238154569302914,0.006687074571270759,0.0,0.11684435028631307,0.28846153846153844,0.226026175427137,0.06243536303440145,0.7852997113997117,0,0.23076923076923078,0.16330467433207832,0.06746455643715246,0.5534105533355534,0,0.23076923076923073,0.1571260104996813,0.07364322026954942,0.42998200459671054,0
2017-12-04,2018-01-05,2017-09-15,53,0.06076853051587649,0.11708124256107626,0.10218418365201357,0.09069417647608063,0.12506323613903317,0.008272699749297062,0.006645758354664875,0.0,0.10696115079267812,0.27884615384615385,0.21636179077332934,0.06248436307282451,0.8032810189810192,1,0.21153846153846154,0.1507436987691796,0.060794762769281946,0.5364652125652131,0,0.24038461538461536,0.1641329456867919,0.07625166969782346,0.5273090576090579,0
2018-01-05,2018-02-02,2017-12-15,53,,0.05994245932629059,0.09839854451131996,0.08602736184891188,0.12179565989143552,0.006008329307891612,0.006534647007411403,0.0,0.08201420613567448,0.25961538461538464,0.20728724165791476,0.052328142957469875,0.7627010822510821,0,0.25,0.16140599850595613,0.08859400149404387,0.5322723193473197,0,0.25,0.16735621261751074,0.08264378738248926,0.63242983960484,0
2018-02-02,2018-03-02,2017-12-15,51,0.06731988805723907,0.09669619536482738,0.10356503953002905,0.08727880926968958,0.12198589882032289,0.005809583107937387,0.006438434993954587,0.0,0.0983705623943993,0.26,0.20634044000444,0.05365955999556002,0.8126947718947717,1,0.21,0.14994710581085588,0.06005289418914411,0.43015472305472346,0,0.25,0.16722250743700748,0.08277749256299252,0.5841009435009435,0
2018-03-02,2018-04-03,2017-12-15,51,0.14106782338125426,0.06731988805723907,0.09551317589468199,0.07880839601267355,0.11367395341546326,0.0064947656055525235,0.00633111477376755,0.0,0.07455652291257935,0.27,0.1958068748196249,0.07419312518037513,0.8933750360750361,1,0.20999999999999996,0.1581574613686967,0.05184253863130325,0.5958058469308475,0,0.29,0.17443515173715174,0.11556484826284824,0.42462569652569676,0
2018-04-03,2018-05-02,2018-03-16,51,0.06374331946456993,0.14960702051610603,0.09559185959147282,0.07853283945183567,0.11568170388406192,0.009828769834217809,0.006597740671483818,0.0,0.12630544217433343,0.25,0.19514549444999438,0.05485450555000562,0.8122261460761462,1,0.22,0.16106038391510455,0.05893961608489545,0.5822414570723397,0,0.24,0.1714144328449329,0.06858556715506708,0.6241888944388948,0
2018-05-02,2018-06-01,2018-03-16,51,0.12653316235549583,0.06511940292173972,0.09349270706310847,0.07610030615349402,0.11230939108896741,0.005769556594052518,0.006480505832488823,0.0,0.09036032280402415,0.25,0.18955085103785108,0.060449148962148924,0.6824264735264735,0,0.23,0.16968458674658676,0.06031541325341325,0.5590805555555559,0,0.24,0.16670134088460567,0.07329865911539432,0.5916852799161626,0
2018-06-01,2018-06-29,2018-03-16,52,0.1433578699779861,0.1277648549712323,0.09497005806500984,0.07783770359906668,0.1132350969377196,0.008053693066124778,0.006615257438019033,0.00038156288156288156,0.10388290591519385,0.2549019607843137,0.1962753766930238,0.0586265840912899,0.6706764624264622,0,0.20588235294117646,0.16046076381007182,0.04542158913110464,0.6212014645485235,0,0.24509803921568626,0.16194934558905155,0.08314869362663471,0.4919418969918972,0
2018-06-29,2018-07-27,2018-06-15,55,0.073563446933803,0.13811511351698522,0.09181191743486818,0.0775069442510532,0.11228144369018467,0.008180444129415137,0.00677810265038392,0.0,0.1307683924932751,0.24074074074074073,0.17824380686186245,0.06249693387887828,0.7585831501831495,0,0.2037037037037037,0.14189460963117015,0.061809094072533544,0.550930314130314,0,0.24074074074074073,0.15652720860898967,0.08421353213175106,0.42084680646151246,0
2018-07-27,2018-08-27,2018-06-15,55,,0.073563446933803,0.09145979537126088,0.07699990939371427,0.11318192595266958,0.007390191524372243,0.00701320073007685,0.0,0.09653573406381065,0.24074074074074078,0.18889267938851273,0.05184806135222805,0.8201297591297594,1,0.212962962962963,0.1485367504409171,0.06442621252204589,0.6365134199134196,0,0.23148148148148148,0.15098180448666568,0.0804996769948158,0.5161480214230219,0
2018-08-27,2018-09-24,2018-06-15,56,0.1447717647546316,0.13302994677813532,0.0958962031534269,0.08318793770775972,0.11795322339264439,0.00840939267227747,0.0072825257198583454,7.086167800453515e-05,0.12193015810862269,0.23636363636363633,0.17955773388227933,0.056805902481357,0.7732772394272397,0,0.20909090909090908,0.14313933776085694,0.06595157133005214,0.6111225740633638,0,0.2,0.13993705175098228,0.06006294824901773,0.4294571983571984,0
2018-09-24,2018-10-22,2018-09-21,56,0.09817382001071474,0.14592310691114663,0.10413844665986037,0.09128615977076972,0.12390139649930962,0.00759463950357412,0.007399603717990288,7.086167800453515e-05,0.14348313972108215,0.24545454545454545,0.17737886134067962,0.06807568411386583,0.7768987956487959,0,0.20909090909090908,0.14897709593436873,0.06011381315654035,0.5473839660339662,0,0.2545454545454545,0.1696809490717245,0.08486450547373,0.7235139892786953,0
2018-10-22,2018-11-21,2018-09-21,55,0.14535187789487708,0.10858502137272007,0.10484000218213733,0.09184155577949922,0.12527552093640404,0.007825387072525619,0.007562069759732437,7.215007215007215e-05,0.1117584465577592,0.25925925925925924,0.18152488745822082,0.07773437180103843,0.8257305638805639,1,0.24074074074074073,0.1534977735922998,0.08724296714844093,0.5516795877325291,0,0.23148148148148148,0.15277700380894826,0.07870447767253322,0.4234407633216458,0
2018-11-21,2018-12-19,2018-09-21,55,,0.14535187789487708,0.10714069463226769,0.09280249134148094,0.12661682464677584,0.011000548775297754,0.007919389149971154,7.215007215007215e-05,0.14386610340137046,0.25925925925925924,0.1970437299326189,0.062215529326640345,0.8278437395937399,1,0.21296296296296297,0.15005632360256552,0.06290663936039745,0.6037530570736456,0,0.24074074074074073,0.1579484481053926,0.08279229263534812,0.40617067377067406,0
2018-12-19,2019-01-23,2018-09-21,53,0.18131938317549431,0.17644957765444064,0.11816648470710377,0.10458361751814005,0.13859583481828316,0.009965288132292228,0.008136484248473949,7.487271638215035e-05,0.16546709673297677,0.28846153846153844,0.21232828400232254,0.0761332544592159,0.8266778499278502,1,0.2019230769230769,0.14611204271156197,0.055811034211514926,0.6079764901764902,0,0.19230769230769226,0.14104098852536356,0.0512667037823287,0.4491870213120214,0
2019-01-23,2019-02-20,2018-12-21,53,0.1409579823594142,0.18221371853629761,0.12242225370141319,0.11017197162642785,0.14310866299664338,0.008720578008400131,0.008274077635575751,0.0,0.16523790490529677,0.2403846153846154,0.18537976361245592,0.05500485177215947,0.7222534576534577,0,0.20192307692307693,0.15143130112722877,0.050491775795848154,0.4893449543920137,0,0.21153846153846154,0.1519493033408899,0.05958915819757163,0.49054302641802666,0
2019-02-20,2019-03-20,2018-12-21,52,0.07975162547888696,0.14278331609389872,0.12845282211573472,0.11624281923157309,0.14993826298400525,0.006606067217170263,0.008355571469964285,0.0,0.16058809923895906,0.27450980392156865,0.21494767226237826,0.05956213165919039,0.7896575757575761,0,0.20588235294117643,0.1487492548029313,0.05713309813824513,0.5236544094794101,0,0.22549019607843138,0.15733366932631646,0.06815652675211492,0.46917846042846084,0
2019-03-20,2019-04-17,2019-03-15,53,,0.09371623258004058,0.1250009935811265,0.11313107259477916,0.14690242752154,0.00479733864842977,0.00816500757022986,0.0,0.10906064883508435,0.2692307692307692,0.2168608160802873,0.05236995315048193,0.8008799422799423,1,0.22115384615384615,0.1609980179056113,0.060155828248234844,0.5589739551298377,0,0.2403846153846154,0.1644807646680243,0.07590385071659109,0.47110130980130993,0
2019-04-17,2019-05-22,2019-03-15,53,0.09557465877273538,0.11260817369202351,0.12254381454821985,0.11275136799636439,0.14680815128035885,0.006783098402135507,0.008000849958626786,0.0,0.10635778565397747,0.27884615384615385,0.21850193391010705,0.0603442199360468,0.8406505772005776,1,0.23076923076923078,0.16249791458541465,0.06827131618381613,0.6165003441003438,0,0.24038461538461536,0.16366998962575888,0.07671462575885649,0.5019231324231326,0
2019-05-22,2019-06-19,2019-03-15,52,0.13125196938270714,0.09541590721671857,0.1242151597190317,0.1137363078977996,0.14765148859964367,0.005878504175789575,0.007917925601794464,0.0,0.10485824637313823,0.28431372549019607,0.2168549165975637,0.06745880889263237,0.8159337551337553,1,0.21568627450980393,0.15864088656441602,0.05704538794538791,0.579838336663337,0,0.22549019607843135,0.15817905471434887,0.06731114136408248,0.4618811216561219,0
2019-06-19,2019-07-18,2019-03-15,53,,0.12617340465960142,0.12433325554737816,0.11586560182769787,0.1491913140913786,0.007711822650637435,0.008034028936281771,0.0,0.11838308368487947,0.2692307692307692,0.2075020279400088,0.06172874129076042,0.846803096903097,1,0.21153846153846154,0.15010648259326148,0.061431978945200055,0.5095187812187815,0,0.23076923076923078,0.15552955668797014,0.07523967408126064,0.4638328810078813,0
2019-07-18,2019-08-16,2019-06-21,53,0.2620217913141907,0.08036489528345835,0.11804223705733072,0.10921976372607758,0.1422862809624695,0.004871153973383688,0.0077694812038083365,0.0,0.08645254612565971,0.2692307692307692,0.20864508168113938,0.06058568754962984,0.7847530525030525,0,0.22115384615384615,0.1557842554755451,0.06536959067830103,0.5667616639896053,0,0.2403846153846154,0.16022175370035954,0.08016286168425585,0.48587055444555477,0
2019-08-16,2019-09-13,2019-06-21,53,,0.2620217913141907,0.1322134280389069,0.1235858440897376,0.1562236167660798,0.009237617063498108,0.008025513893633153,0.0,0.24857989198849895,0.2692307692307692,0.21176059858944482,0.0574701706413244,0.7031804417804421,0,0.21153846153846154,0.1446431801073487,0.06689528143111284,0.4698742734389797,0,0.22115384615384615,0.15337344212945178,0.06778040402439436,0.5053998834498838,0
2019-09-13,2019-10-11,2019-06-21,52,0.16621267051435898,0.13902280469076125,0.13257337509392447,0.12242371469445398,0.15662152725808223,0.009775859780971796,0.008100075649015935,0.0,0.16869709678142553,0.2941176470588235,0.2317925586396175,0.062325088419205976,0.8220942224442225,1,0.20588235294117646,0.14737069041909012,0.05851166252208634,0.5669027763086592,0,0.2254901960784314,0.1479949447579206,0.0774952513205108,0.5038876373626381,0
2019-10-11,2019-11-12,2019-09-20,50,0.07968055831524123,0.19012524166084993,0.14834569559717292,0.13578086231488826,0.1682096906802496,0.007349084959251103,0.008121519912857873,0.0,0.1824607675224014,0.2653061224489796,0.21401104756921083,0.05129507487976878,0.848389726939727,1,0.1836734693877551,0.12507358457868667,0.05859988480906844,0.4643206820956825,0,0.17346938775510204,0.1250489380101025,0.04842044974499954,0.32346046780017385,0
2019-11-12,2019-12-10,2019-09-20,51,0.07018806326911,0.07660331964165269,0.14078733092639992,0.1276960441579441,0.16070700024182238,0.007506001271169128,0.00796692335494117,0.0,0.10819699046697141,0.29,0.23385781007881015,0.05614218992118983,0.9180750305250307,1,0.22,0.16654306615606615,0.05345693384393385,0.7576771395271392,0,0.2,0.145454462134271,0.05454553786572902,0.34449086322174577,0
2019-12-10,2020-01-15,2019-09-20,51,0.1314358990554394,0.07018806326911,0.13550334831643782,0.12261775451726885,0.1546481653591995,0.004470634244489854,0.007559924920250598,0.0,0.07591292598769908,0.28,0.210287002886003,0.06971299711399703,0.68818722943723,0,0.19,0.14449889490738024,0.04550110509261976,0.5322394840453669,0,0.24,0.14818336929736933,0.09181663070263066,0.5402756021756027,0
2020-01-15,2020-02-12,2019-12-20,53,0.12284529575534649,0.12617631797361592,0.12110366110118333,0.10869044303989954,0.13976422043224734,0.006826633972525409,0.007116408965091289,0.0,0.11966947122487198,0.23076923076923078,0.167650332846515,0.06311889792271577,0.5805892695539753,0,0.21153846153846154,0.14109519013383556,0.07044327140462597,0.44198745355951297,0,0.20192307692307693,0.1364534256184992,0.06546965130457771,0.3671303764862591,0
2020-02-12,2020-03-11,2019-12-20,55,0.3483619428619665,0.12655131611303222,0.11498602417403504,0.10576554894750242,0.13619176019669202,0.006725284288606761,0.007160308965879353,0.0,0.11544005909767327,0.23148148148148148,0.17388609661943,0.057595384862051485,0.6875360639360638,0,0.19444444444444442,0.14584469121867003,0.048599753225774395,0.5404547512944574,0,0.2037037037037037,0.14158063673353496,0.06212306697016873,0.5121661925793506,0
2020-03-11,2020-04-08,2019-12-20,55,0.29691577116598344,0.3483619428619665,0.1664536134131016,0.156772877722454,0.18971006336726864,0.019804344049324935,0.009503400155699933,0.0,0.3636096648997944,0.2592592592592593,0.1969222860729806,0.062336973186278705,0.6707788905538906,0,0.21296296296296297,0.14820237573942646,0.0647605872235365,0.4735279168543876,0,0.18518518518518523,0.14185441459260908,0.043330770592576145,0.5291590465090465,0
2020-04-08,2020-05-11,2020-03-20,55,0.28915535821499533,0.2986216423962039,0.20510491192175098,0.19238161641880838,0.22594267293653356,0.030486203528747497,0.012589712901580959,0.0,0.28213411858494625,0.25925925925925924,0.2082019138269138,0.05105734543234544,0.7845177655677655,0,0.23148148148148148,0.15820736787419798,0.0732741136072835,0.5736784548784553,0,0.21296296296296297,0.16421620493703828,0.04874675802592468,0.5429788267288269,0
2020-05-11,2020-06-08,2020-03-20,56,0.13984148416515935,0.29286282174747097,0.2145089943891884,0.20169338108809343,0.23394009198739202,0.015988078579223134,0.013223478488473973,0.0,0.26362181358568143,0.2818181818181818,0.22483447920766106,0.05698370261052074,0.9070523809523812,1,0.21818181818181817,0.1540501294664932,0.06413168871532496,0.4357223808870871,0,0.23636363636363636,0.16785703119752937,0.06850660516610699,0.6101457824339406,0
2020-06-08,2020-07-07,2020-03-20,57,0.20622966851913394,0.14074517428317956,0.21572496092974364,0.20188798318289575,0.23485229977524788,0.010511659568891886,0.013467359489234264,0.0,0.19048984913108877,0.25892857142857145,0.19951563114464907,0.05941294028392238,0.8027949938949941,1,0.21428571428571427,0.14600380024970366,0.06828191403601061,0.4456620676708914,0,0.20535714285714288,0.14893089811536503,0.05642624474177785,0.527426754781167,0
2020-07-07,2020-08-04,2020-06-19,56,0.20763484458116369,0.2046840893595923,0.20961626364602634,0.19668220478655093,0.23004330556094496,0.010133297368323066,0.013588007340693238,0.0,0.1937305494438489,0.2818181818181818,0.23592446455060093,0.045893717267580875,0.9100072871572873,1,0.23636363636363636,0.1621691547092399,0.07419448165439646,0.4321946928802194,0,0.23636363636363633,0.1713488251647343,0.06501481119890204,0.6402556055056056,0
2020-08-04,2020-09-01,2020-06-19,57,0.11706585698650442,0.204483984707724,0.21285664501626775,0.2000006193884076,0.2320356421772774,0.012192841714363205,0.013946740374888075,0.0,0.21793719100024633,0.25892857142857145,0.2032398174246389,0.055688754003932556,0.6470842823842825,0,0.21428571428571427,0.14581032426811052,0.06847539001760375,0.4275116535425361,0,0.21428571428571427,0.15502038971182877,0.0592653245738855,0.4983769429916491,0
2020-09-01,2020-09-29,2020-06-19,58,0.24896949973764612,0.11749679721731562,0.20699938956892117,0.1941774306756105,0.2261271350204303,0.0075252940634777474,0.01377376401799673,0.0,0.16281599384433293,0.23684210526315788,0.19035699096225409,0.046485114300903796,0.6698629148629149,0,0.22807017543859648,0.15229015680297053,0.07578001863562595,0.5072981535921942,0,0.21929824561403502,0.16168416814666814,0.05761407746736688,0.5347657037407039,0
2020-09-29,2020-10-27,2020-09-18,58,0.15578368056315964,0.24137680793583144,0.2090371111379403,0.19530237491655267,0.22660246191103245,0.012156504813629693,0.013924485734162583,0.0,0.20375338298602136,0.2543859649122807,0.19475505800242643,0.05963090690985429,0.6725134421134418,0,0.22807017543859648,0.15175908231631924,0.07631109312227724,0.46240898823398846,0,0.21929824561403508,0.14964917265683522,0.06964907295719985,0.5199256327006326,0
2020-10-27,2020-11-25,2020-09-18,59,0.2651562887410509,0.16075022499823538,0.20630531446147965,0.19358640669372712,0.22436679806669582,0.008737488201307859,0.014000316137993294,0.0,0.17072011527968797,0.27586206896551724,0.20314867436203649,0.07271339460348075,0.6942214008214007,0,0.23275862068965514,0.15202923727029766,0.08072938341935748,0.46852621842381914,0,0.2155172413793104,0.1521264258631272,0.0633908155161832,0.6598944557076908,0
2020-11-25,2020-12-23,2020-09-18,59,,0.2651562887410509,0.21362931520401754,0.2003708811992103,0.23294287179641276,0.015598606373319399,0.014630657613922134,0.0,0.22068409591342314,0.22413793103448276,0.17706803192018702,0.04706989911429574,0.6134240981240984,0,0.21551724137931033,0.15427689245620285,0.06124034892310748,0.6393288965936025,0,0.24137931034482757,0.1788720896834741,0.06250722066135347,0.6113140633875928,0
2020-12-23,2021-01-27,2020-12-18,59,0.24326195904014253,0.17447714382480534,0.19777566903913438,0.19953128647611365,0.23307602386756093,0.011806140827077004,0.014914191849751035,0.0,0.18788920588675914,0.25,0.19677928752282203,0.05322071247717797,0.7966358308358309,0,0.1982758620689655,0.14602140761537316,0.052254454453592336,0.6096640831390833,0,0.2672413793103448,0.18977041464282843,0.07747096466751638,0.6808424741924741,0
2021-01-27,2021-02-24,2020-12-18,59,0.17217667160676126,0.24326195904014253,0.20071319250128178,0.20167135256490096,0.23569176559030908,0.013546219629439079,0.015227736678381086,0.0,0.23515737839135886,0.25862068965517243,0.18890030237961267,0.06972038727555976,0.6912325119325121,0,0.22413793103448276,0.15628739991133506,0.0678505311231477,0.5851559329559333,0,0.2672413793103448,0.18751890303183408,0.07972247627851073,0.6899896492396493,0
2021-02-24,2021-03-24,2020-12-18,59,0.10781269108325393,0.17217667160676126,0.20210130932416598,0.20185771012612333,0.23577494040357902,0.011826643593391901,0.015394978442470961,0.0,0.19150295657199498,0.25862068965517243,0.19581901661556833,0.0628016730396041,0.7582394161394166,0,0.22413793103448276,0.15642168125569497,0.06771624977878779,0.5880798115283408,0,0.2413793103448276,0.17769168410330938,0.06368762624151822,0.717832789922496,0
2021-03-24,2021-04-23,2021-03-19,59,0.1710822546151578,0.09233680720327078,0.17073130690038593,0.1673935484296031,0.20541549481835875,0.0071257382878048125,0.01198994454354954,0.0,0.11709315428979268,0.2413793103448276,0.171934265638576,0.0694450447062516,0.6675889832389836,0,0.22413793103448276,0.15298217607415124,0.07115575496033152,0.5372306027306029,0,0.23275862068965517,0.16406169269371604,0.06869692799593913,0.7742669173963289,0
2021-04-23,2021-05-24,2021-03-19,59,0.0786806413952377,0.1710822546151578,0.16749747270116722,0.16036397778568331,0.19937018826697606,0.008110434684403712,0.011098043118027688,0.0,0.12912866358387304,0.2327586206896551,0.18787227457858793,0.04488634611106718,0.7956332442067738,0,0.23275862068965514,0.16849609803510668,0.06426252265454846,0.642294624819625,0,0.22413793103448276,0.1535640077890332,0.07057392324544956,0.5295095766978124,0
2021-05-24,2021-06-22,2021-03-19,59,0.0845587893891146,0.0786806413952377,0.165297827029041,0.15747790529551145,0.19508530923643275,0.007098028840150216,0.01074567282197812,0.0,0.08179199276615866,0.2413793103448276,0.17820742002250622,0.06317189032232137,0.6397224247974247,0,0.19827586206896555,0.1439753888535963,0.054300473215369266,0.5490015303324128,0,0.2241379310344828,0.15689548477497267,0.06724244625951012,0.5749930014430017,0
2021-06-22,2021-07-20,2021-06-18,59,0.20198560634730056,0.07634963762975508,0.1625760256325716,0.15779325167571262,0.19610163084983348,0.005798677366268522,0.010540156749333991,0.0,0.06991719632899435,0.22413793103448276,0.16950918884755095,0.05462874218693181,0.6626810689310689,0,0.22413793103448276,0.15350440716878352,0.07063352386569924,0.45797666826637445,0,0.23275862068965517,0.15751950556627287,0.0752391151233823,0.43148763001704216,0
2021-07-20,2021-08-17,2021-06-18,59,0.10981714813390245,0.20198560634730056,0.16465265851015673,0.159088967370468,0.19863016894151528,0.009991701315601174,0.010574033030953998,0.0,0.17361007878751356,0.22413793103448273,0.16719506269592477,0.05694286833855797,0.7486382950382948,0,0.20689655172413793,0.14872406664920612,0.05817248507493181,0.5315998339895399,0,0.21551724137931033,0.15500529411426986,0.06051194726504047,0.4935606251591548,0
2021-08-17,2021-09-14,2021-06-18,59,0.09420692805592899,0.10981714813390245,0.15764178025103587,0.15253569193650957,0.19545086718591947,0.004428310867654016,0.010112452842963566,0.0,0.1188117706196854,0.23275862068965517,0.16886186399807096,0.0638967566915842,0.8527398268398269,1,0.21551724137931033,0.1525074606962792,0.06300978068303112,0.5253407842157843,0,0.2068965517241379,0.15611456205502863,0.05078198966910927,0.5363532500179562,0
2021-09-14,2021-10-12,2021-06-18,59,0.1561050173695712,0.09420692805592899,0.1449465829644818,0.14077321510017535,0.18867849341636012,0.006057812489671039,0.009780903343387994,0.0,0.10293250418278017,0.23275862068965517,0.17473843261764155,0.05802018807201362,0.8719688618570972,1,0.19827586206896552,0.15094403747593407,0.04733182459303145,0.5340706151691443,0,0.21551724137931033,0.16076982832920966,0.05474741305010067,0.6132061249208305,0
2021-10-12,2021-11-10,2021-09-17,58,0.07152876702139048,0.15343067209936553,0.14606331854268248,0.1410863754606536,0.19036569851305132,0.009554058844915867,0.009726375261868328,0.0,0.11956462901314645,0.2631578947368421,0.20044894170157318,0.06270895303526891,0.937909779109779,1,0.21052631578947367,0.15995146606059923,0.05057484972887444,0.6072151972210799,0,0.22807017543859648,0.16486937737034693,0.06320079806824955,0.6395803274211168,0
2021-11-10,2021-12-09,2021-09-17,59,0.09688254369756752,0.07323646874541319,0.12301358019562363,0.11711742533232716,0.1702092657772319,0.006410313782428846,0.008950104724474288,0.0,0.1021425311742963,0.23275862068965514,0.17073574496553712,0.06202287572411802,0.7715571869307165,0,0.20689655172413793,0.14702782255354518,0.059868729170592744,0.5474724411209699,0,0.23275862068965517,0.1551990592402864,0.07755956144936876,0.5154900960150961,0
2021-12-09,2022-01-11,2021-09-17,59,0.1451411426064992,0.09688254369756752,0.11850789472186461,0.1140992164357849,0.15909087165306882,0.010004866545443553,0.008867794570153405,0.0,0.0987996077320736,0.23275862068965517,0.18175965897129692,0.05099896171835824,0.8510048340548342,1,0.1896551724137931,0.14289276682002744,0.046762405593765655,0.4742608073299249,0,0.20689655172413796,0.15192947633980855,0.054967075384329406,0.464116041801336,0
2022-01-11,2022-02-08,2021-12-17,58,0.3014481579645046,0.1493964131531735,0.11676719998846918,0.11208201426512565,0.15487824178045717,0.007964174614365726,0.008570808394462923,0.0,0.12369776635072183,0.22807017543859648,0.18379620851857706,0.04427396692001942,0.8048769175269178,1,0.22807017543859648,0.16188000569691754,0.06619016974167893,0.5782259395832925,0,0.21929824561403508,0.14940712999733902,0.06989111561669606,0.36782355226472896,0
2022-02-08,2022-03-08,2021-12-17,58,0.3976180865818963,0.3014481579645046,0.12433212756421552,0.1208633280926472,0.15950396916456105,0.013794957454272354,0.008566580107336748,0.0,0.233000494190077,0.21929824561403508,0.17508344759528965,0.04421479801874542,0.7822594239094242,0,0.20175438596491224,0.148527270264422,0.05322711570049024,0.5396379209026266,0,0.20175438596491227,0.14074700561592984,0.061007380348982426,0.3967489223195109,0
2022-03-08,2022-04-05,2021-12-17,58,0.09697390961818413,0.3976180865818963,0.17320886605900213,0.1659682461728917,0.20426460007275787,0.029499997650204068,0.011517643749601148,0.0,0.3447547663090439,0.2631578947368421,0.21056954298138517,0.052588351755456925,0.9403952380952382,1,0.21929824561403508,0.16433065545565553,0.05496759015837954,0.6488409756909758,0,0.22807017543859645,0.16824860077859308,0.059821574660003374,0.5120356791900913,0
2022-04-05,2022-05-06,2022-03-18,58,0.11848231485875724,0.09451886753179281,0.16886430089212284,0.15859971867299838,0.19476276377312313,0.011424168268940526,0.011665647177944693,0.0,0.18732164274653007,0.2543859649122807,0.2116762866762867,0.042709678235994,0.8828206848706852,1,0.21929824561403508,0.16039257155669698,0.0589056740573381,0.5845183716610187,0,0.21052631578947367,0.15127223587815705,0.05925407991131662,0.46548257755316597,0
2022-05-06,2022-06-03,2022-03-18,58,0.15619407713165556,0.11848231485875724,0.17584971392252124,0.1641987671651903,0.19814480217004363,0.010247091484511427,0.01218210398538276,0.0,0.1685745427366687,0.2719298245614035,0.20774265505449718,0.06418716950690634,0.8498604839604844,1,0.21929824561403508,0.16453317603449183,0.054765069579543246,0.6263815129315131,0,0.21929824561403508,0.15861362064148454,0.06068462497255053,0.4903594854491916,0
2022-06-03,2022-07-04,2022-03-18,59,0.18405855972587296,0.15472469999100147,0.17895206151719237,0.16624323752783068,0.19970090628634643,0.010372205043821576,0.012386800592995304,0.0,0.16089077953995026,0.28448275862068967,0.22289292249895704,0.06158983612173263,0.855659712509713,1,0.21551724137931033,0.1590688631320225,0.05644837824728782,0.505217907256143,0,0.21551724137931033,0.15222445740815413,0.0632927839711562,0.49507965645465674,0
2022-07-04,2022-08-01,2022-06-17,58,,0.18043947043050804,0.18321265324749403,0.16962283748700166,0.20203028336684917,0.009396491823705328,0.012465423004321963,0.0,0.17015348158951527,0.2543859649122807,0.2115589890129364,0.04282697589934431,0.706055305805306,0,0.22807017543859648,0.1592711245692039,0.06879905086939259,0.5409634671915635,0,0.21929824561403508,0.15513963279009724,0.06415861282393784,0.4484938172938176,0
2022-08-01,2022-08-30,2022-06-17,57,0.20411682406954124,0.24531182843639054,0.18672710693925626,0.17312556988983152,0.20426992032957303,0.014658053197588755,0.012878616643537868,0.0,0.21594671693029122,0.25,0.19912066423160174,0.05087933576839826,0.7253773448773448,0,0.21428571428571427,0.15988204945148227,0.05440366483423201,0.6450598128995192,0,0.22321428571428573,0.1521747969073993,0.07103948880688643,0.45180665510959644,0
2022-08-30,2022-09-27,2022-06-17,57,0.32568073087319854,0.20411682406954124,0.19046255499868056,0.17709958014526703,0.20807117052711177,0.011698148553358857,0.013223844282282127,0.0,0.21821691203576954,0.2767857142857143,0.21769786344607772,0.05908785083963658,0.7420947496947495,0,0.23214285714285715,0.16342151823870577,0.06872133890415139,0.6791971667221667,0,0.21428571428571427,0.15903148461161856,0.05525422967409571,0.5431392718392719,0
2022-09-27,2022-10-25,2022-09-16,57,0.2378538138596193,0.31488741911469476,0.20246741881418578,0.1895419550429235,0.21909400550768374,0.017355480265408188,0.013856980806546787,0.0,0.29161311848678606,0.30357142857142855,0.23740237014969165,0.0661690584217369,0.749382350982351,0,0.23214285714285715,0.16958543837115275,0.0625574187717044,0.6838436202686207,0,0.24999999999999997,0.17634731245936605,0.07365268754063392,0.6037054778554778,0
2022-10-25,2022-11-24,2022-09-16,57,,0.2378538138596193,0.21011329288555436,0.1968818878388061,0.22479386424513612,0.013401981360576421,0.014142491320589735,0.0,0.22092460741864903,0.2857142857142857,0.23506422079904224,0.05065006491524346,0.789844338994339,0,0.22321428571428573,0.16197866947041065,0.06123561624387508,0.7124961538461537,0,0.22321428571428573,0.16368202635657997,0.05953225935770576,0.5359276751026751,0
2022-11-24,2022-12-22,2022-09-16,56,0.1298601898328245,0.15176257828027118,0.21697901452275362,0.20463238421499713,0.23209756691694952,0.011195517842905673,0.014542129767286213,0.0,0.19154141427410162,0.3090909090909091,0.2456305787142151,0.06346033037669399,0.8155930014430017,1,0.21818181818181817,0.16202228048095696,0.05615953770086121,0.7895966371863432,0,0.21818181818181817,0.16585257410444582,0.052329244077372356,0.5993483529542354,0
2022-12-22,2023-01-23,2022-12-16,59,0.14672618775746418,0.1139676183265386,0.20953240016148894,0.19891834709621964,0.22552492420016226,0.007887778434163868,0.01445041927613299,0.0,0.14954962476409406,0.29310344827586204,0.23201521811521808,0.061088230160643964,0.8582732323232326,1,0.20689655172413793,0.14951347302123172,0.05738307870290621,0.820902197802198,1,0.22413793103448276,0.15681829018963908,0.06731964084484368,0.7030587495837497,0
2023-01-23,2023-02-20,2022-12-16,59,0.23305705868536306,0.14672618775746418,0.21008105405437438,0.20020712814355832,0.2272181044400999,0.00922806250476133,0.014533630004157232,0.0,0.1311382777383861,0.27586206896551724,0.22583751607587813,0.05002455288963911,0.8781272005772005,2,0.20689655172413793,0.15606486875193779,0.05083168297220014,0.7875051587301589,0,0.2155172413793104,0.1577868643836443,0.05773037699566608,0.6187050903345024,0
2023-02-20,2023-03-20,2022-12-16,59,0.25691990599687803,0.23305705868536306,0.20322841938070815,0.1947287539617181,0.22235097365526357,0.007715077620243225,0.014143672803284324,0.0,0.1790981255553918,0.29310344827586204,0.23836927268134173,0.05473417559452032,0.914755627705628,1,0.22413793103448276,0.17063003899835805,0.053507892036124716,0.7960098762348765,0,0.21551724137931033,0.16082388721803628,0.05469335416127405,0.6540839974868614,0
2023-03-20,2023-04-19,2023-03-17,59,,0.2697475172986624,0.17845616748326426,0.1720760449380254,0.2028972621903995,0.012800482043813153,0.011978406661698662,0.0,0.242106362864684,0.28448275862068967,0.22694007254718468,0.05754268607350499,0.8707042568542572,1,0.20689655172413793,0.1585541575986556,0.04834239412548233,0.6722747528615174,0,0.21551724137931033,0.15540153297232412,0.06011570840698621,0.4297799478299479,0
2023-04-19,2023-05-19,2023-03-17,58,0.16268535938501993,0.15165558530892656,0.18615475909386975,0.18043669850023492,0.2126610072007092,0.008610664474825785,0.012002635174280523,0.0,0.17351053761651866,0.3157894736842105,0.23972159166369694,0.07606788202051357,0.9040576923076925,1,0.20175438596491224,0.15033068059964355,0.05142370536526869,0.6104822456954809,0,0.21929824561403508,0.1504617896909306,0.06883645592310447,0.5023759435009437,0
2023-05-19,2023-06-19,2023-03-17,58,0.246681079174479,0.16268535938501993,0.18453879046209773,0.17865533760795488,0.21048830228827298,0.009052994881403938,0.01153501325341132,0.0,0.15361496795928123,0.2543859649122807,0.21463072928533455,0.03975523562694616,0.8594520784770782,1,0.20175438596491227,0.1518899969555156,0.04986438900939666,0.5987324339059636,0,0.21929824561403508,0.1484339863496211,0.07086425926441398,0.5630891538200363,0
2023-06-19,2023-07-17,2023-06-16,58,0.15171095923271016,0.23343271776797397,0.18359873206179386,0.17968066699193905,0.21400127888561446,0.011676304089365899,0.01166779601645879,0.0,0.1959727921985897,0.2807017543859649,0.2277353549958813,0.0529663993900836,0.9307500000000003,1,0.21052631578947367,0.15590012363367628,0.05462619215579739,0.7125959179709177,0,0.21052631578947367,0.15175354856558426,0.05877276722388941,0.5128804061951123,0
2023-07-17,2023-08-14,2023-06-16,58,0.10276270356575576,0.15171095923271016,0.18194142418678508,0.1778923945109086,0.21360076633498248,0.009148041861903418,0.011272613760324807,0.0,0.16446551342426727,0.2894736842105263,0.2438807232728285,0.045592960937697824,0.9587666666666665,1,0.22807017543859648,0.16556064018540803,0.06250953525318845,0.7602389310036372,0,0.22807017543859648,0.16027026080644505,0.06779991463215143,0.4927792651792655,0
2023-08-14,2023-09-12,2023-06-16,58,0.10699003267601946,0.10276270356575576,0.18267776195670574,0.177299784306682,0.21321986663809384,0.005709155629061379,0.011047464626185595,0.0,0.13336770854021257,0.2807017543859649,0.23536367083209192,0.045338083553872977,0.9375205128205132,1,0.22807017543859648,0.15829171162658012,0.06977846381201636,0.7716432067932069,0,0.21052631578947373,0.15134133719594256,0.05918497859353117,0.47915443722943746,0
2023-09-12,2023-10-10,2023-06-16,58,,0.10699003267601946,0.17549748546941402,0.1677303540900825,0.2036392896625337,0.006933121015787813,0.010430537237842446,0.0,0.11314766037512031,0.32456140350877194,0.25733928975507925,0.06722211375369269,0.9345753968253973,1,0.18421052631578946,0.14624736753833018,0.03796315877745929,0.7407549687154948,0,0.19298245614035087,0.14314426872675004,0.049838187413600826,0.5162219918969921,0
2023-10-10,2023-11-08,2023-09-15,59,,0.20546128831701133,0.15578960947492698,0.14474646435939087,0.18363077563152153,0.011173791472375258,0.00967199171517952,0.0,0.20215832749261256,0.27586206896551724,0.2183834647153613,0.05747860425015594,0.9164381673881675,1,0.17241379310344832,0.14428632718982617,0.02812746591362214,0.6472088383838384,0,0.2413793103448276,0.1652332569447682,0.0761460534000594,0.5089496425143485,0
2023-11-08,2023-12-06,2023-09-15,57,0.2386431311818337,0.14451786926721413,0.15851226185524417,0.1489398311281084,0.19054033955483943,0.009905060544657349,0.009544017121079246,0.0,0.1537664834580049,0.29464285714285715,0.2397110079404722,0.05493184920238495,0.9422580086580086,2,0.22321428571428573,0.16578108245920756,0.05743320325507817,0.6390146159396158,0,0.22321428571428575,0.1614312057457016,0.06178307996858415,0.5334481240981245,0
2023-12-06,2024-01-08,2023-09-15,57,0.11024798665887879,0.2386431311818337,0.16736501847257368,0.15870151391762377,0.20070574048553586,0.01160990991908888,0.009663244711368773,0.0,0.18446374723057374,0.2857142857142857,0.23934764030612246,0.04636664540816324,0.9075357142857146,1,0.19642857142857142,0.14963706245027156,0.04679150897829987,0.6033026085026086,0,0.22321428571428567,0.16236302028095626,0.060851265433329416,0.6894847066332359,0
2024-01-08,2024-02-05,2023-12-15,58,0.20142258263535448,0.1101396368025609,0.15658537731625538,0.152057560000951,0.19494006479592083,0.006320024948314921,0.009417805829400982,0.0,0.1416208545826653,0.2894736842105263,0.22946798800614587,0.060005696204380454,0.8136302031302033,2,0.21052631578947364,0.14940342483024374,0.0611228909592299,0.6591642276024628,0,0.22807017543859648,0.1646287672166156,0.06344140822198088,0.5632797756165405,0
2024-02-05,2024-03-04,2023-12-15,58,0.19275212746604173,0.20142258263535448,0.1606697179402594,0.15543019837362992,0.19869386188018504,0.009734376364041945,0.009506891041757627,0.0,0.17855146078285267,0.2807017543859649,0.22384373774373784,0.05685801664222706,0.8595061272061276,1,0.21929824561403508,0.15295008836908994,0.06634815724494514,0.7158776664511959,0,0.22807017543859648,0.1646419925924081,0.06342818284618837,0.6553313963813966,0
2024-03-04,2024-04-03,2023-12-15,58,0.07403927272424264,0.19275212746604173,0.15858558637151268,0.15352544907848878,0.1972807767017628,0.009629655435298074,0.00955833466713291,0.0,0.1811173843096214,0.2631578947368421,0.20838161458424617,0.05477628015259592,0.7900250360750365,0,0.21052631578947362,0.1437493672234772,0.06677694856599642,0.6083893273393278,0,0.22807017543859648,0.1675487371131334,0.060521438325463084,0.7526045653692709,0
2024-04-03,2024-05-02,2024-03-15,59,0.1663260258561251,0.08758414680497342,0.14529238660739852,0.14069885378930877,0.18221394774172275,0.008472387569126057,0.00916145644682639,0.0,0.11502199926025182,0.2413793103448276,0.19334524058317165,0.048034069761655945,0.7491869075369076,0,0.18103448275862072,0.13326034258309868,0.047774140175522034,0.6978470668220668,0,0.1896551724137931,0.1434018506468177,0.046253321766975386,0.5307646719293783,0
2024-05-02,2024-06-03,2024-03-15,60,0.14188599856640166,0.1677103819228852,0.14716482026207134,0.1419620400755149,0.18134171792924397,0.00912275217112904,0.009174539763404644,0.0,0.14742449252120288,0.2627118644067797,0.21030212080762933,0.05240974359915035,0.7719707792207794,0,0.2033898305084746,0.13739097595723448,0.0659988545512401,0.7217938409543672,0,0.22033898305084745,0.1562507453314965,0.06408823771935096,0.5317294215588333,0
2024-06-03,2024-07-01,2024-03-15,60,0.21510421670362448,0.14188599856640166,0.14253446338391007,0.1364973748273319,0.17330947605683633,0.007491864537955255,0.009021676017391688,0.0,0.13982690494854172,0.23728813559322035,0.1898587168481236,0.047429418745096735,0.6711117771117769,0,0.2033898305084746,0.13929639328766946,0.06409343722080513,0.6027234401219693,0,0.22033898305084745,0.15683228358270743,0.06350669946814003,0.4975068709068712,0
2024-07-01,2024-07-29,2024-06-21,60,0.22231315364566023,0.2039148315145505,0.14598643846592263,0.13981013634224784,0.1753289577258619,0.009452630879367593,0.00893340718443183,0.0,0.1655441582007793,0.2796610169491525,0.2111801300643524,0.06848088688480011,0.7321875196698727,0,0.1779661016949153,0.1317736218146829,0.046192479880232395,0.5701800129608955,0,0.19491525423728814,0.1425985995435273,0.052316654693760845,0.5103198972596031,0
2024-07-29,2024-08-27,2024-06-21,60,0.19887048893853465,0.22231315364566023,0.15596412196583412,0.14809838778517262,0.18199479614884329,0.008594480439970572,0.008958222451893198,0.0,0.19526747880370973,0.2627118644067797,0.20204013980369914,0.06067172460308054,0.7175396325896329,0,0.17796610169491528,0.13898173334918107,0.03898436834573421,0.5173428453899044,0,0.20338983050847453,0.14483839551051997,0.058551434997954566,0.5157692346782907,0
2024-08-27,2024-09-24,2024-06-21,60,0.2552601048432344,0.19887048893853465,0.16049512303074656,0.15235391440918983,0.186158629794311,0.010937079648900613,0.009303779446927445,0.0,0.18946954911825556,0.23728813559322035,0.19505867748071143,0.042229458112508916,0.811722965922966,1,0.211864406779661,0.15254566841295406,0.05931873836670695,0.5907132893250541,0,0.211864406779661,0.15042466777572708,0.06143973900393393,0.59609560635443,0
2024-09-24,2024-10-22,2024-09-20,60,0.17427491982734272,0.23432787329688134,0.1656533190322118,0.15864753933524053,0.19281150161500424,0.010630626878904927,0.009505724864661403,0.0,0.1984810080175739,0.2627118644067797,0.20783320573023975,0.05487865867653993,0.924046897546898,1,0.1864406779661017,0.15012266521041717,0.036318012755684526,0.6945335915202787,0,0.211864406779661,0.1528012469694922,0.0590631598101688,0.6703837949632068,0
2024-10-22,2024-11-21,2024-09-20,60,0.1855400818314714,0.17427491982734272,0.16266237756588908,0.15770990481127878,0.1925966263730772,0.009568547979712676,0.009249804837354795,0.0,0.19666838566362388,0.288135593220339,0.24217987638538488,0.04595571683495411,0.966293722943723,1,0.1864406779661017,0.14090657885097074,0.045534099115130955,0.817790052104758,1,0.1864406779661017,0.13618348723808602,0.05025719072801568,0.4090232646438531,0
2024-11-21,2024-12-19,2024-09-20,60,,0.1855400818314714,0.15962642217957063,0.1537471545707118,0.1879990924015886,0.011335201843531185,0.009207432939913515,0.0,0.20457377620514325,0.2627118644067797,0.21270473613015986,0.05000712827661982,0.9495362637362639,2,0.19491525423728812,0.15208970014974504,0.04282555408754307,0.8431645632145631,1,0.1864406779661017,0.13761261203085343,0.04882806593524827,0.45599707465736905,0
2024-12-19,2025-01-24,2024-09-20,59,0.16490203177590013,0.16742888383118085,0.16399623092969481,0.15855097831767884,0.19230361835968526,0.00844058393425322,0.009238296933135364,0.0,0.18708586366154387,0.27586206896551724,0.2221851328747881,0.05367693609072913,0.8885099789099793,2,0.2155172413793104,0.1600297856963299,0.0554874556829805,0.7741104201354199,0,0.1896551724137931,0.13807947185505506,0.05157570055873803,0.40827790542790554,0
2025-01-24,2025-02-21,2024-12-20,59,0.13530643662393962,0.16814566662600827,0.15900907076283372,0.15399665155276615,0.18997334599619875,0.006907332231515645,0.009238153625927396,0.0,0.16614693097695793,0.23275862068965517,0.20708210826529794,0.02567651242435723,0.8846255633255635,2,0.22413793103448276,0.16084765409961924,0.06329027693486353,0.7648403490300549,0,0.19827586206896552,0.1328133140707051,0.06546254799826043,0.4244767991812112,0
2025-02-21,2025-03-21,2024-12-20,59,0.29259848083726414,0.13530643662393962,0.1555799069080925,0.15121615298832777,0.1880377339011067,0.008356618544040502,0.00915005476810771,0.0,0.1478520480519018,0.2413793103448276,0.20123688710714574,0.04014242323768186,0.9297166666666665,2,0.20689655172413793,0.15568060285021498,0.051215948873922945,0.8637749805749808,1,0.21551724137931033,0.14549602373228243,0.0700212176470279,0.43242477606037644,0
2025-03-21,2025-04-22,2024-12-20,59,0.3998440442141778,0.29259848083726414,0.16727687896565846,0.16385320235250841,0.19998647596762106,0.011217371604318349,0.00941469695683836,0.0,0.22487509444051046,0.27586206896551724,0.23109040332273095,0.044771665642786285,0.9583190476190477,2,0.19827586206896555,0.15321108761098223,0.04506477445798332,0.8879050847844963,1,0.19827586206896552,0.1386734494390555,0.059602412629910034,0.4148175838867017,0
2025-04-22,2025-05-21,2025-03-21,59,0.18464977113427553,0.3661727795338103,0.1928807725822106,0.1883977561633301,0.22856213160348066,0.015576472610061589,0.010002526881461794,0.0,0.3266833207589481,0.29310344827586204,0.2527251070289864,0.04037834124687567,0.8893265512265516,1,0.19827586206896552,0.14265895555593833,0.0556169065130272,0.46095034410034424,0,0.2068965517241379,0.14744498026483321,0.059451571459304686,0.45369048076106916,0
2025-05-21,2025-06-18,2025-03-21,59,0.19653681224242395,0.18464977113427553,0.19358492447838616,0.18955407387923556,0.23069530154762077,0.010275160830106236,0.010126703794402817,0.0,0.22761240724817805,0.28448275862068967,0.23813612326370948,0.04634663535698019,0.8817761904761909,1,0.21551724137931033,0.15418756587232088,0.06132967550698945,0.590417084377611,0,0.20689655172413793,0.1452650523467968,0.06163149937734114,0.5878398292883589,0
2025-06-18,2025-07-17,2025-03-21,59,0.12712030884960918,0.19653681224242395,0.19585843181143534,0.19214146917199892,0.23391831019787762,0.010314065064086404,0.010226619601704307,0.0,0.1906267349711693,0.29310344827586204,0.24396287811805054,0.04914057015781151,0.8070279220779224,1,0.20689655172413796,0.1542561635963766,0.05264038812776137,0.635090612818554,0,0.20689655172413796,0.1390413270679625,0.06785522465617547,0.5710524420024423,0
2025-07-17,2025-08-14,2025-06-20,59,0.19328436630491938,0.13517822351019465,0.19875549624975908,0.1926837524802866,0.2345391103063744,0.00740816938652267,0.010241899651055654,0.0,0.14188324276931683,0.3017241379310345,0.2501661913517517,0.051557946579282754,0.8689648268398269,2,0.22413793103448276,0.15607661620270646,0.0680613148317763,0.7118228160728162,0,0.20689655172413793,0.1440202785058642,0.06287627321827371,0.7242057387057387,0
2025-08-14,2025-09-12,2025-06-20,59,0.19999336204957452,0.19328436630491938,0.19860269703459796,0.19130491989019777,0.23390006480731612,0.010659281768237374,0.010213415629638387,0.0,0.17125656493137004,0.29310344827586204,0.2413811539035677,0.051722294372294336,0.8548590187590189,2,0.22413793103448276,0.15994403560998394,0.06419389542449883,0.7429922632922634,0,0.20689655172413793,0.14822233970390664,0.05867421202023129,0.7214271551977438,0
